<?xml version="1.0"?>
<opencv_storage>
<cascade>
  <stageType>BOOST</stageType>
  <featureType>HAAR</featureType>
  <height>56</height>
  <width>51</width>
  <stageParams>
    <boostType>GAB</boostType>
    <minHitRate>9.9900001287460327e-01</minHitRate>
    <maxFalseAlarm>5.0000000000000000e-01</maxFalseAlarm>
    <weightTrimRate>9.4999999999999996e-01</weightTrimRate>
    <maxDepth>1</maxDepth>
    <maxWeakCount>100</maxWeakCount></stageParams>
  <featureParams>
    <maxCatCount>0</maxCatCount>
    <featSize>1</featSize>
    <mode>BASIC</mode></featureParams>
  <stageNum>20</stageNum>
  <stages>
    <!-- stage 0 -->
    <_>
      <maxWeakCount>5</maxWeakCount>
      <stageThreshold>-7.7620065212249756e-01</stageThreshold>
      <weakClassifiers>
        <_>
          <internalNodes>
            0 -1 112 -1.9861655891872942e-04</internalNodes>
          <leafValues>
            7.7678573131561279e-01 -6.9491523504257202e-01</leafValues></_>
        <_>
          <internalNodes>
            0 -1 65 -2.8520184569060802e-03</internalNodes>
          <leafValues>
            6.2186694145202637e-01 -5.4928827285766602e-01</leafValues></_>
        <_>
          <internalNodes>
            0 -1 83 2.2712498321197927e-04</internalNodes>
          <leafValues>
            -4.7854217886924744e-01 6.6456872224807739e-01</leafValues></_>
        <_>
          <internalNodes>
            0 -1 68 -6.1156821902841330e-04</internalNodes>
          <leafValues>
            -8.8993817567825317e-01 3.7602159380912781e-01</leafValues></_>
        <_>
          <internalNodes>
            0 -1 123 -7.4265256989747286e-04</internalNodes>
          <leafValues>
            5.7052344083786011e-01 -4.9916687607765198e-01</leafValues></_></weakClassifiers></_>
    <!-- stage 1 -->
    <_>
      <maxWeakCount>8</maxWeakCount>
      <stageThreshold>-1.3410019874572754e+00</stageThreshold>
      <weakClassifiers>
        <_>
          <internalNodes>
            0 -1 28 4.4127739965915680e-02</internalNodes>
          <leafValues>
            5.6505578756332397e-01 -9.0804594755172729e-01</leafValues></_>
        <_>
          <internalNodes>
            0 -1 120 1.0917206964222714e-04</internalNodes>
          <leafValues>
            -5.4338061809539795e-01 5.7498002052307129e-01</leafValues></_>
        <_>
          <internalNodes>
            0 -1 20 -1.0641528293490410e-02</internalNodes>
          <leafValues>
            4.7414836287498474e-01 -5.7059419155120850e-01</leafValues></_>
        <_>
          <internalNodes>
            0 -1 83 1.9916737801395357e-04</internalNodes>
          <leafValues>
            -5.8491998910903931e-01 5.2435290813446045e-01</leafValues></_>
        <_>
          <internalNodes>
            0 -1 106 -2.7738970238715410e-03</internalNodes>
          <leafValues>
            5.4189211130142212e-01 -5.3983932733535767e-01</leafValues></_>
        <_>
          <internalNodes>
            0 -1 160 5.4859900847077370e-03</internalNodes>
          <leafValues>
            -4.7745358943939209e-01 5.2622711658477783e-01</leafValues></_>
        <_>
          <internalNodes>
            0 -1 70 -3.0548676848411560e-02</internalNodes>
          <leafValues>
            -9.2634373903274536e-01 3.0592730641365051e-01</leafValues></_>
        <_>
          <internalNodes>
            0 -1 60 -7.4888207018375397e-04</internalNodes>
          <leafValues>
            3.5337901115417480e-01 -6.1415803432464600e-01</leafValues></_></weakClassifiers></_>
    <!-- stage 2 -->
    <_>
      <maxWeakCount>7</maxWeakCount>
      <stageThreshold>-7.8885161876678467e-01</stageThreshold>
      <weakClassifiers>
        <_>
          <internalNodes>
            0 -1 54 6.1380542814731598e-02</internalNodes>
          <leafValues>
            5.5350553989410400e-01 -9.0361446142196655e-01</leafValues></_>
        <_>
          <internalNodes>
            0 -1 139 1.8783342093229294e-03</internalNodes>
          <leafValues>
            -5.0836008787155151e-01 5.1102352142333984e-01</leafValues></_>
        <_>
          <internalNodes>
            0 -1 88 2.5518645998090506e-04</internalNodes>
          <leafValues>
            -4.7325506806373596e-01 5.3826999664306641e-01</leafValues></_>
        <_>
          <internalNodes>
            0 -1 92 -1.0384183842688799e-03</internalNodes>
          <leafValues>
            3.8353353738784790e-01 -6.7439889907836914e-01</leafValues></_>
        <_>
          <internalNodes>
            0 -1 164 6.1124418862164021e-03</internalNodes>
          <leafValues>
            -3.8312548398971558e-01 7.6735079288482666e-01</leafValues></_>
        <_>
          <internalNodes>
            0 -1 115 1.0598645894788206e-04</internalNodes>
          <leafValues>
            -5.5898666381835938e-01 4.5803529024124146e-01</leafValues></_>
        <_>
          <internalNodes>
            0 -1 98 3.0787014402449131e-03</internalNodes>
          <leafValues>
            2.4424394965171814e-01 -7.7706485986709595e-01</leafValues></_></weakClassifiers></_>
    <!-- stage 3 -->
    <_>
      <maxWeakCount>7</maxWeakCount>
      <stageThreshold>-9.3078583478927612e-01</stageThreshold>
      <weakClassifiers>
        <_>
          <internalNodes>
            0 -1 47 -5.2307192236185074e-03</internalNodes>
          <leafValues>
            -8.6046510934829712e-01 5.5473101139068604e-01</leafValues></_>
        <_>
          <internalNodes>
            0 -1 113 -4.6345725422725081e-04</internalNodes>
          <leafValues>
            4.7302845120429993e-01 -6.1431461572647095e-01</leafValues></_>
        <_>
          <internalNodes>
            0 -1 51 -4.3259851634502411e-02</internalNodes>
          <leafValues>
            -9.4709050655364990e-01 2.9136511683464050e-01</leafValues></_>
        <_>
          <internalNodes>
            0 -1 105 7.4807301163673401e-02</internalNodes>
          <leafValues>
            2.2900055348873138e-01 -8.6774212121963501e-01</leafValues></_>
        <_>
          <internalNodes>
            0 -1 173 -8.1309420056641102e-04</internalNodes>
          <leafValues>
            6.8725532293319702e-01 -3.5781663656234741e-01</leafValues></_>
        <_>
          <internalNodes>
            0 -1 136 -3.0284137465059757e-03</internalNodes>
          <leafValues>
            4.3416780233383179e-01 -5.3010696172714233e-01</leafValues></_>
        <_>
          <internalNodes>
            0 -1 119 -1.2453502858988941e-04</internalNodes>
          <leafValues>
            7.7677166461944580e-01 -3.7117636203765869e-01</leafValues></_></weakClassifiers></_>
    <!-- stage 4 -->
    <_>
      <maxWeakCount>8</maxWeakCount>
      <stageThreshold>-6.8769973516464233e-01</stageThreshold>
      <weakClassifiers>
        <_>
          <internalNodes>
            0 -1 71 -8.5999199654906988e-04</internalNodes>
          <leafValues>
            5.8267718553543091e-01 -6.0683763027191162e-01</leafValues></_>
        <_>
          <internalNodes>
            0 -1 87 2.0476216741371900e-04</internalNodes>
          <leafValues>
            -3.7247368693351746e-01 4.9369484186172485e-01</leafValues></_>
        <_>
          <internalNodes>
            0 -1 77 -9.7089598421007395e-04</internalNodes>
          <leafValues>
            -7.4372124671936035e-01 3.0219501256942749e-01</leafValues></_>
        <_>
          <internalNodes>
            0 -1 127 1.8467931658960879e-04</internalNodes>
          <leafValues>
            -4.9232208728790283e-01 4.3166261911392212e-01</leafValues></_>
        <_>
          <internalNodes>
            0 -1 14 1.5549992676824331e-03</internalNodes>
          <leafValues>
            -4.7498950362205505e-01 3.9677909016609192e-01</leafValues></_>
        <_>
          <internalNodes>
            0 -1 138 1.2333475053310394e-02</internalNodes>
          <leafValues>
            -2.8141361474990845e-01 7.1805483102798462e-01</leafValues></_>
        <_>
          <internalNodes>
            0 -1 166 -9.5981191843748093e-03</internalNodes>
          <leafValues>
            8.1169760227203369e-01 -2.9274183511734009e-01</leafValues></_>
        <_>
          <internalNodes>
            0 -1 147 8.3383993478491902e-04</internalNodes>
          <leafValues>
            -2.6486971974372864e-01 6.8173199892044067e-01</leafValues></_></weakClassifiers></_>
    <!-- stage 5 -->
    <_>
      <maxWeakCount>8</maxWeakCount>
      <stageThreshold>-1.1329735517501831e+00</stageThreshold>
      <weakClassifiers>
        <_>
          <internalNodes>
            0 -1 126 8.8219367171404883e-06</internalNodes>
          <leafValues>
            5.9414225816726685e-01 -4.0136054158210754e-01</leafValues></_>
        <_>
          <internalNodes>
            0 -1 93 -9.5202832017093897e-04</internalNodes>
          <leafValues>
            4.7322520613670349e-01 -4.5533779263496399e-01</leafValues></_>
        <_>
          <internalNodes>
            0 -1 128 -2.1741525415563956e-05</internalNodes>
          <leafValues>
            -6.0605645179748535e-01 3.3024156093597412e-01</leafValues></_>
        <_>
          <internalNodes>
            0 -1 80 1.2278766371309757e-02</internalNodes>
          <leafValues>
            -5.6995135545730591e-01 3.7573504447937012e-01</leafValues></_>
        <_>
          <internalNodes>
            0 -1 161 4.2289149860152975e-05</internalNodes>
          <leafValues>
            2.5894185900688171e-01 -6.7393112182617188e-01</leafValues></_>
        <_>
          <internalNodes>
            0 -1 59 -1.1858257930725813e-03</internalNodes>
          <leafValues>
            -8.1483167409896851e-01 2.0749525725841522e-01</leafValues></_>
        <_>
          <internalNodes>
            0 -1 12 -1.7908992245793343e-02</internalNodes>
          <leafValues>
            8.5228806734085083e-01 -2.4312341213226318e-01</leafValues></_>
        <_>
          <internalNodes>
            0 -1 55 6.4795706421136856e-03</internalNodes>
          <leafValues>
            -2.6926743984222412e-01 8.7628853321075439e-01</leafValues></_></weakClassifiers></_>
    <!-- stage 6 -->
    <_>
      <maxWeakCount>6</maxWeakCount>
      <stageThreshold>-7.6793295145034790e-01</stageThreshold>
      <weakClassifiers>
        <_>
          <internalNodes>
            0 -1 124 -1.8643397197593004e-04</internalNodes>
          <leafValues>
            -9.2500001192092896e-01 5.4862385988235474e-01</leafValues></_>
        <_>
          <internalNodes>
            0 -1 66 -5.8078523725271225e-03</internalNodes>
          <leafValues>
            4.3025565147399902e-01 -6.2793004512786865e-01</leafValues></_>
        <_>
          <internalNodes>
            0 -1 37 -5.5511241953354329e-05</internalNodes>
          <leafValues>
            -8.9560729265213013e-01 2.8732025623321533e-01</leafValues></_>
        <_>
          <internalNodes>
            0 -1 41 4.4172498746775091e-05</internalNodes>
          <leafValues>
            3.0819424986839294e-01 -7.6566559076309204e-01</leafValues></_>
        <_>
          <internalNodes>
            0 -1 18 -3.0831848562229425e-05</internalNodes>
          <leafValues>
            -7.0905637741088867e-01 3.8338169455528259e-01</leafValues></_>
        <_>
          <internalNodes>
            0 -1 79 2.5144930928945541e-02</internalNodes>
          <leafValues>
            -4.6892133355140686e-01 6.9308120012283325e-01</leafValues></_></weakClassifiers></_>
    <!-- stage 7 -->
    <_>
      <maxWeakCount>9</maxWeakCount>
      <stageThreshold>-8.8986879587173462e-01</stageThreshold>
      <weakClassifiers>
        <_>
          <internalNodes>
            0 -1 158 -3.4496141597628593e-04</internalNodes>
          <leafValues>
            -6.2222224473953247e-01 5.2523362636566162e-01</leafValues></_>
        <_>
          <internalNodes>
            0 -1 133 4.8292067367583513e-04</internalNodes>
          <leafValues>
            -5.6475657224655151e-01 3.6187309026718140e-01</leafValues></_>
        <_>
          <internalNodes>
            0 -1 171 -2.8687214944511652e-03</internalNodes>
          <leafValues>
            6.3370263576507568e-01 -2.8295066952705383e-01</leafValues></_>
        <_>
          <internalNodes>
            0 -1 153 4.9945345381274819e-04</internalNodes>
          <leafValues>
            2.2496984899044037e-01 -7.9559367895126343e-01</leafValues></_>
        <_>
          <internalNodes>
            0 -1 168 2.2449534299084917e-05</internalNodes>
          <leafValues>
            3.0988407135009766e-01 -5.7354784011840820e-01</leafValues></_>
        <_>
          <internalNodes>
            0 -1 151 1.0088184848427773e-02</internalNodes>
          <leafValues>
            -2.8987091779708862e-01 7.6821285486221313e-01</leafValues></_>
        <_>
          <internalNodes>
            0 -1 57 1.7600400373339653e-02</internalNodes>
          <leafValues>
            -2.1538022160530090e-01 9.2665827274322510e-01</leafValues></_>
        <_>
          <internalNodes>
            0 -1 76 3.8019637577235699e-04</internalNodes>
          <leafValues>
            -4.2930963635444641e-01 4.9668571352958679e-01</leafValues></_>
        <_>
          <internalNodes>
            0 -1 1 -3.0375476926565170e-02</internalNodes>
          <leafValues>
            8.2737869024276733e-01 -2.4840636551380157e-01</leafValues></_></weakClassifiers></_>
    <!-- stage 8 -->
    <_>
      <maxWeakCount>10</maxWeakCount>
      <stageThreshold>-6.2921190261840820e-01</stageThreshold>
      <weakClassifiers>
        <_>
          <internalNodes>
            0 -1 62 -1.9754483219003305e-05</internalNodes>
          <leafValues>
            -3.8686132431030273e-01 5.6967210769653320e-01</leafValues></_>
        <_>
          <internalNodes>
            0 -1 135 3.1250558793544769e-02</internalNodes>
          <leafValues>
            -2.4240525066852570e-01 6.6796183586120605e-01</leafValues></_>
        <_>
          <internalNodes>
            0 -1 107 -1.5933968825265765e-04</internalNodes>
          <leafValues>
            3.2857394218444824e-01 -6.5956467390060425e-01</leafValues></_>
        <_>
          <internalNodes>
            0 -1 3 -2.0020836964249611e-02</internalNodes>
          <leafValues>
            6.5210729837417603e-01 -2.6270109415054321e-01</leafValues></_>
        <_>
          <internalNodes>
            0 -1 33 4.7464407980442047e-02</internalNodes>
          <leafValues>
            -2.5643882155418396e-01 8.0917048454284668e-01</leafValues></_>
        <_>
          <internalNodes>
            0 -1 36 -2.3573404178023338e-03</internalNodes>
          <leafValues>
            3.5881036520004272e-01 -6.0158681869506836e-01</leafValues></_>
        <_>
          <internalNodes>
            0 -1 43 3.9402926631737500e-05</internalNodes>
          <leafValues>
            2.6040449738502502e-01 -6.6035848855972290e-01</leafValues></_>
        <_>
          <internalNodes>
            0 -1 149 2.2177022401592694e-05</internalNodes>
          <leafValues>
            2.5732454657554626e-01 -6.5864992141723633e-01</leafValues></_>
        <_>
          <internalNodes>
            0 -1 140 -1.2812574277631938e-04</internalNodes>
          <leafValues>
            -8.4934967756271362e-01 1.9063554704189301e-01</leafValues></_>
        <_>
          <internalNodes>
            0 -1 170 -3.7132838770048693e-05</internalNodes>
          <leafValues>
            -7.5319403409957886e-01 2.2438126802444458e-01</leafValues></_></weakClassifiers></_>
    <!-- stage 9 -->
    <_>
      <maxWeakCount>9</maxWeakCount>
      <stageThreshold>-1.0489276647567749e+00</stageThreshold>
      <weakClassifiers>
        <_>
          <internalNodes>
            0 -1 58 1.6099572181701660e-01</internalNodes>
          <leafValues>
            4.9820789694786072e-01 -7.9104477167129517e-01</leafValues></_>
        <_>
          <internalNodes>
            0 -1 114 8.2616519648581743e-04</internalNodes>
          <leafValues>
            -5.9458953142166138e-01 3.8990521430969238e-01</leafValues></_>
        <_>
          <internalNodes>
            0 -1 84 4.7415279550477862e-04</internalNodes>
          <leafValues>
            -4.2704921960830688e-01 3.8588210940361023e-01</leafValues></_>
        <_>
          <internalNodes>
            0 -1 63 6.5609835088253021e-02</internalNodes>
          <leafValues>
            -4.1714575886726379e-01 4.7715604305267334e-01</leafValues></_>
        <_>
          <internalNodes>
            0 -1 155 3.6358396755531430e-05</internalNodes>
          <leafValues>
            2.8538441658020020e-01 -6.1230409145355225e-01</leafValues></_>
        <_>
          <internalNodes>
            0 -1 6 1.0671191848814487e-03</internalNodes>
          <leafValues>
            -3.4167796373367310e-01 5.9440958499908447e-01</leafValues></_>
        <_>
          <internalNodes>
            0 -1 26 6.5088540315628052e-02</internalNodes>
          <leafValues>
            2.0796227455139160e-01 -8.9810192584991455e-01</leafValues></_>
        <_>
          <internalNodes>
            0 -1 117 1.7490149184595793e-04</internalNodes>
          <leafValues>
            -5.5233788490295410e-01 3.3503726124763489e-01</leafValues></_>
        <_>
          <internalNodes>
            0 -1 21 -3.3893987536430359e-02</internalNodes>
          <leafValues>
            -9.0305286645889282e-01 2.0551192760467529e-01</leafValues></_></weakClassifiers></_>
    <!-- stage 10 -->
    <_>
      <maxWeakCount>11</maxWeakCount>
      <stageThreshold>-7.1712106466293335e-01</stageThreshold>
      <weakClassifiers>
        <_>
          <internalNodes>
            0 -1 74 2.0390292629599571e-03</internalNodes>
          <leafValues>
            5.0990992784500122e-01 -8.2857143878936768e-01</leafValues></_>
        <_>
          <internalNodes>
            0 -1 73 1.4009946025907993e-03</internalNodes>
          <leafValues>
            3.4268826246261597e-01 -4.8787119984626770e-01</leafValues></_>
        <_>
          <internalNodes>
            0 -1 134 1.7580214189365506e-03</internalNodes>
          <leafValues>
            -4.6926078200340271e-01 3.9579653739929199e-01</leafValues></_>
        <_>
          <internalNodes>
            0 -1 4 -1.9251720979809761e-02</internalNodes>
          <leafValues>
            7.5811225175857544e-01 -2.4359817802906036e-01</leafValues></_>
        <_>
          <internalNodes>
            0 -1 22 6.2042577192187309e-03</internalNodes>
          <leafValues>
            -2.8795203566551208e-01 6.6201585531234741e-01</leafValues></_>
        <_>
          <internalNodes>
            0 -1 53 2.2014877758920193e-03</internalNodes>
          <leafValues>
            -4.2498919367790222e-01 3.9308196306228638e-01</leafValues></_>
        <_>
          <internalNodes>
            0 -1 95 7.9177785664796829e-03</internalNodes>
          <leafValues>
            -2.7351579070091248e-01 6.2539714574813843e-01</leafValues></_>
        <_>
          <internalNodes>
            0 -1 154 -3.3052358048735186e-05</internalNodes>
          <leafValues>
            -4.7172659635543823e-01 3.6317786574363708e-01</leafValues></_>
        <_>
          <internalNodes>
            0 -1 129 1.4035672880709171e-02</internalNodes>
          <leafValues>
            1.7283022403717041e-01 -8.2011824846267700e-01</leafValues></_>
        <_>
          <internalNodes>
            0 -1 39 -1.3940491480752826e-03</internalNodes>
          <leafValues>
            3.2901105284690857e-01 -4.5110982656478882e-01</leafValues></_>
        <_>
          <internalNodes>
            0 -1 156 4.5308181142900139e-05</internalNodes>
          <leafValues>
            3.1772831082344055e-01 -6.0753124952316284e-01</leafValues></_></weakClassifiers></_>
    <!-- stage 11 -->
    <_>
      <maxWeakCount>8</maxWeakCount>
      <stageThreshold>-6.2236964702606201e-01</stageThreshold>
      <weakClassifiers>
        <_>
          <internalNodes>
            0 -1 91 -4.4580768793821335e-02</internalNodes>
          <leafValues>
            -6.6265058517456055e-01 5.1660513877868652e-01</leafValues></_>
        <_>
          <internalNodes>
            0 -1 72 -1.7394956666976213e-03</internalNodes>
          <leafValues>
            3.5141232609748840e-01 -5.2665078639984131e-01</leafValues></_>
        <_>
          <internalNodes>
            0 -1 101 -6.6728955134749413e-03</internalNodes>
          <leafValues>
            -8.8898718357086182e-01 1.7067967355251312e-01</leafValues></_>
        <_>
          <internalNodes>
            0 -1 108 -4.4332387005852070e-06</internalNodes>
          <leafValues>
            1.8958491086959839e-01 -7.3906606435775757e-01</leafValues></_>
        <_>
          <internalNodes>
            0 -1 167 2.2432333789765835e-03</internalNodes>
          <leafValues>
            -2.7645006775856018e-01 5.9713530540466309e-01</leafValues></_>
        <_>
          <internalNodes>
            0 -1 45 4.3880797922611237e-02</internalNodes>
          <leafValues>
            -2.3956233263015747e-01 7.8088462352752686e-01</leafValues></_>
        <_>
          <internalNodes>
            0 -1 11 8.1314246926922351e-05</internalNodes>
          <leafValues>
            3.3145943284034729e-01 -5.9893965721130371e-01</leafValues></_>
        <_>
          <internalNodes>
            0 -1 32 2.1268506534397602e-03</internalNodes>
          <leafValues>
            1.9295133650302887e-01 -6.8223959207534790e-01</leafValues></_></weakClassifiers></_>
    <!-- stage 12 -->
    <_>
      <maxWeakCount>10</maxWeakCount>
      <stageThreshold>-9.0636914968490601e-01</stageThreshold>
      <weakClassifiers>
        <_>
          <internalNodes>
            0 -1 128 3.1545855563308578e-06</internalNodes>
          <leafValues>
            -2.6114648580551147e-01 5.6837606430053711e-01</leafValues></_>
        <_>
          <internalNodes>
            0 -1 9 1.0605910792946815e-02</internalNodes>
          <leafValues>
            -3.6016225814819336e-01 4.3204432725906372e-01</leafValues></_>
        <_>
          <internalNodes>
            0 -1 2 -2.1013643592596054e-02</internalNodes>
          <leafValues>
            7.5286996364593506e-01 -1.9651880860328674e-01</leafValues></_>
        <_>
          <internalNodes>
            0 -1 141 2.6361882686614990e-02</internalNodes>
          <leafValues>
            -3.8136103749275208e-01 4.3640792369842529e-01</leafValues></_>
        <_>
          <internalNodes>
            0 -1 85 1.7800981004256755e-04</internalNodes>
          <leafValues>
            -4.9957999587059021e-01 3.2554918527603149e-01</leafValues></_>
        <_>
          <internalNodes>
            0 -1 117 6.7777771619148552e-05</internalNodes>
          <leafValues>
            -5.6999927759170532e-01 2.8591352701187134e-01</leafValues></_>
        <_>
          <internalNodes>
            0 -1 172 -2.8708038371405564e-05</internalNodes>
          <leafValues>
            -7.0391076803207397e-01 2.3888249695301056e-01</leafValues></_>
        <_>
          <internalNodes>
            0 -1 96 -2.2009192034602165e-03</internalNodes>
          <leafValues>
            6.1752456426620483e-01 -3.1287413835525513e-01</leafValues></_>
        <_>
          <internalNodes>
            0 -1 142 1.4259119052439928e-03</internalNodes>
          <leafValues>
            -6.3109534978866577e-01 4.0858012437820435e-01</leafValues></_>
        <_>
          <internalNodes>
            0 -1 111 4.7841776162385941e-02</internalNodes>
          <leafValues>
            2.1004126965999603e-01 -9.0074706077575684e-01</leafValues></_></weakClassifiers></_>
    <!-- stage 13 -->
    <_>
      <maxWeakCount>11</maxWeakCount>
      <stageThreshold>-4.3602958321571350e-01</stageThreshold>
      <weakClassifiers>
        <_>
          <internalNodes>
            0 -1 50 1.2836439535021782e-02</internalNodes>
          <leafValues>
            4.8239436745643616e-01 -8.5964912176132202e-01</leafValues></_>
        <_>
          <internalNodes>
            0 -1 130 -1.3346839696168900e-03</internalNodes>
          <leafValues>
            6.4043951034545898e-01 -2.3328125476837158e-01</leafValues></_>
        <_>
          <internalNodes>
            0 -1 49 -1.1494761332869530e-02</internalNodes>
          <leafValues>
            3.8879266381263733e-01 -4.0738245844841003e-01</leafValues></_>
        <_>
          <internalNodes>
            0 -1 86 -1.9034907381865196e-05</internalNodes>
          <leafValues>
            3.7371277809143066e-01 -3.9759966731071472e-01</leafValues></_>
        <_>
          <internalNodes>
            0 -1 8 -2.3149531334638596e-03</internalNodes>
          <leafValues>
            4.8676228523254395e-01 -3.0914098024368286e-01</leafValues></_>
        <_>
          <internalNodes>
            0 -1 7 3.3503005397506058e-04</internalNodes>
          <leafValues>
            -3.5339748859405518e-01 4.9336990714073181e-01</leafValues></_>
        <_>
          <internalNodes>
            0 -1 89 3.8547877920791507e-05</internalNodes>
          <leafValues>
            3.0861473083496094e-01 -5.5785930156707764e-01</leafValues></_>
        <_>
          <internalNodes>
            0 -1 159 9.6790761745069176e-05</internalNodes>
          <leafValues>
            2.7582105994224548e-01 -6.0790371894836426e-01</leafValues></_>
        <_>
          <internalNodes>
            0 -1 118 1.5197758330032229e-05</internalNodes>
          <leafValues>
            -3.9342069625854492e-01 4.0968599915504456e-01</leafValues></_>
        <_>
          <internalNodes>
            0 -1 102 -6.8898149766027927e-04</internalNodes>
          <leafValues>
            4.5064124464988708e-01 -4.0769872069358826e-01</leafValues></_>
        <_>
          <internalNodes>
            0 -1 99 -6.6272397816646844e-05</internalNodes>
          <leafValues>
            -5.8260440826416016e-01 3.2211327552795410e-01</leafValues></_></weakClassifiers></_>
    <!-- stage 14 -->
    <_>
      <maxWeakCount>9</maxWeakCount>
      <stageThreshold>-7.0501822233200073e-01</stageThreshold>
      <weakClassifiers>
        <_>
          <internalNodes>
            0 -1 69 1.2276336550712585e-02</internalNodes>
          <leafValues>
            5.0364965200424194e-01 -6.6233766078948975e-01</leafValues></_>
        <_>
          <internalNodes>
            0 -1 64 -1.4660494402050972e-02</internalNodes>
          <leafValues>
            -5.6204605102539062e-01 2.7886915206909180e-01</leafValues></_>
        <_>
          <internalNodes>
            0 -1 48 -2.7048407355323434e-04</internalNodes>
          <leafValues>
            3.8919541239738464e-01 -3.8346737623214722e-01</leafValues></_>
        <_>
          <internalNodes>
            0 -1 163 -1.6570826992392540e-02</internalNodes>
          <leafValues>
            8.2108217477798462e-01 -1.8094997107982635e-01</leafValues></_>
        <_>
          <internalNodes>
            0 -1 19 -2.2946049284655601e-05</internalNodes>
          <leafValues>
            -6.2621122598648071e-01 2.5300759077072144e-01</leafValues></_>
        <_>
          <internalNodes>
            0 -1 157 1.7862580716609955e-02</internalNodes>
          <leafValues>
            -2.0511779189109802e-01 9.4002443552017212e-01</leafValues></_>
        <_>
          <internalNodes>
            0 -1 103 -9.0835476294159889e-04</internalNodes>
          <leafValues>
            -8.1152874231338501e-01 2.3797914385795593e-01</leafValues></_>
        <_>
          <internalNodes>
            0 -1 82 7.4062789790332317e-03</internalNodes>
          <leafValues>
            1.6910108923912048e-01 -7.4299603700637817e-01</leafValues></_>
        <_>
          <internalNodes>
            0 -1 35 -1.9358599092811346e-03</internalNodes>
          <leafValues>
            5.1233339309692383e-01 -3.3049073815345764e-01</leafValues></_></weakClassifiers></_>
    <!-- stage 15 -->
    <_>
      <maxWeakCount>11</maxWeakCount>
      <stageThreshold>-5.8448606729507446e-01</stageThreshold>
      <weakClassifiers>
        <_>
          <internalNodes>
            0 -1 56 -1.2104839697713032e-04</internalNodes>
          <leafValues>
            -3.1468531489372253e-01 5.6016600131988525e-01</leafValues></_>
        <_>
          <internalNodes>
            0 -1 150 9.5803178846836090e-03</internalNodes>
          <leafValues>
            -2.0454268157482147e-01 6.2698900699615479e-01</leafValues></_>
        <_>
          <internalNodes>
            0 -1 97 -2.0561917335726321e-04</internalNodes>
          <leafValues>
            3.6776000261306763e-01 -4.1147467494010925e-01</leafValues></_>
        <_>
          <internalNodes>
            0 -1 42 -2.1969226509099826e-05</internalNodes>
          <leafValues>
            -5.9896653890609741e-01 2.3237772285938263e-01</leafValues></_>
        <_>
          <internalNodes>
            0 -1 94 7.4524513911455870e-04</internalNodes>
          <leafValues>
            -3.1713780760765076e-01 5.7259762287139893e-01</leafValues></_>
        <_>
          <internalNodes>
            0 -1 131 -2.8263602871447802e-05</internalNodes>
          <leafValues>
            4.4453197717666626e-01 -3.5589495301246643e-01</leafValues></_>
        <_>
          <internalNodes>
            0 -1 15 3.1789080821909010e-05</internalNodes>
          <leafValues>
            3.2363781332969666e-01 -4.8076620697975159e-01</leafValues></_>
        <_>
          <internalNodes>
            0 -1 10 -2.7715405449271202e-03</internalNodes>
          <leafValues>
            6.7834252119064331e-01 -2.1000687777996063e-01</leafValues></_>
        <_>
          <internalNodes>
            0 -1 52 -9.3280840665102005e-03</internalNodes>
          <leafValues>
            -7.6018732786178589e-01 2.1790637075901031e-01</leafValues></_>
        <_>
          <internalNodes>
            0 -1 44 3.6500640213489532e-02</internalNodes>
          <leafValues>
            1.9959527254104614e-01 -8.2191467285156250e-01</leafValues></_>
        <_>
          <internalNodes>
            0 -1 104 -8.1118531525135040e-03</internalNodes>
          <leafValues>
            5.5558735132217407e-01 -3.0241256952285767e-01</leafValues></_></weakClassifiers></_>
    <!-- stage 16 -->
    <_>
      <maxWeakCount>10</maxWeakCount>
      <stageThreshold>-6.8065941333770752e-01</stageThreshold>
      <weakClassifiers>
        <_>
          <internalNodes>
            0 -1 31 -7.6317032799124718e-03</internalNodes>
          <leafValues>
            -6.7391306161880493e-01 5.3846156597137451e-01</leafValues></_>
        <_>
          <internalNodes>
            0 -1 17 -6.4232394099235535e-02</internalNodes>
          <leafValues>
            -7.9509526491165161e-01 2.0479862391948700e-01</leafValues></_>
        <_>
          <internalNodes>
            0 -1 81 1.7162684525828809e-04</internalNodes>
          <leafValues>
            1.8254466354846954e-01 -7.8356844186782837e-01</leafValues></_>
        <_>
          <internalNodes>
            0 -1 144 1.9166065612807870e-03</internalNodes>
          <leafValues>
            1.6056498885154724e-01 -7.7414131164550781e-01</leafValues></_>
        <_>
          <internalNodes>
            0 -1 152 8.2772522000595927e-04</internalNodes>
          <leafValues>
            -2.5469455122947693e-01 6.5016144514083862e-01</leafValues></_>
        <_>
          <internalNodes>
            0 -1 145 7.5976713560521603e-04</internalNodes>
          <leafValues>
            -3.2441848516464233e-01 4.6834114193916321e-01</leafValues></_>
        <_>
          <internalNodes>
            0 -1 61 1.7482359544374049e-04</internalNodes>
          <leafValues>
            -3.8941103219985962e-01 3.8037532567977905e-01</leafValues></_>
        <_>
          <internalNodes>
            0 -1 29 -1.2471436639316380e-04</internalNodes>
          <leafValues>
            -5.8357620239257812e-01 2.8323543071746826e-01</leafValues></_>
        <_>
          <internalNodes>
            0 -1 125 -1.4389889547601342e-03</internalNodes>
          <leafValues>
            -7.6050937175750732e-01 1.7046879231929779e-01</leafValues></_>
        <_>
          <internalNodes>
            0 -1 143 -1.2383901048451662e-03</internalNodes>
          <leafValues>
            -9.1327661275863647e-01 1.5222834050655365e-01</leafValues></_></weakClassifiers></_>
    <!-- stage 17 -->
    <_>
      <maxWeakCount>11</maxWeakCount>
      <stageThreshold>-4.9174129962921143e-01</stageThreshold>
      <weakClassifiers>
        <_>
          <internalNodes>
            0 -1 5 1.7512935400009155e-01</internalNodes>
          <leafValues>
            4.5674741268157959e-01 -8.2978725433349609e-01</leafValues></_>
        <_>
          <internalNodes>
            0 -1 75 -4.4596419320441782e-04</internalNodes>
          <leafValues>
            -5.8862435817718506e-01 3.2823175191879272e-01</leafValues></_>
        <_>
          <internalNodes>
            0 -1 0 9.3287155032157898e-03</internalNodes>
          <leafValues>
            -2.9384073615074158e-01 6.2597668170928955e-01</leafValues></_>
        <_>
          <internalNodes>
            0 -1 137 6.9440540391951799e-04</internalNodes>
          <leafValues>
            -2.3285210132598877e-01 5.7354956865310669e-01</leafValues></_>
        <_>
          <internalNodes>
            0 -1 146 -2.2046293597668409e-03</internalNodes>
          <leafValues>
            4.4842571020126343e-01 -3.0023512244224548e-01</leafValues></_>
        <_>
          <internalNodes>
            0 -1 100 9.7711188718676567e-03</internalNodes>
          <leafValues>
            -3.8030150532722473e-01 3.7328565120697021e-01</leafValues></_>
        <_>
          <internalNodes>
            0 -1 27 7.1419308369513601e-05</internalNodes>
          <leafValues>
            2.4498474597930908e-01 -6.9573223590850830e-01</leafValues></_>
        <_>
          <internalNodes>
            0 -1 40 1.5013280790299177e-04</internalNodes>
          <leafValues>
            -2.8510102629661560e-01 5.2947592735290527e-01</leafValues></_>
        <_>
          <internalNodes>
            0 -1 16 -5.6190984323620796e-03</internalNodes>
          <leafValues>
            -7.3562878370285034e-01 2.0116326212882996e-01</leafValues></_>
        <_>
          <internalNodes>
            0 -1 162 2.3446104023605585e-03</internalNodes>
          <leafValues>
            -3.0439800024032593e-01 4.5921707153320312e-01</leafValues></_>
        <_>
          <internalNodes>
            0 -1 169 2.1799945898237638e-05</internalNodes>
          <leafValues>
            2.6098981499671936e-01 -5.5614191293716431e-01</leafValues></_></weakClassifiers></_>
    <!-- stage 18 -->
    <_>
      <maxWeakCount>9</maxWeakCount>
      <stageThreshold>-9.0716767311096191e-01</stageThreshold>
      <weakClassifiers>
        <_>
          <internalNodes>
            0 -1 121 1.1533410288393497e-03</internalNodes>
          <leafValues>
            4.9084249138832092e-01 -5.4430377483367920e-01</leafValues></_>
        <_>
          <internalNodes>
            0 -1 34 3.3514563256176189e-05</internalNodes>
          <leafValues>
            2.8217905759811401e-01 -5.4128909111022949e-01</leafValues></_>
        <_>
          <internalNodes>
            0 -1 38 2.9231621738290414e-05</internalNodes>
          <leafValues>
            2.1739366650581360e-01 -6.2756049633026123e-01</leafValues></_>
        <_>
          <internalNodes>
            0 -1 148 -1.2577382847666740e-02</internalNodes>
          <leafValues>
            6.0736829042434692e-01 -2.5884607434272766e-01</leafValues></_>
        <_>
          <internalNodes>
            0 -1 122 -5.6239524856209755e-03</internalNodes>
          <leafValues>
            7.4981164932250977e-01 -2.1219572424888611e-01</leafValues></_>
        <_>
          <internalNodes>
            0 -1 78 5.8524431660771370e-03</internalNodes>
          <leafValues>
            -2.6653024554252625e-01 6.2827372550964355e-01</leafValues></_>
        <_>
          <internalNodes>
            0 -1 132 1.4995483797974885e-04</internalNodes>
          <leafValues>
            -4.6101969480514526e-01 3.0112999677658081e-01</leafValues></_>
        <_>
          <internalNodes>
            0 -1 46 -8.2915611565113068e-03</internalNodes>
          <leafValues>
            -5.7602608203887939e-01 2.5175729393959045e-01</leafValues></_>
        <_>
          <internalNodes>
            0 -1 110 3.0192829668521881e-02</internalNodes>
          <leafValues>
            -2.4001826345920563e-01 6.9294023513793945e-01</leafValues></_></weakClassifiers></_>
    <!-- stage 19 -->
    <_>
      <maxWeakCount>11</maxWeakCount>
      <stageThreshold>-3.9172810316085815e-01</stageThreshold>
      <weakClassifiers>
        <_>
          <internalNodes>
            0 -1 67 -7.0297310594469309e-04</internalNodes>
          <leafValues>
            -2.9577463865280151e-01 5.5279505252838135e-01</leafValues></_>
        <_>
          <internalNodes>
            0 -1 23 3.0437502573477104e-05</internalNodes>
          <leafValues>
            2.4655765295028687e-01 -6.2284249067306519e-01</leafValues></_>
        <_>
          <internalNodes>
            0 -1 90 -1.7420821823179722e-03</internalNodes>
          <leafValues>
            7.5483876466751099e-01 -1.8082562088966370e-01</leafValues></_>
        <_>
          <internalNodes>
            0 -1 109 -1.2660878383030649e-05</internalNodes>
          <leafValues>
            2.3240588605403900e-01 -6.1031991243362427e-01</leafValues></_>
        <_>
          <internalNodes>
            0 -1 165 3.2370286062359810e-03</internalNodes>
          <leafValues>
            -3.0393871665000916e-01 5.3261637687683105e-01</leafValues></_>
        <_>
          <internalNodes>
            0 -1 24 3.3811733126640320e-02</internalNodes>
          <leafValues>
            -1.6936099529266357e-01 8.8866364955902100e-01</leafValues></_>
        <_>
          <internalNodes>
            0 -1 30 2.7413098141551018e-03</internalNodes>
          <leafValues>
            2.7459585666656494e-01 -8.1436908245086670e-01</leafValues></_>
        <_>
          <internalNodes>
            0 -1 13 -3.5585472360253334e-03</internalNodes>
          <leafValues>
            4.7170847654342651e-01 -3.2790544629096985e-01</leafValues></_>
        <_>
          <internalNodes>
            0 -1 25 -2.0580484997481108e-03</internalNodes>
          <leafValues>
            5.0350838899612427e-01 -3.0812561511993408e-01</leafValues></_>
        <_>
          <internalNodes>
            0 -1 174 -2.0034232875332236e-05</internalNodes>
          <leafValues>
            -5.5022233724594116e-01 2.7087604999542236e-01</leafValues></_>
        <_>
          <internalNodes>
            0 -1 116 5.7808123528957367e-04</internalNodes>
          <leafValues>
            -5.8305293321609497e-01 2.3370981216430664e-01</leafValues></_></weakClassifiers></_></stages>
  <features>
    <_>
      <rects>
        <_>
          0 1 6 55 -1.</_>
        <_>
          3 1 3 55 2.</_></rects>
      <tilted>0</tilted></_>
    <_>
      <rects>
        <_>
          0 3 22 22 -1.</_>
        <_>
          0 3 11 11 2.</_>
        <_>
          11 14 11 11 2.</_></rects>
      <tilted>0</tilted></_>
    <_>
      <rects>
        <_>
          0 4 10 30 -1.</_>
        <_>
          0 4 5 15 2.</_>
        <_>
          5 19 5 15 2.</_></rects>
      <tilted>0</tilted></_>
    <_>
      <rects>
        <_>
          0 5 12 32 -1.</_>
        <_>
          0 5 6 16 2.</_>
        <_>
          6 21 6 16 2.</_></rects>
      <tilted>0</tilted></_>
    <_>
      <rects>
        <_>
          0 9 16 16 -1.</_>
        <_>
          0 9 8 8 2.</_>
        <_>
          8 17 8 8 2.</_></rects>
      <tilted>0</tilted></_>
    <_>
      <rects>
        <_>
          0 10 42 44 -1.</_>
        <_>
          0 32 42 22 2.</_></rects>
      <tilted>0</tilted></_>
    <_>
      <rects>
        <_>
          0 11 2 42 -1.</_>
        <_>
          1 11 1 42 2.</_></rects>
      <tilted>0</tilted></_>
    <_>
      <rects>
        <_>
          0 19 2 23 -1.</_>
        <_>
          1 19 1 23 2.</_></rects>
      <tilted>0</tilted></_>
    <_>
      <rects>
        <_>
          0 26 12 7 -1.</_>
        <_>
          4 26 4 7 3.</_></rects>
      <tilted>0</tilted></_>
    <_>
      <rects>
        <_>
          0 27 22 20 -1.</_>
        <_>
          0 27 11 10 2.</_>
        <_>
          11 37 11 10 2.</_></rects>
      <tilted>0</tilted></_>
    <_>
      <rects>
        <_>
          0 29 9 7 -1.</_>
        <_>
          3 29 3 7 3.</_></rects>
      <tilted>0</tilted></_>
    <_>
      <rects>
        <_>
          0 32 1 4 -1.</_>
        <_>
          0 34 1 2 2.</_></rects>
      <tilted>0</tilted></_>
    <_>
      <rects>
        <_>
          1 5 10 28 -1.</_>
        <_>
          1 5 5 14 2.</_>
        <_>
          6 19 5 14 2.</_></rects>
      <tilted>0</tilted></_>
    <_>
      <rects>
        <_>
          1 25 18 10 -1.</_>
        <_>
          7 25 6 10 3.</_></rects>
      <tilted>0</tilted></_>
    <_>
      <rects>
        <_>
          2 0 16 14 -1.</_>
        <_>
          2 7 16 7 2.</_></rects>
      <tilted>0</tilted></_>
    <_>
      <rects>
        <_>
          2 13 4 2 -1.</_>
        <_>
          2 14 4 1 2.</_></rects>
      <tilted>0</tilted></_>
    <_>
      <rects>
        <_>
          2 26 48 2 -1.</_>
        <_>
          26 26 24 2 2.</_></rects>
      <tilted>0</tilted></_>
    <_>
      <rects>
        <_>
          3 17 26 28 -1.</_>
        <_>
          3 31 26 14 2.</_></rects>
      <tilted>0</tilted></_>
    <_>
      <rects>
        <_>
          3 21 1 2 -1.</_>
        <_>
          3 22 1 1 2.</_></rects>
      <tilted>0</tilted></_>
    <_>
      <rects>
        <_>
          4 17 1 2 -1.</_>
        <_>
          4 18 1 1 2.</_></rects>
      <tilted>0</tilted></_>
    <_>
      <rects>
        <_>
          4 26 33 13 -1.</_>
        <_>
          15 26 11 13 3.</_></rects>
      <tilted>0</tilted></_>
    <_>
      <rects>
        <_>
          4 27 34 12 -1.</_>
        <_>
          21 27 17 12 2.</_></rects>
      <tilted>0</tilted></_>
    <_>
      <rects>
        <_>
          5 14 8 29 -1.</_>
        <_>
          9 14 4 29 2.</_></rects>
      <tilted>0</tilted></_>
    <_>
      <rects>
        <_>
          6 8 2 1 -1.</_>
        <_>
          7 8 1 1 2.</_></rects>
      <tilted>0</tilted></_>
    <_>
      <rects>
        <_>
          6 9 12 24 -1.</_>
        <_>
          6 21 12 12 2.</_></rects>
      <tilted>0</tilted></_>
    <_>
      <rects>
        <_>
          7 43 24 6 -1.</_>
        <_>
          7 46 24 3 2.</_></rects>
      <tilted>0</tilted></_>
    <_>
      <rects>
        <_>
          8 14 32 27 -1.</_>
        <_>
          24 14 16 27 2.</_></rects>
      <tilted>0</tilted></_>
    <_>
      <rects>
        <_>
          8 15 2 2 -1.</_>
        <_>
          8 16 2 1 2.</_></rects>
      <tilted>0</tilted></_>
    <_>
      <rects>
        <_>
          8 20 28 20 -1.</_>
        <_>
          22 20 14 20 2.</_></rects>
      <tilted>0</tilted></_>
    <_>
      <rects>
        <_>
          9 3 4 5 -1.</_>
        <_>
          11 3 2 5 2.</_></rects>
      <tilted>0</tilted></_>
    <_>
      <rects>
        <_>
          9 22 16 18 -1.</_>
        <_>
          17 22 8 18 2.</_></rects>
      <tilted>0</tilted></_>
    <_>
      <rects>
        <_>
          9 22 27 3 -1.</_>
        <_>
          18 22 9 3 3.</_></rects>
      <tilted>0</tilted></_>
    <_>
      <rects>
        <_>
          9 23 20 18 -1.</_>
        <_>
          19 23 10 18 2.</_></rects>
      <tilted>0</tilted></_>
    <_>
      <rects>
        <_>
          10 3 15 28 -1.</_>
        <_>
          10 17 15 14 2.</_></rects>
      <tilted>0</tilted></_>
    <_>
      <rects>
        <_>
          10 8 2 2 -1.</_>
        <_>
          10 9 2 1 2.</_></rects>
      <tilted>0</tilted></_>
    <_>
      <rects>
        <_>
          10 20 12 6 -1.</_>
        <_>
          14 20 4 6 3.</_></rects>
      <tilted>0</tilted></_>
    <_>
      <rects>
        <_>
          10 30 24 10 -1.</_>
        <_>
          18 30 8 10 3.</_></rects>
      <tilted>0</tilted></_>
    <_>
      <rects>
        <_>
          11 6 2 2 -1.</_>
        <_>
          11 6 1 1 2.</_>
        <_>
          12 7 1 1 2.</_></rects>
      <tilted>0</tilted></_>
    <_>
      <rects>
        <_>
          11 13 2 1 -1.</_>
        <_>
          12 13 1 1 2.</_></rects>
      <tilted>0</tilted></_>
    <_>
      <rects>
        <_>
          11 16 9 8 -1.</_>
        <_>
          11 20 9 4 2.</_></rects>
      <tilted>0</tilted></_>
    <_>
      <rects>
        <_>
          11 21 3 5 -1.</_>
        <_>
          12 21 1 5 3.</_></rects>
      <tilted>0</tilted></_>
    <_>
      <rects>
        <_>
          12 0 3 1 -1.</_>
        <_>
          13 0 1 1 3.</_></rects>
      <tilted>0</tilted></_>
    <_>
      <rects>
        <_>
          12 5 3 1 -1.</_>
        <_>
          13 5 1 1 3.</_></rects>
      <tilted>0</tilted></_>
    <_>
      <rects>
        <_>
          12 11 2 2 -1.</_>
        <_>
          12 12 2 1 2.</_></rects>
      <tilted>0</tilted></_>
    <_>
      <rects>
        <_>
          12 19 26 18 -1.</_>
        <_>
          25 19 13 18 2.</_></rects>
      <tilted>0</tilted></_>
    <_>
      <rects>
        <_>
          13 1 11 26 -1.</_>
        <_>
          13 14 11 13 2.</_></rects>
      <tilted>0</tilted></_>
    <_>
      <rects>
        <_>
          13 23 21 7 -1.</_>
        <_>
          20 23 7 7 3.</_></rects>
      <tilted>0</tilted></_>
    <_>
      <rects>
        <_>
          13 25 26 9 -1.</_>
        <_>
          26 25 13 9 2.</_></rects>
      <tilted>0</tilted></_>
    <_>
      <rects>
        <_>
          13 30 6 2 -1.</_>
        <_>
          16 30 3 2 2.</_></rects>
      <tilted>0</tilted></_>
    <_>
      <rects>
        <_>
          14 10 19 14 -1.</_>
        <_>
          14 17 19 7 2.</_></rects>
      <tilted>0</tilted></_>
    <_>
      <rects>
        <_>
          14 15 15 22 -1.</_>
        <_>
          19 15 5 22 3.</_></rects>
      <tilted>0</tilted></_>
    <_>
      <rects>
        <_>
          15 17 27 24 -1.</_>
        <_>
          15 29 27 12 2.</_></rects>
      <tilted>0</tilted></_>
    <_>
      <rects>
        <_>
          15 23 14 18 -1.</_>
        <_>
          22 23 7 18 2.</_></rects>
      <tilted>0</tilted></_>
    <_>
      <rects>
        <_>
          15 31 9 10 -1.</_>
        <_>
          15 36 9 5 2.</_></rects>
      <tilted>0</tilted></_>
    <_>
      <rects>
        <_>
          16 3 22 36 -1.</_>
        <_>
          27 3 11 36 2.</_></rects>
      <tilted>0</tilted></_>
    <_>
      <rects>
        <_>
          16 6 2 24 -1.</_>
        <_>
          16 18 2 12 2.</_></rects>
      <tilted>0</tilted></_>
    <_>
      <rects>
        <_>
          16 6 6 1 -1.</_>
        <_>
          19 6 3 1 2.</_></rects>
      <tilted>0</tilted></_>
    <_>
      <rects>
        <_>
          16 6 5 20 -1.</_>
        <_>
          16 16 5 10 2.</_></rects>
      <tilted>0</tilted></_>
    <_>
      <rects>
        <_>
          16 10 35 46 -1.</_>
        <_>
          16 33 35 23 2.</_></rects>
      <tilted>0</tilted></_>
    <_>
      <rects>
        <_>
          16 21 10 6 -1.</_>
        <_>
          16 23 10 2 3.</_></rects>
      <tilted>0</tilted></_>
    <_>
      <rects>
        <_>
          16 23 13 8 -1.</_>
        <_>
          16 27 13 4 2.</_></rects>
      <tilted>0</tilted></_>
    <_>
      <rects>
        <_>
          16 27 9 1 -1.</_>
        <_>
          19 27 3 1 3.</_></rects>
      <tilted>0</tilted></_>
    <_>
      <rects>
        <_>
          17 1 2 1 -1.</_>
        <_>
          18 1 1 1 2.</_></rects>
      <tilted>0</tilted></_>
    <_>
      <rects>
        <_>
          17 1 34 40 -1.</_>
        <_>
          17 1 17 20 2.</_>
        <_>
          34 21 17 20 2.</_></rects>
      <tilted>0</tilted></_>
    <_>
      <rects>
        <_>
          17 7 21 20 -1.</_>
        <_>
          24 7 7 20 3.</_></rects>
      <tilted>0</tilted></_>
    <_>
      <rects>
        <_>
          17 12 2 33 -1.</_>
        <_>
          17 23 2 11 3.</_></rects>
      <tilted>0</tilted></_>
    <_>
      <rects>
        <_>
          17 17 11 12 -1.</_>
        <_>
          17 23 11 6 2.</_></rects>
      <tilted>0</tilted></_>
    <_>
      <rects>
        <_>
          17 22 7 6 -1.</_>
        <_>
          17 24 7 2 3.</_></rects>
      <tilted>0</tilted></_>
    <_>
      <rects>
        <_>
          17 24 20 11 -1.</_>
        <_>
          27 24 10 11 2.</_></rects>
      <tilted>0</tilted></_>
    <_>
      <rects>
        <_>
          18 13 21 17 -1.</_>
        <_>
          25 13 7 17 3.</_></rects>
      <tilted>0</tilted></_>
    <_>
      <rects>
        <_>
          18 16 17 28 -1.</_>
        <_>
          18 30 17 14 2.</_></rects>
      <tilted>0</tilted></_>
    <_>
      <rects>
        <_>
          18 16 23 14 -1.</_>
        <_>
          18 23 23 7 2.</_></rects>
      <tilted>0</tilted></_>
    <_>
      <rects>
        <_>
          18 20 5 14 -1.</_>
        <_>
          18 27 5 7 2.</_></rects>
      <tilted>0</tilted></_>
    <_>
      <rects>
        <_>
          18 20 10 23 -1.</_>
        <_>
          23 20 5 23 2.</_></rects>
      <tilted>0</tilted></_>
    <_>
      <rects>
        <_>
          18 20 25 6 -1.</_>
        <_>
          18 23 25 3 2.</_></rects>
      <tilted>0</tilted></_>
    <_>
      <rects>
        <_>
          18 22 1 26 -1.</_>
        <_>
          18 35 1 13 2.</_></rects>
      <tilted>0</tilted></_>
    <_>
      <rects>
        <_>
          18 25 6 5 -1.</_>
        <_>
          20 25 2 5 3.</_></rects>
      <tilted>0</tilted></_>
    <_>
      <rects>
        <_>
          18 26 14 11 -1.</_>
        <_>
          25 26 7 11 2.</_></rects>
      <tilted>0</tilted></_>
    <_>
      <rects>
        <_>
          19 2 7 15 -1.</_>
        <_>
          19 7 7 5 3.</_></rects>
      <tilted>0</tilted></_>
    <_>
      <rects>
        <_>
          19 4 30 22 -1.</_>
        <_>
          19 4 15 11 2.</_>
        <_>
          34 15 15 11 2.</_></rects>
      <tilted>0</tilted></_>
    <_>
      <rects>
        <_>
          19 10 32 20 -1.</_>
        <_>
          19 10 16 10 2.</_>
        <_>
          35 20 16 10 2.</_></rects>
      <tilted>0</tilted></_>
    <_>
      <rects>
        <_>
          19 19 6 6 -1.</_>
        <_>
          19 22 6 3 2.</_></rects>
      <tilted>0</tilted></_>
    <_>
      <rects>
        <_>
          19 23 10 15 -1.</_>
        <_>
          24 23 5 15 2.</_></rects>
      <tilted>0</tilted></_>
    <_>
      <rects>
        <_>
          19 26 6 2 -1.</_>
        <_>
          21 26 2 2 3.</_></rects>
      <tilted>0</tilted></_>
    <_>
      <rects>
        <_>
          19 26 6 3 -1.</_>
        <_>
          21 26 2 3 3.</_></rects>
      <tilted>0</tilted></_>
    <_>
      <rects>
        <_>
          19 26 6 4 -1.</_>
        <_>
          21 26 2 4 3.</_></rects>
      <tilted>0</tilted></_>
    <_>
      <rects>
        <_>
          19 27 1 2 -1.</_>
        <_>
          19 28 1 1 2.</_></rects>
      <tilted>0</tilted></_>
    <_>
      <rects>
        <_>
          19 27 6 1 -1.</_>
        <_>
          21 27 2 1 3.</_></rects>
      <tilted>0</tilted></_>
    <_>
      <rects>
        <_>
          19 27 6 2 -1.</_>
        <_>
          21 27 2 2 3.</_></rects>
      <tilted>0</tilted></_>
    <_>
      <rects>
        <_>
          20 5 3 2 -1.</_>
        <_>
          20 6 3 1 2.</_></rects>
      <tilted>0</tilted></_>
    <_>
      <rects>
        <_>
          20 16 6 11 -1.</_>
        <_>
          22 16 2 11 3.</_></rects>
      <tilted>0</tilted></_>
    <_>
      <rects>
        <_>
          20 16 31 22 -1.</_>
        <_>
          20 27 31 11 2.</_></rects>
      <tilted>0</tilted></_>
    <_>
      <rects>
        <_>
          20 19 3 14 -1.</_>
        <_>
          20 26 3 7 2.</_></rects>
      <tilted>0</tilted></_>
    <_>
      <rects>
        <_>
          20 26 9 3 -1.</_>
        <_>
          23 26 3 3 3.</_></rects>
      <tilted>0</tilted></_>
    <_>
      <rects>
        <_>
          20 27 6 3 -1.</_>
        <_>
          22 27 2 3 3.</_></rects>
      <tilted>0</tilted></_>
    <_>
      <rects>
        <_>
          20 30 24 20 -1.</_>
        <_>
          20 30 12 10 2.</_>
        <_>
          32 40 12 10 2.</_></rects>
      <tilted>0</tilted></_>
    <_>
      <rects>
        <_>
          20 35 30 2 -1.</_>
        <_>
          30 35 10 2 3.</_></rects>
      <tilted>0</tilted></_>
    <_>
      <rects>
        <_>
          21 19 4 12 -1.</_>
        <_>
          21 19 2 6 2.</_>
        <_>
          23 25 2 6 2.</_></rects>
      <tilted>0</tilted></_>
    <_>
      <rects>
        <_>
          21 23 6 21 -1.</_>
        <_>
          24 23 3 21 2.</_></rects>
      <tilted>0</tilted></_>
    <_>
      <rects>
        <_>
          22 1 4 2 -1.</_>
        <_>
          24 1 2 2 2.</_></rects>
      <tilted>0</tilted></_>
    <_>
      <rects>
        <_>
          22 10 14 38 -1.</_>
        <_>
          22 10 7 19 2.</_>
        <_>
          29 29 7 19 2.</_></rects>
      <tilted>0</tilted></_>
    <_>
      <rects>
        <_>
          22 19 16 12 -1.</_>
        <_>
          30 19 8 12 2.</_></rects>
      <tilted>0</tilted></_>
    <_>
      <rects>
        <_>
          22 25 6 3 -1.</_>
        <_>
          24 25 2 3 3.</_></rects>
      <tilted>0</tilted></_>
    <_>
      <rects>
        <_>
          22 25 12 9 -1.</_>
        <_>
          28 25 6 9 2.</_></rects>
      <tilted>0</tilted></_>
    <_>
      <rects>
        <_>
          22 36 26 12 -1.</_>
        <_>
          22 36 13 6 2.</_>
        <_>
          35 42 13 6 2.</_></rects>
      <tilted>0</tilted></_>
    <_>
      <rects>
        <_>
          23 9 21 40 -1.</_>
        <_>
          23 29 21 20 2.</_></rects>
      <tilted>0</tilted></_>
    <_>
      <rects>
        <_>
          23 19 2 18 -1.</_>
        <_>
          23 25 2 6 3.</_></rects>
      <tilted>0</tilted></_>
    <_>
      <rects>
        <_>
          23 21 4 4 -1.</_>
        <_>
          23 23 4 2 2.</_></rects>
      <tilted>0</tilted></_>
    <_>
      <rects>
        <_>
          23 22 5 4 -1.</_>
        <_>
          23 24 5 2 2.</_></rects>
      <tilted>0</tilted></_>
    <_>
      <rects>
        <_>
          23 24 2 2 -1.</_>
        <_>
          23 25 2 1 2.</_></rects>
      <tilted>0</tilted></_>
    <_>
      <rects>
        <_>
          23 37 20 12 -1.</_>
        <_>
          33 37 10 12 2.</_></rects>
      <tilted>0</tilted></_>
    <_>
      <rects>
        <_>
          24 17 27 22 -1.</_>
        <_>
          24 28 27 11 2.</_></rects>
      <tilted>0</tilted></_>
    <_>
      <rects>
        <_>
          24 18 1 10 -1.</_>
        <_>
          24 23 1 5 2.</_></rects>
      <tilted>0</tilted></_>
    <_>
      <rects>
        <_>
          24 20 1 8 -1.</_>
        <_>
          24 24 1 4 2.</_></rects>
      <tilted>0</tilted></_>
    <_>
      <rects>
        <_>
          24 21 5 20 -1.</_>
        <_>
          24 31 5 10 2.</_></rects>
      <tilted>0</tilted></_>
    <_>
      <rects>
        <_>
          24 24 6 4 -1.</_>
        <_>
          26 24 2 4 3.</_></rects>
      <tilted>0</tilted></_>
    <_>
      <rects>
        <_>
          24 24 6 9 -1.</_>
        <_>
          27 24 3 9 2.</_></rects>
      <tilted>0</tilted></_>
    <_>
      <rects>
        <_>
          24 25 6 3 -1.</_>
        <_>
          26 25 2 3 3.</_></rects>
      <tilted>0</tilted></_>
    <_>
      <rects>
        <_>
          24 26 3 2 -1.</_>
        <_>
          25 26 1 2 3.</_></rects>
      <tilted>0</tilted></_>
    <_>
      <rects>
        <_>
          24 26 2 4 -1.</_>
        <_>
          24 26 1 2 2.</_>
        <_>
          25 28 1 2 2.</_></rects>
      <tilted>0</tilted></_>
    <_>
      <rects>
        <_>
          24 26 6 2 -1.</_>
        <_>
          26 26 2 2 3.</_></rects>
      <tilted>0</tilted></_>
    <_>
      <rects>
        <_>
          24 39 6 6 -1.</_>
        <_>
          26 39 2 6 3.</_></rects>
      <tilted>0</tilted></_>
    <_>
      <rects>
        <_>
          25 36 24 3 -1.</_>
        <_>
          33 36 8 3 3.</_></rects>
      <tilted>0</tilted></_>
    <_>
      <rects>
        <_>
          26 25 12 3 -1.</_>
        <_>
          30 25 4 3 3.</_></rects>
      <tilted>0</tilted></_>
    <_>
      <rects>
        <_>
          26 26 2 6 -1.</_>
        <_>
          27 26 1 6 2.</_></rects>
      <tilted>0</tilted></_>
    <_>
      <rects>
        <_>
          26 26 6 13 -1.</_>
        <_>
          28 26 2 13 3.</_></rects>
      <tilted>0</tilted></_>
    <_>
      <rects>
        <_>
          26 27 1 2 -1.</_>
        <_>
          26 28 1 1 2.</_></rects>
      <tilted>0</tilted></_>
    <_>
      <rects>
        <_>
          26 28 1 12 -1.</_>
        <_>
          26 32 1 4 3.</_></rects>
      <tilted>0</tilted></_>
    <_>
      <rects>
        <_>
          26 31 12 4 -1.</_>
        <_>
          30 31 4 4 3.</_></rects>
      <tilted>0</tilted></_>
    <_>
      <rects>
        <_>
          27 18 15 14 -1.</_>
        <_>
          27 25 15 7 2.</_></rects>
      <tilted>0</tilted></_>
    <_>
      <rects>
        <_>
          27 25 9 3 -1.</_>
        <_>
          30 25 3 3 3.</_></rects>
      <tilted>0</tilted></_>
    <_>
      <rects>
        <_>
          27 27 1 2 -1.</_>
        <_>
          27 28 1 1 2.</_></rects>
      <tilted>0</tilted></_>
    <_>
      <rects>
        <_>
          27 30 8 9 -1.</_>
        <_>
          27 33 8 3 3.</_></rects>
      <tilted>0</tilted></_>
    <_>
      <rects>
        <_>
          28 26 16 2 -1.</_>
        <_>
          36 26 8 2 2.</_></rects>
      <tilted>0</tilted></_>
    <_>
      <rects>
        <_>
          29 22 14 12 -1.</_>
        <_>
          29 28 14 6 2.</_></rects>
      <tilted>0</tilted></_>
    <_>
      <rects>
        <_>
          30 0 20 30 -1.</_>
        <_>
          30 0 10 15 2.</_>
        <_>
          40 15 10 15 2.</_></rects>
      <tilted>0</tilted></_>
    <_>
      <rects>
        <_>
          30 13 4 24 -1.</_>
        <_>
          30 21 4 8 3.</_></rects>
      <tilted>0</tilted></_>
    <_>
      <rects>
        <_>
          30 19 6 7 -1.</_>
        <_>
          32 19 2 7 3.</_></rects>
      <tilted>0</tilted></_>
    <_>
      <rects>
        <_>
          30 24 21 7 -1.</_>
        <_>
          37 24 7 7 3.</_></rects>
      <tilted>0</tilted></_>
    <_>
      <rects>
        <_>
          30 25 6 10 -1.</_>
        <_>
          30 30 6 5 2.</_></rects>
      <tilted>0</tilted></_>
    <_>
      <rects>
        <_>
          30 35 3 3 -1.</_>
        <_>
          31 35 1 3 3.</_></rects>
      <tilted>0</tilted></_>
    <_>
      <rects>
        <_>
          31 1 19 51 -1.</_>
        <_>
          31 18 19 17 3.</_></rects>
      <tilted>0</tilted></_>
    <_>
      <rects>
        <_>
          33 20 3 18 -1.</_>
        <_>
          33 29 3 9 2.</_></rects>
      <tilted>0</tilted></_>
    <_>
      <rects>
        <_>
          33 21 18 2 -1.</_>
        <_>
          33 22 18 1 2.</_></rects>
      <tilted>0</tilted></_>
    <_>
      <rects>
        <_>
          33 31 6 13 -1.</_>
        <_>
          35 31 2 13 3.</_></rects>
      <tilted>0</tilted></_>
    <_>
      <rects>
        <_>
          34 15 6 11 -1.</_>
        <_>
          36 15 2 11 3.</_></rects>
      <tilted>0</tilted></_>
    <_>
      <rects>
        <_>
          35 13 15 12 -1.</_>
        <_>
          40 13 5 12 3.</_></rects>
      <tilted>0</tilted></_>
    <_>
      <rects>
        <_>
          35 14 6 10 -1.</_>
        <_>
          37 14 2 10 3.</_></rects>
      <tilted>0</tilted></_>
    <_>
      <rects>
        <_>
          35 28 7 22 -1.</_>
        <_>
          35 39 7 11 2.</_></rects>
      <tilted>0</tilted></_>
    <_>
      <rects>
        <_>
          35 43 2 1 -1.</_>
        <_>
          36 43 1 1 2.</_></rects>
      <tilted>0</tilted></_>
    <_>
      <rects>
        <_>
          37 2 12 22 -1.</_>
        <_>
          37 2 6 11 2.</_>
        <_>
          43 13 6 11 2.</_></rects>
      <tilted>0</tilted></_>
    <_>
      <rects>
        <_>
          37 24 14 10 -1.</_>
        <_>
          44 24 7 10 2.</_></rects>
      <tilted>0</tilted></_>
    <_>
      <rects>
        <_>
          38 16 6 5 -1.</_>
        <_>
          40 16 2 5 3.</_></rects>
      <tilted>0</tilted></_>
    <_>
      <rects>
        <_>
          38 26 8 3 -1.</_>
        <_>
          38 27 8 1 3.</_></rects>
      <tilted>0</tilted></_>
    <_>
      <rects>
        <_>
          38 30 2 6 -1.</_>
        <_>
          38 32 2 2 3.</_></rects>
      <tilted>0</tilted></_>
    <_>
      <rects>
        <_>
          38 36 1 4 -1.</_>
        <_>
          38 38 1 2 2.</_></rects>
      <tilted>0</tilted></_>
    <_>
      <rects>
        <_>
          38 38 2 4 -1.</_>
        <_>
          39 38 1 4 2.</_></rects>
      <tilted>0</tilted></_>
    <_>
      <rects>
        <_>
          39 12 12 12 -1.</_>
        <_>
          43 12 4 12 3.</_></rects>
      <tilted>0</tilted></_>
    <_>
      <rects>
        <_>
          39 29 5 3 -1.</_>
        <_>
          39 30 5 1 3.</_></rects>
      <tilted>0</tilted></_>
    <_>
      <rects>
        <_>
          39 47 4 2 -1.</_>
        <_>
          41 47 2 2 2.</_></rects>
      <tilted>0</tilted></_>
    <_>
      <rects>
        <_>
          40 1 7 16 -1.</_>
        <_>
          40 9 7 8 2.</_></rects>
      <tilted>0</tilted></_>
    <_>
      <rects>
        <_>
          40 44 2 2 -1.</_>
        <_>
          41 44 1 2 2.</_></rects>
      <tilted>0</tilted></_>
    <_>
      <rects>
        <_>
          41 0 6 10 -1.</_>
        <_>
          41 5 6 5 2.</_></rects>
      <tilted>0</tilted></_>
    <_>
      <rects>
        <_>
          41 27 10 24 -1.</_>
        <_>
          41 27 5 12 2.</_>
        <_>
          46 39 5 12 2.</_></rects>
      <tilted>0</tilted></_>
    <_>
      <rects>
        <_>
          42 4 9 39 -1.</_>
        <_>
          45 4 3 39 3.</_></rects>
      <tilted>0</tilted></_>
    <_>
      <rects>
        <_>
          42 16 8 18 -1.</_>
        <_>
          42 16 4 9 2.</_>
        <_>
          46 25 4 9 2.</_></rects>
      <tilted>0</tilted></_>
    <_>
      <rects>
        <_>
          42 22 8 32 -1.</_>
        <_>
          42 22 4 16 2.</_>
        <_>
          46 38 4 16 2.</_></rects>
      <tilted>0</tilted></_>
    <_>
      <rects>
        <_>
          42 35 9 4 -1.</_>
        <_>
          45 35 3 4 3.</_></rects>
      <tilted>0</tilted></_>
    <_>
      <rects>
        <_>
          43 32 1 4 -1.</_>
        <_>
          43 34 1 2 2.</_></rects>
      <tilted>0</tilted></_>
    <_>
      <rects>
        <_>
          44 46 2 1 -1.</_>
        <_>
          45 46 1 1 2.</_></rects>
      <tilted>0</tilted></_>
    <_>
      <rects>
        <_>
          46 2 1 2 -1.</_>
        <_>
          46 3 1 1 2.</_></rects>
      <tilted>0</tilted></_>
    <_>
      <rects>
        <_>
          47 10 4 39 -1.</_>
        <_>
          49 10 2 39 2.</_></rects>
      <tilted>0</tilted></_>
    <_>
      <rects>
        <_>
          47 38 1 2 -1.</_>
        <_>
          47 39 1 1 2.</_></rects>
      <tilted>0</tilted></_>
    <_>
      <rects>
        <_>
          49 16 2 22 -1.</_>
        <_>
          50 16 1 22 2.</_></rects>
      <tilted>0</tilted></_>
    <_>
      <rects>
        <_>
          49 35 1 2 -1.</_>
        <_>
          49 36 1 1 2.</_></rects>
      <tilted>0</tilted></_></features></cascade>
</opencv_storage>
