<?xml version="1.0"?>
<opencv_storage>
<cascade>
  <stageType>BOOST</stageType>
  <featureType>HAAR</featureType>
  <height>64</height>
  <width>33</width>
  <stageParams>
    <boostType>GAB</boostType>
    <minHitRate>9.9900001287460327e-01</minHitRate>
    <maxFalseAlarm>5.0000000000000000e-01</maxFalseAlarm>
    <weightTrimRate>9.4999999999999996e-01</weightTrimRate>
    <maxDepth>1</maxDepth>
    <maxWeakCount>100</maxWeakCount></stageParams>
  <featureParams>
    <maxCatCount>0</maxCatCount>
    <featSize>1</featSize>
    <mode>BASIC</mode></featureParams>
  <stageNum>20</stageNum>
  <stages>
    <!-- stage 0 -->
    <_>
      <maxWeakCount>9</maxWeakCount>
      <stageThreshold>-7.9996252059936523e-01</stageThreshold>
      <weakClassifiers>
        <_>
          <internalNodes>
            0 -1 64 1.9455526024103165e-02</internalNodes>
          <leafValues>
            5.3345388174057007e-01 -9.7222220897674561e-01</leafValues></_>
        <_>
          <internalNodes>
            0 -1 195 1.4577783644199371e-02</internalNodes>
          <leafValues>
            -4.1435697674751282e-01 6.1149197816848755e-01</leafValues></_>
        <_>
          <internalNodes>
            0 -1 46 -2.2577624768018723e-03</internalNodes>
          <leafValues>
            5.3633719682693481e-01 -5.5828768014907837e-01</leafValues></_>
        <_>
          <internalNodes>
            0 -1 141 6.4401247072964907e-05</internalNodes>
          <leafValues>
            -3.6742046475410461e-01 7.0972204208374023e-01</leafValues></_>
        <_>
          <internalNodes>
            0 -1 121 1.1270600371062756e-03</internalNodes>
          <leafValues>
            -4.7460198402404785e-01 4.7782415151596069e-01</leafValues></_>
        <_>
          <internalNodes>
            0 -1 81 9.9651387427002192e-04</internalNodes>
          <leafValues>
            -3.6754634976387024e-01 6.8972569704055786e-01</leafValues></_>
        <_>
          <internalNodes>
            0 -1 165 9.7227178048342466e-04</internalNodes>
          <leafValues>
            -2.9201361536979675e-01 7.1482223272323608e-01</leafValues></_>
        <_>
          <internalNodes>
            0 -1 119 -1.0126868728548288e-03</internalNodes>
          <leafValues>
            6.3579916954040527e-01 -3.3724004030227661e-01</leafValues></_>
        <_>
          <internalNodes>
            0 -1 175 1.9948463886976242e-03</internalNodes>
          <leafValues>
            -4.5281651616096497e-01 5.2562457323074341e-01</leafValues></_></weakClassifiers></_>
    <!-- stage 1 -->
    <_>
      <maxWeakCount>9</maxWeakCount>
      <stageThreshold>-7.6004666090011597e-01</stageThreshold>
      <weakClassifiers>
        <_>
          <internalNodes>
            0 -1 63 3.6429159343242645e-02</internalNodes>
          <leafValues>
            4.9122807383537292e-01 -1.</leafValues></_>
        <_>
          <internalNodes>
            0 -1 140 6.8807118805125356e-04</internalNodes>
          <leafValues>
            -3.5328942537307739e-01 6.4033669233322144e-01</leafValues></_>
        <_>
          <internalNodes>
            0 -1 208 -1.1780599597841501e-03</internalNodes>
          <leafValues>
            8.0225092172622681e-01 -3.3467820286750793e-01</leafValues></_>
        <_>
          <internalNodes>
            0 -1 17 5.9929741546511650e-03</internalNodes>
          <leafValues>
            -3.5098809003829956e-01 6.1667144298553467e-01</leafValues></_>
        <_>
          <internalNodes>
            0 -1 136 -6.0427794232964516e-04</internalNodes>
          <leafValues>
            7.6940661668777466e-01 -2.2503313422203064e-01</leafValues></_>
        <_>
          <internalNodes>
            0 -1 196 2.1807290613651276e-03</internalNodes>
          <leafValues>
            -3.0358913540840149e-01 6.9121754169464111e-01</leafValues></_>
        <_>
          <internalNodes>
            0 -1 150 1.7945142462849617e-04</internalNodes>
          <leafValues>
            -2.8082299232482910e-01 7.0585548877716064e-01</leafValues></_>
        <_>
          <internalNodes>
            0 -1 22 3.2357428222894669e-02</internalNodes>
          <leafValues>
            3.2436725497245789e-01 -8.1246292591094971e-01</leafValues></_>
        <_>
          <internalNodes>
            0 -1 185 -2.1043324377387762e-03</internalNodes>
          <leafValues>
            4.6704611182212830e-01 -5.7847666740417480e-01</leafValues></_></weakClassifiers></_>
    <!-- stage 2 -->
    <_>
      <maxWeakCount>9</maxWeakCount>
      <stageThreshold>-3.6338794231414795e-01</stageThreshold>
      <weakClassifiers>
        <_>
          <internalNodes>
            0 -1 65 -3.6036148667335510e-02</internalNodes>
          <leafValues>
            -8.6206895112991333e-01 5.5762082338333130e-01</leafValues></_>
        <_>
          <internalNodes>
            0 -1 139 1.0032617137767375e-04</internalNodes>
          <leafValues>
            -3.2701742649078369e-01 6.1885356903076172e-01</leafValues></_>
        <_>
          <internalNodes>
            0 -1 5 3.6530122160911560e-03</internalNodes>
          <leafValues>
            -2.9547598958015442e-01 6.1808037757873535e-01</leafValues></_>
        <_>
          <internalNodes>
            0 -1 94 -2.5755114853382111e-02</internalNodes>
          <leafValues>
            -6.9567787647247314e-01 3.0976057052612305e-01</leafValues></_>
        <_>
          <internalNodes>
            0 -1 115 4.3286431580781937e-02</internalNodes>
          <leafValues>
            1.7443500459194183e-01 -9.4162631034851074e-01</leafValues></_>
        <_>
          <internalNodes>
            0 -1 112 -4.5769370626658201e-04</internalNodes>
          <leafValues>
            7.2794479131698608e-01 -3.4149095416069031e-01</leafValues></_>
        <_>
          <internalNodes>
            0 -1 56 -3.4151427447795868e-02</internalNodes>
          <leafValues>
            -8.1879341602325439e-01 2.7048102021217346e-01</leafValues></_>
        <_>
          <internalNodes>
            0 -1 83 -2.3794636945240200e-04</internalNodes>
          <leafValues>
            6.6599702835083008e-01 -3.5685810446739197e-01</leafValues></_>
        <_>
          <internalNodes>
            0 -1 104 1.9305868772789836e-04</internalNodes>
          <leafValues>
            -2.0207147300243378e-01 7.9399901628494263e-01</leafValues></_></weakClassifiers></_>
    <!-- stage 3 -->
    <_>
      <maxWeakCount>9</maxWeakCount>
      <stageThreshold>-3.5916540026664734e-01</stageThreshold>
      <weakClassifiers>
        <_>
          <internalNodes>
            0 -1 82 1.4767315238714218e-02</internalNodes>
          <leafValues>
            4.7222220897674561e-01 -9.5918369293212891e-01</leafValues></_>
        <_>
          <internalNodes>
            0 -1 127 2.8478703461587429e-03</internalNodes>
          <leafValues>
            -3.3542150259017944e-01 5.2043730020523071e-01</leafValues></_>
        <_>
          <internalNodes>
            0 -1 138 6.0365081299096346e-04</internalNodes>
          <leafValues>
            -1.9172354042530060e-01 8.6106294393539429e-01</leafValues></_>
        <_>
          <internalNodes>
            0 -1 134 2.7791748289018869e-04</internalNodes>
          <leafValues>
            -2.6824662089347839e-01 5.9121161699295044e-01</leafValues></_>
        <_>
          <internalNodes>
            0 -1 205 -8.2986464258283377e-04</internalNodes>
          <leafValues>
            7.9192882776260376e-01 -1.8870209157466888e-01</leafValues></_>
        <_>
          <internalNodes>
            0 -1 181 -7.8993774950504303e-03</internalNodes>
          <leafValues>
            5.4874956607818604e-01 -2.5770914554595947e-01</leafValues></_>
        <_>
          <internalNodes>
            0 -1 117 -2.2269014152698219e-04</internalNodes>
          <leafValues>
            8.8802176713943481e-01 -1.8965332210063934e-01</leafValues></_>
        <_>
          <internalNodes>
            0 -1 108 -7.8253764659166336e-03</internalNodes>
          <leafValues>
            -9.2201453447341919e-01 2.1965514123439789e-01</leafValues></_>
        <_>
          <internalNodes>
            0 -1 41 1.0826131328940392e-03</internalNodes>
          <leafValues>
            -3.3716201782226562e-01 5.6655704975128174e-01</leafValues></_></weakClassifiers></_>
    <!-- stage 4 -->
    <_>
      <maxWeakCount>9</maxWeakCount>
      <stageThreshold>-6.7915821075439453e-01</stageThreshold>
      <weakClassifiers>
        <_>
          <internalNodes>
            0 -1 106 5.9462175704538822e-03</internalNodes>
          <leafValues>
            5.2700185775756836e-01 -6.5909093618392944e-01</leafValues></_>
        <_>
          <internalNodes>
            0 -1 7 1.0382924228906631e-02</internalNodes>
          <leafValues>
            -1.9530870020389557e-01 8.1667488813400269e-01</leafValues></_>
        <_>
          <internalNodes>
            0 -1 200 1.1094133369624615e-03</internalNodes>
          <leafValues>
            -1.3320274651050568e-01 8.8208955526351929e-01</leafValues></_>
        <_>
          <internalNodes>
            0 -1 131 -7.0454938395414501e-05</internalNodes>
          <leafValues>
            5.0908118486404419e-01 -2.9585877060890198e-01</leafValues></_>
        <_>
          <internalNodes>
            0 -1 96 -4.0165893733501434e-02</internalNodes>
          <leafValues>
            -8.8361388444900513e-01 1.9078940153121948e-01</leafValues></_>
        <_>
          <internalNodes>
            0 -1 79 -7.6530769467353821e-02</internalNodes>
          <leafValues>
            -8.2473856210708618e-01 1.9540159404277802e-01</leafValues></_>
        <_>
          <internalNodes>
            0 -1 21 -9.9321678280830383e-03</internalNodes>
          <leafValues>
            6.8372529745101929e-01 -3.0530714988708496e-01</leafValues></_>
        <_>
          <internalNodes>
            0 -1 98 7.8368197137024254e-05</internalNodes>
          <leafValues>
            -2.4054951965808868e-01 6.3578522205352783e-01</leafValues></_>
        <_>
          <internalNodes>
            0 -1 192 3.2403101213276386e-03</internalNodes>
          <leafValues>
            -2.2506381571292877e-01 6.4823138713836670e-01</leafValues></_></weakClassifiers></_>
    <!-- stage 5 -->
    <_>
      <maxWeakCount>11</maxWeakCount>
      <stageThreshold>-6.0790413618087769e-01</stageThreshold>
      <weakClassifiers>
        <_>
          <internalNodes>
            0 -1 20 3.5096950829029083e-02</internalNodes>
          <leafValues>
            4.7619048506021500e-02 7.7611941099166870e-01</leafValues></_>
        <_>
          <internalNodes>
            0 -1 125 -1.6402786131948233e-03</internalNodes>
          <leafValues>
            5.0079464912414551e-01 -2.8493493795394897e-01</leafValues></_>
        <_>
          <internalNodes>
            0 -1 0 8.6630601435899734e-03</internalNodes>
          <leafValues>
            -2.4601256847381592e-01 6.5156644582748413e-01</leafValues></_>
        <_>
          <internalNodes>
            0 -1 151 -6.9939422246534377e-05</internalNodes>
          <leafValues>
            5.2848917245864868e-01 -2.9415881633758545e-01</leafValues></_>
        <_>
          <internalNodes>
            0 -1 67 2.9782354831695557e-03</internalNodes>
          <leafValues>
            1.9916623830795288e-01 -7.6608741283416748e-01</leafValues></_>
        <_>
          <internalNodes>
            0 -1 72 1.1406238190829754e-03</internalNodes>
          <leafValues>
            -3.9715018868446350e-01 4.1518011689186096e-01</leafValues></_>
        <_>
          <internalNodes>
            0 -1 36 3.2687205821275711e-02</internalNodes>
          <leafValues>
            -5.1143008470535278e-01 3.9627876877784729e-01</leafValues></_>
        <_>
          <internalNodes>
            0 -1 42 -3.5160402767360210e-03</internalNodes>
          <leafValues>
            6.1375355720520020e-01 -2.7908378839492798e-01</leafValues></_>
        <_>
          <internalNodes>
            0 -1 91 1.3384615886025131e-04</internalNodes>
          <leafValues>
            -2.5376588106155396e-01 5.7919150590896606e-01</leafValues></_>
        <_>
          <internalNodes>
            0 -1 154 3.6310442374087870e-04</internalNodes>
          <leafValues>
            -3.5908177495002747e-01 4.6322536468505859e-01</leafValues></_>
        <_>
          <internalNodes>
            0 -1 137 -2.1998041775077581e-03</internalNodes>
          <leafValues>
            -8.1353724002838135e-01 2.0978641510009766e-01</leafValues></_></weakClassifiers></_>
    <!-- stage 6 -->
    <_>
      <maxWeakCount>10</maxWeakCount>
      <stageThreshold>-7.5678503513336182e-01</stageThreshold>
      <weakClassifiers>
        <_>
          <internalNodes>
            0 -1 11 -5.8415718376636505e-02</internalNodes>
          <leafValues>
            -7.2602736949920654e-01 5.0362318754196167e-01</leafValues></_>
        <_>
          <internalNodes>
            0 -1 177 2.2573493421077728e-02</internalNodes>
          <leafValues>
            -2.0772933959960938e-01 7.4822026491165161e-01</leafValues></_>
        <_>
          <internalNodes>
            0 -1 27 3.5313503758516163e-05</internalNodes>
          <leafValues>
            2.8645357489585876e-01 -5.6202286481857300e-01</leafValues></_>
        <_>
          <internalNodes>
            0 -1 74 -3.3854693174362183e-04</internalNodes>
          <leafValues>
            -9.0799432992935181e-01 1.5411140024662018e-01</leafValues></_>
        <_>
          <internalNodes>
            0 -1 44 -7.4200637754984200e-05</internalNodes>
          <leafValues>
            -5.5253994464874268e-01 2.1887077391147614e-01</leafValues></_>
        <_>
          <internalNodes>
            0 -1 158 -1.5430120751261711e-02</internalNodes>
          <leafValues>
            5.1179325580596924e-01 -3.4366670250892639e-01</leafValues></_>
        <_>
          <internalNodes>
            0 -1 182 3.0744567513465881e-02</internalNodes>
          <leafValues>
            -1.6430605947971344e-01 7.3796045780181885e-01</leafValues></_>
        <_>
          <internalNodes>
            0 -1 47 7.8273434191942215e-03</internalNodes>
          <leafValues>
            -2.5514501333236694e-01 6.4224451780319214e-01</leafValues></_>
        <_>
          <internalNodes>
            0 -1 69 -3.6454388464335352e-05</internalNodes>
          <leafValues>
            -5.7859075069427490e-01 2.5835835933685303e-01</leafValues></_>
        <_>
          <internalNodes>
            0 -1 73 -2.1161173208383843e-05</internalNodes>
          <leafValues>
            3.8426283001899719e-01 -4.2419615387916565e-01</leafValues></_></weakClassifiers></_>
    <!-- stage 7 -->
    <_>
      <maxWeakCount>7</maxWeakCount>
      <stageThreshold>-6.3412100076675415e-01</stageThreshold>
      <weakClassifiers>
        <_>
          <internalNodes>
            0 -1 142 7.8690529335290194e-04</internalNodes>
          <leafValues>
            5.3419595956802368e-01 -7.6190477609634399e-01</leafValues></_>
        <_>
          <internalNodes>
            0 -1 168 1.3252064585685730e-02</internalNodes>
          <leafValues>
            -2.7253636717796326e-01 7.2337734699249268e-01</leafValues></_>
        <_>
          <internalNodes>
            0 -1 176 -2.3355271667242050e-02</internalNodes>
          <leafValues>
            7.4120557308197021e-01 -3.0142652988433838e-01</leafValues></_>
        <_>
          <internalNodes>
            0 -1 85 -9.6887547988444567e-04</internalNodes>
          <leafValues>
            -6.6432523727416992e-01 3.4834080934524536e-01</leafValues></_>
        <_>
          <internalNodes>
            0 -1 28 -1.8320079892873764e-02</internalNodes>
          <leafValues>
            5.2981740236282349e-01 -3.6867943406105042e-01</leafValues></_>
        <_>
          <internalNodes>
            0 -1 166 -3.7229433655738831e-02</internalNodes>
          <leafValues>
            8.0591493844985962e-01 -2.4789214134216309e-01</leafValues></_>
        <_>
          <internalNodes>
            0 -1 187 1.8656311556696892e-02</internalNodes>
          <leafValues>
            -2.1195402741432190e-01 8.4044724702835083e-01</leafValues></_></weakClassifiers></_>
    <!-- stage 8 -->
    <_>
      <maxWeakCount>9</maxWeakCount>
      <stageThreshold>-7.2418737411499023e-01</stageThreshold>
      <weakClassifiers>
        <_>
          <internalNodes>
            0 -1 114 3.4046513610519469e-04</internalNodes>
          <leafValues>
            4.9728751182556152e-01 -6.9444441795349121e-01</leafValues></_>
        <_>
          <internalNodes>
            0 -1 178 2.9461723752319813e-03</internalNodes>
          <leafValues>
            -2.5683352351188660e-01 7.0045989751815796e-01</leafValues></_>
        <_>
          <internalNodes>
            0 -1 172 -4.5859865844249725e-02</internalNodes>
          <leafValues>
            7.6131838560104370e-01 -1.8774001300334930e-01</leafValues></_>
        <_>
          <internalNodes>
            0 -1 32 -1.3584921136498451e-02</internalNodes>
          <leafValues>
            5.6306147575378418e-01 -3.1261613965034485e-01</leafValues></_>
        <_>
          <internalNodes>
            0 -1 159 -8.2143431063741446e-04</internalNodes>
          <leafValues>
            -7.8356480598449707e-01 2.1475934982299805e-01</leafValues></_>
        <_>
          <internalNodes>
            0 -1 61 1.9103828817605972e-02</internalNodes>
          <leafValues>
            -3.0670589208602905e-01 5.7518076896667480e-01</leafValues></_>
        <_>
          <internalNodes>
            0 -1 132 7.5276114512234926e-04</internalNodes>
          <leafValues>
            -3.6920520663261414e-01 4.4884723424911499e-01</leafValues></_>
        <_>
          <internalNodes>
            0 -1 3 2.2270679473876953e-02</internalNodes>
          <leafValues>
            -2.2935055196285248e-01 7.9524636268615723e-01</leafValues></_>
        <_>
          <internalNodes>
            0 -1 25 -1.1943504214286804e-03</internalNodes>
          <leafValues>
            6.0964977741241455e-01 -2.7578094601631165e-01</leafValues></_></weakClassifiers></_>
    <!-- stage 9 -->
    <_>
      <maxWeakCount>7</maxWeakCount>
      <stageThreshold>-2.9931238293647766e-01</stageThreshold>
      <weakClassifiers>
        <_>
          <internalNodes>
            0 -1 144 -1.3699349074158818e-04</internalNodes>
          <leafValues>
            -5.6140351295471191e-01 5.6555771827697754e-01</leafValues></_>
        <_>
          <internalNodes>
            0 -1 88 1.0969487950205803e-02</internalNodes>
          <leafValues>
            -4.0611046552658081e-01 5.6258642673492432e-01</leafValues></_>
        <_>
          <internalNodes>
            0 -1 70 1.7684989143162966e-04</internalNodes>
          <leafValues>
            3.3016827702522278e-01 -6.5408331155776978e-01</leafValues></_>
        <_>
          <internalNodes>
            0 -1 48 -2.2229440510272980e-02</internalNodes>
          <leafValues>
            3.8030889630317688e-01 -5.8045595884323120e-01</leafValues></_>
        <_>
          <internalNodes>
            0 -1 53 -1.8084419425576925e-03</internalNodes>
          <leafValues>
            4.2138782143592834e-01 -5.3541040420532227e-01</leafValues></_>
        <_>
          <internalNodes>
            0 -1 143 -1.1223704495932907e-04</internalNodes>
          <leafValues>
            -7.3063421249389648e-01 2.9883176088333130e-01</leafValues></_>
        <_>
          <internalNodes>
            0 -1 190 1.7551860946696252e-04</internalNodes>
          <leafValues>
            2.5903877615928650e-01 -7.6988333463668823e-01</leafValues></_></weakClassifiers></_>
    <!-- stage 10 -->
    <_>
      <maxWeakCount>13</maxWeakCount>
      <stageThreshold>-9.0902078151702881e-01</stageThreshold>
      <weakClassifiers>
        <_>
          <internalNodes>
            0 -1 13 5.5943585932254791e-02</internalNodes>
          <leafValues>
            4.7627416253089905e-01 -8.2142859697341919e-01</leafValues></_>
        <_>
          <internalNodes>
            0 -1 6 9.4933295622467995e-03</internalNodes>
          <leafValues>
            -1.2291750311851501e-01 9.2890262603759766e-01</leafValues></_>
        <_>
          <internalNodes>
            0 -1 193 8.9896880090236664e-03</internalNodes>
          <leafValues>
            -1.6744905710220337e-01 6.8080276250839233e-01</leafValues></_>
        <_>
          <internalNodes>
            0 -1 147 2.4355448840651661e-04</internalNodes>
          <leafValues>
            -2.0608514547348022e-01 5.9770470857620239e-01</leafValues></_>
        <_>
          <internalNodes>
            0 -1 40 -3.6006666719913483e-02</internalNodes>
          <leafValues>
            -8.5535132884979248e-01 1.5464745461940765e-01</leafValues></_>
        <_>
          <internalNodes>
            0 -1 100 -1.9770527724176645e-03</internalNodes>
          <leafValues>
            -7.4989598989486694e-01 1.5347965061664581e-01</leafValues></_>
        <_>
          <internalNodes>
            0 -1 105 2.3037580831442028e-04</internalNodes>
          <leafValues>
            -2.5657153129577637e-01 5.7173687219619751e-01</leafValues></_>
        <_>
          <internalNodes>
            0 -1 12 -6.0656303539872169e-03</internalNodes>
          <leafValues>
            8.4047019481658936e-01 -1.6558676958084106e-01</leafValues></_>
        <_>
          <internalNodes>
            0 -1 80 1.0511694476008415e-02</internalNodes>
          <leafValues>
            1.7994181811809540e-01 -8.7642270326614380e-01</leafValues></_>
        <_>
          <internalNodes>
            0 -1 116 3.3475033706054091e-04</internalNodes>
          <leafValues>
            -2.5774824619293213e-01 6.2150722742080688e-01</leafValues></_>
        <_>
          <internalNodes>
            0 -1 43 2.0161196589469910e-03</internalNodes>
          <leafValues>
            3.4731468558311462e-01 -4.5036843419075012e-01</leafValues></_>
        <_>
          <internalNodes>
            0 -1 183 -9.1864593559876084e-04</internalNodes>
          <leafValues>
            5.3174716234207153e-01 -2.6921316981315613e-01</leafValues></_>
        <_>
          <internalNodes>
            0 -1 184 1.7406700644642115e-03</internalNodes>
          <leafValues>
            -2.8447145223617554e-01 5.5581027269363403e-01</leafValues></_></weakClassifiers></_>
    <!-- stage 11 -->
    <_>
      <maxWeakCount>8</maxWeakCount>
      <stageThreshold>-5.7485121488571167e-01</stageThreshold>
      <weakClassifiers>
        <_>
          <internalNodes>
            0 -1 102 -1.3243340072222054e-04</internalNodes>
          <leafValues>
            -5.9574466943740845e-01 5.2919018268585205e-01</leafValues></_>
        <_>
          <internalNodes>
            0 -1 203 6.0709705576300621e-03</internalNodes>
          <leafValues>
            -2.6004028320312500e-01 5.1970446109771729e-01</leafValues></_>
        <_>
          <internalNodes>
            0 -1 26 1.3899053446948528e-03</internalNodes>
          <leafValues>
            -3.6027210950851440e-01 3.9393436908721924e-01</leafValues></_>
        <_>
          <internalNodes>
            0 -1 199 4.8213616537395865e-05</internalNodes>
          <leafValues>
            2.7284270524978638e-01 -5.5764025449752808e-01</leafValues></_>
        <_>
          <internalNodes>
            0 -1 180 9.2878600116819143e-04</internalNodes>
          <leafValues>
            -3.3460777997970581e-01 4.6255710721015930e-01</leafValues></_>
        <_>
          <internalNodes>
            0 -1 155 -6.7575737833976746e-02</internalNodes>
          <leafValues>
            6.7541277408599854e-01 -2.4631936848163605e-01</leafValues></_>
        <_>
          <internalNodes>
            0 -1 128 -6.1843758448958397e-03</internalNodes>
          <leafValues>
            -7.6443016529083252e-01 2.3289866745471954e-01</leafValues></_>
        <_>
          <internalNodes>
            0 -1 50 -1.1862722749356180e-04</internalNodes>
          <leafValues>
            -8.1755954027175903e-01 1.5942279994487762e-01</leafValues></_></weakClassifiers></_>
    <!-- stage 12 -->
    <_>
      <maxWeakCount>15</maxWeakCount>
      <stageThreshold>-7.8222858905792236e-01</stageThreshold>
      <weakClassifiers>
        <_>
          <internalNodes>
            0 -1 66 -1.5430297702550888e-02</internalNodes>
          <leafValues>
            -8.5000002384185791e-01 4.4273504614830017e-01</leafValues></_>
        <_>
          <internalNodes>
            0 -1 146 3.4852353855967522e-03</internalNodes>
          <leafValues>
            -3.3579638600349426e-01 4.1346076130867004e-01</leafValues></_>
        <_>
          <internalNodes>
            0 -1 149 -3.4078933298587799e-02</internalNodes>
          <leafValues>
            5.3930956125259399e-01 -2.8669521212577820e-01</leafValues></_>
        <_>
          <internalNodes>
            0 -1 37 2.3444699763786048e-05</internalNodes>
          <leafValues>
            2.0865522325038910e-01 -5.6454223394393921e-01</leafValues></_>
        <_>
          <internalNodes>
            0 -1 201 -1.0981833474943414e-04</internalNodes>
          <leafValues>
            -4.9465465545654297e-01 2.4401667714118958e-01</leafValues></_>
        <_>
          <internalNodes>
            0 -1 123 4.5638525625690818e-04</internalNodes>
          <leafValues>
            -1.8791085481643677e-01 7.3675537109375000e-01</leafValues></_>
        <_>
          <internalNodes>
            0 -1 71 -4.0072957053780556e-03</internalNodes>
          <leafValues>
            5.1087260246276855e-01 -2.5907069444656372e-01</leafValues></_>
        <_>
          <internalNodes>
            0 -1 169 1.9600368104875088e-03</internalNodes>
          <leafValues>
            1.8692535161972046e-01 -8.1297856569290161e-01</leafValues></_>
        <_>
          <internalNodes>
            0 -1 18 -7.1691209450364113e-04</internalNodes>
          <leafValues>
            4.5784598588943481e-01 -3.0262398719787598e-01</leafValues></_>
        <_>
          <internalNodes>
            0 -1 24 2.0454864716157317e-04</internalNodes>
          <leafValues>
            -3.5309603810310364e-01 4.0992653369903564e-01</leafValues></_>
        <_>
          <internalNodes>
            0 -1 59 2.4430726189166307e-03</internalNodes>
          <leafValues>
            2.0314347743988037e-01 -7.7980887889862061e-01</leafValues></_>
        <_>
          <internalNodes>
            0 -1 110 -6.5142696257680655e-04</internalNodes>
          <leafValues>
            5.1296639442443848e-01 -2.9078885912895203e-01</leafValues></_>
        <_>
          <internalNodes>
            0 -1 107 1.0865128133445978e-03</internalNodes>
          <leafValues>
            1.9565249979496002e-01 -8.2491368055343628e-01</leafValues></_>
        <_>
          <internalNodes>
            0 -1 103 7.6676718890666962e-04</internalNodes>
          <leafValues>
            1.2588991224765778e-01 -7.8541487455368042e-01</leafValues></_>
        <_>
          <internalNodes>
            0 -1 122 -1.0255087167024612e-02</internalNodes>
          <leafValues>
            3.6540660262107849e-01 -3.5351797938346863e-01</leafValues></_></weakClassifiers></_>
    <!-- stage 13 -->
    <_>
      <maxWeakCount>13</maxWeakCount>
      <stageThreshold>-7.1172702312469482e-01</stageThreshold>
      <weakClassifiers>
        <_>
          <internalNodes>
            0 -1 49 6.1809783801436424e-04</internalNodes>
          <leafValues>
            4.8375451564788818e-01 -6.0563379526138306e-01</leafValues></_>
        <_>
          <internalNodes>
            0 -1 1 2.0975183695554733e-02</internalNodes>
          <leafValues>
            -2.0153252780437469e-01 6.0779559612274170e-01</leafValues></_>
        <_>
          <internalNodes>
            0 -1 188 4.2444374412298203e-03</internalNodes>
          <leafValues>
            -2.5571393966674805e-01 5.0608927011489868e-01</leafValues></_>
        <_>
          <internalNodes>
            0 -1 186 -1.0584361851215363e-02</internalNodes>
          <leafValues>
            4.8517280817031860e-01 -3.3360183238983154e-01</leafValues></_>
        <_>
          <internalNodes>
            0 -1 179 9.4055011868476868e-03</internalNodes>
          <leafValues>
            1.7147153615951538e-01 -9.4249242544174194e-01</leafValues></_>
        <_>
          <internalNodes>
            0 -1 194 -2.0055513828992844e-02</internalNodes>
          <leafValues>
            8.2265335321426392e-01 -2.3489518463611603e-01</leafValues></_>
        <_>
          <internalNodes>
            0 -1 156 2.5010078388731927e-05</internalNodes>
          <leafValues>
            3.2802546024322510e-01 -4.5126068592071533e-01</leafValues></_>
        <_>
          <internalNodes>
            0 -1 161 -3.2022329978644848e-03</internalNodes>
          <leafValues>
            4.0527305006980896e-01 -3.6114132404327393e-01</leafValues></_>
        <_>
          <internalNodes>
            0 -1 19 1.0685547022148967e-04</internalNodes>
          <leafValues>
            2.0966365933418274e-01 -6.6560637950897217e-01</leafValues></_>
        <_>
          <internalNodes>
            0 -1 120 -1.0486533574294299e-04</internalNodes>
          <leafValues>
            3.5928818583488464e-01 -3.6987850069999695e-01</leafValues></_>
        <_>
          <internalNodes>
            0 -1 167 -4.8238248564302921e-04</internalNodes>
          <leafValues>
            4.9361643195152283e-01 -2.9023820161819458e-01</leafValues></_>
        <_>
          <internalNodes>
            0 -1 171 5.7668323279358447e-05</internalNodes>
          <leafValues>
            2.9473498463630676e-01 -5.1034182310104370e-01</leafValues></_>
        <_>
          <internalNodes>
            0 -1 15 7.5776159064844251e-05</internalNodes>
          <leafValues>
            2.2906810045242310e-01 -5.9857946634292603e-01</leafValues></_></weakClassifiers></_>
    <!-- stage 14 -->
    <_>
      <maxWeakCount>12</maxWeakCount>
      <stageThreshold>-8.1516522169113159e-01</stageThreshold>
      <weakClassifiers>
        <_>
          <internalNodes>
            0 -1 54 -1.2505291961133480e-03</internalNodes>
          <leafValues>
            5.6097561120986938e-01 -1.6091954708099365e-01</leafValues></_>
        <_>
          <internalNodes>
            0 -1 198 -4.5897820964455605e-03</internalNodes>
          <leafValues>
            5.4911434650421143e-01 -2.0389513671398163e-01</leafValues></_>
        <_>
          <internalNodes>
            0 -1 209 4.7773718833923340e-03</internalNodes>
          <leafValues>
            -3.0020076036453247e-01 4.0497833490371704e-01</leafValues></_>
        <_>
          <internalNodes>
            0 -1 118 2.8251726180315018e-03</internalNodes>
          <leafValues>
            -3.4074255824089050e-01 3.9544183015823364e-01</leafValues></_>
        <_>
          <internalNodes>
            0 -1 57 -5.7741394266486168e-04</internalNodes>
          <leafValues>
            3.7785154581069946e-01 -3.3814811706542969e-01</leafValues></_>
        <_>
          <internalNodes>
            0 -1 35 7.4239302193745971e-05</internalNodes>
          <leafValues>
            1.9516941905021667e-01 -6.5002083778381348e-01</leafValues></_>
        <_>
          <internalNodes>
            0 -1 160 5.9700845740735531e-03</internalNodes>
          <leafValues>
            1.5208216011524200e-01 -8.1963479518890381e-01</leafValues></_>
        <_>
          <internalNodes>
            0 -1 16 -2.7753296308219433e-03</internalNodes>
          <leafValues>
            5.9864479303359985e-01 -2.3650428652763367e-01</leafValues></_>
        <_>
          <internalNodes>
            0 -1 9 5.8360155671834946e-03</internalNodes>
          <leafValues>
            -1.9801877439022064e-01 6.9540047645568848e-01</leafValues></_>
        <_>
          <internalNodes>
            0 -1 34 3.4444863558746874e-05</internalNodes>
          <leafValues>
            3.3859583735466003e-01 -5.4790055751800537e-01</leafValues></_>
        <_>
          <internalNodes>
            0 -1 174 1.4913385966792703e-03</internalNodes>
          <leafValues>
            -2.3957546055316925e-01 6.0374373197555542e-01</leafValues></_>
        <_>
          <internalNodes>
            0 -1 2 5.7366960681974888e-03</internalNodes>
          <leafValues>
            -2.3601748049259186e-01 6.4034730195999146e-01</leafValues></_></weakClassifiers></_>
    <!-- stage 15 -->
    <_>
      <maxWeakCount>13</maxWeakCount>
      <stageThreshold>-3.7679857015609741e-01</stageThreshold>
      <weakClassifiers>
        <_>
          <internalNodes>
            0 -1 126 -4.1383597999811172e-03</internalNodes>
          <leafValues>
            -9.4871795177459717e-01 4.4709897041320801e-01</leafValues></_>
        <_>
          <internalNodes>
            0 -1 4 7.0097711868584156e-03</internalNodes>
          <leafValues>
            -2.1159632503986359e-01 5.4911124706268311e-01</leafValues></_>
        <_>
          <internalNodes>
            0 -1 101 1.5727428253740072e-03</internalNodes>
          <leafValues>
            -3.6211889982223511e-01 3.6336424946784973e-01</leafValues></_>
        <_>
          <internalNodes>
            0 -1 23 6.4548861701041460e-05</internalNodes>
          <leafValues>
            2.3854427039623260e-01 -4.7406604886054993e-01</leafValues></_>
        <_>
          <internalNodes>
            0 -1 84 4.9495394341647625e-04</internalNodes>
          <leafValues>
            -4.0528228878974915e-01 2.9095268249511719e-01</leafValues></_>
        <_>
          <internalNodes>
            0 -1 77 -4.0506187360733747e-05</internalNodes>
          <leafValues>
            -5.2886050939559937e-01 2.5135365128517151e-01</leafValues></_>
        <_>
          <internalNodes>
            0 -1 206 1.1806788388639688e-03</internalNodes>
          <leafValues>
            -2.1173422038555145e-01 6.5514087677001953e-01</leafValues></_>
        <_>
          <internalNodes>
            0 -1 162 -1.6324993339367211e-05</internalNodes>
          <leafValues>
            4.5185092091560364e-01 -2.6822000741958618e-01</leafValues></_>
        <_>
          <internalNodes>
            0 -1 55 2.4799678940325975e-03</internalNodes>
          <leafValues>
            2.0808456838130951e-01 -5.7929122447967529e-01</leafValues></_>
        <_>
          <internalNodes>
            0 -1 95 1.1020612437278032e-03</internalNodes>
          <leafValues>
            -3.2837447524070740e-01 4.3882095813751221e-01</leafValues></_>
        <_>
          <internalNodes>
            0 -1 170 2.9601028654724360e-04</internalNodes>
          <leafValues>
            -3.0146208405494690e-01 4.3649876117706299e-01</leafValues></_>
        <_>
          <internalNodes>
            0 -1 197 -8.2739745266735554e-05</internalNodes>
          <leafValues>
            -5.4578703641891479e-01 2.3963743448257446e-01</leafValues></_>
        <_>
          <internalNodes>
            0 -1 189 -2.5671219918876886e-03</internalNodes>
          <leafValues>
            6.4405512809753418e-01 -1.9946464896202087e-01</leafValues></_></weakClassifiers></_>
    <!-- stage 16 -->
    <_>
      <maxWeakCount>8</maxWeakCount>
      <stageThreshold>-4.6842804551124573e-01</stageThreshold>
      <weakClassifiers>
        <_>
          <internalNodes>
            0 -1 39 4.2320951819419861e-02</internalNodes>
          <leafValues>
            4.8239436745643616e-01 -8.5964912176132202e-01</leafValues></_>
        <_>
          <internalNodes>
            0 -1 109 1.0872643440961838e-02</internalNodes>
          <leafValues>
            -3.0995970964431763e-01 4.2868366837501526e-01</leafValues></_>
        <_>
          <internalNodes>
            0 -1 111 1.3249000767245889e-03</internalNodes>
          <leafValues>
            -3.2255172729492188e-01 5.1292020082473755e-01</leafValues></_>
        <_>
          <internalNodes>
            0 -1 157 3.1386178452521563e-03</internalNodes>
          <leafValues>
            -2.1978230774402618e-01 6.5235376358032227e-01</leafValues></_>
        <_>
          <internalNodes>
            0 -1 52 -1.0973915457725525e-02</internalNodes>
          <leafValues>
            -9.5275640487670898e-01 1.6565084457397461e-01</leafValues></_>
        <_>
          <internalNodes>
            0 -1 30 2.8914291411638260e-02</internalNodes>
          <leafValues>
            -3.0581155419349670e-01 3.9732378721237183e-01</leafValues></_>
        <_>
          <internalNodes>
            0 -1 33 4.8106899484992027e-03</internalNodes>
          <leafValues>
            1.6222675144672394e-01 -7.9727816581726074e-01</leafValues></_>
        <_>
          <internalNodes>
            0 -1 129 7.3607452213764191e-04</internalNodes>
          <leafValues>
            -3.8933065533638000e-01 3.7832364439964294e-01</leafValues></_></weakClassifiers></_>
    <!-- stage 17 -->
    <_>
      <maxWeakCount>12</maxWeakCount>
      <stageThreshold>-4.6578946709632874e-01</stageThreshold>
      <weakClassifiers>
        <_>
          <internalNodes>
            0 -1 135 1.4677032828330994e-02</internalNodes>
          <leafValues>
            4.7038328647613525e-01 -8.8235294818878174e-01</leafValues></_>
        <_>
          <internalNodes>
            0 -1 14 1.0476261377334595e-03</internalNodes>
          <leafValues>
            -2.2586043179035187e-01 5.1896214485168457e-01</leafValues></_>
        <_>
          <internalNodes>
            0 -1 191 1.6591047868132591e-02</internalNodes>
          <leafValues>
            -1.8954852223396301e-01 6.9028782844543457e-01</leafValues></_>
        <_>
          <internalNodes>
            0 -1 92 9.3912886222824454e-04</internalNodes>
          <leafValues>
            -2.2931899130344391e-01 5.1436221599578857e-01</leafValues></_>
        <_>
          <internalNodes>
            0 -1 31 -3.0926298350095749e-02</internalNodes>
          <leafValues>
            -8.2697534561157227e-01 1.7248630523681641e-01</leafValues></_>
        <_>
          <internalNodes>
            0 -1 152 -1.3269607734400779e-04</internalNodes>
          <leafValues>
            4.1709646582603455e-01 -3.0595961213111877e-01</leafValues></_>
        <_>
          <internalNodes>
            0 -1 62 2.0508067682385445e-02</internalNodes>
          <leafValues>
            -2.6005250215530396e-01 4.8208266496658325e-01</leafValues></_>
        <_>
          <internalNodes>
            0 -1 145 1.3208406744524837e-04</internalNodes>
          <leafValues>
            -2.4127532541751862e-01 5.3824096918106079e-01</leafValues></_>
        <_>
          <internalNodes>
            0 -1 76 -4.6743080019950867e-04</internalNodes>
          <leafValues>
            -6.9394630193710327e-01 2.1621787548065186e-01</leafValues></_>
        <_>
          <internalNodes>
            0 -1 202 -1.4792842557653785e-03</internalNodes>
          <leafValues>
            4.2014551162719727e-01 -3.2070901989936829e-01</leafValues></_>
        <_>
          <internalNodes>
            0 -1 68 -6.5795029513537884e-05</internalNodes>
          <leafValues>
            -5.8001536130905151e-01 2.2025416791439056e-01</leafValues></_>
        <_>
          <internalNodes>
            0 -1 90 1.0184665734414011e-04</internalNodes>
          <leafValues>
            -2.7791965007781982e-01 4.8223245143890381e-01</leafValues></_></weakClassifiers></_>
    <!-- stage 18 -->
    <_>
      <maxWeakCount>16</maxWeakCount>
      <stageThreshold>-6.0495150089263916e-01</stageThreshold>
      <weakClassifiers>
        <_>
          <internalNodes>
            0 -1 29 -6.8557038903236389e-02</internalNodes>
          <leafValues>
            -9.3939393758773804e-01 4.3243244290351868e-01</leafValues></_>
        <_>
          <internalNodes>
            0 -1 89 -6.5790588269010186e-04</internalNodes>
          <leafValues>
            3.4048256278038025e-01 -2.7666449546813965e-01</leafValues></_>
        <_>
          <internalNodes>
            0 -1 75 1.1484291462693363e-04</internalNodes>
          <leafValues>
            1.5439122915267944e-01 -6.1040502786636353e-01</leafValues></_>
        <_>
          <internalNodes>
            0 -1 86 2.5344331515952945e-04</internalNodes>
          <leafValues>
            -2.4660377204418182e-01 4.3029862642288208e-01</leafValues></_>
        <_>
          <internalNodes>
            0 -1 148 1.0948642739094794e-04</internalNodes>
          <leafValues>
            1.2729343771934509e-01 -8.1219160556793213e-01</leafValues></_>
        <_>
          <internalNodes>
            0 -1 58 -6.4765612478367984e-05</internalNodes>
          <leafValues>
            -5.4324716329574585e-01 1.7443746328353882e-01</leafValues></_>
        <_>
          <internalNodes>
            0 -1 97 6.9221336161717772e-05</internalNodes>
          <leafValues>
            -2.5815641880035400e-01 4.4382533431053162e-01</leafValues></_>
        <_>
          <internalNodes>
            0 -1 207 2.5011713150888681e-03</internalNodes>
          <leafValues>
            -1.7008118331432343e-01 6.3261997699737549e-01</leafValues></_>
        <_>
          <internalNodes>
            0 -1 124 3.3806875348091125e-02</internalNodes>
          <leafValues>
            1.8484671413898468e-01 -7.1911746263504028e-01</leafValues></_>
        <_>
          <internalNodes>
            0 -1 130 -4.7580193495377898e-05</internalNodes>
          <leafValues>
            4.0543016791343689e-01 -3.0844435095787048e-01</leafValues></_>
        <_>
          <internalNodes>
            0 -1 38 3.4135628084186465e-05</internalNodes>
          <leafValues>
            2.4324204027652740e-01 -4.9917399883270264e-01</leafValues></_>
        <_>
          <internalNodes>
            0 -1 99 3.8878351915627718e-05</internalNodes>
          <leafValues>
            -2.5902381539344788e-01 4.0979880094528198e-01</leafValues></_>
        <_>
          <internalNodes>
            0 -1 87 -5.9280032292008400e-03</internalNodes>
          <leafValues>
            -6.6801911592483521e-01 1.7124591767787933e-01</leafValues></_>
        <_>
          <internalNodes>
            0 -1 60 1.4700759202241898e-02</internalNodes>
          <leafValues>
            -2.6672199368476868e-01 4.3526604771614075e-01</leafValues></_>
        <_>
          <internalNodes>
            0 -1 8 1.5834271907806396e-02</internalNodes>
          <leafValues>
            2.5957983732223511e-01 -5.6967931985855103e-01</leafValues></_>
        <_>
          <internalNodes>
            0 -1 51 -1.2704799883067608e-03</internalNodes>
          <leafValues>
            3.3612799644470215e-01 -3.9038822054862976e-01</leafValues></_></weakClassifiers></_>
    <!-- stage 19 -->
    <_>
      <maxWeakCount>11</maxWeakCount>
      <stageThreshold>-6.3828688859939575e-01</stageThreshold>
      <weakClassifiers>
        <_>
          <internalNodes>
            0 -1 93 -9.7776502370834351e-03</internalNodes>
          <leafValues>
            -7.2000002861022949e-01 4.5391303300857544e-01</leafValues></_>
        <_>
          <internalNodes>
            0 -1 163 7.4783636955544353e-04</internalNodes>
          <leafValues>
            -1.9343192875385284e-01 5.9453338384628296e-01</leafValues></_>
        <_>
          <internalNodes>
            0 -1 153 1.1248738883296028e-04</internalNodes>
          <leafValues>
            -2.9657185077667236e-01 4.0142968297004700e-01</leafValues></_>
        <_>
          <internalNodes>
            0 -1 133 -4.0981606580317020e-03</internalNodes>
          <leafValues>
            4.2766639590263367e-01 -2.7947917580604553e-01</leafValues></_>
        <_>
          <internalNodes>
            0 -1 164 1.3015052536502481e-04</internalNodes>
          <leafValues>
            -3.3141183853149414e-01 3.8100638985633850e-01</leafValues></_>
        <_>
          <internalNodes>
            0 -1 113 -1.4066051226109266e-03</internalNodes>
          <leafValues>
            -7.9538625478744507e-01 1.4601893723011017e-01</leafValues></_>
        <_>
          <internalNodes>
            0 -1 204 -2.5702831335365772e-03</internalNodes>
          <leafValues>
            7.9017817974090576e-01 -1.8760159611701965e-01</leafValues></_>
        <_>
          <internalNodes>
            0 -1 10 3.7861295044422150e-02</internalNodes>
          <leafValues>
            -1.1909561604261398e-01 7.7312612533569336e-01</leafValues></_>
        <_>
          <internalNodes>
            0 -1 173 1.7530303448438644e-02</internalNodes>
          <leafValues>
            -1.6882906854152679e-01 6.3086611032485962e-01</leafValues></_>
        <_>
          <internalNodes>
            0 -1 45 2.1796282380819321e-03</internalNodes>
          <leafValues>
            -1.7020608484745026e-01 7.0968735218048096e-01</leafValues></_>
        <_>
          <internalNodes>
            0 -1 78 -3.6977704439777881e-05</internalNodes>
          <leafValues>
            -4.8614817857742310e-01 2.6275753974914551e-01</leafValues></_></weakClassifiers></_></stages>
  <features>
    <_>
      <rects>
        <_>
          0 0 27 6 -1.</_>
        <_>
          0 3 27 3 2.</_></rects>
      <tilted>0</tilted></_>
    <_>
      <rects>
        <_>
          0 0 31 8 -1.</_>
        <_>
          0 4 31 4 2.</_></rects>
      <tilted>0</tilted></_>
    <_>
      <rects>
        <_>
          0 0 33 4 -1.</_>
        <_>
          0 2 33 2 2.</_></rects>
      <tilted>0</tilted></_>
    <_>
      <rects>
        <_>
          0 1 6 57 -1.</_>
        <_>
          3 1 3 57 2.</_></rects>
      <tilted>0</tilted></_>
    <_>
      <rects>
        <_>
          0 3 4 40 -1.</_>
        <_>
          2 3 2 40 2.</_></rects>
      <tilted>0</tilted></_>
    <_>
      <rects>
        <_>
          0 9 4 38 -1.</_>
        <_>
          2 9 2 38 2.</_></rects>
      <tilted>0</tilted></_>
    <_>
      <rects>
        <_>
          0 12 4 36 -1.</_>
        <_>
          0 12 2 18 2.</_>
        <_>
          2 30 2 18 2.</_></rects>
      <tilted>0</tilted></_>
    <_>
      <rects>
        <_>
          0 17 6 28 -1.</_>
        <_>
          0 17 3 14 2.</_>
        <_>
          3 31 3 14 2.</_></rects>
      <tilted>0</tilted></_>
    <_>
      <rects>
        <_>
          0 17 28 14 -1.</_>
        <_>
          0 24 28 7 2.</_></rects>
      <tilted>0</tilted></_>
    <_>
      <rects>
        <_>
          0 19 4 26 -1.</_>
        <_>
          0 19 2 13 2.</_>
        <_>
          2 32 2 13 2.</_></rects>
      <tilted>0</tilted></_>
    <_>
      <rects>
        <_>
          0 19 10 36 -1.</_>
        <_>
          0 19 5 18 2.</_>
        <_>
          5 37 5 18 2.</_></rects>
      <tilted>0</tilted></_>
    <_>
      <rects>
        <_>
          0 19 33 27 -1.</_>
        <_>
          0 28 33 9 3.</_></rects>
      <tilted>0</tilted></_>
    <_>
      <rects>
        <_>
          0 21 4 16 -1.</_>
        <_>
          0 21 2 8 2.</_>
        <_>
          2 29 2 8 2.</_></rects>
      <tilted>0</tilted></_>
    <_>
      <rects>
        <_>
          0 22 33 18 -1.</_>
        <_>
          0 31 33 9 2.</_></rects>
      <tilted>0</tilted></_>
    <_>
      <rects>
        <_>
          0 24 2 15 -1.</_>
        <_>
          1 24 1 15 2.</_></rects>
      <tilted>0</tilted></_>
    <_>
      <rects>
        <_>
          0 25 1 3 -1.</_>
        <_>
          0 26 1 1 3.</_></rects>
      <tilted>0</tilted></_>
    <_>
      <rects>
        <_>
          0 25 4 14 -1.</_>
        <_>
          0 25 2 7 2.</_>
        <_>
          2 32 2 7 2.</_></rects>
      <tilted>0</tilted></_>
    <_>
      <rects>
        <_>
          0 25 9 14 -1.</_>
        <_>
          3 25 3 14 3.</_></rects>
      <tilted>0</tilted></_>
    <_>
      <rects>
        <_>
          0 26 2 24 -1.</_>
        <_>
          0 26 1 12 2.</_>
        <_>
          1 38 1 12 2.</_></rects>
      <tilted>0</tilted></_>
    <_>
      <rects>
        <_>
          0 50 1 3 -1.</_>
        <_>
          0 51 1 1 3.</_></rects>
      <tilted>0</tilted></_>
    <_>
      <rects>
        <_>
          1 2 4 57 -1.</_>
        <_>
          1 21 4 19 3.</_></rects>
      <tilted>0</tilted></_>
    <_>
      <rects>
        <_>
          1 17 6 26 -1.</_>
        <_>
          1 17 3 13 2.</_>
        <_>
          4 30 3 13 2.</_></rects>
      <tilted>0</tilted></_>
    <_>
      <rects>
        <_>
          1 23 32 13 -1.</_>
        <_>
          17 23 16 13 2.</_></rects>
      <tilted>0</tilted></_>
    <_>
      <rects>
        <_>
          1 29 2 2 -1.</_>
        <_>
          2 29 1 2 2.</_></rects>
      <tilted>0</tilted></_>
    <_>
      <rects>
        <_>
          1 29 16 2 -1.</_>
        <_>
          1 29 8 1 2.</_>
        <_>
          9 30 8 1 2.</_></rects>
      <tilted>0</tilted></_>
    <_>
      <rects>
        <_>
          1 31 6 5 -1.</_>
        <_>
          4 31 3 5 2.</_></rects>
      <tilted>0</tilted></_>
    <_>
      <rects>
        <_>
          1 36 14 8 -1.</_>
        <_>
          1 36 7 4 2.</_>
        <_>
          8 40 7 4 2.</_></rects>
      <tilted>0</tilted></_>
    <_>
      <rects>
        <_>
          2 4 2 2 -1.</_>
        <_>
          2 4 1 1 2.</_>
        <_>
          3 5 1 1 2.</_></rects>
      <tilted>0</tilted></_>
    <_>
      <rects>
        <_>
          2 24 4 34 -1.</_>
        <_>
          2 41 4 17 2.</_></rects>
      <tilted>0</tilted></_>
    <_>
      <rects>
        <_>
          2 24 31 21 -1.</_>
        <_>
          2 31 31 7 3.</_></rects>
      <tilted>0</tilted></_>
    <_>
      <rects>
        <_>
          2 30 21 27 -1.</_>
        <_>
          2 39 21 9 3.</_></rects>
      <tilted>0</tilted></_>
    <_>
      <rects>
        <_>
          2 31 21 7 -1.</_>
        <_>
          9 31 7 7 3.</_></rects>
      <tilted>0</tilted></_>
    <_>
      <rects>
        <_>
          2 33 27 8 -1.</_>
        <_>
          11 33 9 8 3.</_></rects>
      <tilted>0</tilted></_>
    <_>
      <rects>
        <_>
          2 34 10 8 -1.</_>
        <_>
          2 38 10 4 2.</_></rects>
      <tilted>0</tilted></_>
    <_>
      <rects>
        <_>
          2 58 1 3 -1.</_>
        <_>
          2 59 1 1 3.</_></rects>
      <tilted>0</tilted></_>
    <_>
      <rects>
        <_>
          3 5 2 1 -1.</_>
        <_>
          4 5 1 1 2.</_></rects>
      <tilted>0</tilted></_>
    <_>
      <rects>
        <_>
          3 12 29 51 -1.</_>
        <_>
          3 29 29 17 3.</_></rects>
      <tilted>0</tilted></_>
    <_>
      <rects>
        <_>
          3 14 2 1 -1.</_>
        <_>
          4 14 1 1 2.</_></rects>
      <tilted>0</tilted></_>
    <_>
      <rects>
        <_>
          3 14 1 2 -1.</_>
        <_>
          3 15 1 1 2.</_></rects>
      <tilted>0</tilted></_>
    <_>
      <rects>
        <_>
          3 25 30 12 -1.</_>
        <_>
          18 25 15 12 2.</_></rects>
      <tilted>0</tilted></_>
    <_>
      <rects>
        <_>
          3 27 28 14 -1.</_>
        <_>
          17 27 14 14 2.</_></rects>
      <tilted>0</tilted></_>
    <_>
      <rects>
        <_>
          4 0 2 47 -1.</_>
        <_>
          5 0 1 47 2.</_></rects>
      <tilted>0</tilted></_>
    <_>
      <rects>
        <_>
          4 12 4 26 -1.</_>
        <_>
          4 12 2 13 2.</_>
        <_>
          6 25 2 13 2.</_></rects>
      <tilted>0</tilted></_>
    <_>
      <rects>
        <_>
          4 18 14 15 -1.</_>
        <_>
          4 23 14 5 3.</_></rects>
      <tilted>0</tilted></_>
    <_>
      <rects>
        <_>
          4 20 1 3 -1.</_>
        <_>
          4 21 1 1 3.</_></rects>
      <tilted>0</tilted></_>
    <_>
      <rects>
        <_>
          4 22 6 4 -1.</_>
        <_>
          6 22 2 4 3.</_></rects>
      <tilted>0</tilted></_>
    <_>
      <rects>
        <_>
          4 22 21 17 -1.</_>
        <_>
          11 22 7 17 3.</_></rects>
      <tilted>0</tilted></_>
    <_>
      <rects>
        <_>
          4 24 6 32 -1.</_>
        <_>
          4 24 3 16 2.</_>
        <_>
          7 40 3 16 2.</_></rects>
      <tilted>0</tilted></_>
    <_>
      <rects>
        <_>
          4 36 24 28 -1.</_>
        <_>
          4 50 24 14 2.</_></rects>
      <tilted>0</tilted></_>
    <_>
      <rects>
        <_>
          4 42 10 2 -1.</_>
        <_>
          4 43 10 1 2.</_></rects>
      <tilted>0</tilted></_>
    <_>
      <rects>
        <_>
          4 46 1 2 -1.</_>
        <_>
          4 47 1 1 2.</_></rects>
      <tilted>0</tilted></_>
    <_>
      <rects>
        <_>
          5 8 4 38 -1.</_>
        <_>
          5 8 2 19 2.</_>
        <_>
          7 27 2 19 2.</_></rects>
      <tilted>0</tilted></_>
    <_>
      <rects>
        <_>
          5 21 26 8 -1.</_>
        <_>
          5 21 13 4 2.</_>
        <_>
          18 25 13 4 2.</_></rects>
      <tilted>0</tilted></_>
    <_>
      <rects>
        <_>
          5 25 8 13 -1.</_>
        <_>
          9 25 4 13 2.</_></rects>
      <tilted>0</tilted></_>
    <_>
      <rects>
        <_>
          5 26 10 15 -1.</_>
        <_>
          10 26 5 15 2.</_></rects>
      <tilted>0</tilted></_>
    <_>
      <rects>
        <_>
          5 26 24 5 -1.</_>
        <_>
          13 26 8 5 3.</_></rects>
      <tilted>0</tilted></_>
    <_>
      <rects>
        <_>
          5 27 9 30 -1.</_>
        <_>
          5 37 9 10 3.</_></rects>
      <tilted>0</tilted></_>
    <_>
      <rects>
        <_>
          5 32 6 3 -1.</_>
        <_>
          8 32 3 3 2.</_></rects>
      <tilted>0</tilted></_>
    <_>
      <rects>
        <_>
          5 43 1 2 -1.</_>
        <_>
          5 44 1 1 2.</_></rects>
      <tilted>0</tilted></_>
    <_>
      <rects>
        <_>
          5 43 28 4 -1.</_>
        <_>
          5 45 28 2 2.</_></rects>
      <tilted>0</tilted></_>
    <_>
      <rects>
        <_>
          6 1 1 63 -1.</_>
        <_>
          6 22 1 21 3.</_></rects>
      <tilted>0</tilted></_>
    <_>
      <rects>
        <_>
          6 1 4 30 -1.</_>
        <_>
          6 16 4 15 2.</_></rects>
      <tilted>0</tilted></_>
    <_>
      <rects>
        <_>
          6 1 5 28 -1.</_>
        <_>
          6 15 5 14 2.</_></rects>
      <tilted>0</tilted></_>
    <_>
      <rects>
        <_>
          6 20 18 16 -1.</_>
        <_>
          6 28 18 8 2.</_></rects>
      <tilted>0</tilted></_>
    <_>
      <rects>
        <_>
          6 24 20 11 -1.</_>
        <_>
          16 24 10 11 2.</_></rects>
      <tilted>0</tilted></_>
    <_>
      <rects>
        <_>
          6 24 22 19 -1.</_>
        <_>
          17 24 11 19 2.</_></rects>
      <tilted>0</tilted></_>
    <_>
      <rects>
        <_>
          6 28 24 3 -1.</_>
        <_>
          14 28 8 3 3.</_></rects>
      <tilted>0</tilted></_>
    <_>
      <rects>
        <_>
          6 34 10 8 -1.</_>
        <_>
          11 34 5 8 2.</_></rects>
      <tilted>0</tilted></_>
    <_>
      <rects>
        <_>
          6 60 1 3 -1.</_>
        <_>
          6 61 1 1 3.</_></rects>
      <tilted>0</tilted></_>
    <_>
      <rects>
        <_>
          7 0 3 1 -1.</_>
        <_>
          8 0 1 1 3.</_></rects>
      <tilted>0</tilted></_>
    <_>
      <rects>
        <_>
          7 0 6 1 -1.</_>
        <_>
          9 0 2 1 3.</_></rects>
      <tilted>0</tilted></_>
    <_>
      <rects>
        <_>
          7 0 4 46 -1.</_>
        <_>
          7 0 2 23 2.</_>
        <_>
          9 23 2 23 2.</_></rects>
      <tilted>0</tilted></_>
    <_>
      <rects>
        <_>
          7 24 10 8 -1.</_>
        <_>
          7 24 5 4 2.</_>
        <_>
          12 28 5 4 2.</_></rects>
      <tilted>0</tilted></_>
    <_>
      <rects>
        <_>
          7 33 2 5 -1.</_>
        <_>
          8 33 1 5 2.</_></rects>
      <tilted>0</tilted></_>
    <_>
      <rects>
        <_>
          7 37 2 2 -1.</_>
        <_>
          7 38 2 1 2.</_></rects>
      <tilted>0</tilted></_>
    <_>
      <rects>
        <_>
          7 38 3 1 -1.</_>
        <_>
          8 38 1 1 3.</_></rects>
      <tilted>0</tilted></_>
    <_>
      <rects>
        <_>
          7 39 11 3 -1.</_>
        <_>
          7 40 11 1 3.</_></rects>
      <tilted>0</tilted></_>
    <_>
      <rects>
        <_>
          8 0 2 1 -1.</_>
        <_>
          9 0 1 1 2.</_></rects>
      <tilted>0</tilted></_>
    <_>
      <rects>
        <_>
          8 1 4 1 -1.</_>
        <_>
          10 1 2 1 2.</_></rects>
      <tilted>0</tilted></_>
    <_>
      <rects>
        <_>
          8 7 25 36 -1.</_>
        <_>
          8 19 25 12 3.</_></rects>
      <tilted>0</tilted></_>
    <_>
      <rects>
        <_>
          8 24 9 14 -1.</_>
        <_>
          8 31 9 7 2.</_></rects>
      <tilted>0</tilted></_>
    <_>
      <rects>
        <_>
          8 25 12 4 -1.</_>
        <_>
          8 25 6 2 2.</_>
        <_>
          14 27 6 2 2.</_></rects>
      <tilted>0</tilted></_>
    <_>
      <rects>
        <_>
          8 25 16 10 -1.</_>
        <_>
          16 25 8 10 2.</_></rects>
      <tilted>0</tilted></_>
    <_>
      <rects>
        <_>
          8 27 2 3 -1.</_>
        <_>
          9 27 1 3 2.</_></rects>
      <tilted>0</tilted></_>
    <_>
      <rects>
        <_>
          8 30 12 2 -1.</_>
        <_>
          12 30 4 2 3.</_></rects>
      <tilted>0</tilted></_>
    <_>
      <rects>
        <_>
          8 43 20 3 -1.</_>
        <_>
          8 44 20 1 3.</_></rects>
      <tilted>0</tilted></_>
    <_>
      <rects>
        <_>
          9 21 3 5 -1.</_>
        <_>
          10 21 1 5 3.</_></rects>
      <tilted>0</tilted></_>
    <_>
      <rects>
        <_>
          9 22 12 10 -1.</_>
        <_>
          9 27 12 5 2.</_></rects>
      <tilted>0</tilted></_>
    <_>
      <rects>
        <_>
          9 23 22 17 -1.</_>
        <_>
          20 23 11 17 2.</_></rects>
      <tilted>0</tilted></_>
    <_>
      <rects>
        <_>
          9 24 4 27 -1.</_>
        <_>
          11 24 2 27 2.</_></rects>
      <tilted>0</tilted></_>
    <_>
      <rects>
        <_>
          9 25 3 2 -1.</_>
        <_>
          10 25 1 2 3.</_></rects>
      <tilted>0</tilted></_>
    <_>
      <rects>
        <_>
          9 25 3 3 -1.</_>
        <_>
          10 25 1 3 3.</_></rects>
      <tilted>0</tilted></_>
    <_>
      <rects>
        <_>
          9 25 8 4 -1.</_>
        <_>
          9 25 4 2 2.</_>
        <_>
          13 27 4 2 2.</_></rects>
      <tilted>0</tilted></_>
    <_>
      <rects>
        <_>
          9 25 15 7 -1.</_>
        <_>
          14 25 5 7 3.</_></rects>
      <tilted>0</tilted></_>
    <_>
      <rects>
        <_>
          9 26 15 24 -1.</_>
        <_>
          9 38 15 12 2.</_></rects>
      <tilted>0</tilted></_>
    <_>
      <rects>
        <_>
          9 30 18 4 -1.</_>
        <_>
          15 30 6 4 3.</_></rects>
      <tilted>0</tilted></_>
    <_>
      <rects>
        <_>
          10 20 17 24 -1.</_>
        <_>
          10 32 17 12 2.</_></rects>
      <tilted>0</tilted></_>
    <_>
      <rects>
        <_>
          10 22 3 1 -1.</_>
        <_>
          11 22 1 1 3.</_></rects>
      <tilted>0</tilted></_>
    <_>
      <rects>
        <_>
          10 27 3 1 -1.</_>
        <_>
          11 27 1 1 3.</_></rects>
      <tilted>0</tilted></_>
    <_>
      <rects>
        <_>
          10 28 3 1 -1.</_>
        <_>
          11 28 1 1 3.</_></rects>
      <tilted>0</tilted></_>
    <_>
      <rects>
        <_>
          10 31 9 4 -1.</_>
        <_>
          13 31 3 4 3.</_></rects>
      <tilted>0</tilted></_>
    <_>
      <rects>
        <_>
          10 34 10 10 -1.</_>
        <_>
          10 39 10 5 2.</_></rects>
      <tilted>0</tilted></_>
    <_>
      <rects>
        <_>
          10 40 1 3 -1.</_>
        <_>
          10 41 1 1 3.</_></rects>
      <tilted>0</tilted></_>
    <_>
      <rects>
        <_>
          10 41 8 3 -1.</_>
        <_>
          10 42 8 1 3.</_></rects>
      <tilted>0</tilted></_>
    <_>
      <rects>
        <_>
          11 20 3 3 -1.</_>
        <_>
          12 20 1 3 3.</_></rects>
      <tilted>0</tilted></_>
    <_>
      <rects>
        <_>
          11 20 3 4 -1.</_>
        <_>
          12 20 1 4 3.</_></rects>
      <tilted>0</tilted></_>
    <_>
      <rects>
        <_>
          11 20 12 8 -1.</_>
        <_>
          11 24 12 4 2.</_></rects>
      <tilted>0</tilted></_>
    <_>
      <rects>
        <_>
          11 24 12 1 -1.</_>
        <_>
          17 24 6 1 2.</_></rects>
      <tilted>0</tilted></_>
    <_>
      <rects>
        <_>
          11 25 14 8 -1.</_>
        <_>
          18 25 7 8 2.</_></rects>
      <tilted>0</tilted></_>
    <_>
      <rects>
        <_>
          11 25 20 15 -1.</_>
        <_>
          21 25 10 15 2.</_></rects>
      <tilted>0</tilted></_>
    <_>
      <rects>
        <_>
          11 27 6 6 -1.</_>
        <_>
          11 27 3 3 2.</_>
        <_>
          14 30 3 3 2.</_></rects>
      <tilted>0</tilted></_>
    <_>
      <rects>
        <_>
          11 28 9 6 -1.</_>
        <_>
          11 31 9 3 2.</_></rects>
      <tilted>0</tilted></_>
    <_>
      <rects>
        <_>
          11 29 10 2 -1.</_>
        <_>
          11 29 5 1 2.</_>
        <_>
          16 30 5 1 2.</_></rects>
      <tilted>0</tilted></_>
    <_>
      <rects>
        <_>
          11 33 3 17 -1.</_>
        <_>
          12 33 1 17 3.</_></rects>
      <tilted>0</tilted></_>
    <_>
      <rects>
        <_>
          11 40 2 3 -1.</_>
        <_>
          11 41 2 1 3.</_></rects>
      <tilted>0</tilted></_>
    <_>
      <rects>
        <_>
          12 17 11 38 -1.</_>
        <_>
          12 36 11 19 2.</_></rects>
      <tilted>0</tilted></_>
    <_>
      <rects>
        <_>
          12 23 3 4 -1.</_>
        <_>
          13 23 1 4 3.</_></rects>
      <tilted>0</tilted></_>
    <_>
      <rects>
        <_>
          12 25 4 2 -1.</_>
        <_>
          12 25 2 1 2.</_>
        <_>
          14 26 2 1 2.</_></rects>
      <tilted>0</tilted></_>
    <_>
      <rects>
        <_>
          12 25 10 8 -1.</_>
        <_>
          12 29 10 4 2.</_></rects>
      <tilted>0</tilted></_>
    <_>
      <rects>
        <_>
          12 30 5 9 -1.</_>
        <_>
          12 33 5 3 3.</_></rects>
      <tilted>0</tilted></_>
    <_>
      <rects>
        <_>
          12 31 4 2 -1.</_>
        <_>
          12 32 4 1 2.</_></rects>
      <tilted>0</tilted></_>
    <_>
      <rects>
        <_>
          12 35 5 18 -1.</_>
        <_>
          12 41 5 6 3.</_></rects>
      <tilted>0</tilted></_>
    <_>
      <rects>
        <_>
          12 35 18 14 -1.</_>
        <_>
          12 35 9 7 2.</_>
        <_>
          21 42 9 7 2.</_></rects>
      <tilted>0</tilted></_>
    <_>
      <rects>
        <_>
          13 18 3 4 -1.</_>
        <_>
          14 18 1 4 3.</_></rects>
      <tilted>0</tilted></_>
    <_>
      <rects>
        <_>
          13 19 12 32 -1.</_>
        <_>
          13 35 12 16 2.</_></rects>
      <tilted>0</tilted></_>
    <_>
      <rects>
        <_>
          13 22 15 3 -1.</_>
        <_>
          18 22 5 3 3.</_></rects>
      <tilted>0</tilted></_>
    <_>
      <rects>
        <_>
          13 24 5 12 -1.</_>
        <_>
          13 28 5 4 3.</_></rects>
      <tilted>0</tilted></_>
    <_>
      <rects>
        <_>
          13 24 8 12 -1.</_>
        <_>
          13 28 8 4 3.</_></rects>
      <tilted>0</tilted></_>
    <_>
      <rects>
        <_>
          13 24 20 8 -1.</_>
        <_>
          13 28 20 4 2.</_></rects>
      <tilted>0</tilted></_>
    <_>
      <rects>
        <_>
          13 27 9 6 -1.</_>
        <_>
          13 29 9 2 3.</_></rects>
      <tilted>0</tilted></_>
    <_>
      <rects>
        <_>
          13 30 1 2 -1.</_>
        <_>
          13 31 1 1 2.</_></rects>
      <tilted>0</tilted></_>
    <_>
      <rects>
        <_>
          13 30 2 2 -1.</_>
        <_>
          13 31 2 1 2.</_></rects>
      <tilted>0</tilted></_>
    <_>
      <rects>
        <_>
          13 32 5 10 -1.</_>
        <_>
          13 37 5 5 2.</_></rects>
      <tilted>0</tilted></_>
    <_>
      <rects>
        <_>
          13 38 14 10 -1.</_>
        <_>
          13 38 7 5 2.</_>
        <_>
          20 43 7 5 2.</_></rects>
      <tilted>0</tilted></_>
    <_>
      <rects>
        <_>
          14 21 3 5 -1.</_>
        <_>
          15 21 1 5 3.</_></rects>
      <tilted>0</tilted></_>
    <_>
      <rects>
        <_>
          14 24 5 20 -1.</_>
        <_>
          14 34 5 10 2.</_></rects>
      <tilted>0</tilted></_>
    <_>
      <rects>
        <_>
          14 27 6 4 -1.</_>
        <_>
          14 27 3 2 2.</_>
        <_>
          17 29 3 2 2.</_></rects>
      <tilted>0</tilted></_>
    <_>
      <rects>
        <_>
          14 39 14 6 -1.</_>
        <_>
          14 41 14 2 3.</_></rects>
      <tilted>0</tilted></_>
    <_>
      <rects>
        <_>
          15 19 3 5 -1.</_>
        <_>
          16 19 1 5 3.</_></rects>
      <tilted>0</tilted></_>
    <_>
      <rects>
        <_>
          15 23 3 3 -1.</_>
        <_>
          16 23 1 3 3.</_></rects>
      <tilted>0</tilted></_>
    <_>
      <rects>
        <_>
          15 25 5 6 -1.</_>
        <_>
          15 28 5 3 2.</_></rects>
      <tilted>0</tilted></_>
    <_>
      <rects>
        <_>
          15 30 1 3 -1.</_>
        <_>
          15 31 1 1 3.</_></rects>
      <tilted>0</tilted></_>
    <_>
      <rects>
        <_>
          15 30 3 5 -1.</_>
        <_>
          16 30 1 5 3.</_></rects>
      <tilted>0</tilted></_>
    <_>
      <rects>
        <_>
          15 44 2 3 -1.</_>
        <_>
          15 45 2 1 3.</_></rects>
      <tilted>0</tilted></_>
    <_>
      <rects>
        <_>
          15 46 1 3 -1.</_>
        <_>
          15 47 1 1 3.</_></rects>
      <tilted>0</tilted></_>
    <_>
      <rects>
        <_>
          16 24 3 2 -1.</_>
        <_>
          17 24 1 2 3.</_></rects>
      <tilted>0</tilted></_>
    <_>
      <rects>
        <_>
          16 25 16 6 -1.</_>
        <_>
          24 25 8 6 2.</_></rects>
      <tilted>0</tilted></_>
    <_>
      <rects>
        <_>
          16 30 2 3 -1.</_>
        <_>
          16 31 2 1 3.</_></rects>
      <tilted>0</tilted></_>
    <_>
      <rects>
        <_>
          16 31 2 1 -1.</_>
        <_>
          17 31 1 1 2.</_></rects>
      <tilted>0</tilted></_>
    <_>
      <rects>
        <_>
          17 1 16 26 -1.</_>
        <_>
          25 1 8 26 2.</_></rects>
      <tilted>0</tilted></_>
    <_>
      <rects>
        <_>
          17 19 3 4 -1.</_>
        <_>
          18 19 1 4 3.</_></rects>
      <tilted>0</tilted></_>
    <_>
      <rects>
        <_>
          17 29 2 2 -1.</_>
        <_>
          17 30 2 1 2.</_></rects>
      <tilted>0</tilted></_>
    <_>
      <rects>
        <_>
          17 29 3 2 -1.</_>
        <_>
          17 30 3 1 2.</_></rects>
      <tilted>0</tilted></_>
    <_>
      <rects>
        <_>
          18 22 3 3 -1.</_>
        <_>
          19 22 1 3 3.</_></rects>
      <tilted>0</tilted></_>
    <_>
      <rects>
        <_>
          18 25 4 12 -1.</_>
        <_>
          18 25 2 6 2.</_>
        <_>
          20 31 2 6 2.</_></rects>
      <tilted>0</tilted></_>
    <_>
      <rects>
        <_>
          19 0 14 57 -1.</_>
        <_>
          26 0 7 57 2.</_></rects>
      <tilted>0</tilted></_>
    <_>
      <rects>
        <_>
          19 4 1 2 -1.</_>
        <_>
          19 5 1 1 2.</_></rects>
      <tilted>0</tilted></_>
    <_>
      <rects>
        <_>
          19 4 6 12 -1.</_>
        <_>
          19 4 3 6 2.</_>
        <_>
          22 10 3 6 2.</_></rects>
      <tilted>0</tilted></_>
    <_>
      <rects>
        <_>
          19 11 14 36 -1.</_>
        <_>
          19 11 7 18 2.</_>
        <_>
          26 29 7 18 2.</_></rects>
      <tilted>0</tilted></_>
    <_>
      <rects>
        <_>
          19 21 12 2 -1.</_>
        <_>
          19 22 12 1 2.</_></rects>
      <tilted>0</tilted></_>
    <_>
      <rects>
        <_>
          19 22 8 8 -1.</_>
        <_>
          19 26 8 4 2.</_></rects>
      <tilted>0</tilted></_>
    <_>
      <rects>
        <_>
          19 23 10 18 -1.</_>
        <_>
          19 23 5 9 2.</_>
        <_>
          24 32 5 9 2.</_></rects>
      <tilted>0</tilted></_>
    <_>
      <rects>
        <_>
          19 51 4 1 -1.</_>
        <_>
          21 51 2 1 2.</_></rects>
      <tilted>0</tilted></_>
    <_>
      <rects>
        <_>
          20 18 4 6 -1.</_>
        <_>
          22 18 2 6 2.</_></rects>
      <tilted>0</tilted></_>
    <_>
      <rects>
        <_>
          20 21 3 5 -1.</_>
        <_>
          21 21 1 5 3.</_></rects>
      <tilted>0</tilted></_>
    <_>
      <rects>
        <_>
          20 22 12 1 -1.</_>
        <_>
          24 22 4 1 3.</_></rects>
      <tilted>0</tilted></_>
    <_>
      <rects>
        <_>
          21 15 12 38 -1.</_>
        <_>
          21 15 6 19 2.</_>
        <_>
          27 34 6 19 2.</_></rects>
      <tilted>0</tilted></_>
    <_>
      <rects>
        <_>
          21 16 4 10 -1.</_>
        <_>
          23 16 2 10 2.</_></rects>
      <tilted>0</tilted></_>
    <_>
      <rects>
        <_>
          21 22 10 16 -1.</_>
        <_>
          26 22 5 16 2.</_></rects>
      <tilted>0</tilted></_>
    <_>
      <rects>
        <_>
          21 28 3 22 -1.</_>
        <_>
          22 28 1 22 3.</_></rects>
      <tilted>0</tilted></_>
    <_>
      <rects>
        <_>
          21 28 2 6 -1.</_>
        <_>
          21 30 2 2 3.</_></rects>
      <tilted>0</tilted></_>
    <_>
      <rects>
        <_>
          21 40 3 2 -1.</_>
        <_>
          21 41 3 1 2.</_></rects>
      <tilted>0</tilted></_>
    <_>
      <rects>
        <_>
          22 0 10 53 -1.</_>
        <_>
          27 0 5 53 2.</_></rects>
      <tilted>0</tilted></_>
    <_>
      <rects>
        <_>
          22 6 4 22 -1.</_>
        <_>
          22 17 4 11 2.</_></rects>
      <tilted>0</tilted></_>
    <_>
      <rects>
        <_>
          22 25 6 2 -1.</_>
        <_>
          25 25 3 2 2.</_></rects>
      <tilted>0</tilted></_>
    <_>
      <rects>
        <_>
          22 29 3 21 -1.</_>
        <_>
          22 36 3 7 3.</_></rects>
      <tilted>0</tilted></_>
    <_>
      <rects>
        <_>
          23 8 10 35 -1.</_>
        <_>
          28 8 5 35 2.</_></rects>
      <tilted>0</tilted></_>
    <_>
      <rects>
        <_>
          23 12 10 30 -1.</_>
        <_>
          23 12 5 15 2.</_>
        <_>
          28 27 5 15 2.</_></rects>
      <tilted>0</tilted></_>
    <_>
      <rects>
        <_>
          23 25 6 5 -1.</_>
        <_>
          26 25 3 5 2.</_></rects>
      <tilted>0</tilted></_>
    <_>
      <rects>
        <_>
          23 25 6 12 -1.</_>
        <_>
          23 29 6 4 3.</_></rects>
      <tilted>0</tilted></_>
    <_>
      <rects>
        <_>
          23 27 6 2 -1.</_>
        <_>
          26 27 3 2 2.</_></rects>
      <tilted>0</tilted></_>
    <_>
      <rects>
        <_>
          23 27 10 18 -1.</_>
        <_>
          23 27 5 9 2.</_>
        <_>
          28 36 5 9 2.</_></rects>
      <tilted>0</tilted></_>
    <_>
      <rects>
        <_>
          24 2 6 24 -1.</_>
        <_>
          24 14 6 12 2.</_></rects>
      <tilted>0</tilted></_>
    <_>
      <rects>
        <_>
          24 23 9 3 -1.</_>
        <_>
          27 23 3 3 3.</_></rects>
      <tilted>0</tilted></_>
    <_>
      <rects>
        <_>
          24 25 9 2 -1.</_>
        <_>
          27 25 3 2 3.</_></rects>
      <tilted>0</tilted></_>
    <_>
      <rects>
        <_>
          24 35 5 14 -1.</_>
        <_>
          24 42 5 7 2.</_></rects>
      <tilted>0</tilted></_>
    <_>
      <rects>
        <_>
          25 10 8 21 -1.</_>
        <_>
          29 10 4 21 2.</_></rects>
      <tilted>0</tilted></_>
    <_>
      <rects>
        <_>
          25 10 8 50 -1.</_>
        <_>
          25 10 4 25 2.</_>
        <_>
          29 35 4 25 2.</_></rects>
      <tilted>0</tilted></_>
    <_>
      <rects>
        <_>
          25 23 6 14 -1.</_>
        <_>
          28 23 3 14 2.</_></rects>
      <tilted>0</tilted></_>
    <_>
      <rects>
        <_>
          25 25 6 7 -1.</_>
        <_>
          27 25 2 7 3.</_></rects>
      <tilted>0</tilted></_>
    <_>
      <rects>
        <_>
          25 38 2 2 -1.</_>
        <_>
          25 39 2 1 2.</_></rects>
      <tilted>0</tilted></_>
    <_>
      <rects>
        <_>
          26 8 6 42 -1.</_>
        <_>
          26 8 3 21 2.</_>
        <_>
          29 29 3 21 2.</_></rects>
      <tilted>0</tilted></_>
    <_>
      <rects>
        <_>
          27 19 4 20 -1.</_>
        <_>
          27 19 2 10 2.</_>
        <_>
          29 29 2 10 2.</_></rects>
      <tilted>0</tilted></_>
    <_>
      <rects>
        <_>
          27 19 6 18 -1.</_>
        <_>
          27 19 3 9 2.</_>
        <_>
          30 28 3 9 2.</_></rects>
      <tilted>0</tilted></_>
    <_>
      <rects>
        <_>
          27 19 6 34 -1.</_>
        <_>
          27 19 3 17 2.</_>
        <_>
          30 36 3 17 2.</_></rects>
      <tilted>0</tilted></_>
    <_>
      <rects>
        <_>
          28 2 2 57 -1.</_>
        <_>
          28 21 2 19 3.</_></rects>
      <tilted>0</tilted></_>
    <_>
      <rects>
        <_>
          28 19 4 18 -1.</_>
        <_>
          28 19 2 9 2.</_>
        <_>
          30 28 2 9 2.</_></rects>
      <tilted>0</tilted></_>
    <_>
      <rects>
        <_>
          28 52 1 2 -1.</_>
        <_>
          28 53 1 1 2.</_></rects>
      <tilted>0</tilted></_>
    <_>
      <rects>
        <_>
          29 22 4 21 -1.</_>
        <_>
          31 22 2 21 2.</_></rects>
      <tilted>0</tilted></_>
    <_>
      <rects>
        <_>
          30 1 3 1 -1.</_>
        <_>
          31 1 1 1 3.</_></rects>
      <tilted>0</tilted></_>
    <_>
      <rects>
        <_>
          30 25 3 5 -1.</_>
        <_>
          31 25 1 5 3.</_></rects>
      <tilted>0</tilted></_>
    <_>
      <rects>
        <_>
          30 27 2 2 -1.</_>
        <_>
          31 27 1 2 2.</_></rects>
      <tilted>0</tilted></_>
    <_>
      <rects>
        <_>
          31 7 2 48 -1.</_>
        <_>
          32 7 1 48 2.</_></rects>
      <tilted>0</tilted></_>
    <_>
      <rects>
        <_>
          31 19 2 27 -1.</_>
        <_>
          31 28 2 9 3.</_></rects>
      <tilted>0</tilted></_>
    <_>
      <rects>
        <_>
          31 20 2 26 -1.</_>
        <_>
          31 20 1 13 2.</_>
        <_>
          32 33 1 13 2.</_></rects>
      <tilted>0</tilted></_>
    <_>
      <rects>
        <_>
          31 21 2 8 -1.</_>
        <_>
          31 21 1 4 2.</_>
        <_>
          32 25 1 4 2.</_></rects>
      <tilted>0</tilted></_>
    <_>
      <rects>
        <_>
          31 25 2 10 -1.</_>
        <_>
          31 25 1 5 2.</_>
        <_>
          32 30 1 5 2.</_></rects>
      <tilted>0</tilted></_>
    <_>
      <rects>
        <_>
          31 25 2 28 -1.</_>
        <_>
          31 25 1 14 2.</_>
        <_>
          32 39 1 14 2.</_></rects>
      <tilted>0</tilted></_>
    <_>
      <rects>
        <_>
          31 25 2 16 -1.</_>
        <_>
          32 25 1 16 2.</_></rects>
      <tilted>0</tilted></_>
    <_>
      <rects>
        <_>
          32 0 1 38 -1.</_>
        <_>
          32 19 1 19 2.</_></rects>
      <tilted>0</tilted></_></features></cascade>
</opencv_storage>
