<?xml version="1.0"?>
<opencv_storage>
<cascade>
  <stageType>BOOST</stageType>
  <featureType>HAAR</featureType>
  <height>72</height>
  <width>61</width>
  <stageParams>
    <boostType>GAB</boostType>
    <minHitRate>9.9900001287460327e-01</minHitRate>
    <maxFalseAlarm>5.0000000000000000e-01</maxFalseAlarm>
    <weightTrimRate>9.4999999999999996e-01</weightTrimRate>
    <maxDepth>1</maxDepth>
    <maxWeakCount>100</maxWeakCount></stageParams>
  <featureParams>
    <maxCatCount>0</maxCatCount>
    <featSize>1</featSize>
    <mode>BASIC</mode></featureParams>
  <stageNum>20</stageNum>
  <stages>
    <!-- stage 0 -->
    <_>
      <maxWeakCount>9</maxWeakCount>
      <stageThreshold>-1.1033972501754761e+00</stageThreshold>
      <weakClassifiers>
        <_>
          <internalNodes>
            0 -1 73 -1.9630987197160721e-02</internalNodes>
          <leafValues>
            8.6531984806060791e-01 -9.7560971975326538e-02</leafValues></_>
        <_>
          <internalNodes>
            0 -1 203 -4.3562492355704308e-03</internalNodes>
          <leafValues>
            7.5720167160034180e-01 -2.6366132497787476e-01</leafValues></_>
        <_>
          <internalNodes>
            0 -1 121 -3.8301092572510242e-03</internalNodes>
          <leafValues>
            7.3918730020523071e-01 -2.6693475246429443e-01</leafValues></_>
        <_>
          <internalNodes>
            0 -1 4 -5.0818383693695068e-02</internalNodes>
          <leafValues>
            -7.9674357175827026e-01 3.3110636472702026e-01</leafValues></_>
        <_>
          <internalNodes>
            0 -1 8 1.9272860372439027e-03</internalNodes>
          <leafValues>
            -3.8598710298538208e-01 6.7028725147247314e-01</leafValues></_>
        <_>
          <internalNodes>
            0 -1 42 3.2459799200296402e-02</internalNodes>
          <leafValues>
            2.5567945837974548e-01 -8.1873381137847900e-01</leafValues></_>
        <_>
          <internalNodes>
            0 -1 39 -1.3402840122580528e-02</internalNodes>
          <leafValues>
            4.7049301862716675e-01 -4.6337240934371948e-01</leafValues></_>
        <_>
          <internalNodes>
            0 -1 140 -1.6665940638631582e-03</internalNodes>
          <leafValues>
            6.3377457857131958e-01 -3.7759256362915039e-01</leafValues></_>
        <_>
          <internalNodes>
            0 -1 166 -4.5407177822198719e-05</internalNodes>
          <leafValues>
            -7.4884706735610962e-01 3.2989519834518433e-01</leafValues></_></weakClassifiers></_>
    <!-- stage 1 -->
    <_>
      <maxWeakCount>8</maxWeakCount>
      <stageThreshold>-1.5452995896339417e-01</stageThreshold>
      <weakClassifiers>
        <_>
          <internalNodes>
            0 -1 56 1.6320472955703735e-01</internalNodes>
          <leafValues>
            5.2260398864746094e-01 -8.8888889551162720e-01</leafValues></_>
        <_>
          <internalNodes>
            0 -1 119 7.0293513126671314e-03</internalNodes>
          <leafValues>
            -3.9155080914497375e-01 6.2208539247512817e-01</leafValues></_>
        <_>
          <internalNodes>
            0 -1 7 8.4523146506398916e-04</internalNodes>
          <leafValues>
            -2.3119074106216431e-01 8.5585945844650269e-01</leafValues></_>
        <_>
          <internalNodes>
            0 -1 114 -6.6186126787215471e-04</internalNodes>
          <leafValues>
            6.2304985523223877e-01 -4.1710221767425537e-01</leafValues></_>
        <_>
          <internalNodes>
            0 -1 176 5.8032070228364319e-05</internalNodes>
          <leafValues>
            3.9310660958290100e-01 -6.4020371437072754e-01</leafValues></_>
        <_>
          <internalNodes>
            0 -1 75 4.5293313451111317e-04</internalNodes>
          <leafValues>
            -3.5197055339813232e-01 6.8607801198959351e-01</leafValues></_>
        <_>
          <internalNodes>
            0 -1 208 -7.3681457433849573e-04</internalNodes>
          <leafValues>
            6.5700197219848633e-01 -2.9573619365692139e-01</leafValues></_>
        <_>
          <internalNodes>
            0 -1 193 2.1910900250077248e-03</internalNodes>
          <leafValues>
            -3.1575414538383484e-01 7.1584445238113403e-01</leafValues></_></weakClassifiers></_>
    <!-- stage 2 -->
    <_>
      <maxWeakCount>9</maxWeakCount>
      <stageThreshold>-7.7911657094955444e-01</stageThreshold>
      <weakClassifiers>
        <_>
          <internalNodes>
            0 -1 38 -5.8522121980786324e-03</internalNodes>
          <leafValues>
            6.8393784761428833e-01 -1.6317991912364960e-01</leafValues></_>
        <_>
          <internalNodes>
            0 -1 48 2.1438491530716419e-03</internalNodes>
          <leafValues>
            3.0139675736427307e-01 -6.9472301006317139e-01</leafValues></_>
        <_>
          <internalNodes>
            0 -1 180 -4.2040771222673357e-04</internalNodes>
          <leafValues>
            8.3823198080062866e-01 -2.3653277754783630e-01</leafValues></_>
        <_>
          <internalNodes>
            0 -1 60 -2.4540919810533524e-02</internalNodes>
          <leafValues>
            3.3931639790534973e-01 -4.7327983379364014e-01</leafValues></_>
        <_>
          <internalNodes>
            0 -1 21 -1.1017227172851562e-01</internalNodes>
          <leafValues>
            -8.4228008985519409e-01 2.1463468670845032e-01</leafValues></_>
        <_>
          <internalNodes>
            0 -1 137 -1.4724686043336987e-03</internalNodes>
          <leafValues>
            6.8314903974533081e-01 -2.9373431205749512e-01</leafValues></_>
        <_>
          <internalNodes>
            0 -1 15 4.7636460512876511e-03</internalNodes>
          <leafValues>
            -2.7827644348144531e-01 5.6494277715682983e-01</leafValues></_>
        <_>
          <internalNodes>
            0 -1 85 -1.7277093604207039e-02</internalNodes>
          <leafValues>
            5.4754328727722168e-01 -3.1164765357971191e-01</leafValues></_>
        <_>
          <internalNodes>
            0 -1 120 -3.5721954191103578e-04</internalNodes>
          <leafValues>
            5.6634545326232910e-01 -3.5109332203865051e-01</leafValues></_></weakClassifiers></_>
    <!-- stage 3 -->
    <_>
      <maxWeakCount>11</maxWeakCount>
      <stageThreshold>-4.0262174606323242e-01</stageThreshold>
      <weakClassifiers>
        <_>
          <internalNodes>
            0 -1 2 -1.8505436182022095e-01</internalNodes>
          <leafValues>
            -7.7777779102325439e-01 4.8754447698593140e-01</leafValues></_>
        <_>
          <internalNodes>
            0 -1 19 -1.1079367250204086e-02</internalNodes>
          <leafValues>
            5.5749750137329102e-01 -3.4633508324623108e-01</leafValues></_>
        <_>
          <internalNodes>
            0 -1 131 -1.9656334188766778e-04</internalNodes>
          <leafValues>
            -6.2678396701812744e-01 2.6126307249069214e-01</leafValues></_>
        <_>
          <internalNodes>
            0 -1 34 -3.7634242326021194e-02</internalNodes>
          <leafValues>
            7.2194719314575195e-01 -2.6754680275917053e-01</leafValues></_>
        <_>
          <internalNodes>
            0 -1 184 -4.8525519669055939e-03</internalNodes>
          <leafValues>
            7.4773383140563965e-01 -2.6762074232101440e-01</leafValues></_>
        <_>
          <internalNodes>
            0 -1 118 7.9539809376001358e-03</internalNodes>
          <leafValues>
            -2.2651791572570801e-01 6.3996022939682007e-01</leafValues></_>
        <_>
          <internalNodes>
            0 -1 130 1.2128272646805272e-04</internalNodes>
          <leafValues>
            -1.6965343058109283e-01 7.3383992910385132e-01</leafValues></_>
        <_>
          <internalNodes>
            0 -1 110 1.5854753553867340e-02</internalNodes>
          <leafValues>
            2.7855589985847473e-01 -5.5439496040344238e-01</leafValues></_>
        <_>
          <internalNodes>
            0 -1 153 -1.6843902412801981e-03</internalNodes>
          <leafValues>
            6.8278825283050537e-01 -2.4190816283226013e-01</leafValues></_>
        <_>
          <internalNodes>
            0 -1 127 -2.1896447287872434e-04</internalNodes>
          <leafValues>
            5.2375108003616333e-01 -3.3248862624168396e-01</leafValues></_>
        <_>
          <internalNodes>
            0 -1 158 4.9670297812554054e-06</internalNodes>
          <leafValues>
            4.3044102191925049e-01 -4.6017819643020630e-01</leafValues></_></weakClassifiers></_>
    <!-- stage 4 -->
    <_>
      <maxWeakCount>9</maxWeakCount>
      <stageThreshold>-1.0837476253509521e+00</stageThreshold>
      <weakClassifiers>
        <_>
          <internalNodes>
            0 -1 13 -4.3649356812238693e-03</internalNodes>
          <leafValues>
            -7.1111112833023071e-01 5.4018694162368774e-01</leafValues></_>
        <_>
          <internalNodes>
            0 -1 91 -1.8852198496460915e-02</internalNodes>
          <leafValues>
            5.5259019136428833e-01 -3.2051172852516174e-01</leafValues></_>
        <_>
          <internalNodes>
            0 -1 44 -2.4467594921588898e-03</internalNodes>
          <leafValues>
            -6.4723354578018188e-01 3.2075655460357666e-01</leafValues></_>
        <_>
          <internalNodes>
            0 -1 97 -5.4427247960120440e-04</internalNodes>
          <leafValues>
            -8.2532584667205811e-01 2.0529803633689880e-01</leafValues></_>
        <_>
          <internalNodes>
            0 -1 112 1.8998200539499521e-04</internalNodes>
          <leafValues>
            1.4370645582675934e-01 -8.9396679401397705e-01</leafValues></_>
        <_>
          <internalNodes>
            0 -1 102 5.6787842186167836e-04</internalNodes>
          <leafValues>
            -3.5934337973594666e-01 4.9147996306419373e-01</leafValues></_>
        <_>
          <internalNodes>
            0 -1 77 1.1866583008668385e-05</internalNodes>
          <leafValues>
            2.2417964041233063e-01 -7.2708445787429810e-01</leafValues></_>
        <_>
          <internalNodes>
            0 -1 36 1.5768524259328842e-02</internalNodes>
          <leafValues>
            -3.3659076690673828e-01 5.8565551042556763e-01</leafValues></_>
        <_>
          <internalNodes>
            0 -1 111 -1.1708724778145552e-03</internalNodes>
          <leafValues>
            3.9509773254394531e-01 -4.6375614404678345e-01</leafValues></_></weakClassifiers></_>
    <!-- stage 5 -->
    <_>
      <maxWeakCount>8</maxWeakCount>
      <stageThreshold>-7.2875928878784180e-01</stageThreshold>
      <weakClassifiers>
        <_>
          <internalNodes>
            0 -1 72 -2.1866071969270706e-02</internalNodes>
          <leafValues>
            8.0403459072113037e-01 -1.9424460828304291e-01</leafValues></_>
        <_>
          <internalNodes>
            0 -1 105 2.4294873583130538e-04</internalNodes>
          <leafValues>
            4.0540525317192078e-01 -8.9281958341598511e-01</leafValues></_>
        <_>
          <internalNodes>
            0 -1 186 -7.7576637268066406e-03</internalNodes>
          <leafValues>
            8.5568481683731079e-01 -3.5732069611549377e-01</leafValues></_>
        <_>
          <internalNodes>
            0 -1 53 -4.2990181100321934e-05</internalNodes>
          <leafValues>
            -7.8862613439559937e-01 3.5891926288604736e-01</leafValues></_>
        <_>
          <internalNodes>
            0 -1 3 1.6999196261167526e-02</internalNodes>
          <leafValues>
            -4.6384051442146301e-01 6.4181733131408691e-01</leafValues></_>
        <_>
          <internalNodes>
            0 -1 50 9.9076096375938505e-06</internalNodes>
          <leafValues>
            4.1429829597473145e-01 -7.0234763622283936e-01</leafValues></_>
        <_>
          <internalNodes>
            0 -1 45 2.4719009175896645e-02</internalNodes>
          <leafValues>
            -2.8977653384208679e-01 9.0438514947891235e-01</leafValues></_>
        <_>
          <internalNodes>
            0 -1 142 4.4076750054955482e-03</internalNodes>
          <leafValues>
            -4.5293354988098145e-01 6.8350428342819214e-01</leafValues></_></weakClassifiers></_>
    <!-- stage 6 -->
    <_>
      <maxWeakCount>10</maxWeakCount>
      <stageThreshold>-7.5262206792831421e-01</stageThreshold>
      <weakClassifiers>
        <_>
          <internalNodes>
            0 -1 92 -2.3955083452165127e-04</internalNodes>
          <leafValues>
            -7.4117648601531982e-01 5.3333336114883423e-01</leafValues></_>
        <_>
          <internalNodes>
            0 -1 174 1.7277214676141739e-02</internalNodes>
          <leafValues>
            -3.0169972777366638e-01 7.5964558124542236e-01</leafValues></_>
        <_>
          <internalNodes>
            0 -1 70 8.9100468903779984e-03</internalNodes>
          <leafValues>
            -2.6611638069152832e-01 6.7142915725708008e-01</leafValues></_>
        <_>
          <internalNodes>
            0 -1 28 2.0619895309209824e-02</internalNodes>
          <leafValues>
            -3.4549134969711304e-01 5.9257966279983521e-01</leafValues></_>
        <_>
          <internalNodes>
            0 -1 1 4.2810712009668350e-02</internalNodes>
          <leafValues>
            -1.8472176790237427e-01 8.8891220092773438e-01</leafValues></_>
        <_>
          <internalNodes>
            0 -1 198 9.2026730271754786e-06</internalNodes>
          <leafValues>
            3.1848657131195068e-01 -5.9936219453811646e-01</leafValues></_>
        <_>
          <internalNodes>
            0 -1 86 -1.8269877880811691e-02</internalNodes>
          <leafValues>
            4.5615491271018982e-01 -3.9080819487571716e-01</leafValues></_>
        <_>
          <internalNodes>
            0 -1 9 5.5319380015134811e-02</internalNodes>
          <leafValues>
            -2.9556253552436829e-01 7.8579574823379517e-01</leafValues></_>
        <_>
          <internalNodes>
            0 -1 113 4.1583077982068062e-03</internalNodes>
          <leafValues>
            -2.4369761347770691e-01 6.6745686531066895e-01</leafValues></_>
        <_>
          <internalNodes>
            0 -1 148 -1.7043326050043106e-02</internalNodes>
          <leafValues>
            6.9541716575622559e-01 -2.9918560385704041e-01</leafValues></_></weakClassifiers></_>
    <!-- stage 7 -->
    <_>
      <maxWeakCount>11</maxWeakCount>
      <stageThreshold>-6.5637922286987305e-01</stageThreshold>
      <weakClassifiers>
        <_>
          <internalNodes>
            0 -1 150 -2.4188444513129070e-05</internalNodes>
          <leafValues>
            -5.6818181276321411e-01 5.1210427284240723e-01</leafValues></_>
        <_>
          <internalNodes>
            0 -1 89 -1.3341710437089205e-03</internalNodes>
          <leafValues>
            4.4873583316802979e-01 -3.9606449007987976e-01</leafValues></_>
        <_>
          <internalNodes>
            0 -1 211 -6.1296945204958320e-04</internalNodes>
          <leafValues>
            6.0350358486175537e-01 -2.8947910666465759e-01</leafValues></_>
        <_>
          <internalNodes>
            0 -1 179 2.1565188944805413e-05</internalNodes>
          <leafValues>
            2.4029989540576935e-01 -6.1567533016204834e-01</leafValues></_>
        <_>
          <internalNodes>
            0 -1 5 6.9747520610690117e-03</internalNodes>
          <leafValues>
            -2.7820870280265808e-01 5.7573771476745605e-01</leafValues></_>
        <_>
          <internalNodes>
            0 -1 96 -7.0990834501571953e-05</internalNodes>
          <leafValues>
            -8.9018744230270386e-01 1.7094345390796661e-01</leafValues></_>
        <_>
          <internalNodes>
            0 -1 134 4.7677771362941712e-05</internalNodes>
          <leafValues>
            -3.0968114733695984e-01 5.1229763031005859e-01</leafValues></_>
        <_>
          <internalNodes>
            0 -1 146 -7.7575037721544504e-05</internalNodes>
          <leafValues>
            -7.3038572072982788e-01 2.0412744581699371e-01</leafValues></_>
        <_>
          <internalNodes>
            0 -1 161 -7.1938458131626248e-04</internalNodes>
          <leafValues>
            6.3542866706848145e-01 -2.6846930384635925e-01</leafValues></_>
        <_>
          <internalNodes>
            0 -1 143 1.3745217584073544e-03</internalNodes>
          <leafValues>
            -4.5977380871772766e-01 3.7290734052658081e-01</leafValues></_>
        <_>
          <internalNodes>
            0 -1 128 5.2277200666139834e-06</internalNodes>
          <leafValues>
            -4.6713969111442566e-01 4.0512564778327942e-01</leafValues></_></weakClassifiers></_>
    <!-- stage 8 -->
    <_>
      <maxWeakCount>12</maxWeakCount>
      <stageThreshold>-5.3061425685882568e-01</stageThreshold>
      <weakClassifiers>
        <_>
          <internalNodes>
            0 -1 197 4.0720035030972213e-05</internalNodes>
          <leafValues>
            5.8013546466827393e-01 -1.7582418024539948e-01</leafValues></_>
        <_>
          <internalNodes>
            0 -1 171 -2.0295293070375919e-03</internalNodes>
          <leafValues>
            4.5780244469642639e-01 -2.9215136170387268e-01</leafValues></_>
        <_>
          <internalNodes>
            0 -1 31 -2.3889138901722617e-05</internalNodes>
          <leafValues>
            -7.1179944276809692e-01 1.9618812203407288e-01</leafValues></_>
        <_>
          <internalNodes>
            0 -1 11 1.6559971845708787e-04</internalNodes>
          <leafValues>
            -3.9741641283035278e-01 3.5895904898643494e-01</leafValues></_>
        <_>
          <internalNodes>
            0 -1 151 4.5387810096144676e-03</internalNodes>
          <leafValues>
            -2.6801368594169617e-01 5.6417119503021240e-01</leafValues></_>
        <_>
          <internalNodes>
            0 -1 149 1.3814589008688927e-02</internalNodes>
          <leafValues>
            -2.2959706187248230e-01 6.8768101930618286e-01</leafValues></_>
        <_>
          <internalNodes>
            0 -1 124 4.2520277202129364e-04</internalNodes>
          <leafValues>
            -4.5871803164482117e-01 3.3880850672721863e-01</leafValues></_>
        <_>
          <internalNodes>
            0 -1 145 1.0918663065240253e-05</internalNodes>
          <leafValues>
            3.1771826744079590e-01 -4.8710867762565613e-01</leafValues></_>
        <_>
          <internalNodes>
            0 -1 159 2.1157832816243172e-03</internalNodes>
          <leafValues>
            -2.2339361906051636e-01 6.6149711608886719e-01</leafValues></_>
        <_>
          <internalNodes>
            0 -1 40 8.9097541058436036e-04</internalNodes>
          <leafValues>
            2.2139631211757660e-01 -7.9388892650604248e-01</leafValues></_>
        <_>
          <internalNodes>
            0 -1 160 -8.1156585365533829e-03</internalNodes>
          <leafValues>
            7.3101258277893066e-01 -2.1950702369213104e-01</leafValues></_>
        <_>
          <internalNodes>
            0 -1 154 -8.2978866994380951e-03</internalNodes>
          <leafValues>
            4.7662851214408875e-01 -3.1680822372436523e-01</leafValues></_></weakClassifiers></_>
    <!-- stage 9 -->
    <_>
      <maxWeakCount>12</maxWeakCount>
      <stageThreshold>-6.2087017297744751e-01</stageThreshold>
      <weakClassifiers>
        <_>
          <internalNodes>
            0 -1 27 -1.6987170092761517e-03</internalNodes>
          <leafValues>
            6.2755101919174194e-01 -9.0128757059574127e-02</leafValues></_>
        <_>
          <internalNodes>
            0 -1 170 -3.0123410397209227e-05</internalNodes>
          <leafValues>
            -5.9056097269058228e-01 2.5665163993835449e-01</leafValues></_>
        <_>
          <internalNodes>
            0 -1 22 -8.0202817916870117e-02</internalNodes>
          <leafValues>
            -8.2040065526962280e-01 1.4783112704753876e-01</leafValues></_>
        <_>
          <internalNodes>
            0 -1 35 4.5457892119884491e-03</internalNodes>
          <leafValues>
            -2.4327982962131500e-01 6.3261443376541138e-01</leafValues></_>
        <_>
          <internalNodes>
            0 -1 104 2.7321672532707453e-03</internalNodes>
          <leafValues>
            -2.7664852142333984e-01 4.5303821563720703e-01</leafValues></_>
        <_>
          <internalNodes>
            0 -1 147 -1.3990045990794897e-03</internalNodes>
          <leafValues>
            6.4729571342468262e-01 -2.4951425194740295e-01</leafValues></_>
        <_>
          <internalNodes>
            0 -1 115 -8.3573278971016407e-05</internalNodes>
          <leafValues>
            3.5590201616287231e-01 -4.0155369043350220e-01</leafValues></_>
        <_>
          <internalNodes>
            0 -1 206 -1.2471841182559729e-03</internalNodes>
          <leafValues>
            6.4406925439834595e-01 -2.2417107224464417e-01</leafValues></_>
        <_>
          <internalNodes>
            0 -1 192 -6.9122212007641792e-03</internalNodes>
          <leafValues>
            5.8509272336959839e-01 -2.2982257604598999e-01</leafValues></_>
        <_>
          <internalNodes>
            0 -1 41 -6.2565905973315239e-03</internalNodes>
          <leafValues>
            -6.7554003000259399e-01 2.5270971655845642e-01</leafValues></_>
        <_>
          <internalNodes>
            0 -1 182 -2.7340725064277649e-03</internalNodes>
          <leafValues>
            6.1858576536178589e-01 -2.8398481011390686e-01</leafValues></_>
        <_>
          <internalNodes>
            0 -1 129 -1.2638906482607126e-03</internalNodes>
          <leafValues>
            -8.0299550294876099e-01 2.1413710713386536e-01</leafValues></_></weakClassifiers></_>
    <!-- stage 10 -->
    <_>
      <maxWeakCount>10</maxWeakCount>
      <stageThreshold>-4.8522201180458069e-01</stageThreshold>
      <weakClassifiers>
        <_>
          <internalNodes>
            0 -1 59 -2.0024739205837250e-03</internalNodes>
          <leafValues>
            7.4125874042510986e-01 3.8348082453012466e-02</leafValues></_>
        <_>
          <internalNodes>
            0 -1 202 -3.7870300002396107e-03</internalNodes>
          <leafValues>
            4.3797183036804199e-01 -2.7333161234855652e-01</leafValues></_>
        <_>
          <internalNodes>
            0 -1 116 -2.8883174527436495e-03</internalNodes>
          <leafValues>
            -8.8206243515014648e-01 1.5300250053405762e-01</leafValues></_>
        <_>
          <internalNodes>
            0 -1 187 1.7052794646588154e-05</internalNodes>
          <leafValues>
            2.3893068730831146e-01 -4.9308285117149353e-01</leafValues></_>
        <_>
          <internalNodes>
            0 -1 164 -1.0032383725047112e-03</internalNodes>
          <leafValues>
            6.8504202365875244e-01 -1.8555147945880890e-01</leafValues></_>
        <_>
          <internalNodes>
            0 -1 210 -5.5735908972565085e-05</internalNodes>
          <leafValues>
            -4.8715910315513611e-01 2.6355859637260437e-01</leafValues></_>
        <_>
          <internalNodes>
            0 -1 88 -9.6580316312611103e-04</internalNodes>
          <leafValues>
            3.8261279463768005e-01 -3.4671029448509216e-01</leafValues></_>
        <_>
          <internalNodes>
            0 -1 122 -1.6535380855202675e-03</internalNodes>
          <leafValues>
            4.7947704792022705e-01 -3.4757021069526672e-01</leafValues></_>
        <_>
          <internalNodes>
            0 -1 141 6.8930338602513075e-04</internalNodes>
          <leafValues>
            -4.2269611358642578e-01 4.3612343072891235e-01</leafValues></_>
        <_>
          <internalNodes>
            0 -1 62 -1.2337177759036422e-04</internalNodes>
          <leafValues>
            4.2187425494194031e-01 -3.3252525329589844e-01</leafValues></_></weakClassifiers></_>
    <!-- stage 11 -->
    <_>
      <maxWeakCount>11</maxWeakCount>
      <stageThreshold>-7.2254198789596558e-01</stageThreshold>
      <weakClassifiers>
        <_>
          <internalNodes>
            0 -1 58 6.8958885967731476e-02</internalNodes>
          <leafValues>
            4.8479428887367249e-01 -6.9696968793869019e-01</leafValues></_>
        <_>
          <internalNodes>
            0 -1 16 -7.9981060698628426e-03</internalNodes>
          <leafValues>
            4.4704517722129822e-01 -3.3487498760223389e-01</leafValues></_>
        <_>
          <internalNodes>
            0 -1 90 4.3016756535507739e-04</internalNodes>
          <leafValues>
            -3.3854117989540100e-01 3.9073336124420166e-01</leafValues></_>
        <_>
          <internalNodes>
            0 -1 188 -1.3200120520195924e-05</internalNodes>
          <leafValues>
            -5.1363211870193481e-01 2.4972614645957947e-01</leafValues></_>
        <_>
          <internalNodes>
            0 -1 209 -2.6405835524201393e-04</internalNodes>
          <leafValues>
            6.3386118412017822e-01 -2.3702210187911987e-01</leafValues></_>
        <_>
          <internalNodes>
            0 -1 54 9.2469230294227600e-03</internalNodes>
          <leafValues>
            -3.0911779403686523e-01 5.1592749357223511e-01</leafValues></_>
        <_>
          <internalNodes>
            0 -1 20 -1.0083505883812904e-02</internalNodes>
          <leafValues>
            6.4760464429855347e-01 -2.0802083611488342e-01</leafValues></_>
        <_>
          <internalNodes>
            0 -1 167 1.1681007890729234e-05</internalNodes>
          <leafValues>
            2.7764543890953064e-01 -5.4983919858932495e-01</leafValues></_>
        <_>
          <internalNodes>
            0 -1 17 2.8483318164944649e-03</internalNodes>
          <leafValues>
            -2.3831644654273987e-01 6.0530948638916016e-01</leafValues></_>
        <_>
          <internalNodes>
            0 -1 138 -1.8742542015388608e-03</internalNodes>
          <leafValues>
            5.4359132051467896e-01 -3.0829519033432007e-01</leafValues></_>
        <_>
          <internalNodes>
            0 -1 74 -2.1547902375459671e-02</internalNodes>
          <leafValues>
            -4.8735448718070984e-01 3.0269154906272888e-01</leafValues></_></weakClassifiers></_>
    <!-- stage 12 -->
    <_>
      <maxWeakCount>11</maxWeakCount>
      <stageThreshold>-6.7227280139923096e-01</stageThreshold>
      <weakClassifiers>
        <_>
          <internalNodes>
            0 -1 63 -1.4261190081015229e-03</internalNodes>
          <leafValues>
            -9.5999997854232788e-01 4.7478261590003967e-01</leafValues></_>
        <_>
          <internalNodes>
            0 -1 196 -2.7201035991311073e-03</internalNodes>
          <leafValues>
            6.6831511259078979e-01 -2.2617520391941071e-01</leafValues></_>
        <_>
          <internalNodes>
            0 -1 0 4.3968912214040756e-03</internalNodes>
          <leafValues>
            -3.5428026318550110e-01 4.6791175007820129e-01</leafValues></_>
        <_>
          <internalNodes>
            0 -1 194 -2.5433906557736918e-05</internalNodes>
          <leafValues>
            -5.5346685647964478e-01 2.5474736094474792e-01</leafValues></_>
        <_>
          <internalNodes>
            0 -1 132 3.2100801035994664e-05</internalNodes>
          <leafValues>
            -5.8900892734527588e-01 2.0712095499038696e-01</leafValues></_>
        <_>
          <internalNodes>
            0 -1 175 -2.8327969630481675e-05</internalNodes>
          <leafValues>
            -5.5422854423522949e-01 2.7588149905204773e-01</leafValues></_>
        <_>
          <internalNodes>
            0 -1 201 5.4445595014840364e-04</internalNodes>
          <leafValues>
            -2.9622203111648560e-01 5.4760569334030151e-01</leafValues></_>
        <_>
          <internalNodes>
            0 -1 189 4.3331496272003278e-05</internalNodes>
          <leafValues>
            2.8026440739631653e-01 -5.5720007419586182e-01</leafValues></_>
        <_>
          <internalNodes>
            0 -1 87 1.6104298993013799e-04</internalNodes>
          <leafValues>
            1.8848498165607452e-01 -7.9392629861831665e-01</leafValues></_>
        <_>
          <internalNodes>
            0 -1 79 -1.2427562847733498e-02</internalNodes>
          <leafValues>
            6.4321148395538330e-01 -2.5822016596794128e-01</leafValues></_>
        <_>
          <internalNodes>
            0 -1 93 3.8740152376703918e-04</internalNodes>
          <leafValues>
            -3.7851050496101379e-01 4.2285540699958801e-01</leafValues></_></weakClassifiers></_>
    <!-- stage 13 -->
    <_>
      <maxWeakCount>12</maxWeakCount>
      <stageThreshold>-8.8754069805145264e-01</stageThreshold>
      <weakClassifiers>
        <_>
          <internalNodes>
            0 -1 47 3.8508180296048522e-05</internalNodes>
          <leafValues>
            5.4435485601425171e-01 -3.4883719682693481e-01</leafValues></_>
        <_>
          <internalNodes>
            0 -1 82 9.3438359908759594e-04</internalNodes>
          <leafValues>
            -1.7070394754409790e-01 7.9401105642318726e-01</leafValues></_>
        <_>
          <internalNodes>
            0 -1 183 -7.0759574882686138e-03</internalNodes>
          <leafValues>
            5.5716240406036377e-01 -2.6629287004470825e-01</leafValues></_>
        <_>
          <internalNodes>
            0 -1 181 -8.8440050603821874e-05</internalNodes>
          <leafValues>
            -5.9511041641235352e-01 2.2659595310688019e-01</leafValues></_>
        <_>
          <internalNodes>
            0 -1 29 -3.0531868105754256e-04</internalNodes>
          <leafValues>
            3.7477040290832520e-01 -4.0252295136451721e-01</leafValues></_>
        <_>
          <internalNodes>
            0 -1 125 9.3248803168535233e-03</internalNodes>
          <leafValues>
            -2.1903310716152191e-01 8.1893372535705566e-01</leafValues></_>
        <_>
          <internalNodes>
            0 -1 83 -2.7966001071035862e-03</internalNodes>
          <leafValues>
            6.4853423833847046e-01 -2.3586554825305939e-01</leafValues></_>
        <_>
          <internalNodes>
            0 -1 133 8.9700653916224837e-05</internalNodes>
          <leafValues>
            -2.8296574950218201e-01 5.1605212688446045e-01</leafValues></_>
        <_>
          <internalNodes>
            0 -1 61 7.3926913319155574e-04</internalNodes>
          <leafValues>
            2.4069601297378540e-01 -6.6388821601867676e-01</leafValues></_>
        <_>
          <internalNodes>
            0 -1 152 -2.8290171176195145e-03</internalNodes>
          <leafValues>
            4.9370893836021423e-01 -2.9739710688591003e-01</leafValues></_>
        <_>
          <internalNodes>
            0 -1 199 7.1901857154443860e-05</internalNodes>
          <leafValues>
            2.8797656297683716e-01 -5.7069444656372070e-01</leafValues></_>
        <_>
          <internalNodes>
            0 -1 95 4.3709180317819118e-05</internalNodes>
          <leafValues>
            -3.9750438928604126e-01 3.7231898307800293e-01</leafValues></_></weakClassifiers></_>
    <!-- stage 14 -->
    <_>
      <maxWeakCount>12</maxWeakCount>
      <stageThreshold>-2.8137162327766418e-01</stageThreshold>
      <weakClassifiers>
        <_>
          <internalNodes>
            0 -1 123 2.2904340177774429e-02</internalNodes>
          <leafValues>
            -3.7313431501388550e-02 6.5826332569122314e-01</leafValues></_>
        <_>
          <internalNodes>
            0 -1 200 8.4664148744195700e-04</internalNodes>
          <leafValues>
            -2.4245512485504150e-01 5.2672624588012695e-01</leafValues></_>
        <_>
          <internalNodes>
            0 -1 101 1.4595210086554289e-04</internalNodes>
          <leafValues>
            2.2547562420368195e-01 -7.0580053329467773e-01</leafValues></_>
        <_>
          <internalNodes>
            0 -1 109 -8.9163966476917267e-03</internalNodes>
          <leafValues>
            6.2621510028839111e-01 -2.3246459662914276e-01</leafValues></_>
        <_>
          <internalNodes>
            0 -1 78 -2.8479058528319001e-04</internalNodes>
          <leafValues>
            -6.4747428894042969e-01 2.3863433301448822e-01</leafValues></_>
        <_>
          <internalNodes>
            0 -1 65 2.5209536775946617e-02</internalNodes>
          <leafValues>
            -2.4251069128513336e-01 6.3886815309524536e-01</leafValues></_>
        <_>
          <internalNodes>
            0 -1 172 2.0360411144793034e-03</internalNodes>
          <leafValues>
            -3.0437651276588440e-01 4.6894615888595581e-01</leafValues></_>
        <_>
          <internalNodes>
            0 -1 144 -1.3403084129095078e-02</internalNodes>
          <leafValues>
            7.2203266620635986e-01 -1.7969830334186554e-01</leafValues></_>
        <_>
          <internalNodes>
            0 -1 33 9.8077754955738783e-04</internalNodes>
          <leafValues>
            2.9402148723602295e-01 -5.7995289564132690e-01</leafValues></_>
        <_>
          <internalNodes>
            0 -1 190 1.3398957671597600e-03</internalNodes>
          <leafValues>
            -2.4079404771327972e-01 6.2342381477355957e-01</leafValues></_>
        <_>
          <internalNodes>
            0 -1 49 2.6516958314459771e-05</internalNodes>
          <leafValues>
            2.3733006417751312e-01 -6.0205453634262085e-01</leafValues></_>
        <_>
          <internalNodes>
            0 -1 168 3.3400565735064447e-04</internalNodes>
          <leafValues>
            -2.3005071282386780e-01 6.3447409868240356e-01</leafValues></_></weakClassifiers></_>
    <!-- stage 15 -->
    <_>
      <maxWeakCount>11</maxWeakCount>
      <stageThreshold>-6.4923858642578125e-01</stageThreshold>
      <weakClassifiers>
        <_>
          <internalNodes>
            0 -1 23 -2.7007166296243668e-02</internalNodes>
          <leafValues>
            -4.0000000596046448e-01 5.7938146591186523e-01</leafValues></_>
        <_>
          <internalNodes>
            0 -1 26 -2.4934768676757812e-02</internalNodes>
          <leafValues>
            6.1376559734344482e-01 -2.5881850719451904e-01</leafValues></_>
        <_>
          <internalNodes>
            0 -1 99 2.4271855363622308e-04</internalNodes>
          <leafValues>
            -4.1235420107841492e-01 4.3520545959472656e-01</leafValues></_>
        <_>
          <internalNodes>
            0 -1 52 -2.8095242669223808e-05</internalNodes>
          <leafValues>
            -6.7048150300979614e-01 2.4567885696887970e-01</leafValues></_>
        <_>
          <internalNodes>
            0 -1 205 -2.6026242412626743e-03</internalNodes>
          <leafValues>
            4.9134019017219543e-01 -3.8837161660194397e-01</leafValues></_>
        <_>
          <internalNodes>
            0 -1 84 1.9271330529591069e-05</internalNodes>
          <leafValues>
            2.5629916787147522e-01 -6.7481774091720581e-01</leafValues></_>
        <_>
          <internalNodes>
            0 -1 46 -8.1917084753513336e-03</internalNodes>
          <leafValues>
            9.3232107162475586e-01 -1.8458385765552521e-01</leafValues></_>
        <_>
          <internalNodes>
            0 -1 191 8.6686413851566613e-06</internalNodes>
          <leafValues>
            3.5098013281822205e-01 -4.7162303328514099e-01</leafValues></_>
        <_>
          <internalNodes>
            0 -1 157 3.8572621997445822e-04</internalNodes>
          <leafValues>
            -4.4737917184829712e-01 3.5697299242019653e-01</leafValues></_>
        <_>
          <internalNodes>
            0 -1 162 5.6057462643366307e-05</internalNodes>
          <leafValues>
            -3.1698149442672729e-01 5.1864260435104370e-01</leafValues></_>
        <_>
          <internalNodes>
            0 -1 108 6.7344761919230223e-04</internalNodes>
          <leafValues>
            1.7054064571857452e-01 -9.8884826898574829e-01</leafValues></_></weakClassifiers></_>
    <!-- stage 16 -->
    <_>
      <maxWeakCount>13</maxWeakCount>
      <stageThreshold>-8.7535238265991211e-01</stageThreshold>
      <weakClassifiers>
        <_>
          <internalNodes>
            0 -1 30 -9.2894271016120911e-02</internalNodes>
          <leafValues>
            -6.2222224473953247e-01 5.2523362636566162e-01</leafValues></_>
        <_>
          <internalNodes>
            0 -1 155 6.9919051602482796e-03</internalNodes>
          <leafValues>
            -2.0890307426452637e-01 5.9076517820358276e-01</leafValues></_>
        <_>
          <internalNodes>
            0 -1 204 -7.4787978082895279e-03</internalNodes>
          <leafValues>
            8.1583333015441895e-01 -1.4044806361198425e-01</leafValues></_>
        <_>
          <internalNodes>
            0 -1 25 1.1928575113415718e-02</internalNodes>
          <leafValues>
            -1.8025687336921692e-01 7.3859953880310059e-01</leafValues></_>
        <_>
          <internalNodes>
            0 -1 18 8.6597038898617029e-04</internalNodes>
          <leafValues>
            -3.8522624969482422e-01 3.8938796520233154e-01</leafValues></_>
        <_>
          <internalNodes>
            0 -1 55 -8.4693136159330606e-04</internalNodes>
          <leafValues>
            -5.2206206321716309e-01 3.1630951166152954e-01</leafValues></_>
        <_>
          <internalNodes>
            0 -1 106 3.0512355268001556e-02</internalNodes>
          <leafValues>
            -2.7238875627517700e-01 6.6934841871261597e-01</leafValues></_>
        <_>
          <internalNodes>
            0 -1 76 1.1700647519319318e-05</internalNodes>
          <leafValues>
            2.8269350528717041e-01 -6.0817241668701172e-01</leafValues></_>
        <_>
          <internalNodes>
            0 -1 126 -3.9489553309977055e-03</internalNodes>
          <leafValues>
            5.0787395238876343e-01 -2.8458070755004883e-01</leafValues></_>
        <_>
          <internalNodes>
            0 -1 107 1.7548952018842101e-04</internalNodes>
          <leafValues>
            3.3572459220886230e-01 -4.5624887943267822e-01</leafValues></_>
        <_>
          <internalNodes>
            0 -1 178 8.0372765660285950e-03</internalNodes>
          <leafValues>
            -1.9337978959083557e-01 7.7156126499176025e-01</leafValues></_>
        <_>
          <internalNodes>
            0 -1 163 -1.5635102754458785e-03</internalNodes>
          <leafValues>
            8.4719520807266235e-01 -1.5494813024997711e-01</leafValues></_>
        <_>
          <internalNodes>
            0 -1 177 4.9048132495954633e-05</internalNodes>
          <leafValues>
            3.7520268559455872e-01 -4.2570483684539795e-01</leafValues></_></weakClassifiers></_>
    <!-- stage 17 -->
    <_>
      <maxWeakCount>9</maxWeakCount>
      <stageThreshold>-5.1853704452514648e-01</stageThreshold>
      <weakClassifiers>
        <_>
          <internalNodes>
            0 -1 14 -5.6461645290255547e-03</internalNodes>
          <leafValues>
            -6.8115943670272827e-01 4.8920863866806030e-01</leafValues></_>
        <_>
          <internalNodes>
            0 -1 57 1.5508280694484711e-01</internalNodes>
          <leafValues>
            1.8059280514717102e-01 -8.2089918851852417e-01</leafValues></_>
        <_>
          <internalNodes>
            0 -1 66 1.6394164413213730e-02</internalNodes>
          <leafValues>
            -2.6500642299652100e-01 6.1562103033065796e-01</leafValues></_>
        <_>
          <internalNodes>
            0 -1 98 1.0256762834615074e-05</internalNodes>
          <leafValues>
            2.7485367655754089e-01 -5.3389531373977661e-01</leafValues></_>
        <_>
          <internalNodes>
            0 -1 64 7.3753902688622475e-04</internalNodes>
          <leafValues>
            2.2520443797111511e-01 -5.7767677307128906e-01</leafValues></_>
        <_>
          <internalNodes>
            0 -1 165 -8.6131913121789694e-04</internalNodes>
          <leafValues>
            4.7668904066085815e-01 -2.9003235697746277e-01</leafValues></_>
        <_>
          <internalNodes>
            0 -1 173 2.5448138330830261e-05</internalNodes>
          <leafValues>
            3.5418397188186646e-01 -3.9061155915260315e-01</leafValues></_>
        <_>
          <internalNodes>
            0 -1 81 -1.5955686569213867e-02</internalNodes>
          <leafValues>
            2.9853606224060059e-01 -4.7863525152206421e-01</leafValues></_>
        <_>
          <internalNodes>
            0 -1 94 -2.7301464229822159e-02</internalNodes>
          <leafValues>
            8.1337553262710571e-01 -1.7444770038127899e-01</leafValues></_></weakClassifiers></_>
    <!-- stage 18 -->
    <_>
      <maxWeakCount>11</maxWeakCount>
      <stageThreshold>-4.5654669404029846e-01</stageThreshold>
      <weakClassifiers>
        <_>
          <internalNodes>
            0 -1 32 9.0945744886994362e-03</internalNodes>
          <leafValues>
            5.2255636453628540e-01 -5.6989246606826782e-01</leafValues></_>
        <_>
          <internalNodes>
            0 -1 103 1.3018138706684113e-02</internalNodes>
          <leafValues>
            -1.3188248872756958e-01 8.5259783267974854e-01</leafValues></_>
        <_>
          <internalNodes>
            0 -1 10 -1.7273767298320308e-05</internalNodes>
          <leafValues>
            -5.1208740472793579e-01 2.9461896419525146e-01</leafValues></_>
        <_>
          <internalNodes>
            0 -1 136 -3.3421476837247610e-04</internalNodes>
          <leafValues>
            2.7204942703247070e-01 -5.1579272747039795e-01</leafValues></_>
        <_>
          <internalNodes>
            0 -1 51 -9.7619922598823905e-06</internalNodes>
          <leafValues>
            -5.0008338689804077e-01 2.9898643493652344e-01</leafValues></_>
        <_>
          <internalNodes>
            0 -1 24 8.8776985649019480e-04</internalNodes>
          <leafValues>
            -1.9422836601734161e-01 7.6962566375732422e-01</leafValues></_>
        <_>
          <internalNodes>
            0 -1 68 -2.7145054191350937e-03</internalNodes>
          <leafValues>
            4.6008479595184326e-01 -3.0057129263877869e-01</leafValues></_>
        <_>
          <internalNodes>
            0 -1 156 6.4420932903885841e-04</internalNodes>
          <leafValues>
            -1.5751926600933075e-01 8.2199412584304810e-01</leafValues></_>
        <_>
          <internalNodes>
            0 -1 207 -1.4607913326472044e-03</internalNodes>
          <leafValues>
            6.9285851716995239e-01 -1.7305617034435272e-01</leafValues></_>
        <_>
          <internalNodes>
            0 -1 12 -5.2136083832010627e-04</internalNodes>
          <leafValues>
            5.9913617372512817e-01 -2.2627118229866028e-01</leafValues></_>
        <_>
          <internalNodes>
            0 -1 185 3.4327371395193040e-05</internalNodes>
          <leafValues>
            2.5451979041099548e-01 -5.2607452869415283e-01</leafValues></_></weakClassifiers></_>
    <!-- stage 19 -->
    <_>
      <maxWeakCount>13</maxWeakCount>
      <stageThreshold>-6.7570489645004272e-01</stageThreshold>
      <weakClassifiers>
        <_>
          <internalNodes>
            0 -1 169 5.3110019507585093e-05</internalNodes>
          <leafValues>
            5.2455794811248779e-01 -3.6206895112991333e-01</leafValues></_>
        <_>
          <internalNodes>
            0 -1 80 -4.9719568341970444e-03</internalNodes>
          <leafValues>
            3.4349390864372253e-01 -3.8811299204826355e-01</leafValues></_>
        <_>
          <internalNodes>
            0 -1 43 9.7412230388727039e-06</internalNodes>
          <leafValues>
            2.3508031666278839e-01 -5.4333007335662842e-01</leafValues></_>
        <_>
          <internalNodes>
            0 -1 6 1.5397181268781424e-03</internalNodes>
          <leafValues>
            -3.8279002904891968e-01 3.8582172989845276e-01</leafValues></_>
        <_>
          <internalNodes>
            0 -1 37 -3.3827198203653097e-03</internalNodes>
          <leafValues>
            6.3359409570693970e-01 -2.1203587949275970e-01</leafValues></_>
        <_>
          <internalNodes>
            0 -1 100 6.9967545568943024e-03</internalNodes>
          <leafValues>
            -1.6491374373435974e-01 9.3578988313674927e-01</leafValues></_>
        <_>
          <internalNodes>
            0 -1 67 -5.6219225371023640e-05</internalNodes>
          <leafValues>
            6.1168676614761353e-01 -1.7816683650016785e-01</leafValues></_>
        <_>
          <internalNodes>
            0 -1 117 -3.9410870522260666e-03</internalNodes>
          <leafValues>
            5.7635396718978882e-01 -1.9859148561954498e-01</leafValues></_>
        <_>
          <internalNodes>
            0 -1 135 1.4509543776512146e-02</internalNodes>
          <leafValues>
            -1.7963750660419464e-01 6.4175826311111450e-01</leafValues></_>
        <_>
          <internalNodes>
            0 -1 71 -1.3080079108476639e-02</internalNodes>
          <leafValues>
            -8.5570812225341797e-01 1.5553900599479675e-01</leafValues></_>
        <_>
          <internalNodes>
            0 -1 195 -2.2820360958576202e-02</internalNodes>
          <leafValues>
            9.0651279687881470e-01 -1.7611959576606750e-01</leafValues></_>
        <_>
          <internalNodes>
            0 -1 69 2.2819455713033676e-02</internalNodes>
          <leafValues>
            -2.2945779561996460e-01 5.1919043064117432e-01</leafValues></_>
        <_>
          <internalNodes>
            0 -1 139 4.2900722473859787e-03</internalNodes>
          <leafValues>
            -1.8925887346267700e-01 6.3062518835067749e-01</leafValues></_></weakClassifiers></_></stages>
  <features>
    <_>
      <rects>
        <_>
          0 0 6 55 -1.</_>
        <_>
          3 0 3 55 2.</_></rects>
      <tilted>0</tilted></_>
    <_>
      <rects>
        <_>
          0 0 49 16 -1.</_>
        <_>
          0 8 49 8 2.</_></rects>
      <tilted>0</tilted></_>
    <_>
      <rects>
        <_>
          0 2 53 66 -1.</_>
        <_>
          0 24 53 22 3.</_></rects>
      <tilted>0</tilted></_>
    <_>
      <rects>
        <_>
          0 6 14 66 -1.</_>
        <_>
          7 6 7 66 2.</_></rects>
      <tilted>0</tilted></_>
    <_>
      <rects>
        <_>
          0 18 50 53 -1.</_>
        <_>
          25 18 25 53 2.</_></rects>
      <tilted>0</tilted></_>
    <_>
      <rects>
        <_>
          0 19 12 31 -1.</_>
        <_>
          4 19 4 31 3.</_></rects>
      <tilted>0</tilted></_>
    <_>
      <rects>
        <_>
          0 21 6 44 -1.</_>
        <_>
          3 21 3 44 2.</_></rects>
      <tilted>0</tilted></_>
    <_>
      <rects>
        <_>
          0 23 2 25 -1.</_>
        <_>
          1 23 1 25 2.</_></rects>
      <tilted>0</tilted></_>
    <_>
      <rects>
        <_>
          0 23 4 26 -1.</_>
        <_>
          2 23 2 26 2.</_></rects>
      <tilted>0</tilted></_>
    <_>
      <rects>
        <_>
          0 23 42 48 -1.</_>
        <_>
          14 23 14 48 3.</_></rects>
      <tilted>0</tilted></_>
    <_>
      <rects>
        <_>
          0 24 3 2 -1.</_>
        <_>
          0 25 3 1 2.</_></rects>
      <tilted>0</tilted></_>
    <_>
      <rects>
        <_>
          0 25 2 33 -1.</_>
        <_>
          1 25 1 33 2.</_></rects>
      <tilted>0</tilted></_>
    <_>
      <rects>
        <_>
          0 26 2 30 -1.</_>
        <_>
          0 26 1 15 2.</_>
        <_>
          1 41 1 15 2.</_></rects>
      <tilted>0</tilted></_>
    <_>
      <rects>
        <_>
          0 29 44 6 -1.</_>
        <_>
          0 32 44 3 2.</_></rects>
      <tilted>0</tilted></_>
    <_>
      <rects>
        <_>
          0 31 36 6 -1.</_>
        <_>
          0 34 36 3 2.</_></rects>
      <tilted>0</tilted></_>
    <_>
      <rects>
        <_>
          0 34 26 16 -1.</_>
        <_>
          0 34 13 8 2.</_>
        <_>
          13 42 13 8 2.</_></rects>
      <tilted>0</tilted></_>
    <_>
      <rects>
        <_>
          0 35 6 30 -1.</_>
        <_>
          0 50 6 15 2.</_></rects>
      <tilted>0</tilted></_>
    <_>
      <rects>
        <_>
          0 36 8 18 -1.</_>
        <_>
          0 36 4 9 2.</_>
        <_>
          4 45 4 9 2.</_></rects>
      <tilted>0</tilted></_>
    <_>
      <rects>
        <_>
          1 1 24 9 -1.</_>
        <_>
          13 1 12 9 2.</_></rects>
      <tilted>0</tilted></_>
    <_>
      <rects>
        <_>
          1 2 22 38 -1.</_>
        <_>
          1 2 11 19 2.</_>
        <_>
          12 21 11 19 2.</_></rects>
      <tilted>0</tilted></_>
    <_>
      <rects>
        <_>
          1 6 44 10 -1.</_>
        <_>
          1 6 22 5 2.</_>
        <_>
          23 11 22 5 2.</_></rects>
      <tilted>0</tilted></_>
    <_>
      <rects>
        <_>
          1 6 56 66 -1.</_>
        <_>
          29 6 28 66 2.</_></rects>
      <tilted>0</tilted></_>
    <_>
      <rects>
        <_>
          1 12 54 52 -1.</_>
        <_>
          28 12 27 52 2.</_></rects>
      <tilted>0</tilted></_>
    <_>
      <rects>
        <_>
          1 14 28 36 -1.</_>
        <_>
          1 26 28 12 3.</_></rects>
      <tilted>0</tilted></_>
    <_>
      <rects>
        <_>
          1 16 2 34 -1.</_>
        <_>
          1 16 1 17 2.</_>
        <_>
          2 33 1 17 2.</_></rects>
      <tilted>0</tilted></_>
    <_>
      <rects>
        <_>
          1 20 10 42 -1.</_>
        <_>
          1 20 5 21 2.</_>
        <_>
          6 41 5 21 2.</_></rects>
      <tilted>0</tilted></_>
    <_>
      <rects>
        <_>
          1 32 47 16 -1.</_>
        <_>
          1 40 47 8 2.</_></rects>
      <tilted>0</tilted></_>
    <_>
      <rects>
        <_>
          1 34 26 3 -1.</_>
        <_>
          14 34 13 3 2.</_></rects>
      <tilted>0</tilted></_>
    <_>
      <rects>
        <_>
          1 40 48 22 -1.</_>
        <_>
          1 40 24 11 2.</_>
        <_>
          25 51 24 11 2.</_></rects>
      <tilted>0</tilted></_>
    <_>
      <rects>
        <_>
          1 46 21 4 -1.</_>
        <_>
          1 48 21 2 2.</_></rects>
      <tilted>0</tilted></_>
    <_>
      <rects>
        <_>
          2 16 58 42 -1.</_>
        <_>
          2 30 58 14 3.</_></rects>
      <tilted>0</tilted></_>
    <_>
      <rects>
        <_>
          2 17 1 2 -1.</_>
        <_>
          2 18 1 1 2.</_></rects>
      <tilted>0</tilted></_>
    <_>
      <rects>
        <_>
          2 27 19 18 -1.</_>
        <_>
          2 33 19 6 3.</_></rects>
      <tilted>0</tilted></_>
    <_>
      <rects>
        <_>
          2 47 27 12 -1.</_>
        <_>
          2 53 27 6 2.</_></rects>
      <tilted>0</tilted></_>
    <_>
      <rects>
        <_>
          2 56 59 16 -1.</_>
        <_>
          2 64 59 8 2.</_></rects>
      <tilted>0</tilted></_>
    <_>
      <rects>
        <_>
          3 0 47 4 -1.</_>
        <_>
          3 2 47 2 2.</_></rects>
      <tilted>0</tilted></_>
    <_>
      <rects>
        <_>
          3 1 15 22 -1.</_>
        <_>
          3 12 15 11 2.</_></rects>
      <tilted>0</tilted></_>
    <_>
      <rects>
        <_>
          3 20 8 22 -1.</_>
        <_>
          3 20 4 11 2.</_>
        <_>
          7 31 4 11 2.</_></rects>
      <tilted>0</tilted></_>
    <_>
      <rects>
        <_>
          3 28 24 15 -1.</_>
        <_>
          15 28 12 15 2.</_></rects>
      <tilted>0</tilted></_>
    <_>
      <rects>
        <_>
          3 33 16 32 -1.</_>
        <_>
          3 49 16 16 2.</_></rects>
      <tilted>0</tilted></_>
    <_>
      <rects>
        <_>
          3 37 13 6 -1.</_>
        <_>
          3 39 13 2 3.</_></rects>
      <tilted>0</tilted></_>
    <_>
      <rects>
        <_>
          3 37 23 10 -1.</_>
        <_>
          3 42 23 5 2.</_></rects>
      <tilted>0</tilted></_>
    <_>
      <rects>
        <_>
          4 17 24 33 -1.</_>
        <_>
          4 28 24 11 3.</_></rects>
      <tilted>0</tilted></_>
    <_>
      <rects>
        <_>
          4 23 2 1 -1.</_>
        <_>
          5 23 1 1 2.</_></rects>
      <tilted>0</tilted></_>
    <_>
      <rects>
        <_>
          4 25 46 9 -1.</_>
        <_>
          4 28 46 3 3.</_></rects>
      <tilted>0</tilted></_>
    <_>
      <rects>
        <_>
          4 27 57 8 -1.</_>
        <_>
          23 27 19 8 3.</_></rects>
      <tilted>0</tilted></_>
    <_>
      <rects>
        <_>
          4 28 12 32 -1.</_>
        <_>
          4 28 6 16 2.</_>
        <_>
          10 44 6 16 2.</_></rects>
      <tilted>0</tilted></_>
    <_>
      <rects>
        <_>
          4 29 4 1 -1.</_>
        <_>
          6 29 2 1 2.</_></rects>
      <tilted>0</tilted></_>
    <_>
      <rects>
        <_>
          4 30 41 6 -1.</_>
        <_>
          4 33 41 3 2.</_></rects>
      <tilted>0</tilted></_>
    <_>
      <rects>
        <_>
          4 33 2 3 -1.</_>
        <_>
          5 33 1 3 2.</_></rects>
      <tilted>0</tilted></_>
    <_>
      <rects>
        <_>
          4 34 2 1 -1.</_>
        <_>
          5 34 1 1 2.</_></rects>
      <tilted>0</tilted></_>
    <_>
      <rects>
        <_>
          5 10 2 2 -1.</_>
        <_>
          5 11 2 1 2.</_></rects>
      <tilted>0</tilted></_>
    <_>
      <rects>
        <_>
          5 18 1 4 -1.</_>
        <_>
          5 20 1 2 2.</_></rects>
      <tilted>0</tilted></_>
    <_>
      <rects>
        <_>
          5 33 1 3 -1.</_>
        <_>
          5 34 1 1 3.</_></rects>
      <tilted>0</tilted></_>
    <_>
      <rects>
        <_>
          5 49 46 14 -1.</_>
        <_>
          5 49 23 7 2.</_>
        <_>
          28 56 23 7 2.</_></rects>
      <tilted>0</tilted></_>
    <_>
      <rects>
        <_>
          5 52 12 4 -1.</_>
        <_>
          5 54 12 2 2.</_></rects>
      <tilted>0</tilted></_>
    <_>
      <rects>
        <_>
          6 6 42 51 -1.</_>
        <_>
          27 6 21 51 2.</_></rects>
      <tilted>0</tilted></_>
    <_>
      <rects>
        <_>
          6 10 54 29 -1.</_>
        <_>
          33 10 27 29 2.</_></rects>
      <tilted>0</tilted></_>
    <_>
      <rects>
        <_>
          6 19 53 24 -1.</_>
        <_>
          6 31 53 12 2.</_></rects>
      <tilted>0</tilted></_>
    <_>
      <rects>
        <_>
          6 31 24 2 -1.</_>
        <_>
          14 31 8 2 3.</_></rects>
      <tilted>0</tilted></_>
    <_>
      <rects>
        <_>
          6 32 35 40 -1.</_>
        <_>
          6 52 35 20 2.</_></rects>
      <tilted>0</tilted></_>
    <_>
      <rects>
        <_>
          6 52 21 4 -1.</_>
        <_>
          6 54 21 2 2.</_></rects>
      <tilted>0</tilted></_>
    <_>
      <rects>
        <_>
          7 29 13 15 -1.</_>
        <_>
          7 34 13 5 3.</_></rects>
      <tilted>0</tilted></_>
    <_>
      <rects>
        <_>
          7 31 15 6 -1.</_>
        <_>
          7 33 15 2 3.</_></rects>
      <tilted>0</tilted></_>
    <_>
      <rects>
        <_>
          7 40 23 6 -1.</_>
        <_>
          7 42 23 2 3.</_></rects>
      <tilted>0</tilted></_>
    <_>
      <rects>
        <_>
          8 0 12 30 -1.</_>
        <_>
          8 10 12 10 3.</_></rects>
      <tilted>0</tilted></_>
    <_>
      <rects>
        <_>
          8 0 51 15 -1.</_>
        <_>
          8 5 51 5 3.</_></rects>
      <tilted>0</tilted></_>
    <_>
      <rects>
        <_>
          8 30 12 2 -1.</_>
        <_>
          8 30 6 1 2.</_>
        <_>
          14 31 6 1 2.</_></rects>
      <tilted>0</tilted></_>
    <_>
      <rects>
        <_>
          8 32 11 18 -1.</_>
        <_>
          8 41 11 9 2.</_></rects>
      <tilted>0</tilted></_>
    <_>
      <rects>
        <_>
          9 14 38 18 -1.</_>
        <_>
          9 14 19 9 2.</_>
        <_>
          28 23 19 9 2.</_></rects>
      <tilted>0</tilted></_>
    <_>
      <rects>
        <_>
          9 15 14 44 -1.</_>
        <_>
          9 15 7 22 2.</_>
        <_>
          16 37 7 22 2.</_></rects>
      <tilted>0</tilted></_>
    <_>
      <rects>
        <_>
          9 16 26 12 -1.</_>
        <_>
          9 20 26 4 3.</_></rects>
      <tilted>0</tilted></_>
    <_>
      <rects>
        <_>
          9 23 33 22 -1.</_>
        <_>
          20 23 11 22 3.</_></rects>
      <tilted>0</tilted></_>
    <_>
      <rects>
        <_>
          9 27 30 12 -1.</_>
        <_>
          19 27 10 12 3.</_></rects>
      <tilted>0</tilted></_>
    <_>
      <rects>
        <_>
          9 32 48 19 -1.</_>
        <_>
          25 32 16 19 3.</_></rects>
      <tilted>0</tilted></_>
    <_>
      <rects>
        <_>
          10 0 32 2 -1.</_>
        <_>
          10 1 32 1 2.</_></rects>
      <tilted>0</tilted></_>
    <_>
      <rects>
        <_>
          10 10 2 1 -1.</_>
        <_>
          11 10 1 1 2.</_></rects>
      <tilted>0</tilted></_>
    <_>
      <rects>
        <_>
          10 10 1 2 -1.</_>
        <_>
          10 11 1 1 2.</_></rects>
      <tilted>0</tilted></_>
    <_>
      <rects>
        <_>
          10 48 19 2 -1.</_>
        <_>
          10 49 19 1 2.</_></rects>
      <tilted>0</tilted></_>
    <_>
      <rects>
        <_>
          11 0 28 18 -1.</_>
        <_>
          11 0 14 9 2.</_>
        <_>
          25 9 14 9 2.</_></rects>
      <tilted>0</tilted></_>
    <_>
      <rects>
        <_>
          11 7 16 43 -1.</_>
        <_>
          19 7 8 43 2.</_></rects>
      <tilted>0</tilted></_>
    <_>
      <rects>
        <_>
          11 23 30 39 -1.</_>
        <_>
          21 23 10 39 3.</_></rects>
      <tilted>0</tilted></_>
    <_>
      <rects>
        <_>
          12 0 32 2 -1.</_>
        <_>
          12 1 32 1 2.</_></rects>
      <tilted>0</tilted></_>
    <_>
      <rects>
        <_>
          12 10 30 6 -1.</_>
        <_>
          12 10 15 3 2.</_>
        <_>
          27 13 15 3 2.</_></rects>
      <tilted>0</tilted></_>
    <_>
      <rects>
        <_>
          12 19 1 2 -1.</_>
        <_>
          12 20 1 1 2.</_></rects>
      <tilted>0</tilted></_>
    <_>
      <rects>
        <_>
          12 26 38 22 -1.</_>
        <_>
          12 26 19 11 2.</_>
        <_>
          31 37 19 11 2.</_></rects>
      <tilted>0</tilted></_>
    <_>
      <rects>
        <_>
          12 27 27 19 -1.</_>
        <_>
          21 27 9 19 3.</_></rects>
      <tilted>0</tilted></_>
    <_>
      <rects>
        <_>
          12 28 7 3 -1.</_>
        <_>
          12 29 7 1 3.</_></rects>
      <tilted>0</tilted></_>
    <_>
      <rects>
        <_>
          12 35 24 1 -1.</_>
        <_>
          20 35 8 1 3.</_></rects>
      <tilted>0</tilted></_>
    <_>
      <rects>
        <_>
          13 20 10 10 -1.</_>
        <_>
          18 20 5 10 2.</_></rects>
      <tilted>0</tilted></_>
    <_>
      <rects>
        <_>
          13 22 22 8 -1.</_>
        <_>
          13 22 11 4 2.</_>
        <_>
          24 26 11 4 2.</_></rects>
      <tilted>0</tilted></_>
    <_>
      <rects>
        <_>
          13 25 24 16 -1.</_>
        <_>
          21 25 8 16 3.</_></rects>
      <tilted>0</tilted></_>
    <_>
      <rects>
        <_>
          13 41 10 3 -1.</_>
        <_>
          13 42 10 1 3.</_></rects>
      <tilted>0</tilted></_>
    <_>
      <rects>
        <_>
          13 49 14 5 -1.</_>
        <_>
          20 49 7 5 2.</_></rects>
      <tilted>0</tilted></_>
    <_>
      <rects>
        <_>
          14 2 34 38 -1.</_>
        <_>
          14 2 17 19 2.</_>
        <_>
          31 21 17 19 2.</_></rects>
      <tilted>0</tilted></_>
    <_>
      <rects>
        <_>
          14 36 12 1 -1.</_>
        <_>
          18 36 4 1 3.</_></rects>
      <tilted>0</tilted></_>
    <_>
      <rects>
        <_>
          14 38 2 3 -1.</_>
        <_>
          14 39 2 1 3.</_></rects>
      <tilted>0</tilted></_>
    <_>
      <rects>
        <_>
          14 41 11 6 -1.</_>
        <_>
          14 43 11 2 3.</_></rects>
      <tilted>0</tilted></_>
    <_>
      <rects>
        <_>
          15 16 2 1 -1.</_>
        <_>
          16 16 1 1 2.</_></rects>
      <tilted>0</tilted></_>
    <_>
      <rects>
        <_>
          15 23 6 22 -1.</_>
        <_>
          15 23 3 11 2.</_>
        <_>
          18 34 3 11 2.</_></rects>
      <tilted>0</tilted></_>
    <_>
      <rects>
        <_>
          15 32 18 3 -1.</_>
        <_>
          21 32 6 3 3.</_></rects>
      <tilted>0</tilted></_>
    <_>
      <rects>
        <_>
          15 47 12 2 -1.</_>
        <_>
          15 48 12 1 2.</_></rects>
      <tilted>0</tilted></_>
    <_>
      <rects>
        <_>
          16 23 8 12 -1.</_>
        <_>
          16 23 4 6 2.</_>
        <_>
          20 29 4 6 2.</_></rects>
      <tilted>0</tilted></_>
    <_>
      <rects>
        <_>
          16 35 24 4 -1.</_>
        <_>
          28 35 12 4 2.</_></rects>
      <tilted>0</tilted></_>
    <_>
      <rects>
        <_>
          17 17 14 14 -1.</_>
        <_>
          17 17 7 7 2.</_>
        <_>
          24 24 7 7 2.</_></rects>
      <tilted>0</tilted></_>
    <_>
      <rects>
        <_>
          17 34 3 10 -1.</_>
        <_>
          18 34 1 10 3.</_></rects>
      <tilted>0</tilted></_>
    <_>
      <rects>
        <_>
          18 11 42 22 -1.</_>
        <_>
          18 11 21 11 2.</_>
        <_>
          39 22 21 11 2.</_></rects>
      <tilted>0</tilted></_>
    <_>
      <rects>
        <_>
          18 13 8 6 -1.</_>
        <_>
          18 16 8 3 2.</_></rects>
      <tilted>0</tilted></_>
    <_>
      <rects>
        <_>
          18 30 3 20 -1.</_>
        <_>
          19 30 1 20 3.</_></rects>
      <tilted>0</tilted></_>
    <_>
      <rects>
        <_>
          18 33 30 5 -1.</_>
        <_>
          28 33 10 5 3.</_></rects>
      <tilted>0</tilted></_>
    <_>
      <rects>
        <_>
          19 9 16 42 -1.</_>
        <_>
          19 30 16 21 2.</_></rects>
      <tilted>0</tilted></_>
    <_>
      <rects>
        <_>
          19 39 18 4 -1.</_>
        <_>
          25 39 6 4 3.</_></rects>
      <tilted>0</tilted></_>
    <_>
      <rects>
        <_>
          19 49 6 1 -1.</_>
        <_>
          21 49 2 1 3.</_></rects>
      <tilted>0</tilted></_>
    <_>
      <rects>
        <_>
          20 5 12 28 -1.</_>
        <_>
          20 5 6 14 2.</_>
        <_>
          26 19 6 14 2.</_></rects>
      <tilted>0</tilted></_>
    <_>
      <rects>
        <_>
          20 29 8 10 -1.</_>
        <_>
          20 29 4 5 2.</_>
        <_>
          24 34 4 5 2.</_></rects>
      <tilted>0</tilted></_>
    <_>
      <rects>
        <_>
          20 34 8 3 -1.</_>
        <_>
          24 34 4 3 2.</_></rects>
      <tilted>0</tilted></_>
    <_>
      <rects>
        <_>
          20 47 9 8 -1.</_>
        <_>
          23 47 3 8 3.</_></rects>
      <tilted>0</tilted></_>
    <_>
      <rects>
        <_>
          20 55 30 4 -1.</_>
        <_>
          30 55 10 4 3.</_></rects>
      <tilted>0</tilted></_>
    <_>
      <rects>
        <_>
          21 9 18 16 -1.</_>
        <_>
          21 9 9 8 2.</_>
        <_>
          30 17 9 8 2.</_></rects>
      <tilted>0</tilted></_>
    <_>
      <rects>
        <_>
          21 30 22 5 -1.</_>
        <_>
          32 30 11 5 2.</_></rects>
      <tilted>0</tilted></_>
    <_>
      <rects>
        <_>
          21 34 8 3 -1.</_>
        <_>
          25 34 4 3 2.</_></rects>
      <tilted>0</tilted></_>
    <_>
      <rects>
        <_>
          21 34 21 3 -1.</_>
        <_>
          28 34 7 3 3.</_></rects>
      <tilted>0</tilted></_>
    <_>
      <rects>
        <_>
          21 35 14 13 -1.</_>
        <_>
          28 35 7 13 2.</_></rects>
      <tilted>0</tilted></_>
    <_>
      <rects>
        <_>
          22 14 30 42 -1.</_>
        <_>
          37 14 15 42 2.</_></rects>
      <tilted>0</tilted></_>
    <_>
      <rects>
        <_>
          22 26 20 12 -1.</_>
        <_>
          22 30 20 4 3.</_></rects>
      <tilted>0</tilted></_>
    <_>
      <rects>
        <_>
          23 6 20 14 -1.</_>
        <_>
          23 6 10 7 2.</_>
        <_>
          33 13 10 7 2.</_></rects>
      <tilted>0</tilted></_>
    <_>
      <rects>
        <_>
          23 8 20 12 -1.</_>
        <_>
          23 12 20 4 3.</_></rects>
      <tilted>0</tilted></_>
    <_>
      <rects>
        <_>
          23 17 1 15 -1.</_>
        <_>
          23 22 1 5 3.</_></rects>
      <tilted>0</tilted></_>
    <_>
      <rects>
        <_>
          23 35 18 6 -1.</_>
        <_>
          23 37 18 2 3.</_></rects>
      <tilted>0</tilted></_>
    <_>
      <rects>
        <_>
          23 48 8 4 -1.</_>
        <_>
          27 48 4 4 2.</_></rects>
      <tilted>0</tilted></_>
    <_>
      <rects>
        <_>
          24 33 6 1 -1.</_>
        <_>
          26 33 2 1 3.</_></rects>
      <tilted>0</tilted></_>
    <_>
      <rects>
        <_>
          24 41 3 6 -1.</_>
        <_>
          24 44 3 3 2.</_></rects>
      <tilted>0</tilted></_>
    <_>
      <rects>
        <_>
          25 24 16 12 -1.</_>
        <_>
          25 28 16 4 3.</_></rects>
      <tilted>0</tilted></_>
    <_>
      <rects>
        <_>
          25 35 6 4 -1.</_>
        <_>
          25 35 3 2 2.</_>
        <_>
          28 37 3 2 2.</_></rects>
      <tilted>0</tilted></_>
    <_>
      <rects>
        <_>
          25 36 6 2 -1.</_>
        <_>
          25 36 3 1 2.</_>
        <_>
          28 37 3 1 2.</_></rects>
      <tilted>0</tilted></_>
    <_>
      <rects>
        <_>
          26 3 21 27 -1.</_>
        <_>
          26 12 21 9 3.</_></rects>
      <tilted>0</tilted></_>
    <_>
      <rects>
        <_>
          26 25 9 16 -1.</_>
        <_>
          26 33 9 8 2.</_></rects>
      <tilted>0</tilted></_>
    <_>
      <rects>
        <_>
          27 12 16 6 -1.</_>
        <_>
          27 12 8 3 2.</_>
        <_>
          35 15 8 3 2.</_></rects>
      <tilted>0</tilted></_>
    <_>
      <rects>
        <_>
          27 27 3 21 -1.</_>
        <_>
          27 34 3 7 3.</_></rects>
      <tilted>0</tilted></_>
    <_>
      <rects>
        <_>
          28 13 20 9 -1.</_>
        <_>
          28 16 20 3 3.</_></rects>
      <tilted>0</tilted></_>
    <_>
      <rects>
        <_>
          28 28 3 21 -1.</_>
        <_>
          28 35 3 7 3.</_></rects>
      <tilted>0</tilted></_>
    <_>
      <rects>
        <_>
          28 29 12 17 -1.</_>
        <_>
          32 29 4 17 3.</_></rects>
      <tilted>0</tilted></_>
    <_>
      <rects>
        <_>
          28 29 12 15 -1.</_>
        <_>
          34 29 6 15 2.</_></rects>
      <tilted>0</tilted></_>
    <_>
      <rects>
        <_>
          29 23 15 21 -1.</_>
        <_>
          34 23 5 21 3.</_></rects>
      <tilted>0</tilted></_>
    <_>
      <rects>
        <_>
          29 34 16 15 -1.</_>
        <_>
          29 39 16 5 3.</_></rects>
      <tilted>0</tilted></_>
    <_>
      <rects>
        <_>
          29 35 2 2 -1.</_>
        <_>
          30 35 1 2 2.</_></rects>
      <tilted>0</tilted></_>
    <_>
      <rects>
        <_>
          29 40 1 4 -1.</_>
        <_>
          29 42 1 2 2.</_></rects>
      <tilted>0</tilted></_>
    <_>
      <rects>
        <_>
          30 2 2 15 -1.</_>
        <_>
          30 7 2 5 3.</_></rects>
      <tilted>0</tilted></_>
    <_>
      <rects>
        <_>
          30 18 22 54 -1.</_>
        <_>
          30 18 11 27 2.</_>
        <_>
          41 45 11 27 2.</_></rects>
      <tilted>0</tilted></_>
    <_>
      <rects>
        <_>
          30 20 22 22 -1.</_>
        <_>
          30 20 11 11 2.</_>
        <_>
          41 31 11 11 2.</_></rects>
      <tilted>0</tilted></_>
    <_>
      <rects>
        <_>
          31 35 1 2 -1.</_>
        <_>
          31 36 1 1 2.</_></rects>
      <tilted>0</tilted></_>
    <_>
      <rects>
        <_>
          32 33 15 14 -1.</_>
        <_>
          37 33 5 14 3.</_></rects>
      <tilted>0</tilted></_>
    <_>
      <rects>
        <_>
          33 32 8 15 -1.</_>
        <_>
          33 37 8 5 3.</_></rects>
      <tilted>0</tilted></_>
    <_>
      <rects>
        <_>
          33 36 7 9 -1.</_>
        <_>
          33 39 7 3 3.</_></rects>
      <tilted>0</tilted></_>
    <_>
      <rects>
        <_>
          33 54 19 18 -1.</_>
        <_>
          33 63 19 9 2.</_></rects>
      <tilted>0</tilted></_>
    <_>
      <rects>
        <_>
          34 13 2 39 -1.</_>
        <_>
          34 26 2 13 3.</_></rects>
      <tilted>0</tilted></_>
    <_>
      <rects>
        <_>
          34 15 23 3 -1.</_>
        <_>
          34 16 23 1 3.</_></rects>
      <tilted>0</tilted></_>
    <_>
      <rects>
        <_>
          35 20 12 20 -1.</_>
        <_>
          39 20 4 20 3.</_></rects>
      <tilted>0</tilted></_>
    <_>
      <rects>
        <_>
          35 36 2 1 -1.</_>
        <_>
          36 36 1 1 2.</_></rects>
      <tilted>0</tilted></_>
    <_>
      <rects>
        <_>
          35 37 10 10 -1.</_>
        <_>
          35 37 5 5 2.</_>
        <_>
          40 42 5 5 2.</_></rects>
      <tilted>0</tilted></_>
    <_>
      <rects>
        <_>
          35 44 7 14 -1.</_>
        <_>
          35 51 7 7 2.</_></rects>
      <tilted>0</tilted></_>
    <_>
      <rects>
        <_>
          36 8 4 6 -1.</_>
        <_>
          36 11 4 3 2.</_></rects>
      <tilted>0</tilted></_>
    <_>
      <rects>
        <_>
          36 23 16 10 -1.</_>
        <_>
          36 23 8 5 2.</_>
        <_>
          44 28 8 5 2.</_></rects>
      <tilted>0</tilted></_>
    <_>
      <rects>
        <_>
          37 13 4 9 -1.</_>
        <_>
          37 16 4 3 3.</_></rects>
      <tilted>0</tilted></_>
    <_>
      <rects>
        <_>
          37 14 14 4 -1.</_>
        <_>
          37 14 7 2 2.</_>
        <_>
          44 16 7 2 2.</_></rects>
      <tilted>0</tilted></_>
    <_>
      <rects>
        <_>
          37 19 22 2 -1.</_>
        <_>
          48 19 11 2 2.</_></rects>
      <tilted>0</tilted></_>
    <_>
      <rects>
        <_>
          37 26 2 12 -1.</_>
        <_>
          37 30 2 4 3.</_></rects>
      <tilted>0</tilted></_>
    <_>
      <rects>
        <_>
          37 30 2 2 -1.</_>
        <_>
          38 30 1 2 2.</_></rects>
      <tilted>0</tilted></_>
    <_>
      <rects>
        <_>
          38 12 18 2 -1.</_>
        <_>
          38 12 9 1 2.</_>
        <_>
          47 13 9 1 2.</_></rects>
      <tilted>0</tilted></_>
    <_>
      <rects>
        <_>
          38 29 2 4 -1.</_>
        <_>
          39 29 1 4 2.</_></rects>
      <tilted>0</tilted></_>
    <_>
      <rects>
        <_>
          38 30 1 4 -1.</_>
        <_>
          38 32 1 2 2.</_></rects>
      <tilted>0</tilted></_>
    <_>
      <rects>
        <_>
          38 31 2 20 -1.</_>
        <_>
          38 41 2 10 2.</_></rects>
      <tilted>0</tilted></_>
    <_>
      <rects>
        <_>
          38 48 4 24 -1.</_>
        <_>
          38 56 4 8 3.</_></rects>
      <tilted>0</tilted></_>
    <_>
      <rects>
        <_>
          39 5 9 2 -1.</_>
        <_>
          39 6 9 1 2.</_></rects>
      <tilted>0</tilted></_>
    <_>
      <rects>
        <_>
          39 10 5 42 -1.</_>
        <_>
          39 24 5 14 3.</_></rects>
      <tilted>0</tilted></_>
    <_>
      <rects>
        <_>
          39 19 4 1 -1.</_>
        <_>
          41 19 2 1 2.</_></rects>
      <tilted>0</tilted></_>
    <_>
      <rects>
        <_>
          39 32 4 5 -1.</_>
        <_>
          41 32 2 5 2.</_></rects>
      <tilted>0</tilted></_>
    <_>
      <rects>
        <_>
          39 53 10 8 -1.</_>
        <_>
          39 53 5 4 2.</_>
        <_>
          44 57 5 4 2.</_></rects>
      <tilted>0</tilted></_>
    <_>
      <rects>
        <_>
          40 14 18 16 -1.</_>
        <_>
          40 14 9 8 2.</_>
        <_>
          49 22 9 8 2.</_></rects>
      <tilted>0</tilted></_>
    <_>
      <rects>
        <_>
          40 34 4 3 -1.</_>
        <_>
          42 34 2 3 2.</_></rects>
      <tilted>0</tilted></_>
    <_>
      <rects>
        <_>
          41 9 1 9 -1.</_>
        <_>
          41 12 1 3 3.</_></rects>
      <tilted>0</tilted></_>
    <_>
      <rects>
        <_>
          41 31 3 6 -1.</_>
        <_>
          41 33 3 2 3.</_></rects>
      <tilted>0</tilted></_>
    <_>
      <rects>
        <_>
          41 41 7 15 -1.</_>
        <_>
          41 46 7 5 3.</_></rects>
      <tilted>0</tilted></_>
    <_>
      <rects>
        <_>
          41 41 16 22 -1.</_>
        <_>
          41 41 8 11 2.</_>
        <_>
          49 52 8 11 2.</_></rects>
      <tilted>0</tilted></_>
    <_>
      <rects>
        <_>
          41 45 6 18 -1.</_>
        <_>
          41 51 6 6 3.</_></rects>
      <tilted>0</tilted></_>
    <_>
      <rects>
        <_>
          41 65 6 2 -1.</_>
        <_>
          41 65 3 1 2.</_>
        <_>
          44 66 3 1 2.</_></rects>
      <tilted>0</tilted></_>
    <_>
      <rects>
        <_>
          43 38 16 30 -1.</_>
        <_>
          43 38 8 15 2.</_>
        <_>
          51 53 8 15 2.</_></rects>
      <tilted>0</tilted></_>
    <_>
      <rects>
        <_>
          44 36 2 3 -1.</_>
        <_>
          45 36 1 3 2.</_></rects>
      <tilted>0</tilted></_>
    <_>
      <rects>
        <_>
          44 65 1 2 -1.</_>
        <_>
          44 66 1 1 2.</_></rects>
      <tilted>0</tilted></_>
    <_>
      <rects>
        <_>
          45 60 3 4 -1.</_>
        <_>
          45 62 3 2 2.</_></rects>
      <tilted>0</tilted></_>
    <_>
      <rects>
        <_>
          47 14 2 18 -1.</_>
        <_>
          47 20 2 6 3.</_></rects>
      <tilted>0</tilted></_>
    <_>
      <rects>
        <_>
          48 18 1 2 -1.</_>
        <_>
          48 19 1 1 2.</_></rects>
      <tilted>0</tilted></_>
    <_>
      <rects>
        <_>
          48 28 12 32 -1.</_>
        <_>
          48 28 6 16 2.</_>
        <_>
          54 44 6 16 2.</_></rects>
      <tilted>0</tilted></_>
    <_>
      <rects>
        <_>
          49 41 2 30 -1.</_>
        <_>
          49 51 2 10 3.</_></rects>
      <tilted>0</tilted></_>
    <_>
      <rects>
        <_>
          49 61 2 2 -1.</_>
        <_>
          49 62 2 1 2.</_></rects>
      <tilted>0</tilted></_>
    <_>
      <rects>
        <_>
          50 1 10 29 -1.</_>
        <_>
          55 1 5 29 2.</_></rects>
      <tilted>0</tilted></_>
    <_>
      <rects>
        <_>
          50 36 10 22 -1.</_>
        <_>
          50 36 5 11 2.</_>
        <_>
          55 47 5 11 2.</_></rects>
      <tilted>0</tilted></_>
    <_>
      <rects>
        <_>
          52 54 2 8 -1.</_>
        <_>
          52 58 2 4 2.</_></rects>
      <tilted>0</tilted></_>
    <_>
      <rects>
        <_>
          53 48 1 2 -1.</_>
        <_>
          53 49 1 1 2.</_></rects>
      <tilted>0</tilted></_>
    <_>
      <rects>
        <_>
          53 51 2 4 -1.</_>
        <_>
          53 53 2 2 2.</_></rects>
      <tilted>0</tilted></_>
    <_>
      <rects>
        <_>
          54 0 1 26 -1.</_>
        <_>
          54 13 1 13 2.</_></rects>
      <tilted>0</tilted></_>
    <_>
      <rects>
        <_>
          54 14 4 32 -1.</_>
        <_>
          54 14 2 16 2.</_>
        <_>
          56 30 2 16 2.</_></rects>
      <tilted>0</tilted></_>
    <_>
      <rects>
        <_>
          55 6 6 62 -1.</_>
        <_>
          58 6 3 62 2.</_></rects>
      <tilted>0</tilted></_>
    <_>
      <rects>
        <_>
          55 10 6 50 -1.</_>
        <_>
          58 10 3 50 2.</_></rects>
      <tilted>0</tilted></_>
    <_>
      <rects>
        <_>
          55 18 6 42 -1.</_>
        <_>
          55 18 3 21 2.</_>
        <_>
          58 39 3 21 2.</_></rects>
      <tilted>0</tilted></_>
    <_>
      <rects>
        <_>
          55 19 6 23 -1.</_>
        <_>
          58 19 3 23 2.</_></rects>
      <tilted>0</tilted></_>
    <_>
      <rects>
        <_>
          56 54 1 18 -1.</_>
        <_>
          56 63 1 9 2.</_></rects>
      <tilted>0</tilted></_>
    <_>
      <rects>
        <_>
          57 5 4 26 -1.</_>
        <_>
          57 5 2 13 2.</_>
        <_>
          59 18 2 13 2.</_></rects>
      <tilted>0</tilted></_>
    <_>
      <rects>
        <_>
          58 22 2 47 -1.</_>
        <_>
          59 22 1 47 2.</_></rects>
      <tilted>0</tilted></_>
    <_>
      <rects>
        <_>
          58 31 2 22 -1.</_>
        <_>
          58 31 1 11 2.</_>
        <_>
          59 42 1 11 2.</_></rects>
      <tilted>0</tilted></_>
    <_>
      <rects>
        <_>
          58 34 2 4 -1.</_>
        <_>
          59 34 1 4 2.</_></rects>
      <tilted>0</tilted></_>
    <_>
      <rects>
        <_>
          59 3 2 65 -1.</_>
        <_>
          60 3 1 65 2.</_></rects>
      <tilted>0</tilted></_></features></cascade>
</opencv_storage>
