<?xml version="1.0"?>
<opencv_storage>
<cascade>
  <stageType>BOOST</stageType>
  <featureType>HAAR</featureType>
  <height>61</height>
  <width>31</width>
  <stageParams>
    <boostType>GAB</boostType>
    <minHitRate>9.9900001287460327e-01</minHitRate>
    <maxFalseAlarm>5.0000000000000000e-01</maxFalseAlarm>
    <weightTrimRate>9.4999999999999996e-01</weightTrimRate>
    <maxDepth>1</maxDepth>
    <maxWeakCount>100</maxWeakCount></stageParams>
  <featureParams>
    <maxCatCount>0</maxCatCount>
    <featSize>1</featSize>
    <mode>BASIC</mode></featureParams>
  <stageNum>20</stageNum>
  <stages>
    <!-- stage 0 -->
    <_>
      <maxWeakCount>5</maxWeakCount>
      <stageThreshold>-5.8880198001861572e-01</stageThreshold>
      <weakClassifiers>
        <_>
          <internalNodes>
            0 -1 69 -1.5330675989389420e-02</internalNodes>
          <leafValues>
            7.8733032941818237e-01 -6.7213112115859985e-01</leafValues></_>
        <_>
          <internalNodes>
            0 -1 130 7.7052013948559761e-03</internalNodes>
          <leafValues>
            -7.5026446580886841e-01 5.2744662761688232e-01</leafValues></_>
        <_>
          <internalNodes>
            0 -1 11 6.1395578086376190e-04</internalNodes>
          <leafValues>
            -5.1192665100097656e-01 5.7860362529754639e-01</leafValues></_>
        <_>
          <internalNodes>
            0 -1 149 5.4474547505378723e-04</internalNodes>
          <leafValues>
            -2.5130248069763184e-01 9.7364133596420288e-01</leafValues></_>
        <_>
          <internalNodes>
            0 -1 93 3.0416026129387319e-04</internalNodes>
          <leafValues>
            -7.1865135431289673e-01 3.9599880576133728e-01</leafValues></_></weakClassifiers></_>
    <!-- stage 1 -->
    <_>
      <maxWeakCount>6</maxWeakCount>
      <stageThreshold>-5.3021049499511719e-01</stageThreshold>
      <weakClassifiers>
        <_>
          <internalNodes>
            0 -1 44 -3.9348718710243702e-03</internalNodes>
          <leafValues>
            6.9603526592254639e-01 -5.3216373920440674e-01</leafValues></_>
        <_>
          <internalNodes>
            0 -1 174 1.1738205328583717e-02</internalNodes>
          <leafValues>
            -3.4428334236145020e-01 8.0743259191513062e-01</leafValues></_>
        <_>
          <internalNodes>
            0 -1 138 -1.4986257883720100e-04</internalNodes>
          <leafValues>
            7.5145161151885986e-01 -2.8163200616836548e-01</leafValues></_>
        <_>
          <internalNodes>
            0 -1 157 2.3669804795645177e-04</internalNodes>
          <leafValues>
            -3.2564398646354675e-01 6.9232422113418579e-01</leafValues></_>
        <_>
          <internalNodes>
            0 -1 143 -3.4425950143486261e-03</internalNodes>
          <leafValues>
            3.4069973230361938e-01 -7.1181333065032959e-01</leafValues></_>
        <_>
          <internalNodes>
            0 -1 21 8.2504926249384880e-03</internalNodes>
          <leafValues>
            -4.0515536069869995e-01 6.2725406885147095e-01</leafValues></_></weakClassifiers></_>
    <!-- stage 2 -->
    <_>
      <maxWeakCount>7</maxWeakCount>
      <stageThreshold>-5.1975554227828979e-01</stageThreshold>
      <weakClassifiers>
        <_>
          <internalNodes>
            0 -1 168 3.8487003184854984e-03</internalNodes>
          <leafValues>
            -1.9480518996715546e-01 6.8527919054031372e-01</leafValues></_>
        <_>
          <internalNodes>
            0 -1 8 1.1185420444235206e-03</internalNodes>
          <leafValues>
            -3.9287558197975159e-01 5.6310909986495972e-01</leafValues></_>
        <_>
          <internalNodes>
            0 -1 81 -5.8297860960010439e-05</internalNodes>
          <leafValues>
            -6.5583658218383789e-01 3.5220870375633240e-01</leafValues></_>
        <_>
          <internalNodes>
            0 -1 48 -2.0209271460771561e-03</internalNodes>
          <leafValues>
            6.1567425727844238e-01 -4.3123009800910950e-01</leafValues></_>
        <_>
          <internalNodes>
            0 -1 167 3.3346430864185095e-03</internalNodes>
          <leafValues>
            -3.3506447076797485e-01 7.4292129278182983e-01</leafValues></_>
        <_>
          <internalNodes>
            0 -1 106 -1.6885190270841122e-03</internalNodes>
          <leafValues>
            3.6200171709060669e-01 -5.5207389593124390e-01</leafValues></_>
        <_>
          <internalNodes>
            0 -1 105 -4.2952920921379700e-05</internalNodes>
          <leafValues>
            -7.4866271018981934e-01 2.4797026813030243e-01</leafValues></_></weakClassifiers></_>
    <!-- stage 3 -->
    <_>
      <maxWeakCount>7</maxWeakCount>
      <stageThreshold>-1.0675708055496216e+00</stageThreshold>
      <weakClassifiers>
        <_>
          <internalNodes>
            0 -1 160 2.4175927042961121e-02</internalNodes>
          <leafValues>
            5.2486187219619751e-01 -7.3170733451843262e-01</leafValues></_>
        <_>
          <internalNodes>
            0 -1 177 2.9496992938220501e-03</internalNodes>
          <leafValues>
            -2.7069821953773499e-01 8.0713641643524170e-01</leafValues></_>
        <_>
          <internalNodes>
            0 -1 59 1.8085433111991733e-05</internalNodes>
          <leafValues>
            3.8642957806587219e-01 -6.2780499458312988e-01</leafValues></_>
        <_>
          <internalNodes>
            0 -1 66 1.6740355640649796e-02</internalNodes>
          <leafValues>
            -4.0949851274490356e-01 5.4901891946792603e-01</leafValues></_>
        <_>
          <internalNodes>
            0 -1 198 -1.6464528162032366e-03</internalNodes>
          <leafValues>
            7.7668070793151855e-01 -2.9219093918800354e-01</leafValues></_>
        <_>
          <internalNodes>
            0 -1 121 2.2866573999635875e-05</internalNodes>
          <leafValues>
            3.7774273753166199e-01 -6.6663688421249390e-01</leafValues></_>
        <_>
          <internalNodes>
            0 -1 209 -1.4888290315866470e-03</internalNodes>
          <leafValues>
            7.3772954940795898e-01 -3.6998274922370911e-01</leafValues></_></weakClassifiers></_>
    <!-- stage 4 -->
    <_>
      <maxWeakCount>10</maxWeakCount>
      <stageThreshold>-3.6079320311546326e-01</stageThreshold>
      <weakClassifiers>
        <_>
          <internalNodes>
            0 -1 175 8.9892391115427017e-03</internalNodes>
          <leafValues>
            1.1267605423927307e-01 8.8944721221923828e-01</leafValues></_>
        <_>
          <internalNodes>
            0 -1 9 1.2474826071411371e-03</internalNodes>
          <leafValues>
            -1.8918374180793762e-01 6.5024900436401367e-01</leafValues></_>
        <_>
          <internalNodes>
            0 -1 118 3.4780753776431084e-03</internalNodes>
          <leafValues>
            -4.9872305989265442e-01 3.2594084739685059e-01</leafValues></_>
        <_>
          <internalNodes>
            0 -1 126 2.2301555145531893e-04</internalNodes>
          <leafValues>
            -2.2890351712703705e-01 8.0029445886611938e-01</leafValues></_>
        <_>
          <internalNodes>
            0 -1 164 -3.1276236404664814e-04</internalNodes>
          <leafValues>
            9.0128654241561890e-01 -1.3778372108936310e-01</leafValues></_>
        <_>
          <internalNodes>
            0 -1 49 -2.5039669126272202e-03</internalNodes>
          <leafValues>
            2.6877442002296448e-01 -6.4760625362396240e-01</leafValues></_>
        <_>
          <internalNodes>
            0 -1 33 8.4572434425354004e-03</internalNodes>
          <leafValues>
            -6.2513005733489990e-01 2.4498705565929413e-01</leafValues></_>
        <_>
          <internalNodes>
            0 -1 123 -5.8167870156466961e-04</internalNodes>
          <leafValues>
            7.7547293901443481e-01 -2.4641048908233643e-01</leafValues></_>
        <_>
          <internalNodes>
            0 -1 151 1.7483110423199832e-04</internalNodes>
          <leafValues>
            -2.9886463284492493e-01 5.5730515718460083e-01</leafValues></_>
        <_>
          <internalNodes>
            0 -1 189 -1.7255127895623446e-03</internalNodes>
          <leafValues>
            7.6426762342453003e-01 -1.9807820022106171e-01</leafValues></_></weakClassifiers></_>
    <!-- stage 5 -->
    <_>
      <maxWeakCount>10</maxWeakCount>
      <stageThreshold>-1.0474482774734497e+00</stageThreshold>
      <weakClassifiers>
        <_>
          <internalNodes>
            0 -1 41 -1.1494318023324013e-02</internalNodes>
          <leafValues>
            -7.8787881135940552e-01 4.9552771449089050e-01</leafValues></_>
        <_>
          <internalNodes>
            0 -1 0 2.6186436880379915e-03</internalNodes>
          <leafValues>
            -2.6962497830390930e-01 7.3452961444854736e-01</leafValues></_>
        <_>
          <internalNodes>
            0 -1 148 -5.9393192641437054e-03</internalNodes>
          <leafValues>
            4.3641513586044312e-01 -4.2362126708030701e-01</leafValues></_>
        <_>
          <internalNodes>
            0 -1 179 -1.5850074589252472e-02</internalNodes>
          <leafValues>
            5.6427711248397827e-01 -3.3698317408561707e-01</leafValues></_>
        <_>
          <internalNodes>
            0 -1 74 -9.2134275473654270e-04</internalNodes>
          <leafValues>
            2.9500696063041687e-01 -6.0020160675048828e-01</leafValues></_>
        <_>
          <internalNodes>
            0 -1 134 2.4621540796943009e-04</internalNodes>
          <leafValues>
            -2.7202731370925903e-01 7.7829480171203613e-01</leafValues></_>
        <_>
          <internalNodes>
            0 -1 63 2.8366811573505402e-02</internalNodes>
          <leafValues>
            2.6179453730583191e-01 -8.2989794015884399e-01</leafValues></_>
        <_>
          <internalNodes>
            0 -1 28 2.5084219872951508e-02</internalNodes>
          <leafValues>
            2.5397881865501404e-01 -7.6480096578598022e-01</leafValues></_>
        <_>
          <internalNodes>
            0 -1 176 1.2296659406274557e-03</internalNodes>
          <leafValues>
            -3.1360676884651184e-01 6.2259668111801147e-01</leafValues></_>
        <_>
          <internalNodes>
            0 -1 98 1.4176017430145293e-05</internalNodes>
          <leafValues>
            2.7483516931533813e-01 -6.3981258869171143e-01</leafValues></_></weakClassifiers></_>
    <!-- stage 6 -->
    <_>
      <maxWeakCount>10</maxWeakCount>
      <stageThreshold>-6.6268420219421387e-01</stageThreshold>
      <weakClassifiers>
        <_>
          <internalNodes>
            0 -1 22 4.2293081060051918e-03</internalNodes>
          <leafValues>
            3.9999999105930328e-02 7.6727271080017090e-01</leafValues></_>
        <_>
          <internalNodes>
            0 -1 125 7.9940436990000308e-05</internalNodes>
          <leafValues>
            -1.2228804826736450e-01 7.1104741096496582e-01</leafValues></_>
        <_>
          <internalNodes>
            0 -1 124 3.5460968501865864e-04</internalNodes>
          <leafValues>
            -1.6886855661869049e-01 8.9120244979858398e-01</leafValues></_>
        <_>
          <internalNodes>
            0 -1 23 -9.7072494099847972e-05</internalNodes>
          <leafValues>
            -5.4435944557189941e-01 3.1694254279136658e-01</leafValues></_>
        <_>
          <internalNodes>
            0 -1 91 -1.3811234384775162e-04</internalNodes>
          <leafValues>
            6.2261682748794556e-01 -2.6951971650123596e-01</leafValues></_>
        <_>
          <internalNodes>
            0 -1 136 -1.0594047489576042e-04</internalNodes>
          <leafValues>
            4.1045928001403809e-01 -3.9708855748176575e-01</leafValues></_>
        <_>
          <internalNodes>
            0 -1 208 6.1049283249303699e-04</internalNodes>
          <leafValues>
            -2.1028181910514832e-01 7.3082995414733887e-01</leafValues></_>
        <_>
          <internalNodes>
            0 -1 158 -2.0545679144561291e-03</internalNodes>
          <leafValues>
            4.4683647155761719e-01 -3.4759962558746338e-01</leafValues></_>
        <_>
          <internalNodes>
            0 -1 10 -1.2560918927192688e-02</internalNodes>
          <leafValues>
            -5.8755928277969360e-01 3.1553497910499573e-01</leafValues></_>
        <_>
          <internalNodes>
            0 -1 2 1.8983379006385803e-02</internalNodes>
          <leafValues>
            -4.7992220520973206e-01 2.9118993878364563e-01</leafValues></_></weakClassifiers></_>
    <!-- stage 7 -->
    <_>
      <maxWeakCount>6</maxWeakCount>
      <stageThreshold>-5.0424194335937500e-01</stageThreshold>
      <weakClassifiers>
        <_>
          <internalNodes>
            0 -1 119 4.4850952923297882e-02</internalNodes>
          <leafValues>
            -2.4463519454002380e-01 7.1938776969909668e-01</leafValues></_>
        <_>
          <internalNodes>
            0 -1 79 -9.3353854026645422e-05</internalNodes>
          <leafValues>
            -8.2254308462142944e-01 3.2877728343009949e-01</leafValues></_>
        <_>
          <internalNodes>
            0 -1 88 -4.6566787204938009e-05</internalNodes>
          <leafValues>
            -7.5354409217834473e-01 2.8575092554092407e-01</leafValues></_>
        <_>
          <internalNodes>
            0 -1 196 2.1019518375396729e-02</internalNodes>
          <leafValues>
            -5.0373148918151855e-01 3.8113617897033691e-01</leafValues></_>
        <_>
          <internalNodes>
            0 -1 170 1.4662642031908035e-02</internalNodes>
          <leafValues>
            2.0030285418033600e-01 -8.9707636833190918e-01</leafValues></_>
        <_>
          <internalNodes>
            0 -1 159 2.3432604968547821e-02</internalNodes>
          <leafValues>
            -3.8245549798011780e-01 5.2667295932769775e-01</leafValues></_></weakClassifiers></_>
    <!-- stage 8 -->
    <_>
      <maxWeakCount>8</maxWeakCount>
      <stageThreshold>-1.4681519269943237e+00</stageThreshold>
      <weakClassifiers>
        <_>
          <internalNodes>
            0 -1 80 7.3538554715923965e-05</internalNodes>
          <leafValues>
            6.2025314569473267e-01 -4.5695364475250244e-01</leafValues></_>
        <_>
          <internalNodes>
            0 -1 166 1.5765838325023651e-02</internalNodes>
          <leafValues>
            -4.4332945346832275e-01 5.4733073711395264e-01</leafValues></_>
        <_>
          <internalNodes>
            0 -1 29 -3.9276994357351214e-05</internalNodes>
          <leafValues>
            -6.7889100313186646e-01 3.1178215146064758e-01</leafValues></_>
        <_>
          <internalNodes>
            0 -1 54 -7.6631142292171717e-05</internalNodes>
          <leafValues>
            -6.8628609180450439e-01 3.0472213029861450e-01</leafValues></_>
        <_>
          <internalNodes>
            0 -1 12 -2.8358254581689835e-02</internalNodes>
          <leafValues>
            5.6338959932327271e-01 -4.4054791331291199e-01</leafValues></_>
        <_>
          <internalNodes>
            0 -1 147 -8.4730796515941620e-04</internalNodes>
          <leafValues>
            4.5761561393737793e-01 -5.0888413190841675e-01</leafValues></_>
        <_>
          <internalNodes>
            0 -1 84 -4.4163512939121574e-05</internalNodes>
          <leafValues>
            -7.7513462305068970e-01 2.7583453059196472e-01</leafValues></_>
        <_>
          <internalNodes>
            0 -1 191 -3.6261879722587764e-04</internalNodes>
          <leafValues>
            -5.9730929136276245e-01 3.6934968829154968e-01</leafValues></_></weakClassifiers></_>
    <!-- stage 9 -->
    <_>
      <maxWeakCount>8</maxWeakCount>
      <stageThreshold>-5.2709668874740601e-01</stageThreshold>
      <weakClassifiers>
        <_>
          <internalNodes>
            0 -1 184 -1.1679599061608315e-02</internalNodes>
          <leafValues>
            -5.1666665077209473e-01 5.6831681728363037e-01</leafValues></_>
        <_>
          <internalNodes>
            0 -1 5 -1.0524103417992592e-02</internalNodes>
          <leafValues>
            4.9302628636360168e-01 -3.6446362733840942e-01</leafValues></_>
        <_>
          <internalNodes>
            0 -1 86 -7.2286454960703850e-03</internalNodes>
          <leafValues>
            2.9434415698051453e-01 -6.3400363922119141e-01</leafValues></_>
        <_>
          <internalNodes>
            0 -1 35 -5.6985292758326977e-05</internalNodes>
          <leafValues>
            -6.8551772832870483e-01 2.7631050348281860e-01</leafValues></_>
        <_>
          <internalNodes>
            0 -1 1 4.4298589229583740e-02</internalNodes>
          <leafValues>
            -2.4293506145477295e-01 7.9907035827636719e-01</leafValues></_>
        <_>
          <internalNodes>
            0 -1 50 -9.0299779549241066e-04</internalNodes>
          <leafValues>
            2.5480133295059204e-01 -6.8334221839904785e-01</leafValues></_>
        <_>
          <internalNodes>
            0 -1 58 6.5610616002231836e-04</internalNodes>
          <leafValues>
            -5.4664885997772217e-01 3.1724414229393005e-01</leafValues></_>
        <_>
          <internalNodes>
            0 -1 96 2.7161120669916272e-05</internalNodes>
          <leafValues>
            2.7875453233718872e-01 -6.2147724628448486e-01</leafValues></_></weakClassifiers></_>
    <!-- stage 10 -->
    <_>
      <maxWeakCount>11</maxWeakCount>
      <stageThreshold>-6.1111909151077271e-01</stageThreshold>
      <weakClassifiers>
        <_>
          <internalNodes>
            0 -1 97 -3.1110121199162677e-05</internalNodes>
          <leafValues>
            -2.3170731961727142e-01 5.7049894332885742e-01</leafValues></_>
        <_>
          <internalNodes>
            0 -1 24 1.0816816240549088e-02</internalNodes>
          <leafValues>
            -1.7001394927501678e-01 7.3579078912734985e-01</leafValues></_>
        <_>
          <internalNodes>
            0 -1 185 4.2783394455909729e-03</internalNodes>
          <leafValues>
            -2.4042551219463348e-01 5.4793840646743774e-01</leafValues></_>
        <_>
          <internalNodes>
            0 -1 135 2.9833347070962191e-04</internalNodes>
          <leafValues>
            -3.8387504220008850e-01 4.2118948698043823e-01</leafValues></_>
        <_>
          <internalNodes>
            0 -1 162 -8.9712115004658699e-04</internalNodes>
          <leafValues>
            2.2129240632057190e-01 -6.6126996278762817e-01</leafValues></_>
        <_>
          <internalNodes>
            0 -1 4 3.0826567672193050e-04</internalNodes>
          <leafValues>
            -5.2899932861328125e-01 3.2307314872741699e-01</leafValues></_>
        <_>
          <internalNodes>
            0 -1 181 -7.9952981323003769e-03</internalNodes>
          <leafValues>
            6.0247570276260376e-01 -3.0139428377151489e-01</leafValues></_>
        <_>
          <internalNodes>
            0 -1 46 -1.1928086678381078e-05</internalNodes>
          <leafValues>
            -5.8739089965820312e-01 2.9216703772544861e-01</leafValues></_>
        <_>
          <internalNodes>
            0 -1 61 -1.4165836619213223e-03</internalNodes>
          <leafValues>
            4.1471582651138306e-01 -3.3806651830673218e-01</leafValues></_>
        <_>
          <internalNodes>
            0 -1 65 6.9468151777982712e-03</internalNodes>
          <leafValues>
            2.1241392195224762e-01 -7.6802325248718262e-01</leafValues></_>
        <_>
          <internalNodes>
            0 -1 120 -2.0688390577561222e-05</internalNodes>
          <leafValues>
            -5.8395475149154663e-01 2.4011109769344330e-01</leafValues></_></weakClassifiers></_>
    <!-- stage 11 -->
    <_>
      <maxWeakCount>13</maxWeakCount>
      <stageThreshold>-4.5261934399604797e-01</stageThreshold>
      <weakClassifiers>
        <_>
          <internalNodes>
            0 -1 39 -7.7399432659149170e-02</internalNodes>
          <leafValues>
            -9.0243899822235107e-01 4.4863012433052063e-01</leafValues></_>
        <_>
          <internalNodes>
            0 -1 6 1.4077522791922092e-03</internalNodes>
          <leafValues>
            -3.2088229060173035e-01 4.0015539526939392e-01</leafValues></_>
        <_>
          <internalNodes>
            0 -1 150 -5.3785380441695452e-04</internalNodes>
          <leafValues>
            2.9771330952644348e-01 -4.2349866032600403e-01</leafValues></_>
        <_>
          <internalNodes>
            0 -1 42 -3.8457787013612688e-05</internalNodes>
          <leafValues>
            -6.1584353446960449e-01 2.4899843335151672e-01</leafValues></_>
        <_>
          <internalNodes>
            0 -1 154 7.1691940538585186e-03</internalNodes>
          <leafValues>
            -2.8389692306518555e-01 4.9625089764595032e-01</leafValues></_>
        <_>
          <internalNodes>
            0 -1 212 -2.9613929655170068e-05</internalNodes>
          <leafValues>
            -4.7227114439010620e-01 2.8756400942802429e-01</leafValues></_>
        <_>
          <internalNodes>
            0 -1 72 -9.0447627007961273e-03</internalNodes>
          <leafValues>
            -7.5077736377716064e-01 1.7908686399459839e-01</leafValues></_>
        <_>
          <internalNodes>
            0 -1 62 -1.5636833384633064e-02</internalNodes>
          <leafValues>
            2.0407970249652863e-01 -6.5165591239929199e-01</leafValues></_>
        <_>
          <internalNodes>
            0 -1 94 4.0592402219772339e-03</internalNodes>
          <leafValues>
            -3.7598070502281189e-01 3.9682683348655701e-01</leafValues></_>
        <_>
          <internalNodes>
            0 -1 163 7.8223063610494137e-04</internalNodes>
          <leafValues>
            -3.4775802493095398e-01 4.5734432339668274e-01</leafValues></_>
        <_>
          <internalNodes>
            0 -1 83 8.2059828855562955e-05</internalNodes>
          <leafValues>
            2.9418987035751343e-01 -5.3537154197692871e-01</leafValues></_>
        <_>
          <internalNodes>
            0 -1 67 9.5660769147798419e-05</internalNodes>
          <leafValues>
            2.2399905323982239e-01 -5.7110840082168579e-01</leafValues></_>
        <_>
          <internalNodes>
            0 -1 13 1.7742224037647247e-02</internalNodes>
          <leafValues>
            -2.7478519082069397e-01 5.4959988594055176e-01</leafValues></_></weakClassifiers></_>
    <!-- stage 12 -->
    <_>
      <maxWeakCount>17</maxWeakCount>
      <stageThreshold>-7.7088880538940430e-01</stageThreshold>
      <weakClassifiers>
        <_>
          <internalNodes>
            0 -1 55 2.6746980845928192e-02</internalNodes>
          <leafValues>
            4.6113988757133484e-01 -9.1304349899291992e-01</leafValues></_>
        <_>
          <internalNodes>
            0 -1 26 6.0070742620155215e-05</internalNodes>
          <leafValues>
            2.7725645899772644e-01 -4.9510636925697327e-01</leafValues></_>
        <_>
          <internalNodes>
            0 -1 187 -8.3432784304022789e-03</internalNodes>
          <leafValues>
            5.1310604810714722e-01 -2.6826182007789612e-01</leafValues></_>
        <_>
          <internalNodes>
            0 -1 146 -4.6322178095579147e-03</internalNodes>
          <leafValues>
            3.0222642421722412e-01 -3.8571801781654358e-01</leafValues></_>
        <_>
          <internalNodes>
            0 -1 161 8.3538470789790154e-04</internalNodes>
          <leafValues>
            -3.1000360846519470e-01 4.3423116207122803e-01</leafValues></_>
        <_>
          <internalNodes>
            0 -1 40 -3.7142394576221704e-03</internalNodes>
          <leafValues>
            4.9659278988838196e-01 -2.6243564486503601e-01</leafValues></_>
        <_>
          <internalNodes>
            0 -1 145 -1.4313068240880966e-03</internalNodes>
          <leafValues>
            3.3362251520156860e-01 -4.1757610440254211e-01</leafValues></_>
        <_>
          <internalNodes>
            0 -1 109 -5.4266462102532387e-03</internalNodes>
          <leafValues>
            -8.7120211124420166e-01 1.6827489435672760e-01</leafValues></_>
        <_>
          <internalNodes>
            0 -1 139 6.0832663439214230e-04</internalNodes>
          <leafValues>
            -2.3603495955467224e-01 6.3521778583526611e-01</leafValues></_>
        <_>
          <internalNodes>
            0 -1 113 7.1369577199220657e-05</internalNodes>
          <leafValues>
            2.8242081403732300e-01 -5.4888349771499634e-01</leafValues></_>
        <_>
          <internalNodes>
            0 -1 25 4.4323451817035675e-02</internalNodes>
          <leafValues>
            -2.4519233405590057e-01 5.5091041326522827e-01</leafValues></_>
        <_>
          <internalNodes>
            0 -1 68 2.5890731194522232e-05</internalNodes>
          <leafValues>
            2.6134663820266724e-01 -5.8141946792602539e-01</leafValues></_>
        <_>
          <internalNodes>
            0 -1 182 1.0591009049676359e-04</internalNodes>
          <leafValues>
            2.6436397433280945e-01 -5.7090747356414795e-01</leafValues></_>
        <_>
          <internalNodes>
            0 -1 115 -7.2090397588908672e-04</internalNodes>
          <leafValues>
            4.1989606618881226e-01 -3.4630745649337769e-01</leafValues></_>
        <_>
          <internalNodes>
            0 -1 180 -1.5275388956069946e-02</internalNodes>
          <leafValues>
            -7.7293217182159424e-01 1.6368286311626434e-01</leafValues></_>
        <_>
          <internalNodes>
            0 -1 37 2.6901885867118835e-03</internalNodes>
          <leafValues>
            -1.9680675864219666e-01 8.9439588785171509e-01</leafValues></_>
        <_>
          <internalNodes>
            0 -1 60 3.3104130125138909e-05</internalNodes>
          <leafValues>
            2.6722407341003418e-01 -6.5949440002441406e-01</leafValues></_></weakClassifiers></_>
    <!-- stage 13 -->
    <_>
      <maxWeakCount>16</maxWeakCount>
      <stageThreshold>-7.8537541627883911e-01</stageThreshold>
      <weakClassifiers>
        <_>
          <internalNodes>
            0 -1 90 -7.7599626965820789e-03</internalNodes>
          <leafValues>
            5.4906052350997925e-01 -2.6027396321296692e-01</leafValues></_>
        <_>
          <internalNodes>
            0 -1 87 1.1731301128747873e-05</internalNodes>
          <leafValues>
            3.3940267562866211e-01 -4.7689619660377502e-01</leafValues></_>
        <_>
          <internalNodes>
            0 -1 206 -1.3991245068609715e-03</internalNodes>
          <leafValues>
            4.6721783280372620e-01 -3.1082913279533386e-01</leafValues></_>
        <_>
          <internalNodes>
            0 -1 17 8.1513659097254276e-04</internalNodes>
          <leafValues>
            -2.1182699501514435e-01 5.5130422115325928e-01</leafValues></_>
        <_>
          <internalNodes>
            0 -1 51 5.3935515461489558e-04</internalNodes>
          <leafValues>
            -1.3594014942646027e-01 8.5993117094039917e-01</leafValues></_>
        <_>
          <internalNodes>
            0 -1 16 -2.9892388265579939e-03</internalNodes>
          <leafValues>
            6.8702661991119385e-01 -1.6002583503723145e-01</leafValues></_>
        <_>
          <internalNodes>
            0 -1 152 -1.7941404366865754e-03</internalNodes>
          <leafValues>
            5.1177966594696045e-01 -2.1427282691001892e-01</leafValues></_>
        <_>
          <internalNodes>
            0 -1 211 -1.0602200200082734e-04</internalNodes>
          <leafValues>
            -5.0450688600540161e-01 2.7023544907569885e-01</leafValues></_>
        <_>
          <internalNodes>
            0 -1 165 9.5368962502107024e-04</internalNodes>
          <leafValues>
            -2.3858502507209778e-01 6.0973060131072998e-01</leafValues></_>
        <_>
          <internalNodes>
            0 -1 153 1.5986084938049316e-02</internalNodes>
          <leafValues>
            -1.2161345034837723e-01 8.0642032623291016e-01</leafValues></_>
        <_>
          <internalNodes>
            0 -1 141 2.3373184376396239e-04</internalNodes>
          <leafValues>
            -3.3563095331192017e-01 3.7423923611640930e-01</leafValues></_>
        <_>
          <internalNodes>
            0 -1 144 -1.7561245709657669e-02</internalNodes>
          <leafValues>
            5.0230616331100464e-01 -2.8081282973289490e-01</leafValues></_>
        <_>
          <internalNodes>
            0 -1 52 3.6594799894373864e-05</internalNodes>
          <leafValues>
            4.0230458974838257e-01 -3.3287581801414490e-01</leafValues></_>
        <_>
          <internalNodes>
            0 -1 108 -1.5095914714038372e-03</internalNodes>
          <leafValues>
            3.9355829358100891e-01 -3.5609775781631470e-01</leafValues></_>
        <_>
          <internalNodes>
            0 -1 85 8.5974228568375111e-04</internalNodes>
          <leafValues>
            -1.6747616231441498e-01 7.9590684175491333e-01</leafValues></_>
        <_>
          <internalNodes>
            0 -1 131 7.8262705355882645e-03</internalNodes>
          <leafValues>
            2.1204261481761932e-01 -6.8676829338073730e-01</leafValues></_></weakClassifiers></_>
    <!-- stage 14 -->
    <_>
      <maxWeakCount>11</maxWeakCount>
      <stageThreshold>-6.2191402912139893e-01</stageThreshold>
      <weakClassifiers>
        <_>
          <internalNodes>
            0 -1 107 -8.7440973147749901e-03</internalNodes>
          <leafValues>
            -9.6491229534149170e-01 4.9295774102210999e-01</leafValues></_>
        <_>
          <internalNodes>
            0 -1 92 -8.1467274576425552e-03</internalNodes>
          <leafValues>
            5.3366750478744507e-01 -2.4468575417995453e-01</leafValues></_>
        <_>
          <internalNodes>
            0 -1 47 3.0020692065590993e-05</internalNodes>
          <leafValues>
            2.0071686804294586e-01 -6.2011802196502686e-01</leafValues></_>
        <_>
          <internalNodes>
            0 -1 132 1.3897707685828209e-04</internalNodes>
          <leafValues>
            -4.4476616382598877e-01 2.7257934212684631e-01</leafValues></_>
        <_>
          <internalNodes>
            0 -1 195 2.5272842322010547e-05</internalNodes>
          <leafValues>
            2.7242964506149292e-01 -4.9366948008537292e-01</leafValues></_>
        <_>
          <internalNodes>
            0 -1 197 1.5640361234545708e-02</internalNodes>
          <leafValues>
            -2.8437352180480957e-01 5.0228118896484375e-01</leafValues></_>
        <_>
          <internalNodes>
            0 -1 104 2.4267348635476083e-05</internalNodes>
          <leafValues>
            2.2882825136184692e-01 -6.4349824190139771e-01</leafValues></_>
        <_>
          <internalNodes>
            0 -1 155 -2.0159825682640076e-01</internalNodes>
          <leafValues>
            -7.4598789215087891e-01 1.6950866580009460e-01</leafValues></_>
        <_>
          <internalNodes>
            0 -1 77 3.0353151261806488e-02</internalNodes>
          <leafValues>
            1.5377002954483032e-01 -7.6935207843780518e-01</leafValues></_>
        <_>
          <internalNodes>
            0 -1 15 -9.3605801463127136e-02</internalNodes>
          <leafValues>
            -9.2211967706680298e-01 1.2234327197074890e-01</leafValues></_>
        <_>
          <internalNodes>
            0 -1 19 5.9545915573835373e-03</internalNodes>
          <leafValues>
            -3.2439291477203369e-01 4.4041025638580322e-01</leafValues></_></weakClassifiers></_>
    <!-- stage 15 -->
    <_>
      <maxWeakCount>16</maxWeakCount>
      <stageThreshold>-7.2863632440567017e-01</stageThreshold>
      <weakClassifiers>
        <_>
          <internalNodes>
            0 -1 53 -1.5421374700963497e-04</internalNodes>
          <leafValues>
            -2.3178808391094208e-01 5.4852318763732910e-01</leafValues></_>
        <_>
          <internalNodes>
            0 -1 173 2.2469423711299896e-02</internalNodes>
          <leafValues>
            1.9060963392257690e-01 -7.5711673498153687e-01</leafValues></_>
        <_>
          <internalNodes>
            0 -1 188 -7.1531656431034207e-04</internalNodes>
          <leafValues>
            9.6727460622787476e-01 -1.2089387327432632e-01</leafValues></_>
        <_>
          <internalNodes>
            0 -1 203 -2.5193308829329908e-05</internalNodes>
          <leafValues>
            -4.9682322144508362e-01 2.3166674375534058e-01</leafValues></_>
        <_>
          <internalNodes>
            0 -1 133 -2.6201265864074230e-03</internalNodes>
          <leafValues>
            3.1605404615402222e-01 -3.9707812666893005e-01</leafValues></_>
        <_>
          <internalNodes>
            0 -1 129 -2.7976939454674721e-03</internalNodes>
          <leafValues>
            -7.5160282850265503e-01 1.5220342576503754e-01</leafValues></_>
        <_>
          <internalNodes>
            0 -1 186 1.5631427522748709e-03</internalNodes>
          <leafValues>
            -2.2156283259391785e-01 6.4964658021926880e-01</leafValues></_>
        <_>
          <internalNodes>
            0 -1 36 2.4791239411570132e-05</internalNodes>
          <leafValues>
            2.3920892179012299e-01 -5.5017524957656860e-01</leafValues></_>
        <_>
          <internalNodes>
            0 -1 171 -6.3054859638214111e-03</internalNodes>
          <leafValues>
            6.1025059223175049e-01 -2.0045401155948639e-01</leafValues></_>
        <_>
          <internalNodes>
            0 -1 102 -1.0295533575117588e-03</internalNodes>
          <leafValues>
            2.7517712116241455e-01 -4.7965639829635620e-01</leafValues></_>
        <_>
          <internalNodes>
            0 -1 128 7.7854772098362446e-04</internalNodes>
          <leafValues>
            -2.1407385170459747e-01 6.9603520631790161e-01</leafValues></_>
        <_>
          <internalNodes>
            0 -1 57 -1.1247005313634872e-03</internalNodes>
          <leafValues>
            3.9588686823844910e-01 -3.5525521636009216e-01</leafValues></_>
        <_>
          <internalNodes>
            0 -1 18 6.4338948577642441e-03</internalNodes>
          <leafValues>
            -2.5743278861045837e-01 5.2683597803115845e-01</leafValues></_>
        <_>
          <internalNodes>
            0 -1 14 -4.4615808292292058e-05</internalNodes>
          <leafValues>
            -5.0025260448455811e-01 2.7853909134864807e-01</leafValues></_>
        <_>
          <internalNodes>
            0 -1 7 8.1254343967884779e-04</internalNodes>
          <leafValues>
            -3.9401972293853760e-01 4.0801477432250977e-01</leafValues></_>
        <_>
          <internalNodes>
            0 -1 122 6.1055680271238089e-04</internalNodes>
          <leafValues>
            -3.1506219506263733e-01 4.3132025003433228e-01</leafValues></_></weakClassifiers></_>
    <!-- stage 16 -->
    <_>
      <maxWeakCount>11</maxWeakCount>
      <stageThreshold>-5.9844118356704712e-01</stageThreshold>
      <weakClassifiers>
        <_>
          <internalNodes>
            0 -1 45 7.3908753693103790e-03</internalNodes>
          <leafValues>
            4.8201438784599304e-01 -6.2318837642669678e-01</leafValues></_>
        <_>
          <internalNodes>
            0 -1 82 2.9798513423884287e-05</internalNodes>
          <leafValues>
            3.3445245027542114e-01 -3.6449941992759705e-01</leafValues></_>
        <_>
          <internalNodes>
            0 -1 190 5.4470039904117584e-03</internalNodes>
          <leafValues>
            -2.2748427093029022e-01 5.3947621583938599e-01</leafValues></_>
        <_>
          <internalNodes>
            0 -1 156 -1.5014323871582747e-03</internalNodes>
          <leafValues>
            5.5461406707763672e-01 -2.3449192941188812e-01</leafValues></_>
        <_>
          <internalNodes>
            0 -1 71 2.7735751122236252e-02</internalNodes>
          <leafValues>
            1.6859786212444305e-01 -7.4742865562438965e-01</leafValues></_>
        <_>
          <internalNodes>
            0 -1 99 -6.0270729591138661e-05</internalNodes>
          <leafValues>
            -5.7177174091339111e-01 1.9668737053871155e-01</leafValues></_>
        <_>
          <internalNodes>
            0 -1 27 2.2373486310243607e-02</internalNodes>
          <leafValues>
            1.5179991722106934e-01 -7.8849220275878906e-01</leafValues></_>
        <_>
          <internalNodes>
            0 -1 73 -9.2778133694082499e-04</internalNodes>
          <leafValues>
            2.6376494765281677e-01 -5.9369546175003052e-01</leafValues></_>
        <_>
          <internalNodes>
            0 -1 183 -7.0892542134970427e-04</internalNodes>
          <leafValues>
            3.9930057525634766e-01 -3.1520050764083862e-01</leafValues></_>
        <_>
          <internalNodes>
            0 -1 117 -3.2362481579184532e-04</internalNodes>
          <leafValues>
            4.5871302485466003e-01 -2.6736971735954285e-01</leafValues></_>
        <_>
          <internalNodes>
            0 -1 200 -2.9171537607908249e-03</internalNodes>
          <leafValues>
            4.2655310034751892e-01 -2.9375126957893372e-01</leafValues></_></weakClassifiers></_>
    <!-- stage 17 -->
    <_>
      <maxWeakCount>15</maxWeakCount>
      <stageThreshold>-5.9250456094741821e-01</stageThreshold>
      <weakClassifiers>
        <_>
          <internalNodes>
            0 -1 70 -7.6649244874715805e-05</internalNodes>
          <leafValues>
            -6.1904764175415039e-01 4.6975088119506836e-01</leafValues></_>
        <_>
          <internalNodes>
            0 -1 110 1.0356050916016102e-04</internalNodes>
          <leafValues>
            -3.3620586991310120e-01 3.8919377326965332e-01</leafValues></_>
        <_>
          <internalNodes>
            0 -1 43 2.4576227588113397e-05</internalNodes>
          <leafValues>
            1.7160308361053467e-01 -6.0519623756408691e-01</leafValues></_>
        <_>
          <internalNodes>
            0 -1 32 9.2904102057218552e-03</internalNodes>
          <leafValues>
            -3.2702630758285522e-01 3.1413745880126953e-01</leafValues></_>
        <_>
          <internalNodes>
            0 -1 207 2.6698537112679332e-05</internalNodes>
          <leafValues>
            2.5750851631164551e-01 -4.6197810769081116e-01</leafValues></_>
        <_>
          <internalNodes>
            0 -1 201 4.0322933346033096e-03</internalNodes>
          <leafValues>
            -3.8336867094039917e-01 3.1477349996566772e-01</leafValues></_>
        <_>
          <internalNodes>
            0 -1 137 3.9331387961283326e-04</internalNodes>
          <leafValues>
            -2.7234703302383423e-01 4.8480775952339172e-01</leafValues></_>
        <_>
          <internalNodes>
            0 -1 101 -1.0016812011599541e-02</internalNodes>
          <leafValues>
            3.2373124361038208e-01 -4.3948742747306824e-01</leafValues></_>
        <_>
          <internalNodes>
            0 -1 114 -5.3323306143283844e-02</internalNodes>
          <leafValues>
            -8.2209759950637817e-01 1.9028104841709137e-01</leafValues></_>
        <_>
          <internalNodes>
            0 -1 210 -5.2752558985957876e-05</internalNodes>
          <leafValues>
            -5.3472959995269775e-01 2.4988019466400146e-01</leafValues></_>
        <_>
          <internalNodes>
            0 -1 89 -8.0686979345045984e-05</internalNodes>
          <leafValues>
            -6.6710901260375977e-01 1.9650191068649292e-01</leafValues></_>
        <_>
          <internalNodes>
            0 -1 202 -2.1224175579845905e-03</internalNodes>
          <leafValues>
            5.8246445655822754e-01 -2.4103008210659027e-01</leafValues></_>
        <_>
          <internalNodes>
            0 -1 192 1.7400507204001769e-05</internalNodes>
          <leafValues>
            3.1544467806816101e-01 -4.1510397195816040e-01</leafValues></_>
        <_>
          <internalNodes>
            0 -1 178 -2.1594015415757895e-03</internalNodes>
          <leafValues>
            -5.7042849063873291e-01 2.2089454531669617e-01</leafValues></_>
        <_>
          <internalNodes>
            0 -1 142 -4.2846100404858589e-03</internalNodes>
          <leafValues>
            4.7994512319564819e-01 -2.8010845184326172e-01</leafValues></_></weakClassifiers></_>
    <!-- stage 18 -->
    <_>
      <maxWeakCount>15</maxWeakCount>
      <stageThreshold>-5.8950251340866089e-01</stageThreshold>
      <weakClassifiers>
        <_>
          <internalNodes>
            0 -1 205 -6.3259381568059325e-04</internalNodes>
          <leafValues>
            6.8589740991592407e-01 3.5143770277500153e-02</leafValues></_>
        <_>
          <internalNodes>
            0 -1 34 8.7395455921068788e-05</internalNodes>
          <leafValues>
            2.9961273074150085e-01 -4.0435320138931274e-01</leafValues></_>
        <_>
          <internalNodes>
            0 -1 194 3.0412549676839262e-05</internalNodes>
          <leafValues>
            2.4882261455059052e-01 -4.5747771859169006e-01</leafValues></_>
        <_>
          <internalNodes>
            0 -1 111 -1.4396922197192907e-03</internalNodes>
          <leafValues>
            5.0439453125000000e-01 -2.2875528037548065e-01</leafValues></_>
        <_>
          <internalNodes>
            0 -1 169 8.1811408745124936e-04</internalNodes>
          <leafValues>
            -5.6601071357727051e-01 1.7315468192100525e-01</leafValues></_>
        <_>
          <internalNodes>
            0 -1 172 -1.1712240055203438e-02</internalNodes>
          <leafValues>
            5.8301389217376709e-01 -2.1334414184093475e-01</leafValues></_>
        <_>
          <internalNodes>
            0 -1 140 -2.7328571377438493e-05</internalNodes>
          <leafValues>
            3.8755553960800171e-01 -2.9678979516029358e-01</leafValues></_>
        <_>
          <internalNodes>
            0 -1 20 3.8413209840655327e-03</internalNodes>
          <leafValues>
            -2.1032138168811798e-01 5.1438194513320923e-01</leafValues></_>
        <_>
          <internalNodes>
            0 -1 30 5.0724847824312747e-05</internalNodes>
          <leafValues>
            2.3899711668491364e-01 -5.4889321327209473e-01</leafValues></_>
        <_>
          <internalNodes>
            0 -1 116 -2.2674889769405127e-03</internalNodes>
          <leafValues>
            6.3011473417282104e-01 -1.9383610785007477e-01</leafValues></_>
        <_>
          <internalNodes>
            0 -1 38 -8.7728314101696014e-03</internalNodes>
          <leafValues>
            4.3619495630264282e-01 -2.7402454614639282e-01</leafValues></_>
        <_>
          <internalNodes>
            0 -1 31 2.0732291042804718e-02</internalNodes>
          <leafValues>
            -1.2631590664386749e-01 8.6167937517166138e-01</leafValues></_>
        <_>
          <internalNodes>
            0 -1 103 1.4581674709916115e-02</internalNodes>
          <leafValues>
            -1.1766004562377930e-01 8.0662572383880615e-01</leafValues></_>
        <_>
          <internalNodes>
            0 -1 204 -1.9989116117358208e-03</internalNodes>
          <leafValues>
            6.5866631269454956e-01 -1.5711469948291779e-01</leafValues></_>
        <_>
          <internalNodes>
            0 -1 95 -7.3606627993285656e-03</internalNodes>
          <leafValues>
            3.4088134765625000e-01 -3.8462775945663452e-01</leafValues></_></weakClassifiers></_>
    <!-- stage 19 -->
    <_>
      <maxWeakCount>12</maxWeakCount>
      <stageThreshold>-5.6376445293426514e-01</stageThreshold>
      <weakClassifiers>
        <_>
          <internalNodes>
            0 -1 199 4.8374822654295713e-05</internalNodes>
          <leafValues>
            5.1190477609634399e-01 -2.7272728085517883e-01</leafValues></_>
        <_>
          <internalNodes>
            0 -1 193 4.1332934051752090e-03</internalNodes>
          <leafValues>
            -1.6333913803100586e-01 6.2170863151550293e-01</leafValues></_>
        <_>
          <internalNodes>
            0 -1 56 1.9026298541575670e-03</internalNodes>
          <leafValues>
            -1.6467881202697754e-01 5.8635926246643066e-01</leafValues></_>
        <_>
          <internalNodes>
            0 -1 64 -1.0603195987641811e-03</internalNodes>
          <leafValues>
            2.1355880796909332e-01 -5.1351130008697510e-01</leafValues></_>
        <_>
          <internalNodes>
            0 -1 100 -1.2085782364010811e-02</internalNodes>
          <leafValues>
            -8.3581173419952393e-01 1.2442617118358612e-01</leafValues></_>
        <_>
          <internalNodes>
            0 -1 213 9.8798860562965274e-05</internalNodes>
          <leafValues>
            1.3118572533130646e-01 -6.8489938974380493e-01</leafValues></_>
        <_>
          <internalNodes>
            0 -1 3 1.6127913258969784e-03</internalNodes>
          <leafValues>
            -1.9673073291778564e-01 6.0152077674865723e-01</leafValues></_>
        <_>
          <internalNodes>
            0 -1 112 7.4836155399680138e-03</internalNodes>
          <leafValues>
            -2.5211298465728760e-01 5.1041674613952637e-01</leafValues></_>
        <_>
          <internalNodes>
            0 -1 76 1.1288549751043320e-02</internalNodes>
          <leafValues>
            -2.8428152203559875e-01 4.7150543332099915e-01</leafValues></_>
        <_>
          <internalNodes>
            0 -1 127 -2.1787902805954218e-03</internalNodes>
          <leafValues>
            2.3680298030376434e-01 -5.9774416685104370e-01</leafValues></_>
        <_>
          <internalNodes>
            0 -1 75 -6.7405111622065306e-05</internalNodes>
          <leafValues>
            -5.0385576486587524e-01 2.2110675275325775e-01</leafValues></_>
        <_>
          <internalNodes>
            0 -1 78 1.6488385153934360e-03</internalNodes>
          <leafValues>
            -1.5423825383186340e-01 7.4876844882965088e-01</leafValues></_></weakClassifiers></_></stages>
  <features>
    <_>
      <rects>
        <_>
          0 0 2 39 -1.</_>
        <_>
          1 0 1 39 2.</_></rects>
      <tilted>0</tilted></_>
    <_>
      <rects>
        <_>
          0 0 10 51 -1.</_>
        <_>
          5 0 5 51 2.</_></rects>
      <tilted>0</tilted></_>
    <_>
      <rects>
        <_>
          0 0 14 27 -1.</_>
        <_>
          0 9 14 9 3.</_></rects>
      <tilted>0</tilted></_>
    <_>
      <rects>
        <_>
          0 0 29 2 -1.</_>
        <_>
          0 1 29 1 2.</_></rects>
      <tilted>0</tilted></_>
    <_>
      <rects>
        <_>
          0 3 2 47 -1.</_>
        <_>
          1 3 1 47 2.</_></rects>
      <tilted>0</tilted></_>
    <_>
      <rects>
        <_>
          0 3 10 34 -1.</_>
        <_>
          0 3 5 17 2.</_>
        <_>
          5 20 5 17 2.</_></rects>
      <tilted>0</tilted></_>
    <_>
      <rects>
        <_>
          0 4 2 34 -1.</_>
        <_>
          1 4 1 34 2.</_></rects>
      <tilted>0</tilted></_>
    <_>
      <rects>
        <_>
          0 4 8 18 -1.</_>
        <_>
          0 10 8 6 3.</_></rects>
      <tilted>0</tilted></_>
    <_>
      <rects>
        <_>
          0 5 2 33 -1.</_>
        <_>
          1 5 1 33 2.</_></rects>
      <tilted>0</tilted></_>
    <_>
      <rects>
        <_>
          0 8 2 30 -1.</_>
        <_>
          0 8 1 15 2.</_>
        <_>
          1 23 1 15 2.</_></rects>
      <tilted>0</tilted></_>
    <_>
      <rects>
        <_>
          0 9 30 10 -1.</_>
        <_>
          10 9 10 10 3.</_></rects>
      <tilted>0</tilted></_>
    <_>
      <rects>
        <_>
          0 10 2 34 -1.</_>
        <_>
          1 10 1 34 2.</_></rects>
      <tilted>0</tilted></_>
    <_>
      <rects>
        <_>
          0 10 14 30 -1.</_>
        <_>
          0 10 7 15 2.</_>
        <_>
          7 25 7 15 2.</_></rects>
      <tilted>0</tilted></_>
    <_>
      <rects>
        <_>
          0 10 16 12 -1.</_>
        <_>
          8 10 8 12 2.</_></rects>
      <tilted>0</tilted></_>
    <_>
      <rects>
        <_>
          0 15 2 4 -1.</_>
        <_>
          0 17 2 2 2.</_></rects>
      <tilted>0</tilted></_>
    <_>
      <rects>
        <_>
          0 15 28 12 -1.</_>
        <_>
          14 15 14 12 2.</_></rects>
      <tilted>0</tilted></_>
    <_>
      <rects>
        <_>
          0 17 2 24 -1.</_>
        <_>
          0 17 1 12 2.</_>
        <_>
          1 29 1 12 2.</_></rects>
      <tilted>0</tilted></_>
    <_>
      <rects>
        <_>
          0 18 2 20 -1.</_>
        <_>
          0 18 1 10 2.</_>
        <_>
          1 28 1 10 2.</_></rects>
      <tilted>0</tilted></_>
    <_>
      <rects>
        <_>
          0 18 12 6 -1.</_>
        <_>
          6 18 6 6 2.</_></rects>
      <tilted>0</tilted></_>
    <_>
      <rects>
        <_>
          0 18 21 3 -1.</_>
        <_>
          7 18 7 3 3.</_></rects>
      <tilted>0</tilted></_>
    <_>
      <rects>
        <_>
          0 19 6 6 -1.</_>
        <_>
          3 19 3 6 2.</_></rects>
      <tilted>0</tilted></_>
    <_>
      <rects>
        <_>
          0 20 9 24 -1.</_>
        <_>
          3 20 3 24 3.</_></rects>
      <tilted>0</tilted></_>
    <_>
      <rects>
        <_>
          0 24 6 13 -1.</_>
        <_>
          2 24 2 13 3.</_></rects>
      <tilted>0</tilted></_>
    <_>
      <rects>
        <_>
          0 26 1 4 -1.</_>
        <_>
          0 28 1 2 2.</_></rects>
      <tilted>0</tilted></_>
    <_>
      <rects>
        <_>
          0 27 8 18 -1.</_>
        <_>
          0 27 4 9 2.</_>
        <_>
          4 36 4 9 2.</_></rects>
      <tilted>0</tilted></_>
    <_>
      <rects>
        <_>
          1 3 27 17 -1.</_>
        <_>
          10 3 9 17 3.</_></rects>
      <tilted>0</tilted></_>
    <_>
      <rects>
        <_>
          1 16 1 6 -1.</_>
        <_>
          1 18 1 2 3.</_></rects>
      <tilted>0</tilted></_>
    <_>
      <rects>
        <_>
          1 20 24 12 -1.</_>
        <_>
          1 24 24 4 3.</_></rects>
      <tilted>0</tilted></_>
    <_>
      <rects>
        <_>
          1 21 24 14 -1.</_>
        <_>
          13 21 12 14 2.</_></rects>
      <tilted>0</tilted></_>
    <_>
      <rects>
        <_>
          1 22 1 2 -1.</_>
        <_>
          1 23 1 1 2.</_></rects>
      <tilted>0</tilted></_>
    <_>
      <rects>
        <_>
          1 24 2 1 -1.</_>
        <_>
          2 24 1 1 2.</_></rects>
      <tilted>0</tilted></_>
    <_>
      <rects>
        <_>
          1 37 10 14 -1.</_>
        <_>
          6 37 5 14 2.</_></rects>
      <tilted>0</tilted></_>
    <_>
      <rects>
        <_>
          2 0 1 57 -1.</_>
        <_>
          2 19 1 19 3.</_></rects>
      <tilted>0</tilted></_>
    <_>
      <rects>
        <_>
          2 1 10 36 -1.</_>
        <_>
          2 13 10 12 3.</_></rects>
      <tilted>0</tilted></_>
    <_>
      <rects>
        <_>
          2 13 3 6 -1.</_>
        <_>
          2 15 3 2 3.</_></rects>
      <tilted>0</tilted></_>
    <_>
      <rects>
        <_>
          2 16 2 4 -1.</_>
        <_>
          2 16 1 2 2.</_>
        <_>
          3 18 1 2 2.</_></rects>
      <tilted>0</tilted></_>
    <_>
      <rects>
        <_>
          2 18 1 2 -1.</_>
        <_>
          2 19 1 1 2.</_></rects>
      <tilted>0</tilted></_>
    <_>
      <rects>
        <_>
          2 27 6 2 -1.</_>
        <_>
          4 27 2 2 3.</_></rects>
      <tilted>0</tilted></_>
    <_>
      <rects>
        <_>
          2 28 12 25 -1.</_>
        <_>
          6 28 4 25 3.</_></rects>
      <tilted>0</tilted></_>
    <_>
      <rects>
        <_>
          2 30 29 18 -1.</_>
        <_>
          2 36 29 6 3.</_></rects>
      <tilted>0</tilted></_>
    <_>
      <rects>
        <_>
          3 15 4 16 -1.</_>
        <_>
          3 15 2 8 2.</_>
        <_>
          5 23 2 8 2.</_></rects>
      <tilted>0</tilted></_>
    <_>
      <rects>
        <_>
          3 17 28 16 -1.</_>
        <_>
          3 17 14 8 2.</_>
        <_>
          17 25 14 8 2.</_></rects>
      <tilted>0</tilted></_>
    <_>
      <rects>
        <_>
          3 18 1 4 -1.</_>
        <_>
          3 20 1 2 2.</_></rects>
      <tilted>0</tilted></_>
    <_>
      <rects>
        <_>
          3 21 2 1 -1.</_>
        <_>
          4 21 1 1 2.</_></rects>
      <tilted>0</tilted></_>
    <_>
      <rects>
        <_>
          3 21 10 18 -1.</_>
        <_>
          8 21 5 18 2.</_></rects>
      <tilted>0</tilted></_>
    <_>
      <rects>
        <_>
          3 21 16 6 -1.</_>
        <_>
          11 21 8 6 2.</_></rects>
      <tilted>0</tilted></_>
    <_>
      <rects>
        <_>
          3 22 1 2 -1.</_>
        <_>
          3 23 1 1 2.</_></rects>
      <tilted>0</tilted></_>
    <_>
      <rects>
        <_>
          3 25 2 1 -1.</_>
        <_>
          4 25 1 1 2.</_></rects>
      <tilted>0</tilted></_>
    <_>
      <rects>
        <_>
          3 29 9 6 -1.</_>
        <_>
          6 29 3 6 3.</_></rects>
      <tilted>0</tilted></_>
    <_>
      <rects>
        <_>
          3 29 14 11 -1.</_>
        <_>
          10 29 7 11 2.</_></rects>
      <tilted>0</tilted></_>
    <_>
      <rects>
        <_>
          3 31 8 7 -1.</_>
        <_>
          7 31 4 7 2.</_></rects>
      <tilted>0</tilted></_>
    <_>
      <rects>
        <_>
          3 37 3 1 -1.</_>
        <_>
          4 37 1 1 3.</_></rects>
      <tilted>0</tilted></_>
    <_>
      <rects>
        <_>
          4 2 12 10 -1.</_>
        <_>
          4 2 6 5 2.</_>
        <_>
          10 7 6 5 2.</_></rects>
      <tilted>0</tilted></_>
    <_>
      <rects>
        <_>
          4 10 7 4 -1.</_>
        <_>
          4 12 7 2 2.</_></rects>
      <tilted>0</tilted></_>
    <_>
      <rects>
        <_>
          4 14 4 2 -1.</_>
        <_>
          4 15 4 1 2.</_></rects>
      <tilted>0</tilted></_>
    <_>
      <rects>
        <_>
          4 18 18 19 -1.</_>
        <_>
          10 18 6 19 3.</_></rects>
      <tilted>0</tilted></_>
    <_>
      <rects>
        <_>
          4 19 8 12 -1.</_>
        <_>
          4 19 4 6 2.</_>
        <_>
          8 25 4 6 2.</_></rects>
      <tilted>0</tilted></_>
    <_>
      <rects>
        <_>
          4 20 14 3 -1.</_>
        <_>
          11 20 7 3 2.</_></rects>
      <tilted>0</tilted></_>
    <_>
      <rects>
        <_>
          4 20 26 20 -1.</_>
        <_>
          4 20 13 10 2.</_>
        <_>
          17 30 13 10 2.</_></rects>
      <tilted>0</tilted></_>
    <_>
      <rects>
        <_>
          4 24 2 1 -1.</_>
        <_>
          5 24 1 1 2.</_></rects>
      <tilted>0</tilted></_>
    <_>
      <rects>
        <_>
          4 25 1 2 -1.</_>
        <_>
          4 26 1 1 2.</_></rects>
      <tilted>0</tilted></_>
    <_>
      <rects>
        <_>
          4 26 6 9 -1.</_>
        <_>
          6 26 2 9 3.</_></rects>
      <tilted>0</tilted></_>
    <_>
      <rects>
        <_>
          4 26 24 14 -1.</_>
        <_>
          12 26 8 14 3.</_></rects>
      <tilted>0</tilted></_>
    <_>
      <rects>
        <_>
          4 27 26 20 -1.</_>
        <_>
          4 27 13 10 2.</_>
        <_>
          17 37 13 10 2.</_></rects>
      <tilted>0</tilted></_>
    <_>
      <rects>
        <_>
          4 35 10 5 -1.</_>
        <_>
          9 35 5 5 2.</_></rects>
      <tilted>0</tilted></_>
    <_>
      <rects>
        <_>
          4 35 20 3 -1.</_>
        <_>
          14 35 10 3 2.</_></rects>
      <tilted>0</tilted></_>
    <_>
      <rects>
        <_>
          5 0 7 27 -1.</_>
        <_>
          5 9 7 9 3.</_></rects>
      <tilted>0</tilted></_>
    <_>
      <rects>
        <_>
          5 14 3 3 -1.</_>
        <_>
          5 15 3 1 3.</_></rects>
      <tilted>0</tilted></_>
    <_>
      <rects>
        <_>
          5 15 2 3 -1.</_>
        <_>
          6 15 1 3 2.</_></rects>
      <tilted>0</tilted></_>
    <_>
      <rects>
        <_>
          5 16 15 22 -1.</_>
        <_>
          5 27 15 11 2.</_></rects>
      <tilted>0</tilted></_>
    <_>
      <rects>
        <_>
          5 17 2 1 -1.</_>
        <_>
          6 17 1 1 2.</_></rects>
      <tilted>0</tilted></_>
    <_>
      <rects>
        <_>
          5 17 14 32 -1.</_>
        <_>
          5 17 7 16 2.</_>
        <_>
          12 33 7 16 2.</_></rects>
      <tilted>0</tilted></_>
    <_>
      <rects>
        <_>
          5 20 20 12 -1.</_>
        <_>
          5 20 10 6 2.</_>
        <_>
          15 26 10 6 2.</_></rects>
      <tilted>0</tilted></_>
    <_>
      <rects>
        <_>
          5 27 13 4 -1.</_>
        <_>
          5 29 13 2 2.</_></rects>
      <tilted>0</tilted></_>
    <_>
      <rects>
        <_>
          5 28 17 4 -1.</_>
        <_>
          5 30 17 2 2.</_></rects>
      <tilted>0</tilted></_>
    <_>
      <rects>
        <_>
          6 2 1 6 -1.</_>
        <_>
          6 4 1 2 3.</_></rects>
      <tilted>0</tilted></_>
    <_>
      <rects>
        <_>
          6 4 5 21 -1.</_>
        <_>
          6 11 5 7 3.</_></rects>
      <tilted>0</tilted></_>
    <_>
      <rects>
        <_>
          6 10 15 45 -1.</_>
        <_>
          11 10 5 45 3.</_></rects>
      <tilted>0</tilted></_>
    <_>
      <rects>
        <_>
          6 13 3 17 -1.</_>
        <_>
          7 13 1 17 3.</_></rects>
      <tilted>0</tilted></_>
    <_>
      <rects>
        <_>
          6 15 3 1 -1.</_>
        <_>
          7 15 1 1 3.</_></rects>
      <tilted>0</tilted></_>
    <_>
      <rects>
        <_>
          6 15 2 2 -1.</_>
        <_>
          7 15 1 2 2.</_></rects>
      <tilted>0</tilted></_>
    <_>
      <rects>
        <_>
          6 15 1 4 -1.</_>
        <_>
          6 17 1 2 2.</_></rects>
      <tilted>0</tilted></_>
    <_>
      <rects>
        <_>
          6 15 2 4 -1.</_>
        <_>
          6 17 2 2 2.</_></rects>
      <tilted>0</tilted></_>
    <_>
      <rects>
        <_>
          6 17 6 1 -1.</_>
        <_>
          8 17 2 1 3.</_></rects>
      <tilted>0</tilted></_>
    <_>
      <rects>
        <_>
          6 18 1 2 -1.</_>
        <_>
          6 19 1 1 2.</_></rects>
      <tilted>0</tilted></_>
    <_>
      <rects>
        <_>
          6 24 5 3 -1.</_>
        <_>
          6 25 5 1 3.</_></rects>
      <tilted>0</tilted></_>
    <_>
      <rects>
        <_>
          6 26 21 16 -1.</_>
        <_>
          13 26 7 16 3.</_></rects>
      <tilted>0</tilted></_>
    <_>
      <rects>
        <_>
          7 14 4 1 -1.</_>
        <_>
          9 14 2 1 2.</_></rects>
      <tilted>0</tilted></_>
    <_>
      <rects>
        <_>
          7 15 2 1 -1.</_>
        <_>
          8 15 1 1 2.</_></rects>
      <tilted>0</tilted></_>
    <_>
      <rects>
        <_>
          7 16 2 2 -1.</_>
        <_>
          8 16 1 2 2.</_></rects>
      <tilted>0</tilted></_>
    <_>
      <rects>
        <_>
          7 17 20 30 -1.</_>
        <_>
          7 27 20 10 3.</_></rects>
      <tilted>0</tilted></_>
    <_>
      <rects>
        <_>
          7 37 6 2 -1.</_>
        <_>
          7 37 3 1 2.</_>
        <_>
          10 38 3 1 2.</_></rects>
      <tilted>0</tilted></_>
    <_>
      <rects>
        <_>
          7 41 22 16 -1.</_>
        <_>
          7 41 11 8 2.</_>
        <_>
          18 49 11 8 2.</_></rects>
      <tilted>0</tilted></_>
    <_>
      <rects>
        <_>
          8 0 3 36 -1.</_>
        <_>
          8 12 3 12 3.</_></rects>
      <tilted>0</tilted></_>
    <_>
      <rects>
        <_>
          8 3 12 28 -1.</_>
        <_>
          12 3 4 28 3.</_></rects>
      <tilted>0</tilted></_>
    <_>
      <rects>
        <_>
          8 12 8 16 -1.</_>
        <_>
          8 20 8 8 2.</_></rects>
      <tilted>0</tilted></_>
    <_>
      <rects>
        <_>
          8 13 1 3 -1.</_>
        <_>
          8 14 1 1 3.</_></rects>
      <tilted>0</tilted></_>
    <_>
      <rects>
        <_>
          8 13 4 2 -1.</_>
        <_>
          8 14 4 1 2.</_></rects>
      <tilted>0</tilted></_>
    <_>
      <rects>
        <_>
          8 14 2 1 -1.</_>
        <_>
          9 14 1 1 2.</_></rects>
      <tilted>0</tilted></_>
    <_>
      <rects>
        <_>
          8 14 3 2 -1.</_>
        <_>
          9 14 1 2 3.</_></rects>
      <tilted>0</tilted></_>
    <_>
      <rects>
        <_>
          8 18 6 26 -1.</_>
        <_>
          8 18 3 13 2.</_>
        <_>
          11 31 3 13 2.</_></rects>
      <tilted>0</tilted></_>
    <_>
      <rects>
        <_>
          8 23 6 27 -1.</_>
        <_>
          8 32 6 9 3.</_></rects>
      <tilted>0</tilted></_>
    <_>
      <rects>
        <_>
          8 28 16 4 -1.</_>
        <_>
          8 30 16 2 2.</_></rects>
      <tilted>0</tilted></_>
    <_>
      <rects>
        <_>
          9 3 1 45 -1.</_>
        <_>
          9 18 1 15 3.</_></rects>
      <tilted>0</tilted></_>
    <_>
      <rects>
        <_>
          9 11 1 2 -1.</_>
        <_>
          9 12 1 1 2.</_></rects>
      <tilted>0</tilted></_>
    <_>
      <rects>
        <_>
          9 13 2 2 -1.</_>
        <_>
          10 13 1 2 2.</_></rects>
      <tilted>0</tilted></_>
    <_>
      <rects>
        <_>
          9 20 2 27 -1.</_>
        <_>
          9 29 2 9 3.</_></rects>
      <tilted>0</tilted></_>
    <_>
      <rects>
        <_>
          9 28 10 5 -1.</_>
        <_>
          14 28 5 5 2.</_></rects>
      <tilted>0</tilted></_>
    <_>
      <rects>
        <_>
          9 30 6 9 -1.</_>
        <_>
          12 30 3 9 2.</_></rects>
      <tilted>0</tilted></_>
    <_>
      <rects>
        <_>
          9 31 6 6 -1.</_>
        <_>
          12 31 3 6 2.</_></rects>
      <tilted>0</tilted></_>
    <_>
      <rects>
        <_>
          9 39 15 8 -1.</_>
        <_>
          9 43 15 4 2.</_></rects>
      <tilted>0</tilted></_>
    <_>
      <rects>
        <_>
          9 43 8 12 -1.</_>
        <_>
          9 43 4 6 2.</_>
        <_>
          13 49 4 6 2.</_></rects>
      <tilted>0</tilted></_>
    <_>
      <rects>
        <_>
          10 14 6 12 -1.</_>
        <_>
          10 18 6 4 3.</_></rects>
      <tilted>0</tilted></_>
    <_>
      <rects>
        <_>
          10 18 4 3 -1.</_>
        <_>
          12 18 2 3 2.</_></rects>
      <tilted>0</tilted></_>
    <_>
      <rects>
        <_>
          10 21 12 16 -1.</_>
        <_>
          10 29 12 8 2.</_></rects>
      <tilted>0</tilted></_>
    <_>
      <rects>
        <_>
          10 23 4 16 -1.</_>
        <_>
          10 23 2 8 2.</_>
        <_>
          12 31 2 8 2.</_></rects>
      <tilted>0</tilted></_>
    <_>
      <rects>
        <_>
          10 27 8 6 -1.</_>
        <_>
          10 27 4 3 2.</_>
        <_>
          14 30 4 3 2.</_></rects>
      <tilted>0</tilted></_>
    <_>
      <rects>
        <_>
          10 30 8 3 -1.</_>
        <_>
          10 31 8 1 3.</_></rects>
      <tilted>0</tilted></_>
    <_>
      <rects>
        <_>
          10 34 18 4 -1.</_>
        <_>
          19 34 9 4 2.</_></rects>
      <tilted>0</tilted></_>
    <_>
      <rects>
        <_>
          11 2 20 38 -1.</_>
        <_>
          11 2 10 19 2.</_>
        <_>
          21 21 10 19 2.</_></rects>
      <tilted>0</tilted></_>
    <_>
      <rects>
        <_>
          11 8 2 4 -1.</_>
        <_>
          11 8 1 2 2.</_>
        <_>
          12 10 1 2 2.</_></rects>
      <tilted>0</tilted></_>
    <_>
      <rects>
        <_>
          11 13 2 1 -1.</_>
        <_>
          12 13 1 1 2.</_></rects>
      <tilted>0</tilted></_>
    <_>
      <rects>
        <_>
          11 14 6 11 -1.</_>
        <_>
          13 14 2 11 3.</_></rects>
      <tilted>0</tilted></_>
    <_>
      <rects>
        <_>
          11 23 12 3 -1.</_>
        <_>
          11 24 12 1 3.</_></rects>
      <tilted>0</tilted></_>
    <_>
      <rects>
        <_>
          11 28 3 1 -1.</_>
        <_>
          12 28 1 1 3.</_></rects>
      <tilted>0</tilted></_>
    <_>
      <rects>
        <_>
          11 28 2 2 -1.</_>
        <_>
          11 28 1 1 2.</_>
        <_>
          12 29 1 1 2.</_></rects>
      <tilted>0</tilted></_>
    <_>
      <rects>
        <_>
          11 29 3 2 -1.</_>
        <_>
          12 29 1 2 3.</_></rects>
      <tilted>0</tilted></_>
    <_>
      <rects>
        <_>
          12 24 5 10 -1.</_>
        <_>
          12 29 5 5 2.</_></rects>
      <tilted>0</tilted></_>
    <_>
      <rects>
        <_>
          12 29 2 6 -1.</_>
        <_>
          12 32 2 3 2.</_></rects>
      <tilted>0</tilted></_>
    <_>
      <rects>
        <_>
          12 29 9 3 -1.</_>
        <_>
          15 29 3 3 3.</_></rects>
      <tilted>0</tilted></_>
    <_>
      <rects>
        <_>
          13 7 18 28 -1.</_>
        <_>
          13 7 9 14 2.</_>
        <_>
          22 21 9 14 2.</_></rects>
      <tilted>0</tilted></_>
    <_>
      <rects>
        <_>
          13 17 6 30 -1.</_>
        <_>
          15 17 2 30 3.</_></rects>
      <tilted>0</tilted></_>
    <_>
      <rects>
        <_>
          13 26 6 6 -1.</_>
        <_>
          13 26 3 3 2.</_>
        <_>
          16 29 3 3 2.</_></rects>
      <tilted>0</tilted></_>
    <_>
      <rects>
        <_>
          13 26 12 5 -1.</_>
        <_>
          17 26 4 5 3.</_></rects>
      <tilted>0</tilted></_>
    <_>
      <rects>
        <_>
          13 27 2 4 -1.</_>
        <_>
          13 27 1 2 2.</_>
        <_>
          14 29 1 2 2.</_></rects>
      <tilted>0</tilted></_>
    <_>
      <rects>
        <_>
          13 27 6 3 -1.</_>
        <_>
          15 27 2 3 3.</_></rects>
      <tilted>0</tilted></_>
    <_>
      <rects>
        <_>
          13 28 2 2 -1.</_>
        <_>
          13 29 2 1 2.</_></rects>
      <tilted>0</tilted></_>
    <_>
      <rects>
        <_>
          13 29 1 6 -1.</_>
        <_>
          13 32 1 3 2.</_></rects>
      <tilted>0</tilted></_>
    <_>
      <rects>
        <_>
          13 29 3 3 -1.</_>
        <_>
          13 30 3 1 3.</_></rects>
      <tilted>0</tilted></_>
    <_>
      <rects>
        <_>
          13 31 2 4 -1.</_>
        <_>
          13 33 2 2 2.</_></rects>
      <tilted>0</tilted></_>
    <_>
      <rects>
        <_>
          13 32 2 4 -1.</_>
        <_>
          13 32 1 2 2.</_>
        <_>
          14 34 1 2 2.</_></rects>
      <tilted>0</tilted></_>
    <_>
      <rects>
        <_>
          13 41 4 4 -1.</_>
        <_>
          13 43 4 2 2.</_></rects>
      <tilted>0</tilted></_>
    <_>
      <rects>
        <_>
          13 51 10 8 -1.</_>
        <_>
          18 51 5 8 2.</_></rects>
      <tilted>0</tilted></_>
    <_>
      <rects>
        <_>
          14 18 2 20 -1.</_>
        <_>
          14 28 2 10 2.</_></rects>
      <tilted>0</tilted></_>
    <_>
      <rects>
        <_>
          14 24 15 12 -1.</_>
        <_>
          19 24 5 12 3.</_></rects>
      <tilted>0</tilted></_>
    <_>
      <rects>
        <_>
          14 26 9 6 -1.</_>
        <_>
          17 26 3 6 3.</_></rects>
      <tilted>0</tilted></_>
    <_>
      <rects>
        <_>
          14 26 15 9 -1.</_>
        <_>
          19 26 5 9 3.</_></rects>
      <tilted>0</tilted></_>
    <_>
      <rects>
        <_>
          14 27 9 3 -1.</_>
        <_>
          17 27 3 3 3.</_></rects>
      <tilted>0</tilted></_>
    <_>
      <rects>
        <_>
          14 27 15 7 -1.</_>
        <_>
          19 27 5 7 3.</_></rects>
      <tilted>0</tilted></_>
    <_>
      <rects>
        <_>
          14 28 9 3 -1.</_>
        <_>
          14 29 9 1 3.</_></rects>
      <tilted>0</tilted></_>
    <_>
      <rects>
        <_>
          14 29 15 1 -1.</_>
        <_>
          19 29 5 1 3.</_></rects>
      <tilted>0</tilted></_>
    <_>
      <rects>
        <_>
          14 30 3 15 -1.</_>
        <_>
          15 30 1 15 3.</_></rects>
      <tilted>0</tilted></_>
    <_>
      <rects>
        <_>
          14 53 6 8 -1.</_>
        <_>
          14 57 6 4 2.</_></rects>
      <tilted>0</tilted></_>
    <_>
      <rects>
        <_>
          15 0 5 10 -1.</_>
        <_>
          15 5 5 5 2.</_></rects>
      <tilted>0</tilted></_>
    <_>
      <rects>
        <_>
          15 6 12 15 -1.</_>
        <_>
          19 6 4 15 3.</_></rects>
      <tilted>0</tilted></_>
    <_>
      <rects>
        <_>
          15 7 12 50 -1.</_>
        <_>
          15 32 12 25 2.</_></rects>
      <tilted>0</tilted></_>
    <_>
      <rects>
        <_>
          15 25 6 5 -1.</_>
        <_>
          17 25 2 5 3.</_></rects>
      <tilted>0</tilted></_>
    <_>
      <rects>
        <_>
          15 27 1 6 -1.</_>
        <_>
          15 29 1 2 3.</_></rects>
      <tilted>0</tilted></_>
    <_>
      <rects>
        <_>
          15 43 12 10 -1.</_>
        <_>
          15 43 6 5 2.</_>
        <_>
          21 48 6 5 2.</_></rects>
      <tilted>0</tilted></_>
    <_>
      <rects>
        <_>
          16 16 15 33 -1.</_>
        <_>
          21 16 5 33 3.</_></rects>
      <tilted>0</tilted></_>
    <_>
      <rects>
        <_>
          16 17 14 26 -1.</_>
        <_>
          16 30 14 13 2.</_></rects>
      <tilted>0</tilted></_>
    <_>
      <rects>
        <_>
          16 22 1 12 -1.</_>
        <_>
          16 26 1 4 3.</_></rects>
      <tilted>0</tilted></_>
    <_>
      <rects>
        <_>
          16 22 5 16 -1.</_>
        <_>
          16 30 5 8 2.</_></rects>
      <tilted>0</tilted></_>
    <_>
      <rects>
        <_>
          17 5 6 19 -1.</_>
        <_>
          19 5 2 19 3.</_></rects>
      <tilted>0</tilted></_>
    <_>
      <rects>
        <_>
          17 24 2 4 -1.</_>
        <_>
          17 24 1 2 2.</_>
        <_>
          18 26 1 2 2.</_></rects>
      <tilted>0</tilted></_>
    <_>
      <rects>
        <_>
          18 19 9 1 -1.</_>
        <_>
          21 19 3 1 3.</_></rects>
      <tilted>0</tilted></_>
    <_>
      <rects>
        <_>
          19 9 12 28 -1.</_>
        <_>
          19 9 6 14 2.</_>
        <_>
          25 23 6 14 2.</_></rects>
      <tilted>0</tilted></_>
    <_>
      <rects>
        <_>
          19 10 6 22 -1.</_>
        <_>
          21 10 2 22 3.</_></rects>
      <tilted>0</tilted></_>
    <_>
      <rects>
        <_>
          19 26 10 6 -1.</_>
        <_>
          24 26 5 6 2.</_></rects>
      <tilted>0</tilted></_>
    <_>
      <rects>
        <_>
          19 27 8 10 -1.</_>
        <_>
          23 27 4 10 2.</_></rects>
      <tilted>0</tilted></_>
    <_>
      <rects>
        <_>
          20 20 10 10 -1.</_>
        <_>
          20 25 10 5 2.</_></rects>
      <tilted>0</tilted></_>
    <_>
      <rects>
        <_>
          20 25 9 5 -1.</_>
        <_>
          23 25 3 5 3.</_></rects>
      <tilted>0</tilted></_>
    <_>
      <rects>
        <_>
          21 6 6 12 -1.</_>
        <_>
          24 6 3 12 2.</_></rects>
      <tilted>0</tilted></_>
    <_>
      <rects>
        <_>
          21 24 8 30 -1.</_>
        <_>
          21 39 8 15 2.</_></rects>
      <tilted>0</tilted></_>
    <_>
      <rects>
        <_>
          22 19 9 21 -1.</_>
        <_>
          25 19 3 21 3.</_></rects>
      <tilted>0</tilted></_>
    <_>
      <rects>
        <_>
          22 20 9 6 -1.</_>
        <_>
          25 20 3 6 3.</_></rects>
      <tilted>0</tilted></_>
    <_>
      <rects>
        <_>
          22 24 9 1 -1.</_>
        <_>
          25 24 3 1 3.</_></rects>
      <tilted>0</tilted></_>
    <_>
      <rects>
        <_>
          22 24 9 2 -1.</_>
        <_>
          25 24 3 2 3.</_></rects>
      <tilted>0</tilted></_>
    <_>
      <rects>
        <_>
          22 25 9 9 -1.</_>
        <_>
          22 28 9 3 3.</_></rects>
      <tilted>0</tilted></_>
    <_>
      <rects>
        <_>
          23 9 8 41 -1.</_>
        <_>
          27 9 4 41 2.</_></rects>
      <tilted>0</tilted></_>
    <_>
      <rects>
        <_>
          23 11 8 33 -1.</_>
        <_>
          23 22 8 11 3.</_></rects>
      <tilted>0</tilted></_>
    <_>
      <rects>
        <_>
          23 26 8 20 -1.</_>
        <_>
          23 26 4 10 2.</_>
        <_>
          27 36 4 10 2.</_></rects>
      <tilted>0</tilted></_>
    <_>
      <rects>
        <_>
          23 36 2 1 -1.</_>
        <_>
          24 36 1 1 2.</_></rects>
      <tilted>0</tilted></_>
    <_>
      <rects>
        <_>
          24 6 4 16 -1.</_>
        <_>
          24 6 2 8 2.</_>
        <_>
          26 14 2 8 2.</_></rects>
      <tilted>0</tilted></_>
    <_>
      <rects>
        <_>
          24 15 7 33 -1.</_>
        <_>
          24 26 7 11 3.</_></rects>
      <tilted>0</tilted></_>
    <_>
      <rects>
        <_>
          24 21 6 11 -1.</_>
        <_>
          26 21 2 11 3.</_></rects>
      <tilted>0</tilted></_>
    <_>
      <rects>
        <_>
          24 35 4 10 -1.</_>
        <_>
          24 35 2 5 2.</_>
        <_>
          26 40 2 5 2.</_></rects>
      <tilted>0</tilted></_>
    <_>
      <rects>
        <_>
          25 7 6 16 -1.</_>
        <_>
          28 7 3 16 2.</_></rects>
      <tilted>0</tilted></_>
    <_>
      <rects>
        <_>
          25 16 3 1 -1.</_>
        <_>
          26 16 1 1 3.</_></rects>
      <tilted>0</tilted></_>
    <_>
      <rects>
        <_>
          25 18 6 4 -1.</_>
        <_>
          27 18 2 4 3.</_></rects>
      <tilted>0</tilted></_>
    <_>
      <rects>
        <_>
          25 22 6 11 -1.</_>
        <_>
          27 22 2 11 3.</_></rects>
      <tilted>0</tilted></_>
    <_>
      <rects>
        <_>
          26 14 3 14 -1.</_>
        <_>
          26 21 3 7 2.</_></rects>
      <tilted>0</tilted></_>
    <_>
      <rects>
        <_>
          26 17 1 2 -1.</_>
        <_>
          26 18 1 1 2.</_></rects>
      <tilted>0</tilted></_>
    <_>
      <rects>
        <_>
          26 18 4 16 -1.</_>
        <_>
          26 18 2 8 2.</_>
        <_>
          28 26 2 8 2.</_></rects>
      <tilted>0</tilted></_>
    <_>
      <rects>
        <_>
          26 19 1 2 -1.</_>
        <_>
          26 20 1 1 2.</_></rects>
      <tilted>0</tilted></_>
    <_>
      <rects>
        <_>
          26 21 1 2 -1.</_>
        <_>
          26 22 1 1 2.</_></rects>
      <tilted>0</tilted></_>
    <_>
      <rects>
        <_>
          27 0 2 60 -1.</_>
        <_>
          27 20 2 20 3.</_></rects>
      <tilted>0</tilted></_>
    <_>
      <rects>
        <_>
          27 1 1 57 -1.</_>
        <_>
          27 20 1 19 3.</_></rects>
      <tilted>0</tilted></_>
    <_>
      <rects>
        <_>
          27 22 2 24 -1.</_>
        <_>
          27 22 1 12 2.</_>
        <_>
          28 34 1 12 2.</_></rects>
      <tilted>0</tilted></_>
    <_>
      <rects>
        <_>
          27 27 1 2 -1.</_>
        <_>
          27 28 1 1 2.</_></rects>
      <tilted>0</tilted></_>
    <_>
      <rects>
        <_>
          27 32 4 28 -1.</_>
        <_>
          29 32 2 28 2.</_></rects>
      <tilted>0</tilted></_>
    <_>
      <rects>
        <_>
          28 0 2 36 -1.</_>
        <_>
          28 18 2 18 2.</_></rects>
      <tilted>0</tilted></_>
    <_>
      <rects>
        <_>
          28 8 2 32 -1.</_>
        <_>
          28 8 1 16 2.</_>
        <_>
          29 24 1 16 2.</_></rects>
      <tilted>0</tilted></_>
    <_>
      <rects>
        <_>
          28 29 1 2 -1.</_>
        <_>
          28 30 1 1 2.</_></rects>
      <tilted>0</tilted></_>
    <_>
      <rects>
        <_>
          29 16 2 36 -1.</_>
        <_>
          29 16 1 18 2.</_>
        <_>
          30 34 1 18 2.</_></rects>
      <tilted>0</tilted></_>
    <_>
      <rects>
        <_>
          29 19 2 17 -1.</_>
        <_>
          30 19 1 17 2.</_></rects>
      <tilted>0</tilted></_>
    <_>
      <rects>
        <_>
          29 19 2 23 -1.</_>
        <_>
          30 19 1 23 2.</_></rects>
      <tilted>0</tilted></_>
    <_>
      <rects>
        <_>
          29 21 1 2 -1.</_>
        <_>
          29 22 1 1 2.</_></rects>
      <tilted>0</tilted></_>
    <_>
      <rects>
        <_>
          29 23 2 8 -1.</_>
        <_>
          29 23 1 4 2.</_>
        <_>
          30 27 1 4 2.</_></rects>
      <tilted>0</tilted></_>
    <_>
      <rects>
        <_>
          29 23 2 21 -1.</_>
        <_>
          30 23 1 21 2.</_></rects>
      <tilted>0</tilted></_>
    <_>
      <rects>
        <_>
          29 27 2 1 -1.</_>
        <_>
          30 27 1 1 2.</_></rects>
      <tilted>0</tilted></_>
    <_>
      <rects>
        <_>
          29 29 2 2 -1.</_>
        <_>
          30 29 1 2 2.</_></rects>
      <tilted>0</tilted></_>
    <_>
      <rects>
        <_>
          29 33 1 2 -1.</_>
        <_>
          29 34 1 1 2.</_></rects>
      <tilted>0</tilted></_>
    <_>
      <rects>
        <_>
          30 30 1 3 -1.</_>
        <_>
          30 31 1 1 3.</_></rects>
      <tilted>0</tilted></_></features></cascade>
</opencv_storage>
