<?xml version="1.0"?>
<opencv_storage>
<cascade>
  <stageType>BOOST</stageType>
  <featureType>HAAR</featureType>
  <height>66</height>
  <width>47</width>
  <stageParams>
    <boostType>GAB</boostType>
    <minHitRate>9.9900001287460327e-01</minHitRate>
    <maxFalseAlarm>5.0000000000000000e-01</maxFalseAlarm>
    <weightTrimRate>9.4999999999999996e-01</weightTrimRate>
    <maxDepth>1</maxDepth>
    <maxWeakCount>100</maxWeakCount></stageParams>
  <featureParams>
    <maxCatCount>0</maxCatCount>
    <featSize>1</featSize>
    <mode>BASIC</mode></featureParams>
  <stageNum>20</stageNum>
  <stages>
    <!-- stage 0 -->
    <_>
      <maxWeakCount>7</maxWeakCount>
      <stageThreshold>-7.1491456031799316e-01</stageThreshold>
      <weakClassifiers>
        <_>
          <internalNodes>
            0 -1 55 -6.5873367711901665e-03</internalNodes>
          <leafValues>
            7.7574372291564941e-01 -6.0638296604156494e-01</leafValues></_>
        <_>
          <internalNodes>
            0 -1 104 1.6695295926183462e-04</internalNodes>
          <leafValues>
            -6.5380156040191650e-01 5.4064774513244629e-01</leafValues></_>
        <_>
          <internalNodes>
            0 -1 153 -2.3515787906944752e-03</internalNodes>
          <leafValues>
            8.1454145908355713e-01 -2.9907739162445068e-01</leafValues></_>
        <_>
          <internalNodes>
            0 -1 113 -4.8508802428841591e-03</internalNodes>
          <leafValues>
            4.6879890561103821e-01 -5.2808928489685059e-01</leafValues></_>
        <_>
          <internalNodes>
            0 -1 170 -3.5802781349048018e-04</internalNodes>
          <leafValues>
            6.3092374801635742e-01 -4.2276009917259216e-01</leafValues></_>
        <_>
          <internalNodes>
            0 -1 14 2.0236462354660034e-02</internalNodes>
          <leafValues>
            4.7240048646926880e-01 -5.7538777589797974e-01</leafValues></_>
        <_>
          <internalNodes>
            0 -1 129 3.2806897070258856e-04</internalNodes>
          <leafValues>
            -6.8571388721466064e-01 3.2590809464454651e-01</leafValues></_></weakClassifiers></_>
    <!-- stage 1 -->
    <_>
      <maxWeakCount>11</maxWeakCount>
      <stageThreshold>-9.4911193847656250e-01</stageThreshold>
      <weakClassifiers>
        <_>
          <internalNodes>
            0 -1 65 1.6480468213558197e-02</internalNodes>
          <leafValues>
            5.8766859769821167e-01 -7.5471699237823486e-01</leafValues></_>
        <_>
          <internalNodes>
            0 -1 117 -4.8564984463155270e-03</internalNodes>
          <leafValues>
            6.6707158088684082e-01 -3.7239405512809753e-01</leafValues></_>
        <_>
          <internalNodes>
            0 -1 103 -2.1925896871834993e-03</internalNodes>
          <leafValues>
            3.6430332064628601e-01 -6.8360793590545654e-01</leafValues></_>
        <_>
          <internalNodes>
            0 -1 24 -1.8283534795045853e-02</internalNodes>
          <leafValues>
            7.6440316438674927e-01 -2.9735037684440613e-01</leafValues></_>
        <_>
          <internalNodes>
            0 -1 148 7.0288806455209851e-05</internalNodes>
          <leafValues>
            -2.7846354246139526e-01 7.4190175533294678e-01</leafValues></_>
        <_>
          <internalNodes>
            0 -1 144 1.1370645370334387e-04</internalNodes>
          <leafValues>
            -2.5674217939376831e-01 6.4635819196701050e-01</leafValues></_>
        <_>
          <internalNodes>
            0 -1 121 1.8377043306827545e-04</internalNodes>
          <leafValues>
            -5.6899279356002808e-01 3.2987320423126221e-01</leafValues></_>
        <_>
          <internalNodes>
            0 -1 17 9.3363301130011678e-04</internalNodes>
          <leafValues>
            -2.4218921363353729e-01 7.9419040679931641e-01</leafValues></_>
        <_>
          <internalNodes>
            0 -1 72 -1.8721628002822399e-03</internalNodes>
          <leafValues>
            -8.8186794519424438e-01 2.7807193994522095e-01</leafValues></_>
        <_>
          <internalNodes>
            0 -1 85 -1.7093699425458908e-02</internalNodes>
          <leafValues>
            6.4492946863174438e-01 -3.7469971179962158e-01</leafValues></_>
        <_>
          <internalNodes>
            0 -1 111 3.2053876202553511e-04</internalNodes>
          <leafValues>
            -3.4021389484405518e-01 6.8274164199829102e-01</leafValues></_></weakClassifiers></_>
    <!-- stage 2 -->
    <_>
      <maxWeakCount>9</maxWeakCount>
      <stageThreshold>-4.8247838020324707e-01</stageThreshold>
      <weakClassifiers>
        <_>
          <internalNodes>
            0 -1 149 -8.8208727538585663e-04</internalNodes>
          <leafValues>
            -7.1794873476028442e-01 5.1371115446090698e-01</leafValues></_>
        <_>
          <internalNodes>
            0 -1 11 2.3029835429042578e-03</internalNodes>
          <leafValues>
            -2.1327571570873260e-01 8.1725925207138062e-01</leafValues></_>
        <_>
          <internalNodes>
            0 -1 7 3.3609988167881966e-03</internalNodes>
          <leafValues>
            -1.7978033423423767e-01 7.4344485998153687e-01</leafValues></_>
        <_>
          <internalNodes>
            0 -1 56 1.6345430049113929e-04</internalNodes>
          <leafValues>
            -2.0338796079158783e-01 6.7433476448059082e-01</leafValues></_>
        <_>
          <internalNodes>
            0 -1 69 -1.5786362928338349e-04</internalNodes>
          <leafValues>
            2.7070015668869019e-01 -6.2553530931472778e-01</leafValues></_>
        <_>
          <internalNodes>
            0 -1 40 -8.0863073468208313e-02</internalNodes>
          <leafValues>
            -8.6446863412857056e-01 1.9796082377433777e-01</leafValues></_>
        <_>
          <internalNodes>
            0 -1 92 1.7886780202388763e-02</internalNodes>
          <leafValues>
            1.8251499533653259e-01 -8.5352265834808350e-01</leafValues></_>
        <_>
          <internalNodes>
            0 -1 128 1.6049867554102093e-04</internalNodes>
          <leafValues>
            -2.5817361474037170e-01 7.5555437803268433e-01</leafValues></_>
        <_>
          <internalNodes>
            0 -1 125 8.5039799159858376e-05</internalNodes>
          <leafValues>
            2.8819432854652405e-01 -6.0811370611190796e-01</leafValues></_></weakClassifiers></_>
    <!-- stage 3 -->
    <_>
      <maxWeakCount>10</maxWeakCount>
      <stageThreshold>-8.5432523488998413e-01</stageThreshold>
      <weakClassifiers>
        <_>
          <internalNodes>
            0 -1 10 -9.5181226730346680e-02</internalNodes>
          <leafValues>
            -8.1176471710205078e-01 5.4444444179534912e-01</leafValues></_>
        <_>
          <internalNodes>
            0 -1 33 -3.2885072287172079e-03</internalNodes>
          <leafValues>
            7.1709746122360229e-01 -2.9850277304649353e-01</leafValues></_>
        <_>
          <internalNodes>
            0 -1 157 1.6820585005916655e-04</internalNodes>
          <leafValues>
            -2.7243044972419739e-01 5.7983481884002686e-01</leafValues></_>
        <_>
          <internalNodes>
            0 -1 163 -1.0566115379333496e-03</internalNodes>
          <leafValues>
            3.6766198277473450e-01 -5.2523821592330933e-01</leafValues></_>
        <_>
          <internalNodes>
            0 -1 164 -2.4716758634895086e-03</internalNodes>
          <leafValues>
            7.6366919279098511e-01 -2.2152534127235413e-01</leafValues></_>
        <_>
          <internalNodes>
            0 -1 137 3.3753132447600365e-04</internalNodes>
          <leafValues>
            -2.2291842103004456e-01 7.5081902742385864e-01</leafValues></_>
        <_>
          <internalNodes>
            0 -1 42 1.5175766311585903e-03</internalNodes>
          <leafValues>
            -2.2851426899433136e-01 7.4832916259765625e-01</leafValues></_>
        <_>
          <internalNodes>
            0 -1 41 -4.7597233206033707e-03</internalNodes>
          <leafValues>
            7.0534783601760864e-01 -2.3220203816890717e-01</leafValues></_>
        <_>
          <internalNodes>
            0 -1 79 -1.9288144540041685e-03</internalNodes>
          <leafValues>
            3.4767594933509827e-01 -5.3217387199401855e-01</leafValues></_>
        <_>
          <internalNodes>
            0 -1 140 7.6949545182287693e-03</internalNodes>
          <leafValues>
            2.4183546006679535e-01 -9.2056387662887573e-01</leafValues></_></weakClassifiers></_>
    <!-- stage 4 -->
    <_>
      <maxWeakCount>12</maxWeakCount>
      <stageThreshold>-7.2593528032302856e-01</stageThreshold>
      <weakClassifiers>
        <_>
          <internalNodes>
            0 -1 66 -1.8572830595076084e-04</internalNodes>
          <leafValues>
            5.5599999427795410e-01 -4.2399999499320984e-01</leafValues></_>
        <_>
          <internalNodes>
            0 -1 105 2.5351304560899734e-02</internalNodes>
          <leafValues>
            2.3449531197547913e-01 -8.1212747097015381e-01</leafValues></_>
        <_>
          <internalNodes>
            0 -1 187 1.5577455051243305e-02</internalNodes>
          <leafValues>
            -2.3058217763900757e-01 6.6566765308380127e-01</leafValues></_>
        <_>
          <internalNodes>
            0 -1 159 1.0529159044381231e-04</internalNodes>
          <leafValues>
            -3.7363091111183167e-01 3.9755544066429138e-01</leafValues></_>
        <_>
          <internalNodes>
            0 -1 177 1.0529470164328814e-03</internalNodes>
          <leafValues>
            -2.5203591585159302e-01 6.3317298889160156e-01</leafValues></_>
        <_>
          <internalNodes>
            0 -1 31 5.1760170608758926e-03</internalNodes>
          <leafValues>
            -2.7556872367858887e-01 5.3141957521438599e-01</leafValues></_>
        <_>
          <internalNodes>
            0 -1 35 1.4230264350771904e-02</internalNodes>
          <leafValues>
            -1.8028227984905243e-01 7.9776686429977417e-01</leafValues></_>
        <_>
          <internalNodes>
            0 -1 39 -1.3901144266128540e-03</internalNodes>
          <leafValues>
            6.2239032983779907e-01 -2.5937801599502563e-01</leafValues></_>
        <_>
          <internalNodes>
            0 -1 182 5.9131236048415303e-04</internalNodes>
          <leafValues>
            -2.8856396675109863e-01 5.6073826551437378e-01</leafValues></_>
        <_>
          <internalNodes>
            0 -1 150 -1.6502974904142320e-04</internalNodes>
          <leafValues>
            6.5670049190521240e-01 -2.4472109973430634e-01</leafValues></_>
        <_>
          <internalNodes>
            0 -1 126 8.5501105058938265e-04</internalNodes>
          <leafValues>
            2.0566089451313019e-01 -8.6252492666244507e-01</leafValues></_>
        <_>
          <internalNodes>
            0 -1 44 -1.3560339575633407e-03</internalNodes>
          <leafValues>
            4.8770183324813843e-01 -3.4573832154273987e-01</leafValues></_></weakClassifiers></_>
    <!-- stage 5 -->
    <_>
      <maxWeakCount>6</maxWeakCount>
      <stageThreshold>-7.5845605134963989e-01</stageThreshold>
      <weakClassifiers>
        <_>
          <internalNodes>
            0 -1 74 -3.5968687734566629e-04</internalNodes>
          <leafValues>
            -9.3478262424468994e-01 5.8348965644836426e-01</leafValues></_>
        <_>
          <internalNodes>
            0 -1 54 -2.7963129803538322e-02</internalNodes>
          <leafValues>
            6.1126375198364258e-01 -4.5715042948722839e-01</leafValues></_>
        <_>
          <internalNodes>
            0 -1 46 -1.0950251016765833e-03</internalNodes>
          <leafValues>
            -7.5569641590118408e-01 3.9699655771255493e-01</leafValues></_>
        <_>
          <internalNodes>
            0 -1 30 -1.7672842659521848e-05</internalNodes>
          <leafValues>
            -7.1629434823989868e-01 3.5256609320640564e-01</leafValues></_>
        <_>
          <internalNodes>
            0 -1 183 3.1381491571664810e-02</internalNodes>
          <leafValues>
            -4.3994030356407166e-01 6.0047334432601929e-01</leafValues></_>
        <_>
          <internalNodes>
            0 -1 131 5.6029472034424543e-04</internalNodes>
          <leafValues>
            3.2385459542274475e-01 -7.8611099720001221e-01</leafValues></_></weakClassifiers></_>
    <!-- stage 6 -->
    <_>
      <maxWeakCount>5</maxWeakCount>
      <stageThreshold>-5.3887987136840820e-01</stageThreshold>
      <weakClassifiers>
        <_>
          <internalNodes>
            0 -1 82 6.7806022707372904e-04</internalNodes>
          <leafValues>
            5.8935362100601196e-01 -8.5858583450317383e-01</leafValues></_>
        <_>
          <internalNodes>
            0 -1 73 -4.3481145985424519e-04</internalNodes>
          <leafValues>
            -8.6254477500915527e-01 3.5720142722129822e-01</leafValues></_>
        <_>
          <internalNodes>
            0 -1 50 -2.1171554923057556e-02</internalNodes>
          <leafValues>
            4.6111482381820679e-01 -6.5133631229400635e-01</leafValues></_>
        <_>
          <internalNodes>
            0 -1 107 1.7715845024213195e-04</internalNodes>
          <leafValues>
            3.0193459987640381e-01 -8.5570704936981201e-01</leafValues></_>
        <_>
          <internalNodes>
            0 -1 108 -4.7224282752722502e-05</internalNodes>
          <leafValues>
            -8.3817625045776367e-01 3.1190624833106995e-01</leafValues></_></weakClassifiers></_>
    <!-- stage 7 -->
    <_>
      <maxWeakCount>7</maxWeakCount>
      <stageThreshold>-7.7133041620254517e-01</stageThreshold>
      <weakClassifiers>
        <_>
          <internalNodes>
            0 -1 109 -2.5597878266125917e-04</internalNodes>
          <leafValues>
            -8.2524269819259644e-01 5.9386974573135376e-01</leafValues></_>
        <_>
          <internalNodes>
            0 -1 99 3.5109667805954814e-04</internalNodes>
          <leafValues>
            3.1495231389999390e-01 -8.3960819244384766e-01</leafValues></_>
        <_>
          <internalNodes>
            0 -1 98 2.5313714286312461e-04</internalNodes>
          <leafValues>
            2.7623561024665833e-01 -7.3120367527008057e-01</leafValues></_>
        <_>
          <internalNodes>
            0 -1 94 -4.3944688513875008e-04</internalNodes>
          <leafValues>
            -8.0392163991928101e-01 2.5938242673873901e-01</leafValues></_>
        <_>
          <internalNodes>
            0 -1 0 2.2075228116591461e-05</internalNodes>
          <leafValues>
            2.6590615510940552e-01 -7.1910989284515381e-01</leafValues></_>
        <_>
          <internalNodes>
            0 -1 115 -8.4317260188981891e-05</internalNodes>
          <leafValues>
            -7.0758932828903198e-01 2.8863453865051270e-01</leafValues></_>
        <_>
          <internalNodes>
            0 -1 62 -4.0895198471844196e-03</internalNodes>
          <leafValues>
            6.6852313280105591e-01 -3.5497486591339111e-01</leafValues></_></weakClassifiers></_>
    <!-- stage 8 -->
    <_>
      <maxWeakCount>9</maxWeakCount>
      <stageThreshold>-7.6121777296066284e-01</stageThreshold>
      <weakClassifiers>
        <_>
          <internalNodes>
            0 -1 118 -1.3742854818701744e-02</internalNodes>
          <leafValues>
            -8.0000001192092896e-01 4.8318582773208618e-01</leafValues></_>
        <_>
          <internalNodes>
            0 -1 9 1.1536742560565472e-02</internalNodes>
          <leafValues>
            -1.6193582117557526e-01 7.4860960245132446e-01</leafValues></_>
        <_>
          <internalNodes>
            0 -1 26 2.2035421803593636e-02</internalNodes>
          <leafValues>
            -2.8009307384490967e-01 6.0491788387298584e-01</leafValues></_>
        <_>
          <internalNodes>
            0 -1 34 -5.1219109445810318e-03</internalNodes>
          <leafValues>
            -8.8181775808334351e-01 2.1381098031997681e-01</leafValues></_>
        <_>
          <internalNodes>
            0 -1 134 5.1416369387879968e-05</internalNodes>
          <leafValues>
            -6.9049847126007080e-01 2.5225409865379333e-01</leafValues></_>
        <_>
          <internalNodes>
            0 -1 141 3.1292624771595001e-03</internalNodes>
          <leafValues>
            -2.9123076796531677e-01 5.9746623039245605e-01</leafValues></_>
        <_>
          <internalNodes>
            0 -1 81 -2.3695104755461216e-03</internalNodes>
          <leafValues>
            2.7617821097373962e-01 -5.7674419879913330e-01</leafValues></_>
        <_>
          <internalNodes>
            0 -1 25 -1.5058406461321283e-05</internalNodes>
          <leafValues>
            -4.8810333013534546e-01 3.5447880625724792e-01</leafValues></_>
        <_>
          <internalNodes>
            0 -1 77 -2.6407539844512939e-03</internalNodes>
          <leafValues>
            3.4068512916564941e-01 -4.8646658658981323e-01</leafValues></_></weakClassifiers></_>
    <!-- stage 9 -->
    <_>
      <maxWeakCount>11</maxWeakCount>
      <stageThreshold>-6.0841596126556396e-01</stageThreshold>
      <weakClassifiers>
        <_>
          <internalNodes>
            0 -1 63 -5.0958329811692238e-03</internalNodes>
          <leafValues>
            -8.3999997377395630e-01 4.6434783935546875e-01</leafValues></_>
        <_>
          <internalNodes>
            0 -1 70 -1.3178663793951273e-03</internalNodes>
          <leafValues>
            3.6367243528366089e-01 -4.2036080360412598e-01</leafValues></_>
        <_>
          <internalNodes>
            0 -1 28 -5.2728299051523209e-03</internalNodes>
          <leafValues>
            6.5019315481185913e-01 -3.0375501513481140e-01</leafValues></_>
        <_>
          <internalNodes>
            0 -1 76 8.4218502044677734e-02</internalNodes>
          <leafValues>
            1.5523204207420349e-01 -9.9160528182983398e-01</leafValues></_>
        <_>
          <internalNodes>
            0 -1 198 8.8677704334259033e-03</internalNodes>
          <leafValues>
            -2.3922874033451080e-01 7.2187477350234985e-01</leafValues></_>
        <_>
          <internalNodes>
            0 -1 178 8.3165382966399193e-04</internalNodes>
          <leafValues>
            -2.8033015131950378e-01 5.3545790910720825e-01</leafValues></_>
        <_>
          <internalNodes>
            0 -1 119 4.6470679080812261e-05</internalNodes>
          <leafValues>
            -2.3938561975955963e-01 6.3037443161010742e-01</leafValues></_>
        <_>
          <internalNodes>
            0 -1 133 -1.1082402197644114e-03</internalNodes>
          <leafValues>
            -9.2894518375396729e-01 1.6913647949695587e-01</leafValues></_>
        <_>
          <internalNodes>
            0 -1 194 5.1011294126510620e-03</internalNodes>
          <leafValues>
            -2.7968180179595947e-01 6.0703283548355103e-01</leafValues></_>
        <_>
          <internalNodes>
            0 -1 23 5.1289629191160202e-03</internalNodes>
          <leafValues>
            -2.1841661632061005e-01 6.7535370588302612e-01</leafValues></_>
        <_>
          <internalNodes>
            0 -1 136 3.5860100761055946e-03</internalNodes>
          <leafValues>
            -2.0000679790973663e-01 7.7544409036636353e-01</leafValues></_></weakClassifiers></_>
    <!-- stage 10 -->
    <_>
      <maxWeakCount>10</maxWeakCount>
      <stageThreshold>-5.8485472202301025e-01</stageThreshold>
      <weakClassifiers>
        <_>
          <internalNodes>
            0 -1 75 -3.7691707257181406e-04</internalNodes>
          <leafValues>
            -6.7032968997955322e-01 5.3558051586151123e-01</leafValues></_>
        <_>
          <internalNodes>
            0 -1 180 -5.7747750543057919e-04</internalNodes>
          <leafValues>
            4.1842600703239441e-01 -4.7684305906295776e-01</leafValues></_>
        <_>
          <internalNodes>
            0 -1 93 -1.7153528460767120e-04</internalNodes>
          <leafValues>
            -8.6425292491912842e-01 2.2531522810459137e-01</leafValues></_>
        <_>
          <internalNodes>
            0 -1 197 1.6029218386393040e-05</internalNodes>
          <leafValues>
            2.2608642280101776e-01 -6.1852651834487915e-01</leafValues></_>
        <_>
          <internalNodes>
            0 -1 89 -3.6256344174034894e-04</internalNodes>
          <leafValues>
            2.7107185125350952e-01 -5.9792417287826538e-01</leafValues></_>
        <_>
          <internalNodes>
            0 -1 201 -1.4785431631025858e-05</internalNodes>
          <leafValues>
            -6.8793094158172607e-01 2.2241979837417603e-01</leafValues></_>
        <_>
          <internalNodes>
            0 -1 132 -4.4454791350290179e-04</internalNodes>
          <leafValues>
            -9.1632801294326782e-01 1.5630814433097839e-01</leafValues></_>
        <_>
          <internalNodes>
            0 -1 15 -3.5488512367010117e-05</internalNodes>
          <leafValues>
            -7.0314621925354004e-01 1.8198141455650330e-01</leafValues></_>
        <_>
          <internalNodes>
            0 -1 189 1.0342344641685486e-02</internalNodes>
          <leafValues>
            -2.7244547009468079e-01 6.1361092329025269e-01</leafValues></_>
        <_>
          <internalNodes>
            0 -1 192 -1.0701820254325867e-02</internalNodes>
          <leafValues>
            7.8402084112167358e-01 -2.7198106050491333e-01</leafValues></_></weakClassifiers></_>
    <!-- stage 11 -->
    <_>
      <maxWeakCount>11</maxWeakCount>
      <stageThreshold>-5.5949729681015015e-01</stageThreshold>
      <weakClassifiers>
        <_>
          <internalNodes>
            0 -1 71 -1.0015630687121302e-04</internalNodes>
          <leafValues>
            6.2234044075012207e-01 -3.6144576966762543e-02</leafValues></_>
        <_>
          <internalNodes>
            0 -1 122 -2.8912690468132496e-03</internalNodes>
          <leafValues>
            5.1180481910705566e-01 -2.4418769776821136e-01</leafValues></_>
        <_>
          <internalNodes>
            0 -1 106 4.0191935840994120e-04</internalNodes>
          <leafValues>
            -2.1064965426921844e-01 6.0913789272308350e-01</leafValues></_>
        <_>
          <internalNodes>
            0 -1 47 -1.7752639949321747e-02</internalNodes>
          <leafValues>
            7.5896459817886353e-01 -2.0824237167835236e-01</leafValues></_>
        <_>
          <internalNodes>
            0 -1 64 6.1470980290323496e-04</internalNodes>
          <leafValues>
            -2.0137053728103638e-01 6.4526337385177612e-01</leafValues></_>
        <_>
          <internalNodes>
            0 -1 173 -3.2467920333147049e-02</internalNodes>
          <leafValues>
            -6.7772924900054932e-01 2.4322277307510376e-01</leafValues></_>
        <_>
          <internalNodes>
            0 -1 13 3.3382494002580643e-03</internalNodes>
          <leafValues>
            -1.9553190469741821e-01 7.2863608598709106e-01</leafValues></_>
        <_>
          <internalNodes>
            0 -1 5 -4.8992559313774109e-03</internalNodes>
          <leafValues>
            6.3545960187911987e-01 -2.4711257219314575e-01</leafValues></_>
        <_>
          <internalNodes>
            0 -1 143 1.3015180593356490e-04</internalNodes>
          <leafValues>
            2.0090642571449280e-01 -8.0038523674011230e-01</leafValues></_>
        <_>
          <internalNodes>
            0 -1 59 1.8233733717352152e-03</internalNodes>
          <leafValues>
            -2.4533665180206299e-01 5.8340793848037720e-01</leafValues></_>
        <_>
          <internalNodes>
            0 -1 37 6.3673280237708241e-05</internalNodes>
          <leafValues>
            2.2609119117259979e-01 -6.5123987197875977e-01</leafValues></_></weakClassifiers></_>
    <!-- stage 12 -->
    <_>
      <maxWeakCount>14</maxWeakCount>
      <stageThreshold>-5.5535644292831421e-01</stageThreshold>
      <weakClassifiers>
        <_>
          <internalNodes>
            0 -1 57 -2.1259840577840805e-03</internalNodes>
          <leafValues>
            -7.0909088850021362e-01 4.6315789222717285e-01</leafValues></_>
        <_>
          <internalNodes>
            0 -1 36 1.4673541299998760e-03</internalNodes>
          <leafValues>
            -2.8354215621948242e-01 4.3778946995735168e-01</leafValues></_>
        <_>
          <internalNodes>
            0 -1 116 2.0907642319798470e-03</internalNodes>
          <leafValues>
            -2.6296716928482056e-01 5.1277852058410645e-01</leafValues></_>
        <_>
          <internalNodes>
            0 -1 191 2.0343984942883253e-05</internalNodes>
          <leafValues>
            2.1843358874320984e-01 -5.8379036188125610e-01</leafValues></_>
        <_>
          <internalNodes>
            0 -1 18 5.0755105912685394e-03</internalNodes>
          <leafValues>
            -2.8165251016616821e-01 5.1229923963546753e-01</leafValues></_>
        <_>
          <internalNodes>
            0 -1 8 -9.4065554440021515e-03</internalNodes>
          <leafValues>
            5.9827786684036255e-01 -2.5092989206314087e-01</leafValues></_>
        <_>
          <internalNodes>
            0 -1 110 -9.9775716662406921e-03</internalNodes>
          <leafValues>
            5.9113705158233643e-01 -1.9116291403770447e-01</leafValues></_>
        <_>
          <internalNodes>
            0 -1 83 1.7578080296516418e-02</internalNodes>
          <leafValues>
            -2.2565913200378418e-01 5.2328813076019287e-01</leafValues></_>
        <_>
          <internalNodes>
            0 -1 32 4.3341184209566563e-05</internalNodes>
          <leafValues>
            2.8548493981361389e-01 -4.8437002301216125e-01</leafValues></_>
        <_>
          <internalNodes>
            0 -1 22 -8.3094392903149128e-04</internalNodes>
          <leafValues>
            3.4588465094566345e-01 -3.6949041485786438e-01</leafValues></_>
        <_>
          <internalNodes>
            0 -1 97 -4.4540548697113991e-04</internalNodes>
          <leafValues>
            2.8809586167335510e-01 -5.3753113746643066e-01</leafValues></_>
        <_>
          <internalNodes>
            0 -1 184 1.2332324331509881e-05</internalNodes>
          <leafValues>
            2.6397705078125000e-01 -5.3156548738479614e-01</leafValues></_>
        <_>
          <internalNodes>
            0 -1 88 5.6929111451609060e-05</internalNodes>
          <leafValues>
            -2.6892322301864624e-01 4.9580538272857666e-01</leafValues></_>
        <_>
          <internalNodes>
            0 -1 4 5.6590481108287349e-05</internalNodes>
          <leafValues>
            2.0821872353553772e-01 -6.2983471155166626e-01</leafValues></_></weakClassifiers></_>
    <!-- stage 13 -->
    <_>
      <maxWeakCount>10</maxWeakCount>
      <stageThreshold>-4.4386589527130127e-01</stageThreshold>
      <weakClassifiers>
        <_>
          <internalNodes>
            0 -1 49 -1.8309187144041061e-02</internalNodes>
          <leafValues>
            -6.2162160873413086e-01 4.9183303117752075e-01</leafValues></_>
        <_>
          <internalNodes>
            0 -1 196 1.1905526742339134e-02</internalNodes>
          <leafValues>
            -1.2990120053291321e-01 8.0074417591094971e-01</leafValues></_>
        <_>
          <internalNodes>
            0 -1 207 1.9677419913932681e-05</internalNodes>
          <leafValues>
            3.1215298175811768e-01 -4.1063880920410156e-01</leafValues></_>
        <_>
          <internalNodes>
            0 -1 158 1.2110507668694481e-04</internalNodes>
          <leafValues>
            -2.8997114300727844e-01 5.0522512197494507e-01</leafValues></_>
        <_>
          <internalNodes>
            0 -1 147 -3.1038877204991877e-04</internalNodes>
          <leafValues>
            5.6781721115112305e-01 -2.2914217412471771e-01</leafValues></_>
        <_>
          <internalNodes>
            0 -1 172 -4.2168616346316412e-05</internalNodes>
          <leafValues>
            5.6834381818771362e-01 -2.2869125008583069e-01</leafValues></_>
        <_>
          <internalNodes>
            0 -1 199 3.5526438296074048e-05</internalNodes>
          <leafValues>
            2.5344577431678772e-01 -5.4508733749389648e-01</leafValues></_>
        <_>
          <internalNodes>
            0 -1 38 -9.2252547619864345e-04</internalNodes>
          <leafValues>
            5.2614969015121460e-01 -2.5119817256927490e-01</leafValues></_>
        <_>
          <internalNodes>
            0 -1 168 1.2484298786148429e-03</internalNodes>
          <leafValues>
            2.0096713304519653e-01 -7.7403855323791504e-01</leafValues></_>
        <_>
          <internalNodes>
            0 -1 139 8.4118172526359558e-04</internalNodes>
          <leafValues>
            -2.3391722142696381e-01 6.0368156433105469e-01</leafValues></_></weakClassifiers></_>
    <!-- stage 14 -->
    <_>
      <maxWeakCount>10</maxWeakCount>
      <stageThreshold>-5.8976006507873535e-01</stageThreshold>
      <weakClassifiers>
        <_>
          <internalNodes>
            0 -1 91 1.2542659533210099e-04</internalNodes>
          <leafValues>
            4.9446493387222290e-01 -5.1807230710983276e-01</leafValues></_>
        <_>
          <internalNodes>
            0 -1 185 3.4782360307872295e-03</internalNodes>
          <leafValues>
            -1.2926383316516876e-01 7.3532730340957642e-01</leafValues></_>
        <_>
          <internalNodes>
            0 -1 45 -1.2790870387107134e-03</internalNodes>
          <leafValues>
            -6.8601375818252563e-01 1.7867207527160645e-01</leafValues></_>
        <_>
          <internalNodes>
            0 -1 67 7.4019172461703420e-04</internalNodes>
          <leafValues>
            1.9337223470211029e-01 -5.6184792518615723e-01</leafValues></_>
        <_>
          <internalNodes>
            0 -1 167 6.2223162967711687e-04</internalNodes>
          <leafValues>
            -3.9209812879562378e-01 2.9545140266418457e-01</leafValues></_>
        <_>
          <internalNodes>
            0 -1 124 -2.2850798268336803e-04</internalNodes>
          <leafValues>
            5.0326681137084961e-01 -2.6137611269950867e-01</leafValues></_>
        <_>
          <internalNodes>
            0 -1 130 1.1702021583914757e-04</internalNodes>
          <leafValues>
            -3.3734813332557678e-01 4.3312415480613708e-01</leafValues></_>
        <_>
          <internalNodes>
            0 -1 58 1.0868173558264971e-03</internalNodes>
          <leafValues>
            2.2601598501205444e-01 -7.2290104627609253e-01</leafValues></_>
        <_>
          <internalNodes>
            0 -1 200 -2.9747992812190205e-05</internalNodes>
          <leafValues>
            -6.8668949604034424e-01 1.8098764121532440e-01</leafValues></_>
        <_>
          <internalNodes>
            0 -1 161 1.7715986818075180e-02</internalNodes>
          <leafValues>
            -2.3392492532730103e-01 6.9915956258773804e-01</leafValues></_></weakClassifiers></_>
    <!-- stage 15 -->
    <_>
      <maxWeakCount>12</maxWeakCount>
      <stageThreshold>-5.3212785720825195e-01</stageThreshold>
      <weakClassifiers>
        <_>
          <internalNodes>
            0 -1 68 -2.6365998201072216e-03</internalNodes>
          <leafValues>
            -8.1132078170776367e-01 4.6853145956993103e-01</leafValues></_>
        <_>
          <internalNodes>
            0 -1 171 -7.0274702738970518e-04</internalNodes>
          <leafValues>
            5.2958106994628906e-01 -2.1243059635162354e-01</leafValues></_>
        <_>
          <internalNodes>
            0 -1 203 -2.3174444213509560e-03</internalNodes>
          <leafValues>
            6.6286879777908325e-01 -1.9735385477542877e-01</leafValues></_>
        <_>
          <internalNodes>
            0 -1 193 6.2696095556020737e-03</internalNodes>
          <leafValues>
            -2.0466801524162292e-01 6.6516286134719849e-01</leafValues></_>
        <_>
          <internalNodes>
            0 -1 176 1.7386445775628090e-02</internalNodes>
          <leafValues>
            -1.9190661609172821e-01 6.2412512302398682e-01</leafValues></_>
        <_>
          <internalNodes>
            0 -1 186 -7.0317476056516171e-03</internalNodes>
          <leafValues>
            5.2940398454666138e-01 -2.3034600913524628e-01</leafValues></_>
        <_>
          <internalNodes>
            0 -1 146 1.6001688782125711e-03</internalNodes>
          <leafValues>
            -6.3221299648284912e-01 2.1235191822052002e-01</leafValues></_>
        <_>
          <internalNodes>
            0 -1 12 2.7515150606632233e-02</internalNodes>
          <leafValues>
            -2.2606401145458221e-01 6.3840854167938232e-01</leafValues></_>
        <_>
          <internalNodes>
            0 -1 20 -6.1193127185106277e-03</internalNodes>
          <leafValues>
            5.3268188238143921e-01 -3.5980391502380371e-01</leafValues></_>
        <_>
          <internalNodes>
            0 -1 151 -1.2842865660786629e-02</internalNodes>
          <leafValues>
            -8.1931644678115845e-01 1.9732086360454559e-01</leafValues></_>
        <_>
          <internalNodes>
            0 -1 51 4.9417126923799515e-02</internalNodes>
          <leafValues>
            -2.7361935377120972e-01 5.5285769701004028e-01</leafValues></_>
        <_>
          <internalNodes>
            0 -1 152 2.0200188737362623e-04</internalNodes>
          <leafValues>
            -1.8845199048519135e-01 6.0451930761337280e-01</leafValues></_></weakClassifiers></_>
    <!-- stage 16 -->
    <_>
      <maxWeakCount>12</maxWeakCount>
      <stageThreshold>-7.5384169816970825e-01</stageThreshold>
      <weakClassifiers>
        <_>
          <internalNodes>
            0 -1 102 2.4072868749499321e-02</internalNodes>
          <leafValues>
            4.6315789222717285e-01 -7.0909088850021362e-01</leafValues></_>
        <_>
          <internalNodes>
            0 -1 112 -3.1489261891692877e-04</internalNodes>
          <leafValues>
            -5.3110313415527344e-01 3.2291108369827271e-01</leafValues></_>
        <_>
          <internalNodes>
            0 -1 145 9.2672227765433490e-05</internalNodes>
          <leafValues>
            -2.5921785831451416e-01 4.8219355940818787e-01</leafValues></_>
        <_>
          <internalNodes>
            0 -1 3 1.4240789460018277e-03</internalNodes>
          <leafValues>
            -1.5648001432418823e-01 6.8849772214889526e-01</leafValues></_>
        <_>
          <internalNodes>
            0 -1 19 2.4066885089268908e-05</internalNodes>
          <leafValues>
            2.4869439005851746e-01 -4.4806614518165588e-01</leafValues></_>
        <_>
          <internalNodes>
            0 -1 95 3.9003517013043165e-03</internalNodes>
          <leafValues>
            1.3854391872882843e-01 -6.7390245199203491e-01</leafValues></_>
        <_>
          <internalNodes>
            0 -1 61 -2.6463161339052022e-04</internalNodes>
          <leafValues>
            4.4853615760803223e-01 -2.8376597166061401e-01</leafValues></_>
        <_>
          <internalNodes>
            0 -1 165 -8.0425909254699945e-04</internalNodes>
          <leafValues>
            5.3145313262939453e-01 -2.2095222771167755e-01</leafValues></_>
        <_>
          <internalNodes>
            0 -1 142 -2.3603431600349722e-06</internalNodes>
          <leafValues>
            3.5476627945899963e-01 -3.6010578274726868e-01</leafValues></_>
        <_>
          <internalNodes>
            0 -1 2 -1.5077999234199524e-01</internalNodes>
          <leafValues>
            -8.7416052818298340e-01 1.8326386809349060e-01</leafValues></_>
        <_>
          <internalNodes>
            0 -1 78 6.0529360780492425e-04</internalNodes>
          <leafValues>
            -2.2185973823070526e-01 7.1382671594619751e-01</leafValues></_>
        <_>
          <internalNodes>
            0 -1 53 2.5013572667376138e-05</internalNodes>
          <leafValues>
            2.2787144780158997e-01 -6.8770790100097656e-01</leafValues></_></weakClassifiers></_>
    <!-- stage 17 -->
    <_>
      <maxWeakCount>15</maxWeakCount>
      <stageThreshold>-8.8164955377578735e-01</stageThreshold>
      <weakClassifiers>
        <_>
          <internalNodes>
            0 -1 155 -6.0775810852646828e-03</internalNodes>
          <leafValues>
            -4.6341463923454285e-01 4.8434621095657349e-01</leafValues></_>
        <_>
          <internalNodes>
            0 -1 206 -1.3378825969994068e-03</internalNodes>
          <leafValues>
            7.5398445129394531e-01 -1.4726521074771881e-01</leafValues></_>
        <_>
          <internalNodes>
            0 -1 154 5.5507095530629158e-03</internalNodes>
          <leafValues>
            2.2886328399181366e-01 -5.3777867555618286e-01</leafValues></_>
        <_>
          <internalNodes>
            0 -1 29 5.2262288518249989e-03</internalNodes>
          <leafValues>
            -1.6577708721160889e-01 7.3178791999816895e-01</leafValues></_>
        <_>
          <internalNodes>
            0 -1 202 2.2757340047974139e-05</internalNodes>
          <leafValues>
            2.8183698654174805e-01 -4.0465250611305237e-01</leafValues></_>
        <_>
          <internalNodes>
            0 -1 181 -1.2385342270135880e-03</internalNodes>
          <leafValues>
            5.5100339651107788e-01 -2.3134529590606689e-01</leafValues></_>
        <_>
          <internalNodes>
            0 -1 179 -8.1230897922068834e-04</internalNodes>
          <leafValues>
            4.1474229097366333e-01 -2.7351668477058411e-01</leafValues></_>
        <_>
          <internalNodes>
            0 -1 120 -2.8722500428557396e-04</internalNodes>
          <leafValues>
            -4.8449754714965820e-01 2.5480085611343384e-01</leafValues></_>
        <_>
          <internalNodes>
            0 -1 16 -1.9602826796472073e-05</internalNodes>
          <leafValues>
            -4.8736315965652466e-01 2.7017059922218323e-01</leafValues></_>
        <_>
          <internalNodes>
            0 -1 138 6.2979258596897125e-02</internalNodes>
          <leafValues>
            1.8506316840648651e-01 -7.3175334930419922e-01</leafValues></_>
        <_>
          <internalNodes>
            0 -1 166 4.8928940668702126e-03</internalNodes>
          <leafValues>
            -2.4516938626766205e-01 5.6600320339202881e-01</leafValues></_>
        <_>
          <internalNodes>
            0 -1 96 3.5076692700386047e-02</internalNodes>
          <leafValues>
            1.7844378948211670e-01 -8.8456296920776367e-01</leafValues></_>
        <_>
          <internalNodes>
            0 -1 6 2.4208615068346262e-03</internalNodes>
          <leafValues>
            -3.1976467370986938e-01 4.8386728763580322e-01</leafValues></_>
        <_>
          <internalNodes>
            0 -1 195 6.3799601048231125e-03</internalNodes>
          <leafValues>
            -1.7386296391487122e-01 7.0133590698242188e-01</leafValues></_>
        <_>
          <internalNodes>
            0 -1 162 -1.5110998647287488e-03</internalNodes>
          <leafValues>
            5.6236553192138672e-01 -1.9143749773502350e-01</leafValues></_></weakClassifiers></_>
    <!-- stage 18 -->
    <_>
      <maxWeakCount>14</maxWeakCount>
      <stageThreshold>-6.7560726404190063e-01</stageThreshold>
      <weakClassifiers>
        <_>
          <internalNodes>
            0 -1 1 -2.4068760871887207e-01</internalNodes>
          <leafValues>
            -1. 4.5547944307327271e-01</leafValues></_>
        <_>
          <internalNodes>
            0 -1 90 -3.5794186987914145e-04</internalNodes>
          <leafValues>
            -6.3776540756225586e-01 2.2848604619503021e-01</leafValues></_>
        <_>
          <internalNodes>
            0 -1 169 -6.9618429988622665e-03</internalNodes>
          <leafValues>
            4.5871514081954956e-01 -2.6309329271316528e-01</leafValues></_>
        <_>
          <internalNodes>
            0 -1 114 -4.9591233255341649e-04</internalNodes>
          <leafValues>
            3.2081079483032227e-01 -4.4631218910217285e-01</leafValues></_>
        <_>
          <internalNodes>
            0 -1 27 6.7255105823278427e-03</internalNodes>
          <leafValues>
            -1.8118083477020264e-01 7.3077464103698730e-01</leafValues></_>
        <_>
          <internalNodes>
            0 -1 190 3.8670536014251411e-05</internalNodes>
          <leafValues>
            2.3880346119403839e-01 -5.2721679210662842e-01</leafValues></_>
        <_>
          <internalNodes>
            0 -1 175 -4.8202469770330936e-05</internalNodes>
          <leafValues>
            -4.4092056155204773e-01 2.9095298051834106e-01</leafValues></_>
        <_>
          <internalNodes>
            0 -1 100 2.4752627359703183e-04</internalNodes>
          <leafValues>
            -1.8669852614402771e-01 6.9337797164916992e-01</leafValues></_>
        <_>
          <internalNodes>
            0 -1 52 -2.4047680199146271e-05</internalNodes>
          <leafValues>
            -5.2950626611709595e-01 2.6764866709709167e-01</leafValues></_>
        <_>
          <internalNodes>
            0 -1 48 2.4045556783676147e-03</internalNodes>
          <leafValues>
            -2.1153151988983154e-01 7.4989044666290283e-01</leafValues></_>
        <_>
          <internalNodes>
            0 -1 188 2.9541891999542713e-03</internalNodes>
          <leafValues>
            -1.9503888487815857e-01 6.6344475746154785e-01</leafValues></_>
        <_>
          <internalNodes>
            0 -1 156 5.7768731494434178e-05</internalNodes>
          <leafValues>
            1.7524413764476776e-01 -9.4509518146514893e-01</leafValues></_>
        <_>
          <internalNodes>
            0 -1 205 -2.1412750356830657e-05</internalNodes>
          <leafValues>
            -5.0217264890670776e-01 2.7068659663200378e-01</leafValues></_>
        <_>
          <internalNodes>
            0 -1 160 -7.5859390199184418e-04</internalNodes>
          <leafValues>
            4.9236115813255310e-01 -2.8805133700370789e-01</leafValues></_></weakClassifiers></_>
    <!-- stage 19 -->
    <_>
      <maxWeakCount>13</maxWeakCount>
      <stageThreshold>-7.9128062725067139e-01</stageThreshold>
      <weakClassifiers>
        <_>
          <internalNodes>
            0 -1 123 5.5915709584951401e-02</internalNodes>
          <leafValues>
            4.5955249667167664e-01 -9.5454543828964233e-01</leafValues></_>
        <_>
          <internalNodes>
            0 -1 86 5.1459192764014006e-04</internalNodes>
          <leafValues>
            -1.5077759325504303e-01 7.0279264450073242e-01</leafValues></_>
        <_>
          <internalNodes>
            0 -1 84 2.1499363356269896e-05</internalNodes>
          <leafValues>
            2.2974045574665070e-01 -5.4157763719558716e-01</leafValues></_>
        <_>
          <internalNodes>
            0 -1 80 9.5230713486671448e-03</internalNodes>
          <leafValues>
            -3.6540195345878601e-01 3.5520693659782410e-01</leafValues></_>
        <_>
          <internalNodes>
            0 -1 127 7.0620459155179560e-05</internalNodes>
          <leafValues>
            -2.9812687635421753e-01 5.0281929969787598e-01</leafValues></_>
        <_>
          <internalNodes>
            0 -1 60 1.8928898498415947e-05</internalNodes>
          <leafValues>
            2.5629875063896179e-01 -5.0283116102218628e-01</leafValues></_>
        <_>
          <internalNodes>
            0 -1 101 1.3046959065832198e-04</internalNodes>
          <leafValues>
            -2.9277631640434265e-01 4.8706871271133423e-01</leafValues></_>
        <_>
          <internalNodes>
            0 -1 21 -8.8296793401241302e-03</internalNodes>
          <leafValues>
            -7.5310176610946655e-01 1.9974252581596375e-01</leafValues></_>
        <_>
          <internalNodes>
            0 -1 87 1.3834712444804609e-04</internalNodes>
          <leafValues>
            -2.9851824045181274e-01 4.6140322089195251e-01</leafValues></_>
        <_>
          <internalNodes>
            0 -1 43 3.5525308921933174e-03</internalNodes>
          <leafValues>
            -3.0024066567420959e-01 5.0386983156204224e-01</leafValues></_>
        <_>
          <internalNodes>
            0 -1 204 -1.0589218698441982e-02</internalNodes>
          <leafValues>
            5.1960515975952148e-01 -2.6128667593002319e-01</leafValues></_>
        <_>
          <internalNodes>
            0 -1 135 1.2364152644295245e-04</internalNodes>
          <leafValues>
            -5.0704348087310791e-01 2.9319438338279724e-01</leafValues></_>
        <_>
          <internalNodes>
            0 -1 174 2.5399800506420434e-04</internalNodes>
          <leafValues>
            -2.7375450730323792e-01 5.4543930292129517e-01</leafValues></_></weakClassifiers></_></stages>
  <features>
    <_>
      <rects>
        <_>
          0 1 3 1 -1.</_>
        <_>
          1 1 1 1 3.</_></rects>
      <tilted>0</tilted></_>
    <_>
      <rects>
        <_>
          0 5 47 39 -1.</_>
        <_>
          0 18 47 13 3.</_></rects>
      <tilted>0</tilted></_>
    <_>
      <rects>
        <_>
          0 9 37 33 -1.</_>
        <_>
          0 20 37 11 3.</_></rects>
      <tilted>0</tilted></_>
    <_>
      <rects>
        <_>
          0 11 2 32 -1.</_>
        <_>
          0 11 1 16 2.</_>
        <_>
          1 27 1 16 2.</_></rects>
      <tilted>0</tilted></_>
    <_>
      <rects>
        <_>
          0 13 3 2 -1.</_>
        <_>
          1 13 1 2 3.</_></rects>
      <tilted>0</tilted></_>
    <_>
      <rects>
        <_>
          0 15 6 36 -1.</_>
        <_>
          0 15 3 18 2.</_>
        <_>
          3 33 3 18 2.</_></rects>
      <tilted>0</tilted></_>
    <_>
      <rects>
        <_>
          0 17 4 41 -1.</_>
        <_>
          2 17 2 41 2.</_></rects>
      <tilted>0</tilted></_>
    <_>
      <rects>
        <_>
          0 18 4 26 -1.</_>
        <_>
          0 18 2 13 2.</_>
        <_>
          2 31 2 13 2.</_></rects>
      <tilted>0</tilted></_>
    <_>
      <rects>
        <_>
          0 18 10 38 -1.</_>
        <_>
          0 18 5 19 2.</_>
        <_>
          5 37 5 19 2.</_></rects>
      <tilted>0</tilted></_>
    <_>
      <rects>
        <_>
          0 22 10 28 -1.</_>
        <_>
          0 22 5 14 2.</_>
        <_>
          5 36 5 14 2.</_></rects>
      <tilted>0</tilted></_>
    <_>
      <rects>
        <_>
          0 22 42 25 -1.</_>
        <_>
          21 22 21 25 2.</_></rects>
      <tilted>0</tilted></_>
    <_>
      <rects>
        <_>
          0 25 9 4 -1.</_>
        <_>
          3 25 3 4 3.</_></rects>
      <tilted>0</tilted></_>
    <_>
      <rects>
        <_>
          0 27 27 17 -1.</_>
        <_>
          9 27 9 17 3.</_></rects>
      <tilted>0</tilted></_>
    <_>
      <rects>
        <_>
          0 38 6 7 -1.</_>
        <_>
          3 38 3 7 2.</_></rects>
      <tilted>0</tilted></_>
    <_>
      <rects>
        <_>
          0 38 46 28 -1.</_>
        <_>
          0 52 46 14 2.</_></rects>
      <tilted>0</tilted></_>
    <_>
      <rects>
        <_>
          1 5 3 1 -1.</_>
        <_>
          2 5 1 1 3.</_></rects>
      <tilted>0</tilted></_>
    <_>
      <rects>
        <_>
          1 14 1 4 -1.</_>
        <_>
          1 16 1 2 2.</_></rects>
      <tilted>0</tilted></_>
    <_>
      <rects>
        <_>
          1 20 3 44 -1.</_>
        <_>
          2 20 1 44 3.</_></rects>
      <tilted>0</tilted></_>
    <_>
      <rects>
        <_>
          1 22 6 28 -1.</_>
        <_>
          1 22 3 14 2.</_>
        <_>
          4 36 3 14 2.</_></rects>
      <tilted>0</tilted></_>
    <_>
      <rects>
        <_>
          1 26 2 2 -1.</_>
        <_>
          2 26 1 2 2.</_></rects>
      <tilted>0</tilted></_>
    <_>
      <rects>
        <_>
          1 27 12 8 -1.</_>
        <_>
          7 27 6 8 2.</_></rects>
      <tilted>0</tilted></_>
    <_>
      <rects>
        <_>
          1 27 17 21 -1.</_>
        <_>
          1 34 17 7 3.</_></rects>
      <tilted>0</tilted></_>
    <_>
      <rects>
        <_>
          1 30 8 3 -1.</_>
        <_>
          5 30 4 3 2.</_></rects>
      <tilted>0</tilted></_>
    <_>
      <rects>
        <_>
          1 32 18 6 -1.</_>
        <_>
          10 32 9 6 2.</_></rects>
      <tilted>0</tilted></_>
    <_>
      <rects>
        <_>
          1 52 46 14 -1.</_>
        <_>
          1 59 46 7 2.</_></rects>
      <tilted>0</tilted></_>
    <_>
      <rects>
        <_>
          2 0 3 2 -1.</_>
        <_>
          2 1 3 1 2.</_></rects>
      <tilted>0</tilted></_>
    <_>
      <rects>
        <_>
          2 0 11 28 -1.</_>
        <_>
          2 14 11 14 2.</_></rects>
      <tilted>0</tilted></_>
    <_>
      <rects>
        <_>
          2 10 4 50 -1.</_>
        <_>
          2 10 2 25 2.</_>
        <_>
          4 35 2 25 2.</_></rects>
      <tilted>0</tilted></_>
    <_>
      <rects>
        <_>
          2 11 6 30 -1.</_>
        <_>
          2 11 3 15 2.</_>
        <_>
          5 26 3 15 2.</_></rects>
      <tilted>0</tilted></_>
    <_>
      <rects>
        <_>
          2 22 8 9 -1.</_>
        <_>
          6 22 4 9 2.</_></rects>
      <tilted>0</tilted></_>
    <_>
      <rects>
        <_>
          3 0 2 4 -1.</_>
        <_>
          3 0 1 2 2.</_>
        <_>
          4 2 1 2 2.</_></rects>
      <tilted>0</tilted></_>
    <_>
      <rects>
        <_>
          3 0 43 6 -1.</_>
        <_>
          3 3 43 3 2.</_></rects>
      <tilted>0</tilted></_>
    <_>
      <rects>
        <_>
          3 1 4 4 -1.</_>
        <_>
          3 1 2 2 2.</_>
        <_>
          5 3 2 2 2.</_></rects>
      <tilted>0</tilted></_>
    <_>
      <rects>
        <_>
          3 11 6 30 -1.</_>
        <_>
          3 11 3 15 2.</_>
        <_>
          6 26 3 15 2.</_></rects>
      <tilted>0</tilted></_>
    <_>
      <rects>
        <_>
          3 30 17 12 -1.</_>
        <_>
          3 34 17 4 3.</_></rects>
      <tilted>0</tilted></_>
    <_>
      <rects>
        <_>
          3 36 8 28 -1.</_>
        <_>
          7 36 4 28 2.</_></rects>
      <tilted>0</tilted></_>
    <_>
      <rects>
        <_>
          3 37 20 10 -1.</_>
        <_>
          3 37 10 5 2.</_>
        <_>
          13 42 10 5 2.</_></rects>
      <tilted>0</tilted></_>
    <_>
      <rects>
        <_>
          4 1 3 3 -1.</_>
        <_>
          4 2 3 1 3.</_></rects>
      <tilted>0</tilted></_>
    <_>
      <rects>
        <_>
          4 24 15 1 -1.</_>
        <_>
          9 24 5 1 3.</_></rects>
      <tilted>0</tilted></_>
    <_>
      <rects>
        <_>
          4 26 4 10 -1.</_>
        <_>
          6 26 2 10 2.</_></rects>
      <tilted>0</tilted></_>
    <_>
      <rects>
        <_>
          4 29 34 24 -1.</_>
        <_>
          21 29 17 24 2.</_></rects>
      <tilted>0</tilted></_>
    <_>
      <rects>
        <_>
          5 0 6 44 -1.</_>
        <_>
          5 0 3 22 2.</_>
        <_>
          8 22 3 22 2.</_></rects>
      <tilted>0</tilted></_>
    <_>
      <rects>
        <_>
          5 22 4 12 -1.</_>
        <_>
          5 22 2 6 2.</_>
        <_>
          7 28 2 6 2.</_></rects>
      <tilted>0</tilted></_>
    <_>
      <rects>
        <_>
          5 26 9 32 -1.</_>
        <_>
          8 26 3 32 3.</_></rects>
      <tilted>0</tilted></_>
    <_>
      <rects>
        <_>
          5 26 18 2 -1.</_>
        <_>
          11 26 6 2 3.</_></rects>
      <tilted>0</tilted></_>
    <_>
      <rects>
        <_>
          5 30 21 6 -1.</_>
        <_>
          5 33 21 3 2.</_></rects>
      <tilted>0</tilted></_>
    <_>
      <rects>
        <_>
          5 41 15 6 -1.</_>
        <_>
          5 43 15 2 3.</_></rects>
      <tilted>0</tilted></_>
    <_>
      <rects>
        <_>
          6 5 18 16 -1.</_>
        <_>
          6 5 9 8 2.</_>
        <_>
          15 13 9 8 2.</_></rects>
      <tilted>0</tilted></_>
    <_>
      <rects>
        <_>
          6 9 10 8 -1.</_>
        <_>
          6 9 5 4 2.</_>
        <_>
          11 13 5 4 2.</_></rects>
      <tilted>0</tilted></_>
    <_>
      <rects>
        <_>
          6 19 20 26 -1.</_>
        <_>
          6 32 20 13 2.</_></rects>
      <tilted>0</tilted></_>
    <_>
      <rects>
        <_>
          6 21 36 17 -1.</_>
        <_>
          18 21 12 17 3.</_></rects>
      <tilted>0</tilted></_>
    <_>
      <rects>
        <_>
          7 0 29 22 -1.</_>
        <_>
          7 11 29 11 2.</_></rects>
      <tilted>0</tilted></_>
    <_>
      <rects>
        <_>
          7 7 2 2 -1.</_>
        <_>
          8 7 1 2 2.</_></rects>
      <tilted>0</tilted></_>
    <_>
      <rects>
        <_>
          7 9 2 1 -1.</_>
        <_>
          8 9 1 1 2.</_></rects>
      <tilted>0</tilted></_>
    <_>
      <rects>
        <_>
          7 16 33 17 -1.</_>
        <_>
          18 16 11 17 3.</_></rects>
      <tilted>0</tilted></_>
    <_>
      <rects>
        <_>
          7 22 30 15 -1.</_>
        <_>
          17 22 10 15 3.</_></rects>
      <tilted>0</tilted></_>
    <_>
      <rects>
        <_>
          7 28 7 3 -1.</_>
        <_>
          7 29 7 1 3.</_></rects>
      <tilted>0</tilted></_>
    <_>
      <rects>
        <_>
          7 33 18 6 -1.</_>
        <_>
          7 35 18 2 3.</_></rects>
      <tilted>0</tilted></_>
    <_>
      <rects>
        <_>
          7 37 12 6 -1.</_>
        <_>
          7 39 12 2 3.</_></rects>
      <tilted>0</tilted></_>
    <_>
      <rects>
        <_>
          7 56 12 8 -1.</_>
        <_>
          11 56 4 8 3.</_></rects>
      <tilted>0</tilted></_>
    <_>
      <rects>
        <_>
          8 8 1 2 -1.</_>
        <_>
          8 9 1 1 2.</_></rects>
      <tilted>0</tilted></_>
    <_>
      <rects>
        <_>
          8 30 26 2 -1.</_>
        <_>
          8 30 13 1 2.</_>
        <_>
          21 31 13 1 2.</_></rects>
      <tilted>0</tilted></_>
    <_>
      <rects>
        <_>
          8 36 2 30 -1.</_>
        <_>
          8 51 2 15 2.</_></rects>
      <tilted>0</tilted></_>
    <_>
      <rects>
        <_>
          8 37 18 2 -1.</_>
        <_>
          17 37 9 2 2.</_></rects>
      <tilted>0</tilted></_>
    <_>
      <rects>
        <_>
          9 12 6 6 -1.</_>
        <_>
          9 12 3 3 2.</_>
        <_>
          12 15 3 3 2.</_></rects>
      <tilted>0</tilted></_>
    <_>
      <rects>
        <_>
          9 13 18 37 -1.</_>
        <_>
          18 13 9 37 2.</_></rects>
      <tilted>0</tilted></_>
    <_>
      <rects>
        <_>
          9 23 12 18 -1.</_>
        <_>
          15 23 6 18 2.</_></rects>
      <tilted>0</tilted></_>
    <_>
      <rects>
        <_>
          9 33 12 6 -1.</_>
        <_>
          9 35 12 2 3.</_></rects>
      <tilted>0</tilted></_>
    <_>
      <rects>
        <_>
          9 36 26 1 -1.</_>
        <_>
          22 36 13 1 2.</_></rects>
      <tilted>0</tilted></_>
    <_>
      <rects>
        <_>
          10 24 10 28 -1.</_>
        <_>
          15 24 5 28 2.</_></rects>
      <tilted>0</tilted></_>
    <_>
      <rects>
        <_>
          10 28 8 20 -1.</_>
        <_>
          14 28 4 20 2.</_></rects>
      <tilted>0</tilted></_>
    <_>
      <rects>
        <_>
          10 31 4 4 -1.</_>
        <_>
          12 31 2 4 2.</_></rects>
      <tilted>0</tilted></_>
    <_>
      <rects>
        <_>
          10 33 9 9 -1.</_>
        <_>
          10 36 9 3 3.</_></rects>
      <tilted>0</tilted></_>
    <_>
      <rects>
        <_>
          10 37 14 3 -1.</_>
        <_>
          10 38 14 1 3.</_></rects>
      <tilted>0</tilted></_>
    <_>
      <rects>
        <_>
          10 37 16 2 -1.</_>
        <_>
          10 38 16 1 2.</_></rects>
      <tilted>0</tilted></_>
    <_>
      <rects>
        <_>
          10 41 19 3 -1.</_>
        <_>
          10 42 19 1 3.</_></rects>
      <tilted>0</tilted></_>
    <_>
      <rects>
        <_>
          11 7 22 53 -1.</_>
        <_>
          22 7 11 53 2.</_></rects>
      <tilted>0</tilted></_>
    <_>
      <rects>
        <_>
          11 18 15 14 -1.</_>
        <_>
          16 18 5 14 3.</_></rects>
      <tilted>0</tilted></_>
    <_>
      <rects>
        <_>
          11 22 6 4 -1.</_>
        <_>
          11 22 3 2 2.</_>
        <_>
          14 24 3 2 2.</_></rects>
      <tilted>0</tilted></_>
    <_>
      <rects>
        <_>
          11 25 15 10 -1.</_>
        <_>
          16 25 5 10 3.</_></rects>
      <tilted>0</tilted></_>
    <_>
      <rects>
        <_>
          11 29 34 4 -1.</_>
        <_>
          28 29 17 4 2.</_></rects>
      <tilted>0</tilted></_>
    <_>
      <rects>
        <_>
          11 30 36 8 -1.</_>
        <_>
          11 30 18 4 2.</_>
        <_>
          29 34 18 4 2.</_></rects>
      <tilted>0</tilted></_>
    <_>
      <rects>
        <_>
          11 37 12 3 -1.</_>
        <_>
          11 38 12 1 3.</_></rects>
      <tilted>0</tilted></_>
    <_>
      <rects>
        <_>
          12 1 33 18 -1.</_>
        <_>
          12 7 33 6 3.</_></rects>
      <tilted>0</tilted></_>
    <_>
      <rects>
        <_>
          12 2 2 2 -1.</_>
        <_>
          13 2 1 2 2.</_></rects>
      <tilted>0</tilted></_>
    <_>
      <rects>
        <_>
          12 8 20 28 -1.</_>
        <_>
          12 22 20 14 2.</_></rects>
      <tilted>0</tilted></_>
    <_>
      <rects>
        <_>
          12 13 4 8 -1.</_>
        <_>
          12 13 2 4 2.</_>
        <_>
          14 17 2 4 2.</_></rects>
      <tilted>0</tilted></_>
    <_>
      <rects>
        <_>
          12 16 2 26 -1.</_>
        <_>
          12 16 1 13 2.</_>
        <_>
          13 29 1 13 2.</_></rects>
      <tilted>0</tilted></_>
    <_>
      <rects>
        <_>
          12 23 4 3 -1.</_>
        <_>
          12 24 4 1 3.</_></rects>
      <tilted>0</tilted></_>
    <_>
      <rects>
        <_>
          12 27 8 9 -1.</_>
        <_>
          16 27 4 9 2.</_></rects>
      <tilted>0</tilted></_>
    <_>
      <rects>
        <_>
          12 30 2 12 -1.</_>
        <_>
          12 36 2 6 2.</_></rects>
      <tilted>0</tilted></_>
    <_>
      <rects>
        <_>
          12 34 2 5 -1.</_>
        <_>
          13 34 1 5 2.</_></rects>
      <tilted>0</tilted></_>
    <_>
      <rects>
        <_>
          12 35 24 8 -1.</_>
        <_>
          24 35 12 8 2.</_></rects>
      <tilted>0</tilted></_>
    <_>
      <rects>
        <_>
          12 38 6 2 -1.</_>
        <_>
          12 39 6 1 2.</_></rects>
      <tilted>0</tilted></_>
    <_>
      <rects>
        <_>
          12 39 20 3 -1.</_>
        <_>
          12 40 20 1 3.</_></rects>
      <tilted>0</tilted></_>
    <_>
      <rects>
        <_>
          13 15 12 12 -1.</_>
        <_>
          19 15 6 12 2.</_></rects>
      <tilted>0</tilted></_>
    <_>
      <rects>
        <_>
          13 23 20 20 -1.</_>
        <_>
          23 23 10 20 2.</_></rects>
      <tilted>0</tilted></_>
    <_>
      <rects>
        <_>
          13 26 6 10 -1.</_>
        <_>
          16 26 3 10 2.</_></rects>
      <tilted>0</tilted></_>
    <_>
      <rects>
        <_>
          13 27 2 22 -1.</_>
        <_>
          14 27 1 22 2.</_></rects>
      <tilted>0</tilted></_>
    <_>
      <rects>
        <_>
          13 41 8 3 -1.</_>
        <_>
          13 42 8 1 3.</_></rects>
      <tilted>0</tilted></_>
    <_>
      <rects>
        <_>
          14 19 6 1 -1.</_>
        <_>
          16 19 2 1 3.</_></rects>
      <tilted>0</tilted></_>
    <_>
      <rects>
        <_>
          14 19 4 4 -1.</_>
        <_>
          14 19 2 2 2.</_>
        <_>
          16 21 2 2 2.</_></rects>
      <tilted>0</tilted></_>
    <_>
      <rects>
        <_>
          14 25 18 13 -1.</_>
        <_>
          23 25 9 13 2.</_></rects>
      <tilted>0</tilted></_>
    <_>
      <rects>
        <_>
          14 28 32 16 -1.</_>
        <_>
          14 28 16 8 2.</_>
        <_>
          30 36 16 8 2.</_></rects>
      <tilted>0</tilted></_>
    <_>
      <rects>
        <_>
          14 33 11 8 -1.</_>
        <_>
          14 37 11 4 2.</_></rects>
      <tilted>0</tilted></_>
    <_>
      <rects>
        <_>
          15 7 3 52 -1.</_>
        <_>
          15 33 3 26 2.</_></rects>
      <tilted>0</tilted></_>
    <_>
      <rects>
        <_>
          15 21 6 3 -1.</_>
        <_>
          17 21 2 3 3.</_></rects>
      <tilted>0</tilted></_>
    <_>
      <rects>
        <_>
          15 33 3 4 -1.</_>
        <_>
          16 33 1 4 3.</_></rects>
      <tilted>0</tilted></_>
    <_>
      <rects>
        <_>
          15 40 1 2 -1.</_>
        <_>
          15 41 1 1 2.</_></rects>
      <tilted>0</tilted></_>
    <_>
      <rects>
        <_>
          15 41 8 3 -1.</_>
        <_>
          15 42 8 1 3.</_></rects>
      <tilted>0</tilted></_>
    <_>
      <rects>
        <_>
          16 1 8 18 -1.</_>
        <_>
          16 7 8 6 3.</_></rects>
      <tilted>0</tilted></_>
    <_>
      <rects>
        <_>
          16 10 3 19 -1.</_>
        <_>
          17 10 1 19 3.</_></rects>
      <tilted>0</tilted></_>
    <_>
      <rects>
        <_>
          16 22 14 14 -1.</_>
        <_>
          23 22 7 14 2.</_></rects>
      <tilted>0</tilted></_>
    <_>
      <rects>
        <_>
          16 27 20 20 -1.</_>
        <_>
          16 27 10 10 2.</_>
        <_>
          26 37 10 10 2.</_></rects>
      <tilted>0</tilted></_>
    <_>
      <rects>
        <_>
          16 36 14 12 -1.</_>
        <_>
          16 36 7 6 2.</_>
        <_>
          23 42 7 6 2.</_></rects>
      <tilted>0</tilted></_>
    <_>
      <rects>
        <_>
          16 44 4 3 -1.</_>
        <_>
          16 45 4 1 3.</_></rects>
      <tilted>0</tilted></_>
    <_>
      <rects>
        <_>
          17 0 2 18 -1.</_>
        <_>
          17 6 2 6 3.</_></rects>
      <tilted>0</tilted></_>
    <_>
      <rects>
        <_>
          17 4 3 28 -1.</_>
        <_>
          17 18 3 14 2.</_></rects>
      <tilted>0</tilted></_>
    <_>
      <rects>
        <_>
          17 14 12 30 -1.</_>
        <_>
          23 14 6 30 2.</_></rects>
      <tilted>0</tilted></_>
    <_>
      <rects>
        <_>
          17 20 3 1 -1.</_>
        <_>
          18 20 1 1 3.</_></rects>
      <tilted>0</tilted></_>
    <_>
      <rects>
        <_>
          17 20 12 10 -1.</_>
        <_>
          23 20 6 10 2.</_></rects>
      <tilted>0</tilted></_>
    <_>
      <rects>
        <_>
          17 30 2 24 -1.</_>
        <_>
          17 38 2 8 3.</_></rects>
      <tilted>0</tilted></_>
    <_>
      <rects>
        <_>
          17 31 18 4 -1.</_>
        <_>
          23 31 6 4 3.</_></rects>
      <tilted>0</tilted></_>
    <_>
      <rects>
        <_>
          17 31 21 24 -1.</_>
        <_>
          17 43 21 12 2.</_></rects>
      <tilted>0</tilted></_>
    <_>
      <rects>
        <_>
          17 36 15 1 -1.</_>
        <_>
          22 36 5 1 3.</_></rects>
      <tilted>0</tilted></_>
    <_>
      <rects>
        <_>
          17 37 2 8 -1.</_>
        <_>
          18 37 1 8 2.</_></rects>
      <tilted>0</tilted></_>
    <_>
      <rects>
        <_>
          17 42 8 6 -1.</_>
        <_>
          17 42 4 3 2.</_>
        <_>
          21 45 4 3 2.</_></rects>
      <tilted>0</tilted></_>
    <_>
      <rects>
        <_>
          18 21 3 5 -1.</_>
        <_>
          19 21 1 5 3.</_></rects>
      <tilted>0</tilted></_>
    <_>
      <rects>
        <_>
          18 23 6 1 -1.</_>
        <_>
          20 23 2 1 3.</_></rects>
      <tilted>0</tilted></_>
    <_>
      <rects>
        <_>
          18 25 14 5 -1.</_>
        <_>
          25 25 7 5 2.</_></rects>
      <tilted>0</tilted></_>
    <_>
      <rects>
        <_>
          18 29 12 2 -1.</_>
        <_>
          22 29 4 2 3.</_></rects>
      <tilted>0</tilted></_>
    <_>
      <rects>
        <_>
          18 31 4 12 -1.</_>
        <_>
          18 31 2 6 2.</_>
        <_>
          20 37 2 6 2.</_></rects>
      <tilted>0</tilted></_>
    <_>
      <rects>
        <_>
          18 32 9 1 -1.</_>
        <_>
          21 32 3 1 3.</_></rects>
      <tilted>0</tilted></_>
    <_>
      <rects>
        <_>
          18 33 9 8 -1.</_>
        <_>
          18 37 9 4 2.</_></rects>
      <tilted>0</tilted></_>
    <_>
      <rects>
        <_>
          18 36 6 8 -1.</_>
        <_>
          18 40 6 4 2.</_></rects>
      <tilted>0</tilted></_>
    <_>
      <rects>
        <_>
          18 37 6 8 -1.</_>
        <_>
          18 41 6 4 2.</_></rects>
      <tilted>0</tilted></_>
    <_>
      <rects>
        <_>
          19 0 4 12 -1.</_>
        <_>
          19 4 4 4 3.</_></rects>
      <tilted>0</tilted></_>
    <_>
      <rects>
        <_>
          19 14 6 2 -1.</_>
        <_>
          21 14 2 2 3.</_></rects>
      <tilted>0</tilted></_>
    <_>
      <rects>
        <_>
          19 15 25 40 -1.</_>
        <_>
          19 35 25 20 2.</_></rects>
      <tilted>0</tilted></_>
    <_>
      <rects>
        <_>
          19 18 9 2 -1.</_>
        <_>
          22 18 3 2 3.</_></rects>
      <tilted>0</tilted></_>
    <_>
      <rects>
        <_>
          19 20 8 13 -1.</_>
        <_>
          23 20 4 13 2.</_></rects>
      <tilted>0</tilted></_>
    <_>
      <rects>
        <_>
          19 23 13 8 -1.</_>
        <_>
          19 27 13 4 2.</_></rects>
      <tilted>0</tilted></_>
    <_>
      <rects>
        <_>
          19 28 4 2 -1.</_>
        <_>
          19 28 2 1 2.</_>
        <_>
          21 29 2 1 2.</_></rects>
      <tilted>0</tilted></_>
    <_>
      <rects>
        <_>
          19 49 4 1 -1.</_>
        <_>
          21 49 2 1 2.</_></rects>
      <tilted>0</tilted></_>
    <_>
      <rects>
        <_>
          20 17 3 4 -1.</_>
        <_>
          21 17 1 4 3.</_></rects>
      <tilted>0</tilted></_>
    <_>
      <rects>
        <_>
          20 20 3 2 -1.</_>
        <_>
          21 20 1 2 3.</_></rects>
      <tilted>0</tilted></_>
    <_>
      <rects>
        <_>
          20 25 8 18 -1.</_>
        <_>
          20 34 8 9 2.</_></rects>
      <tilted>0</tilted></_>
    <_>
      <rects>
        <_>
          21 15 4 4 -1.</_>
        <_>
          23 15 2 4 2.</_></rects>
      <tilted>0</tilted></_>
    <_>
      <rects>
        <_>
          21 17 3 2 -1.</_>
        <_>
          22 17 1 2 3.</_></rects>
      <tilted>0</tilted></_>
    <_>
      <rects>
        <_>
          21 19 1 30 -1.</_>
        <_>
          21 34 1 15 2.</_></rects>
      <tilted>0</tilted></_>
    <_>
      <rects>
        <_>
          21 27 10 2 -1.</_>
        <_>
          21 27 5 1 2.</_>
        <_>
          26 28 5 1 2.</_></rects>
      <tilted>0</tilted></_>
    <_>
      <rects>
        <_>
          21 29 14 12 -1.</_>
        <_>
          21 29 7 6 2.</_>
        <_>
          28 35 7 6 2.</_></rects>
      <tilted>0</tilted></_>
    <_>
      <rects>
        <_>
          22 16 3 8 -1.</_>
        <_>
          23 16 1 8 3.</_></rects>
      <tilted>0</tilted></_>
    <_>
      <rects>
        <_>
          22 18 9 9 -1.</_>
        <_>
          22 21 9 3 3.</_></rects>
      <tilted>0</tilted></_>
    <_>
      <rects>
        <_>
          22 26 12 26 -1.</_>
        <_>
          26 26 4 26 3.</_></rects>
      <tilted>0</tilted></_>
    <_>
      <rects>
        <_>
          22 29 12 14 -1.</_>
        <_>
          26 29 4 14 3.</_></rects>
      <tilted>0</tilted></_>
    <_>
      <rects>
        <_>
          22 33 2 1 -1.</_>
        <_>
          23 33 1 1 2.</_></rects>
      <tilted>0</tilted></_>
    <_>
      <rects>
        <_>
          23 13 3 11 -1.</_>
        <_>
          24 13 1 11 3.</_></rects>
      <tilted>0</tilted></_>
    <_>
      <rects>
        <_>
          23 16 3 4 -1.</_>
        <_>
          24 16 1 4 3.</_></rects>
      <tilted>0</tilted></_>
    <_>
      <rects>
        <_>
          23 33 2 4 -1.</_>
        <_>
          23 35 2 2 2.</_></rects>
      <tilted>0</tilted></_>
    <_>
      <rects>
        <_>
          23 35 6 12 -1.</_>
        <_>
          23 35 3 6 2.</_>
        <_>
          26 41 3 6 2.</_></rects>
      <tilted>0</tilted></_>
    <_>
      <rects>
        <_>
          25 1 22 14 -1.</_>
        <_>
          25 1 11 7 2.</_>
        <_>
          36 8 11 7 2.</_></rects>
      <tilted>0</tilted></_>
    <_>
      <rects>
        <_>
          25 19 12 10 -1.</_>
        <_>
          25 19 6 5 2.</_>
        <_>
          31 24 6 5 2.</_></rects>
      <tilted>0</tilted></_>
    <_>
      <rects>
        <_>
          25 30 14 10 -1.</_>
        <_>
          25 30 7 5 2.</_>
        <_>
          32 35 7 5 2.</_></rects>
      <tilted>0</tilted></_>
    <_>
      <rects>
        <_>
          26 14 9 10 -1.</_>
        <_>
          29 14 3 10 3.</_></rects>
      <tilted>0</tilted></_>
    <_>
      <rects>
        <_>
          26 17 12 6 -1.</_>
        <_>
          26 19 12 2 3.</_></rects>
      <tilted>0</tilted></_>
    <_>
      <rects>
        <_>
          26 28 13 12 -1.</_>
        <_>
          26 32 13 4 3.</_></rects>
      <tilted>0</tilted></_>
    <_>
      <rects>
        <_>
          26 29 3 15 -1.</_>
        <_>
          26 34 3 5 3.</_></rects>
      <tilted>0</tilted></_>
    <_>
      <rects>
        <_>
          26 40 6 6 -1.</_>
        <_>
          28 40 2 6 3.</_></rects>
      <tilted>0</tilted></_>
    <_>
      <rects>
        <_>
          27 5 4 33 -1.</_>
        <_>
          27 16 4 11 3.</_></rects>
      <tilted>0</tilted></_>
    <_>
      <rects>
        <_>
          27 11 1 12 -1.</_>
        <_>
          27 15 1 4 3.</_></rects>
      <tilted>0</tilted></_>
    <_>
      <rects>
        <_>
          27 29 8 12 -1.</_>
        <_>
          27 33 8 4 3.</_></rects>
      <tilted>0</tilted></_>
    <_>
      <rects>
        <_>
          28 29 1 2 -1.</_>
        <_>
          28 30 1 1 2.</_></rects>
      <tilted>0</tilted></_>
    <_>
      <rects>
        <_>
          29 4 18 48 -1.</_>
        <_>
          29 20 18 16 3.</_></rects>
      <tilted>0</tilted></_>
    <_>
      <rects>
        <_>
          29 9 3 16 -1.</_>
        <_>
          30 9 1 16 3.</_></rects>
      <tilted>0</tilted></_>
    <_>
      <rects>
        <_>
          29 60 5 2 -1.</_>
        <_>
          29 61 5 1 2.</_></rects>
      <tilted>0</tilted></_>
    <_>
      <rects>
        <_>
          30 1 16 22 -1.</_>
        <_>
          30 1 8 11 2.</_>
        <_>
          38 12 8 11 2.</_></rects>
      <tilted>0</tilted></_>
    <_>
      <rects>
        <_>
          30 24 2 12 -1.</_>
        <_>
          30 28 2 4 3.</_></rects>
      <tilted>0</tilted></_>
    <_>
      <rects>
        <_>
          30 30 9 3 -1.</_>
        <_>
          33 30 3 3 3.</_></rects>
      <tilted>0</tilted></_>
    <_>
      <rects>
        <_>
          32 28 4 18 -1.</_>
        <_>
          32 28 2 9 2.</_>
        <_>
          34 37 2 9 2.</_></rects>
      <tilted>0</tilted></_>
    <_>
      <rects>
        <_>
          33 22 13 28 -1.</_>
        <_>
          33 36 13 14 2.</_></rects>
      <tilted>0</tilted></_>
    <_>
      <rects>
        <_>
          33 23 9 5 -1.</_>
        <_>
          36 23 3 5 3.</_></rects>
      <tilted>0</tilted></_>
    <_>
      <rects>
        <_>
          33 30 6 6 -1.</_>
        <_>
          35 30 2 6 3.</_></rects>
      <tilted>0</tilted></_>
    <_>
      <rects>
        <_>
          34 2 13 57 -1.</_>
        <_>
          34 21 13 19 3.</_></rects>
      <tilted>0</tilted></_>
    <_>
      <rects>
        <_>
          34 6 2 1 -1.</_>
        <_>
          35 6 1 1 2.</_></rects>
      <tilted>0</tilted></_>
    <_>
      <rects>
        <_>
          34 24 12 3 -1.</_>
        <_>
          38 24 4 3 3.</_></rects>
      <tilted>0</tilted></_>
    <_>
      <rects>
        <_>
          34 52 13 14 -1.</_>
        <_>
          34 59 13 7 2.</_></rects>
      <tilted>0</tilted></_>
    <_>
      <rects>
        <_>
          35 9 12 36 -1.</_>
        <_>
          39 9 4 36 3.</_></rects>
      <tilted>0</tilted></_>
    <_>
      <rects>
        <_>
          35 22 12 3 -1.</_>
        <_>
          39 22 4 3 3.</_></rects>
      <tilted>0</tilted></_>
    <_>
      <rects>
        <_>
          35 37 12 16 -1.</_>
        <_>
          41 37 6 16 2.</_></rects>
      <tilted>0</tilted></_>
    <_>
      <rects>
        <_>
          37 5 2 2 -1.</_>
        <_>
          37 6 2 1 2.</_></rects>
      <tilted>0</tilted></_>
    <_>
      <rects>
        <_>
          37 7 2 1 -1.</_>
        <_>
          38 7 1 1 2.</_></rects>
      <tilted>0</tilted></_>
    <_>
      <rects>
        <_>
          37 32 10 19 -1.</_>
        <_>
          42 32 5 19 2.</_></rects>
      <tilted>0</tilted></_>
    <_>
      <rects>
        <_>
          38 23 6 34 -1.</_>
        <_>
          38 23 3 17 2.</_>
        <_>
          41 40 3 17 2.</_></rects>
      <tilted>0</tilted></_>
    <_>
      <rects>
        <_>
          38 30 9 19 -1.</_>
        <_>
          41 30 3 19 3.</_></rects>
      <tilted>0</tilted></_>
    <_>
      <rects>
        <_>
          38 35 8 16 -1.</_>
        <_>
          38 35 4 8 2.</_>
        <_>
          42 43 4 8 2.</_></rects>
      <tilted>0</tilted></_>
    <_>
      <rects>
        <_>
          39 5 6 40 -1.</_>
        <_>
          39 5 3 20 2.</_>
        <_>
          42 25 3 20 2.</_></rects>
      <tilted>0</tilted></_>
    <_>
      <rects>
        <_>
          39 7 2 1 -1.</_>
        <_>
          40 7 1 1 2.</_></rects>
      <tilted>0</tilted></_>
    <_>
      <rects>
        <_>
          40 8 6 44 -1.</_>
        <_>
          40 8 3 22 2.</_>
        <_>
          43 30 3 22 2.</_></rects>
      <tilted>0</tilted></_>
    <_>
      <rects>
        <_>
          40 46 2 1 -1.</_>
        <_>
          41 46 1 1 2.</_></rects>
      <tilted>0</tilted></_>
    <_>
      <rects>
        <_>
          41 1 1 2 -1.</_>
        <_>
          41 2 1 1 2.</_></rects>
      <tilted>0</tilted></_>
    <_>
      <rects>
        <_>
          41 1 2 2 -1.</_>
        <_>
          41 1 1 1 2.</_>
        <_>
          42 2 1 1 2.</_></rects>
      <tilted>0</tilted></_>
    <_>
      <rects>
        <_>
          41 19 2 2 -1.</_>
        <_>
          41 20 2 1 2.</_></rects>
      <tilted>0</tilted></_>
    <_>
      <rects>
        <_>
          41 29 4 20 -1.</_>
        <_>
          41 29 2 10 2.</_>
        <_>
          43 39 2 10 2.</_></rects>
      <tilted>0</tilted></_>
    <_>
      <rects>
        <_>
          43 28 4 38 -1.</_>
        <_>
          43 47 4 19 2.</_></rects>
      <tilted>0</tilted></_>
    <_>
      <rects>
        <_>
          44 23 2 3 -1.</_>
        <_>
          45 23 1 3 2.</_></rects>
      <tilted>0</tilted></_>
    <_>
      <rects>
        <_>
          45 23 2 18 -1.</_>
        <_>
          46 23 1 18 2.</_></rects>
      <tilted>0</tilted></_>
    <_>
      <rects>
        <_>
          45 26 1 4 -1.</_>
        <_>
          45 28 1 2 2.</_></rects>
      <tilted>0</tilted></_></features></cascade>
</opencv_storage>
