<?xml version="1.0"?>
<opencv_storage>
<cascade>
  <stageType>BOOST</stageType>
  <featureType>HAAR</featureType>
  <height>10</height>
  <width>72</width>
  <stageParams>
    <boostType>GAB</boostType>
    <minHitRate>9.9900001287460327e-01</minHitRate>
    <maxFalseAlarm>5.0000000000000000e-01</maxFalseAlarm>
    <weightTrimRate>9.4999999999999996e-01</weightTrimRate>
    <maxDepth>1</maxDepth>
    <maxWeakCount>100</maxWeakCount></stageParams>
  <featureParams>
    <maxCatCount>0</maxCatCount>
    <featSize>1</featSize>
    <mode>BASIC</mode></featureParams>
  <stageNum>20</stageNum>
  <stages>
    <!-- stage 0 -->
    <_>
      <maxWeakCount>5</maxWeakCount>
      <stageThreshold>-1.6388767957687378e-01</stageThreshold>
      <weakClassifiers>
        <_>
          <internalNodes>
            0 -1 29 2.7729488909244537e-02</internalNodes>
          <leafValues>
            -1.9093851745128632e-01 8.9873415231704712e-01</leafValues></_>
        <_>
          <internalNodes>
            0 -1 94 -3.7061884067952633e-03</internalNodes>
          <leafValues>
            8.7531328201293945e-01 -1.8675762414932251e-01</leafValues></_>
        <_>
          <internalNodes>
            0 -1 112 -2.8575470205396414e-03</internalNodes>
          <leafValues>
            7.5413948297500610e-01 -3.1565523147583008e-01</leafValues></_>
        <_>
          <internalNodes>
            0 -1 168 2.5207404978573322e-03</internalNodes>
          <leafValues>
            -2.5908514857292175e-01 9.5104813575744629e-01</leafValues></_>
        <_>
          <internalNodes>
            0 -1 175 1.6601351089775562e-03</internalNodes>
          <leafValues>
            -2.7352204918861389e-01 8.1498748064041138e-01</leafValues></_></weakClassifiers></_>
    <!-- stage 1 -->
    <_>
      <maxWeakCount>8</maxWeakCount>
      <stageThreshold>-9.0829706192016602e-01</stageThreshold>
      <weakClassifiers>
        <_>
          <internalNodes>
            0 -1 70 -9.5955254510045052e-03</internalNodes>
          <leafValues>
            7.9503107070922852e-01 -1.0231023281812668e-01</leafValues></_>
        <_>
          <internalNodes>
            0 -1 89 2.9438347555696964e-03</internalNodes>
          <leafValues>
            -1.9480982422828674e-01 9.1681367158889771e-01</leafValues></_>
        <_>
          <internalNodes>
            0 -1 129 4.1903415694832802e-03</internalNodes>
          <leafValues>
            -3.0264091491699219e-01 6.5951639413833618e-01</leafValues></_>
        <_>
          <internalNodes>
            0 -1 45 8.8181924074888229e-03</internalNodes>
          <leafValues>
            -3.0096238851547241e-01 9.7339695692062378e-01</leafValues></_>
        <_>
          <internalNodes>
            0 -1 166 -7.6300674118101597e-04</internalNodes>
          <leafValues>
            8.3771938085556030e-01 -2.4257554113864899e-01</leafValues></_>
        <_>
          <internalNodes>
            0 -1 51 5.2471617236733437e-03</internalNodes>
          <leafValues>
            -2.1326449513435364e-01 7.7969419956207275e-01</leafValues></_>
        <_>
          <internalNodes>
            0 -1 160 2.7462847065180540e-03</internalNodes>
          <leafValues>
            -2.5532117486000061e-01 7.5569981336593628e-01</leafValues></_>
        <_>
          <internalNodes>
            0 -1 170 -3.4629558213055134e-03</internalNodes>
          <leafValues>
            7.3837113380432129e-01 -3.0743354558944702e-01</leafValues></_></weakClassifiers></_>
    <!-- stage 2 -->
    <_>
      <maxWeakCount>9</maxWeakCount>
      <stageThreshold>-8.2245761156082153e-01</stageThreshold>
      <weakClassifiers>
        <_>
          <internalNodes>
            0 -1 64 4.2184621095657349e-02</internalNodes>
          <leafValues>
            5.2380955219268799e-01 -7.7215188741683960e-01</leafValues></_>
        <_>
          <internalNodes>
            0 -1 63 1.0585937649011612e-02</internalNodes>
          <leafValues>
            -2.5411421060562134e-01 7.4156862497329712e-01</leafValues></_>
        <_>
          <internalNodes>
            0 -1 100 8.2077234983444214e-03</internalNodes>
          <leafValues>
            2.7108943462371826e-01 -8.5808074474334717e-01</leafValues></_>
        <_>
          <internalNodes>
            0 -1 120 -2.5287305470556021e-03</internalNodes>
          <leafValues>
            8.4001392126083374e-01 -2.6443684101104736e-01</leafValues></_>
        <_>
          <internalNodes>
            0 -1 139 1.2327166274189949e-02</internalNodes>
          <leafValues>
            -1.9067005813121796e-01 9.4227981567382812e-01</leafValues></_>
        <_>
          <internalNodes>
            0 -1 155 -3.3780697267502546e-03</internalNodes>
          <leafValues>
            8.3025920391082764e-01 -2.0276317000389099e-01</leafValues></_>
        <_>
          <internalNodes>
            0 -1 17 1.5116297639906406e-02</internalNodes>
          <leafValues>
            -2.3121264576911926e-01 8.0439597368240356e-01</leafValues></_>
        <_>
          <internalNodes>
            0 -1 46 1.9720032811164856e-02</internalNodes>
          <leafValues>
            -1.8721948564052582e-01 8.5304141044616699e-01</leafValues></_>
        <_>
          <internalNodes>
            0 -1 62 6.5211001783609390e-03</internalNodes>
          <leafValues>
            -1.5345281362533569e-01 9.1991710662841797e-01</leafValues></_></weakClassifiers></_>
    <!-- stage 3 -->
    <_>
      <maxWeakCount>10</maxWeakCount>
      <stageThreshold>-4.7264599800109863e-01</stageThreshold>
      <weakClassifiers>
        <_>
          <internalNodes>
            0 -1 194 -7.6694665476679802e-03</internalNodes>
          <leafValues>
            8.5074627399444580e-01 -8.4033617749810219e-03</leafValues></_>
        <_>
          <internalNodes>
            0 -1 150 -3.8914289325475693e-03</internalNodes>
          <leafValues>
            8.5255753993988037e-01 -1.4814215898513794e-01</leafValues></_>
        <_>
          <internalNodes>
            0 -1 158 3.6900325212627649e-03</internalNodes>
          <leafValues>
            -2.3945383727550507e-01 8.7854045629501343e-01</leafValues></_>
        <_>
          <internalNodes>
            0 -1 58 4.0026143193244934e-02</internalNodes>
          <leafValues>
            3.1741991639137268e-01 -6.8177747726440430e-01</leafValues></_>
        <_>
          <internalNodes>
            0 -1 99 -8.0576911568641663e-03</internalNodes>
          <leafValues>
            -8.7089031934738159e-01 2.1560651063919067e-01</leafValues></_>
        <_>
          <internalNodes>
            0 -1 131 -1.7879954539239407e-03</internalNodes>
          <leafValues>
            6.2839365005493164e-01 -3.7358894944190979e-01</leafValues></_>
        <_>
          <internalNodes>
            0 -1 116 -1.5783982817083597e-03</internalNodes>
          <leafValues>
            6.6341447830200195e-01 -2.9281753301620483e-01</leafValues></_>
        <_>
          <internalNodes>
            0 -1 184 2.4652499705553055e-03</internalNodes>
          <leafValues>
            -2.4470067024230957e-01 6.8383085727691650e-01</leafValues></_>
        <_>
          <internalNodes>
            0 -1 52 9.2734117060899734e-03</internalNodes>
          <leafValues>
            -3.1110131740570068e-01 6.5692287683486938e-01</leafValues></_>
        <_>
          <internalNodes>
            0 -1 177 -3.9505846798419952e-03</internalNodes>
          <leafValues>
            7.0136350393295288e-01 -2.3148187994956970e-01</leafValues></_></weakClassifiers></_>
    <!-- stage 4 -->
    <_>
      <maxWeakCount>10</maxWeakCount>
      <stageThreshold>-4.4088795781135559e-01</stageThreshold>
      <weakClassifiers>
        <_>
          <internalNodes>
            0 -1 78 -6.1578430235385895e-02</internalNodes>
          <leafValues>
            -6.2025314569473267e-01 5.0183153152465820e-01</leafValues></_>
        <_>
          <internalNodes>
            0 -1 59 2.5114605668932199e-03</internalNodes>
          <leafValues>
            -1.6191694140434265e-01 9.8807299137115479e-01</leafValues></_>
        <_>
          <internalNodes>
            0 -1 153 -3.6545491311699152e-03</internalNodes>
          <leafValues>
            7.0732212066650391e-01 -2.0215496420860291e-01</leafValues></_>
        <_>
          <internalNodes>
            0 -1 93 1.5828325413167477e-03</internalNodes>
          <leafValues>
            -1.8707360327243805e-01 8.8761383295059204e-01</leafValues></_>
        <_>
          <internalNodes>
            0 -1 146 -7.0636020973324776e-03</internalNodes>
          <leafValues>
            6.9264596700668335e-01 -2.2914673388004303e-01</leafValues></_>
        <_>
          <internalNodes>
            0 -1 124 -2.9928393196314573e-03</internalNodes>
          <leafValues>
            9.1124773025512695e-01 -1.7622315883636475e-01</leafValues></_>
        <_>
          <internalNodes>
            0 -1 80 1.1955995112657547e-02</internalNodes>
          <leafValues>
            -1.6270144283771515e-01 7.9831212759017944e-01</leafValues></_>
        <_>
          <internalNodes>
            0 -1 117 9.7478628158569336e-03</internalNodes>
          <leafValues>
            2.4995246529579163e-01 -7.9115670919418335e-01</leafValues></_>
        <_>
          <internalNodes>
            0 -1 82 4.8226201906800270e-03</internalNodes>
          <leafValues>
            -2.5767529010772705e-01 8.0013036727905273e-01</leafValues></_>
        <_>
          <internalNodes>
            0 -1 185 2.5833785184659064e-04</internalNodes>
          <leafValues>
            2.7034565806388855e-01 -6.6097784042358398e-01</leafValues></_></weakClassifiers></_>
    <!-- stage 5 -->
    <_>
      <maxWeakCount>11</maxWeakCount>
      <stageThreshold>-5.5772274732589722e-01</stageThreshold>
      <weakClassifiers>
        <_>
          <internalNodes>
            0 -1 47 2.1607406437397003e-02</internalNodes>
          <leafValues>
            1.2422360479831696e-02 7.2937291860580444e-01</leafValues></_>
        <_>
          <internalNodes>
            0 -1 105 1.5201080590486526e-02</internalNodes>
          <leafValues>
            -2.2445677220821381e-01 5.4308640956878662e-01</leafValues></_>
        <_>
          <internalNodes>
            0 -1 171 3.1320620328187943e-03</internalNodes>
          <leafValues>
            -1.8145556747913361e-01 7.1781635284423828e-01</leafValues></_>
        <_>
          <internalNodes>
            0 -1 163 3.8512279279530048e-03</internalNodes>
          <leafValues>
            -2.3110148310661316e-01 8.1961965560913086e-01</leafValues></_>
        <_>
          <internalNodes>
            0 -1 191 -4.6793119981884956e-03</internalNodes>
          <leafValues>
            7.6304948329925537e-01 -1.5864248573780060e-01</leafValues></_>
        <_>
          <internalNodes>
            0 -1 143 9.1656798031181097e-04</internalNodes>
          <leafValues>
            -1.4847105741500854e-01 7.8200662136077881e-01</leafValues></_>
        <_>
          <internalNodes>
            0 -1 57 4.1591790504753590e-03</internalNodes>
          <leafValues>
            -1.9201767444610596e-01 7.8114521503448486e-01</leafValues></_>
        <_>
          <internalNodes>
            0 -1 87 -1.8083268078044057e-03</internalNodes>
          <leafValues>
            9.5848500728607178e-01 -1.2300769239664078e-01</leafValues></_>
        <_>
          <internalNodes>
            0 -1 90 2.3296354338526726e-03</internalNodes>
          <leafValues>
            -1.0422581434249878e-01 8.8188922405242920e-01</leafValues></_>
        <_>
          <internalNodes>
            0 -1 182 -6.6919732489623129e-05</internalNodes>
          <leafValues>
            -4.8812046647071838e-01 2.9627296328544617e-01</leafValues></_>
        <_>
          <internalNodes>
            0 -1 180 6.4736418426036835e-03</internalNodes>
          <leafValues>
            -2.1999008953571320e-01 6.4177906513214111e-01</leafValues></_></weakClassifiers></_>
    <!-- stage 6 -->
    <_>
      <maxWeakCount>12</maxWeakCount>
      <stageThreshold>-4.8371863365173340e-01</stageThreshold>
      <weakClassifiers>
        <_>
          <internalNodes>
            0 -1 126 1.7680566757917404e-02</internalNodes>
          <leafValues>
            1.2422360479831696e-02 7.2937291860580444e-01</leafValues></_>
        <_>
          <internalNodes>
            0 -1 161 -2.5937878526747227e-03</internalNodes>
          <leafValues>
            6.2000405788421631e-01 -1.6929790377616882e-01</leafValues></_>
        <_>
          <internalNodes>
            0 -1 179 2.6647578924894333e-03</internalNodes>
          <leafValues>
            -2.3847493529319763e-01 6.0092794895172119e-01</leafValues></_>
        <_>
          <internalNodes>
            0 -1 183 2.4539157748222351e-03</internalNodes>
          <leafValues>
            -2.2570352256298065e-01 6.4834123849868774e-01</leafValues></_>
        <_>
          <internalNodes>
            0 -1 137 1.7391251167282462e-03</internalNodes>
          <leafValues>
            -1.8830843269824982e-01 8.0949890613555908e-01</leafValues></_>
        <_>
          <internalNodes>
            0 -1 92 -3.2459583599120378e-03</internalNodes>
          <leafValues>
            3.5634344816207886e-01 -4.4186457991600037e-01</leafValues></_>
        <_>
          <internalNodes>
            0 -1 128 9.4681262271478772e-04</internalNodes>
          <leafValues>
            -2.1107243001461029e-01 6.9298118352890015e-01</leafValues></_>
        <_>
          <internalNodes>
            0 -1 49 1.2823079712688923e-02</internalNodes>
          <leafValues>
            -2.3880849778652191e-01 5.9144049882888794e-01</leafValues></_>
        <_>
          <internalNodes>
            0 -1 147 -6.4125973731279373e-03</internalNodes>
          <leafValues>
            8.1198769807815552e-01 -1.4885690808296204e-01</leafValues></_>
        <_>
          <internalNodes>
            0 -1 148 1.5686722472310066e-03</internalNodes>
          <leafValues>
            -1.7773111164569855e-01 6.6341656446456909e-01</leafValues></_>
        <_>
          <internalNodes>
            0 -1 74 -2.8404402546584606e-03</internalNodes>
          <leafValues>
            6.9281446933746338e-01 -1.9438704848289490e-01</leafValues></_>
        <_>
          <internalNodes>
            0 -1 122 3.1995833851397038e-03</internalNodes>
          <leafValues>
            2.2320578992366791e-01 -8.1873178482055664e-01</leafValues></_></weakClassifiers></_>
    <!-- stage 7 -->
    <_>
      <maxWeakCount>9</maxWeakCount>
      <stageThreshold>-1.0006650686264038e+00</stageThreshold>
      <weakClassifiers>
        <_>
          <internalNodes>
            0 -1 10 1.1291432380676270e-01</internalNodes>
          <leafValues>
            -9.5975235104560852e-02 8.4768211841583252e-01</leafValues></_>
        <_>
          <internalNodes>
            0 -1 210 6.3118833350017667e-04</internalNodes>
          <leafValues>
            3.4737250208854675e-01 -7.7810603380203247e-01</leafValues></_>
        <_>
          <internalNodes>
            0 -1 189 -2.0709384232759476e-02</internalNodes>
          <leafValues>
            8.7154340744018555e-01 -2.5089931488037109e-01</leafValues></_>
        <_>
          <internalNodes>
            0 -1 206 7.8664487227797508e-04</internalNodes>
          <leafValues>
            3.2930791378021240e-01 -6.9808411598205566e-01</leafValues></_>
        <_>
          <internalNodes>
            0 -1 110 4.5606836676597595e-02</internalNodes>
          <leafValues>
            -2.8825104236602783e-01 7.3600548505783081e-01</leafValues></_>
        <_>
          <internalNodes>
            0 -1 8 -5.0194020150229335e-04</internalNodes>
          <leafValues>
            -8.7316209077835083e-01 2.7892073988914490e-01</leafValues></_>
        <_>
          <internalNodes>
            0 -1 9 2.9567827004939318e-04</internalNodes>
          <leafValues>
            2.4090406298637390e-01 -6.9719928503036499e-01</leafValues></_>
        <_>
          <internalNodes>
            0 -1 186 -3.0358188087120652e-04</internalNodes>
          <leafValues>
            -7.3008507490158081e-01 2.1056149899959564e-01</leafValues></_>
        <_>
          <internalNodes>
            0 -1 213 4.9809494521468878e-04</internalNodes>
          <leafValues>
            1.9592499732971191e-01 -8.2114177942276001e-01</leafValues></_></weakClassifiers></_>
    <!-- stage 8 -->
    <_>
      <maxWeakCount>6</maxWeakCount>
      <stageThreshold>-7.8716677427291870e-01</stageThreshold>
      <weakClassifiers>
        <_>
          <internalNodes>
            0 -1 213 -1.1639387812465429e-03</internalNodes>
          <leafValues>
            -7.6859503984451294e-01 6.3095235824584961e-01</leafValues></_>
        <_>
          <internalNodes>
            0 -1 7 1.0293183475732803e-01</internalNodes>
          <leafValues>
            -4.1695767641067505e-01 8.3619821071624756e-01</leafValues></_>
        <_>
          <internalNodes>
            0 -1 209 -3.1026586657389998e-04</internalNodes>
          <leafValues>
            -7.0599877834320068e-01 4.9390375614166260e-01</leafValues></_>
        <_>
          <internalNodes>
            0 -1 208 5.4199900478124619e-04</internalNodes>
          <leafValues>
            3.8946965336799622e-01 -7.5909370183944702e-01</leafValues></_>
        <_>
          <internalNodes>
            0 -1 12 -2.4049497733358294e-04</internalNodes>
          <leafValues>
            -7.8366833925247192e-01 3.3486843109130859e-01</leafValues></_>
        <_>
          <internalNodes>
            0 -1 205 -3.9084110176190734e-04</internalNodes>
          <leafValues>
            -8.1399905681610107e-01 2.9868087172508240e-01</leafValues></_></weakClassifiers></_>
    <!-- stage 9 -->
    <_>
      <maxWeakCount>8</maxWeakCount>
      <stageThreshold>-7.3648202419281006e-01</stageThreshold>
      <weakClassifiers>
        <_>
          <internalNodes>
            0 -1 212 4.5783445239067078e-04</internalNodes>
          <leafValues>
            6.5750527381896973e-01 -5.6578946113586426e-01</leafValues></_>
        <_>
          <internalNodes>
            0 -1 20 4.7406215220689774e-02</internalNodes>
          <leafValues>
            -3.4257072210311890e-01 8.0201220512390137e-01</leafValues></_>
        <_>
          <internalNodes>
            0 -1 38 -5.4774503223598003e-04</internalNodes>
          <leafValues>
            -7.8839021921157837e-01 3.9034074544906616e-01</leafValues></_>
        <_>
          <internalNodes>
            0 -1 19 -4.5642937766388059e-04</internalNodes>
          <leafValues>
            -8.2578521966934204e-01 2.9259085655212402e-01</leafValues></_>
        <_>
          <internalNodes>
            0 -1 3 -7.0610409602522850e-04</internalNodes>
          <leafValues>
            -7.8701734542846680e-01 2.7685290575027466e-01</leafValues></_>
        <_>
          <internalNodes>
            0 -1 201 4.0941182523965836e-03</internalNodes>
          <leafValues>
            3.1556054949760437e-01 -7.1372151374816895e-01</leafValues></_>
        <_>
          <internalNodes>
            0 -1 28 1.3497543986886740e-03</internalNodes>
          <leafValues>
            3.6353236436843872e-01 -6.8456292152404785e-01</leafValues></_>
        <_>
          <internalNodes>
            0 -1 39 6.7236259579658508e-02</internalNodes>
          <leafValues>
            -3.9318698644638062e-01 8.6620217561721802e-01</leafValues></_></weakClassifiers></_>
    <!-- stage 10 -->
    <_>
      <maxWeakCount>7</maxWeakCount>
      <stageThreshold>-5.5593085289001465e-01</stageThreshold>
      <weakClassifiers>
        <_>
          <internalNodes>
            0 -1 34 3.8706220686435699e-02</internalNodes>
          <leafValues>
            -1.7725752294063568e-01 8.5276073217391968e-01</leafValues></_>
        <_>
          <internalNodes>
            0 -1 23 -4.6763598220422864e-04</internalNodes>
          <leafValues>
            -6.8727016448974609e-01 4.7165980935096741e-01</leafValues></_>
        <_>
          <internalNodes>
            0 -1 204 1.0036816820502281e-03</internalNodes>
          <leafValues>
            3.7421149015426636e-01 -6.7918187379837036e-01</leafValues></_>
        <_>
          <internalNodes>
            0 -1 1 -1.8121574539691210e-03</internalNodes>
          <leafValues>
            -7.7764081954956055e-01 2.7102270722389221e-01</leafValues></_>
        <_>
          <internalNodes>
            0 -1 36 2.6722284033894539e-02</internalNodes>
          <leafValues>
            -3.0201238393783569e-01 9.3757855892181396e-01</leafValues></_>
        <_>
          <internalNodes>
            0 -1 73 2.5440322235226631e-02</internalNodes>
          <leafValues>
            -3.1501477956771851e-01 8.2547056674957275e-01</leafValues></_>
        <_>
          <internalNodes>
            0 -1 21 5.3419242613017559e-04</internalNodes>
          <leafValues>
            3.6947104334831238e-01 -8.6009556055068970e-01</leafValues></_></weakClassifiers></_>
    <!-- stage 11 -->
    <_>
      <maxWeakCount>12</maxWeakCount>
      <stageThreshold>-9.3099576234817505e-01</stageThreshold>
      <weakClassifiers>
        <_>
          <internalNodes>
            0 -1 5 1.5734660625457764e-01</internalNodes>
          <leafValues>
            -2.9702970758080482e-02 7.2670805454254150e-01</leafValues></_>
        <_>
          <internalNodes>
            0 -1 75 1.7713107808958739e-04</internalNodes>
          <leafValues>
            3.1252521276473999e-01 -5.9558570384979248e-01</leafValues></_>
        <_>
          <internalNodes>
            0 -1 119 4.8306252807378769e-02</internalNodes>
          <leafValues>
            -3.3227324485778809e-01 5.1511895656585693e-01</leafValues></_>
        <_>
          <internalNodes>
            0 -1 85 1.0839090828085318e-04</internalNodes>
          <leafValues>
            2.6817971467971802e-01 -5.0020897388458252e-01</leafValues></_>
        <_>
          <internalNodes>
            0 -1 118 1.0507130064070225e-03</internalNodes>
          <leafValues>
            2.8106060624122620e-01 -4.5978608727455139e-01</leafValues></_>
        <_>
          <internalNodes>
            0 -1 169 1.1625138111412525e-02</internalNodes>
          <leafValues>
            -2.3807874321937561e-01 7.5251626968383789e-01</leafValues></_>
        <_>
          <internalNodes>
            0 -1 152 4.1172634810209274e-03</internalNodes>
          <leafValues>
            -1.6507174074649811e-01 6.8844574689865112e-01</leafValues></_>
        <_>
          <internalNodes>
            0 -1 0 -1.4442055544350296e-04</internalNodes>
          <leafValues>
            -4.9585744738578796e-01 2.7511155605316162e-01</leafValues></_>
        <_>
          <internalNodes>
            0 -1 22 -4.1410623816773295e-04</internalNodes>
          <leafValues>
            -7.5379812717437744e-01 1.9613200426101685e-01</leafValues></_>
        <_>
          <internalNodes>
            0 -1 130 -1.6531123546883464e-03</internalNodes>
          <leafValues>
            4.2321494221687317e-01 -3.3488830924034119e-01</leafValues></_>
        <_>
          <internalNodes>
            0 -1 167 2.3865466937422752e-03</internalNodes>
          <leafValues>
            -1.5231722593307495e-01 7.7646631002426147e-01</leafValues></_>
        <_>
          <internalNodes>
            0 -1 27 2.5375664234161377e-01</internalNodes>
          <leafValues>
            -2.4328386783599854e-01 5.1798403263092041e-01</leafValues></_></weakClassifiers></_>
    <!-- stage 12 -->
    <_>
      <maxWeakCount>14</maxWeakCount>
      <stageThreshold>-6.9712531566619873e-01</stageThreshold>
      <weakClassifiers>
        <_>
          <internalNodes>
            0 -1 32 4.6900313347578049e-02</internalNodes>
          <leafValues>
            6.7708335816860199e-02 8.2572615146636963e-01</leafValues></_>
        <_>
          <internalNodes>
            0 -1 140 3.5763211548328400e-02</internalNodes>
          <leafValues>
            -1.4740140736103058e-01 6.6672372817993164e-01</leafValues></_>
        <_>
          <internalNodes>
            0 -1 24 3.8697739364579320e-04</internalNodes>
          <leafValues>
            2.3877018690109253e-01 -6.8070822954177856e-01</leafValues></_>
        <_>
          <internalNodes>
            0 -1 96 -1.9271120429039001e-02</internalNodes>
          <leafValues>
            8.1541413068771362e-01 -2.1914353966712952e-01</leafValues></_>
        <_>
          <internalNodes>
            0 -1 211 -1.4089548494666815e-03</internalNodes>
          <leafValues>
            -5.9255331754684448e-01 2.5829613208770752e-01</leafValues></_>
        <_>
          <internalNodes>
            0 -1 108 3.3912658691406250e-02</internalNodes>
          <leafValues>
            -2.4992977082729340e-01 5.2885103225708008e-01</leafValues></_>
        <_>
          <internalNodes>
            0 -1 125 3.7886478006839752e-02</internalNodes>
          <leafValues>
            1.2887024879455566e-01 -9.1450184583663940e-01</leafValues></_>
        <_>
          <internalNodes>
            0 -1 203 -3.8273169193416834e-03</internalNodes>
          <leafValues>
            -5.1296156644821167e-01 2.2675342857837677e-01</leafValues></_>
        <_>
          <internalNodes>
            0 -1 102 -2.6710438542068005e-03</internalNodes>
          <leafValues>
            4.2431238293647766e-01 -3.0044355988502502e-01</leafValues></_>
        <_>
          <internalNodes>
            0 -1 61 7.5998003594577312e-03</internalNodes>
          <leafValues>
            -1.8946121633052826e-01 9.1691309213638306e-01</leafValues></_>
        <_>
          <internalNodes>
            0 -1 2 2.4649007245898247e-03</internalNodes>
          <leafValues>
            2.5227272510528564e-01 -5.9053069353103638e-01</leafValues></_>
        <_>
          <internalNodes>
            0 -1 197 -3.0464504379779100e-04</internalNodes>
          <leafValues>
            -5.5645340681076050e-01 2.2776687145233154e-01</leafValues></_>
        <_>
          <internalNodes>
            0 -1 114 3.4236552892252803e-04</internalNodes>
          <leafValues>
            1.9052971899509430e-01 -6.7112660408020020e-01</leafValues></_>
        <_>
          <internalNodes>
            0 -1 76 2.1948659792542458e-02</internalNodes>
          <leafValues>
            -2.4727608263492584e-01 5.9379440546035767e-01</leafValues></_></weakClassifiers></_>
    <!-- stage 13 -->
    <_>
      <maxWeakCount>13</maxWeakCount>
      <stageThreshold>-7.3300737142562866e-01</stageThreshold>
      <weakClassifiers>
        <_>
          <internalNodes>
            0 -1 4 2.0089431107044220e-01</internalNodes>
          <leafValues>
            -3.1152646988630295e-03 7.4342107772827148e-01</leafValues></_>
        <_>
          <internalNodes>
            0 -1 15 9.9457066971808672e-04</internalNodes>
          <leafValues>
            2.3788432776927948e-01 -6.4148402214050293e-01</leafValues></_>
        <_>
          <internalNodes>
            0 -1 69 2.6369984261691570e-03</internalNodes>
          <leafValues>
            -2.9285034537315369e-01 4.0599188208580017e-01</leafValues></_>
        <_>
          <internalNodes>
            0 -1 121 -1.2340427935123444e-01</internalNodes>
          <leafValues>
            9.6359390020370483e-01 -1.1600147932767868e-01</leafValues></_>
        <_>
          <internalNodes>
            0 -1 141 1.8627086654305458e-02</internalNodes>
          <leafValues>
            -3.8245972990989685e-01 3.7895399332046509e-01</leafValues></_>
        <_>
          <internalNodes>
            0 -1 109 4.5539055019617081e-02</internalNodes>
          <leafValues>
            -1.5541897714138031e-01 6.3406014442443848e-01</leafValues></_>
        <_>
          <internalNodes>
            0 -1 84 2.0005167461931705e-03</internalNodes>
          <leafValues>
            -2.7369999885559082e-01 4.1372781991958618e-01</leafValues></_>
        <_>
          <internalNodes>
            0 -1 18 -4.2036557197570801e-01</internalNodes>
          <leafValues>
            9.4334042072296143e-01 -1.4339639246463776e-01</leafValues></_>
        <_>
          <internalNodes>
            0 -1 144 -7.9600214958190918e-02</internalNodes>
          <leafValues>
            5.4934942722320557e-01 -2.3676519095897675e-01</leafValues></_>
        <_>
          <internalNodes>
            0 -1 43 -1.7683621495962143e-02</internalNodes>
          <leafValues>
            7.8224647045135498e-01 -1.5618900954723358e-01</leafValues></_>
        <_>
          <internalNodes>
            0 -1 66 2.4835327640175819e-03</internalNodes>
          <leafValues>
            -3.2220047712326050e-01 3.8501590490341187e-01</leafValues></_>
        <_>
          <internalNodes>
            0 -1 42 -4.3513212585821748e-04</internalNodes>
          <leafValues>
            -5.2422028779983521e-01 2.6984277367591858e-01</leafValues></_>
        <_>
          <internalNodes>
            0 -1 72 7.0034846430644393e-05</internalNodes>
          <leafValues>
            2.2072912752628326e-01 -5.3831130266189575e-01</leafValues></_></weakClassifiers></_>
    <!-- stage 14 -->
    <_>
      <maxWeakCount>14</maxWeakCount>
      <stageThreshold>-7.8456217050552368e-01</stageThreshold>
      <weakClassifiers>
        <_>
          <internalNodes>
            0 -1 44 -1.4439025893807411e-02</internalNodes>
          <leafValues>
            7.7419352531433105e-01 -4.7619048506021500e-02</leafValues></_>
        <_>
          <internalNodes>
            0 -1 127 -1.2143421918153763e-03</internalNodes>
          <leafValues>
            4.8721140623092651e-01 -2.3225191235542297e-01</leafValues></_>
        <_>
          <internalNodes>
            0 -1 188 -1.6076877713203430e-02</internalNodes>
          <leafValues>
            4.6846693754196167e-01 -2.8905662894248962e-01</leafValues></_>
        <_>
          <internalNodes>
            0 -1 35 -3.9886035025119781e-02</internalNodes>
          <leafValues>
            7.7327483892440796e-01 -1.7115643620491028e-01</leafValues></_>
        <_>
          <internalNodes>
            0 -1 86 -5.1066203741356730e-04</internalNodes>
          <leafValues>
            3.2972291111946106e-01 -3.7776005268096924e-01</leafValues></_>
        <_>
          <internalNodes>
            0 -1 25 1.0920262429863214e-03</internalNodes>
          <leafValues>
            2.3533315956592560e-01 -4.8611837625503540e-01</leafValues></_>
        <_>
          <internalNodes>
            0 -1 193 5.2006728947162628e-03</internalNodes>
          <leafValues>
            -2.4078123271465302e-01 4.4107005000114441e-01</leafValues></_>
        <_>
          <internalNodes>
            0 -1 199 3.3005040138959885e-02</internalNodes>
          <leafValues>
            -1.5040141344070435e-01 8.1201404333114624e-01</leafValues></_>
        <_>
          <internalNodes>
            0 -1 202 5.1668682135641575e-04</internalNodes>
          <leafValues>
            3.3757394552230835e-01 -3.3155617117881775e-01</leafValues></_>
        <_>
          <internalNodes>
            0 -1 68 5.6207608431577682e-03</internalNodes>
          <leafValues>
            -3.2723462581634521e-01 3.6493888497352600e-01</leafValues></_>
        <_>
          <internalNodes>
            0 -1 173 -2.4773227050900459e-04</internalNodes>
          <leafValues>
            -5.6626063585281372e-01 2.2105552256107330e-01</leafValues></_>
        <_>
          <internalNodes>
            0 -1 103 -8.9251552708446980e-04</internalNodes>
          <leafValues>
            2.7751630544662476e-01 -3.8318771123886108e-01</leafValues></_>
        <_>
          <internalNodes>
            0 -1 195 -1.1977319081779569e-04</internalNodes>
          <leafValues>
            -5.0616204738616943e-01 2.3939205706119537e-01</leafValues></_>
        <_>
          <internalNodes>
            0 -1 133 4.0365750901401043e-03</internalNodes>
          <leafValues>
            -2.6114127039909363e-01 4.8156008124351501e-01</leafValues></_></weakClassifiers></_>
    <!-- stage 15 -->
    <_>
      <maxWeakCount>13</maxWeakCount>
      <stageThreshold>-9.5195770263671875e-01</stageThreshold>
      <weakClassifiers>
        <_>
          <internalNodes>
            0 -1 186 -1.2626298121176660e-04</internalNodes>
          <leafValues>
            -2.3404255509376526e-01 5.3305786848068237e-01</leafValues></_>
        <_>
          <internalNodes>
            0 -1 48 9.9819377064704895e-03</internalNodes>
          <leafValues>
            -1.7590893805027008e-01 6.4859896898269653e-01</leafValues></_>
        <_>
          <internalNodes>
            0 -1 181 1.9942885264754295e-03</internalNodes>
          <leafValues>
            -1.3945230841636658e-01 7.6102489233016968e-01</leafValues></_>
        <_>
          <internalNodes>
            0 -1 75 7.7069591498002410e-05</internalNodes>
          <leafValues>
            2.2686792910099030e-01 -4.9906659126281738e-01</leafValues></_>
        <_>
          <internalNodes>
            0 -1 88 3.0207075178623199e-03</internalNodes>
          <leafValues>
            -1.8607605993747711e-01 7.4900114536285400e-01</leafValues></_>
        <_>
          <internalNodes>
            0 -1 132 -1.5526296338066459e-03</internalNodes>
          <leafValues>
            -6.1454671621322632e-01 2.2689369320869446e-01</leafValues></_>
        <_>
          <internalNodes>
            0 -1 115 1.3946123421192169e-02</internalNodes>
          <leafValues>
            -1.9104522466659546e-01 6.1542075872421265e-01</leafValues></_>
        <_>
          <internalNodes>
            0 -1 156 -5.0180919060949236e-05</internalNodes>
          <leafValues>
            -4.8593801259994507e-01 2.3940768837928772e-01</leafValues></_>
        <_>
          <internalNodes>
            0 -1 136 9.5469625666737556e-03</internalNodes>
          <leafValues>
            -1.7059253156185150e-01 6.7958217859268188e-01</leafValues></_>
        <_>
          <internalNodes>
            0 -1 65 1.1723971692845225e-04</internalNodes>
          <leafValues>
            2.7419152855873108e-01 -4.5014190673828125e-01</leafValues></_>
        <_>
          <internalNodes>
            0 -1 6 9.3417316675186157e-02</internalNodes>
          <leafValues>
            -2.3170343041419983e-01 5.6365871429443359e-01</leafValues></_>
        <_>
          <internalNodes>
            0 -1 77 6.1890445649623871e-03</internalNodes>
          <leafValues>
            -1.8041618168354034e-01 6.3811320066452026e-01</leafValues></_>
        <_>
          <internalNodes>
            0 -1 200 -1.4258926967158914e-04</internalNodes>
          <leafValues>
            -5.2227592468261719e-01 2.6941758394241333e-01</leafValues></_></weakClassifiers></_>
    <!-- stage 16 -->
    <_>
      <maxWeakCount>15</maxWeakCount>
      <stageThreshold>-6.0965049266815186e-01</stageThreshold>
      <weakClassifiers>
        <_>
          <internalNodes>
            0 -1 40 4.9621857702732086e-02</internalNodes>
          <leafValues>
            7.6517149806022644e-02 7.9674798250198364e-01</leafValues></_>
        <_>
          <internalNodes>
            0 -1 172 4.9859168939292431e-05</internalNodes>
          <leafValues>
            3.1373029947280884e-01 -3.7377575039863586e-01</leafValues></_>
        <_>
          <internalNodes>
            0 -1 16 -7.7586586121469736e-04</internalNodes>
          <leafValues>
            -6.4592897891998291e-01 1.7017215490341187e-01</leafValues></_>
        <_>
          <internalNodes>
            0 -1 174 -9.9759601056575775e-02</internalNodes>
          <leafValues>
            7.2663766145706177e-01 -1.4560586214065552e-01</leafValues></_>
        <_>
          <internalNodes>
            0 -1 190 2.0637571811676025e-02</internalNodes>
          <leafValues>
            -1.8150492012500763e-01 7.5289690494537354e-01</leafValues></_>
        <_>
          <internalNodes>
            0 -1 134 -1.2570596300065517e-03</internalNodes>
          <leafValues>
            -5.3093230724334717e-01 2.3570805788040161e-01</leafValues></_>
        <_>
          <internalNodes>
            0 -1 159 3.2594536896795034e-03</internalNodes>
          <leafValues>
            -2.6255527138710022e-01 4.5594775676727295e-01</leafValues></_>
        <_>
          <internalNodes>
            0 -1 30 2.8446488082408905e-02</internalNodes>
          <leafValues>
            -1.2922248244285583e-01 7.6581490039825439e-01</leafValues></_>
        <_>
          <internalNodes>
            0 -1 164 -6.8174721673130989e-03</internalNodes>
          <leafValues>
            5.7365465164184570e-01 -1.7959439754486084e-01</leafValues></_>
        <_>
          <internalNodes>
            0 -1 54 8.4342776972334832e-05</internalNodes>
          <leafValues>
            2.7099600434303284e-01 -3.7778294086456299e-01</leafValues></_>
        <_>
          <internalNodes>
            0 -1 198 -1.7660418525338173e-03</internalNodes>
          <leafValues>
            4.9324178695678711e-01 -2.3155526816844940e-01</leafValues></_>
        <_>
          <internalNodes>
            0 -1 31 -1.9366212189197540e-02</internalNodes>
          <leafValues>
            5.8558827638626099e-01 -2.0060035586357117e-01</leafValues></_>
        <_>
          <internalNodes>
            0 -1 135 2.0925700664520264e-02</internalNodes>
          <leafValues>
            1.2580767273902893e-01 -9.1903626918792725e-01</leafValues></_>
        <_>
          <internalNodes>
            0 -1 154 -4.0807914920151234e-03</internalNodes>
          <leafValues>
            5.8615851402282715e-01 -1.9662591814994812e-01</leafValues></_>
        <_>
          <internalNodes>
            0 -1 11 1.6021892428398132e-02</internalNodes>
          <leafValues>
            -2.7531737089157104e-01 4.1859036684036255e-01</leafValues></_></weakClassifiers></_>
    <!-- stage 17 -->
    <_>
      <maxWeakCount>13</maxWeakCount>
      <stageThreshold>-6.0405927896499634e-01</stageThreshold>
      <weakClassifiers>
        <_>
          <internalNodes>
            0 -1 79 -7.7580981887876987e-03</internalNodes>
          <leafValues>
            6.8600684404373169e-01 7.2289153933525085e-02</leafValues></_>
        <_>
          <internalNodes>
            0 -1 67 2.3992602655198425e-04</internalNodes>
          <leafValues>
            2.4478350579738617e-01 -4.6880602836608887e-01</leafValues></_>
        <_>
          <internalNodes>
            0 -1 101 -9.4566754996776581e-03</internalNodes>
          <leafValues>
            5.2406358718872070e-01 -1.8180172145366669e-01</leafValues></_>
        <_>
          <internalNodes>
            0 -1 192 -1.7923726409208030e-04</internalNodes>
          <leafValues>
            -5.1341688632965088e-01 2.0142257213592529e-01</leafValues></_>
        <_>
          <internalNodes>
            0 -1 196 1.7814324237406254e-03</internalNodes>
          <leafValues>
            -2.9514443874359131e-01 3.6207997798919678e-01</leafValues></_>
        <_>
          <internalNodes>
            0 -1 111 -1.3621276244521141e-02</internalNodes>
          <leafValues>
            -8.8525152206420898e-01 1.3994587957859039e-01</leafValues></_>
        <_>
          <internalNodes>
            0 -1 157 5.8754638303071260e-04</internalNodes>
          <leafValues>
            -3.2670533657073975e-01 3.3941343426704407e-01</leafValues></_>
        <_>
          <internalNodes>
            0 -1 207 7.5903120450675488e-03</internalNodes>
          <leafValues>
            1.5061540901660919e-01 -7.4997431039810181e-01</leafValues></_>
        <_>
          <internalNodes>
            0 -1 13 4.3224543333053589e-03</internalNodes>
          <leafValues>
            -2.2616547346115112e-01 5.0860029458999634e-01</leafValues></_>
        <_>
          <internalNodes>
            0 -1 106 -1.0486637800931931e-01</internalNodes>
          <leafValues>
            8.1133377552032471e-01 -1.4959892630577087e-01</leafValues></_>
        <_>
          <internalNodes>
            0 -1 178 -8.6064421338960528e-05</internalNodes>
          <leafValues>
            -5.1340699195861816e-01 2.9397511482238770e-01</leafValues></_>
        <_>
          <internalNodes>
            0 -1 41 1.1088764586020261e-04</internalNodes>
          <leafValues>
            2.0067603886127472e-01 -5.4585987329483032e-01</leafValues></_>
        <_>
          <internalNodes>
            0 -1 91 -9.6131276222877204e-05</internalNodes>
          <leafValues>
            -4.7832152247428894e-01 2.3140956461429596e-01</leafValues></_></weakClassifiers></_>
    <!-- stage 18 -->
    <_>
      <maxWeakCount>13</maxWeakCount>
      <stageThreshold>-6.4550650119781494e-01</stageThreshold>
      <weakClassifiers>
        <_>
          <internalNodes>
            0 -1 37 3.8889236748218536e-02</internalNodes>
          <leafValues>
            9.3484416604042053e-02 7.0588237047195435e-01</leafValues></_>
        <_>
          <internalNodes>
            0 -1 187 -1.6585238336119801e-04</internalNodes>
          <leafValues>
            -4.7500851750373840e-01 2.3678922653198242e-01</leafValues></_>
        <_>
          <internalNodes>
            0 -1 138 -3.3176778815686703e-03</internalNodes>
          <leafValues>
            5.1924884319305420e-01 -1.8269720673561096e-01</leafValues></_>
        <_>
          <internalNodes>
            0 -1 107 -1.4502856135368347e-01</internalNodes>
          <leafValues>
            8.2775259017944336e-01 -1.5358559787273407e-01</leafValues></_>
        <_>
          <internalNodes>
            0 -1 81 -6.1114784330129623e-04</internalNodes>
          <leafValues>
            -4.9813863635063171e-01 2.5395518541336060e-01</leafValues></_>
        <_>
          <internalNodes>
            0 -1 113 -5.4432661272585392e-05</internalNodes>
          <leafValues>
            2.5908452272415161e-01 -4.3655493855476379e-01</leafValues></_>
        <_>
          <internalNodes>
            0 -1 162 -2.5668889284133911e-03</internalNodes>
          <leafValues>
            4.3772119283676147e-01 -2.4309203028678894e-01</leafValues></_>
        <_>
          <internalNodes>
            0 -1 95 -3.3064090530388057e-04</internalNodes>
          <leafValues>
            4.4152340292930603e-01 -2.4529275298118591e-01</leafValues></_>
        <_>
          <internalNodes>
            0 -1 14 3.3049158751964569e-02</internalNodes>
          <leafValues>
            -2.7454942464828491e-01 4.2578428983688354e-01</leafValues></_>
        <_>
          <internalNodes>
            0 -1 33 -1.3268053531646729e-02</internalNodes>
          <leafValues>
            7.0337861776351929e-01 -1.9066515564918518e-01</leafValues></_>
        <_>
          <internalNodes>
            0 -1 142 7.0473495870828629e-03</internalNodes>
          <leafValues>
            -3.4716755151748657e-01 3.4947970509529114e-01</leafValues></_>
        <_>
          <internalNodes>
            0 -1 165 1.2848974438384175e-04</internalNodes>
          <leafValues>
            2.1171735227108002e-01 -5.4679709672927856e-01</leafValues></_>
        <_>
          <internalNodes>
            0 -1 176 -2.9808471444994211e-03</internalNodes>
          <leafValues>
            6.2587547302246094e-01 -1.9385935366153717e-01</leafValues></_></weakClassifiers></_>
    <!-- stage 19 -->
    <_>
      <maxWeakCount>18</maxWeakCount>
      <stageThreshold>-5.8562475442886353e-01</stageThreshold>
      <weakClassifiers>
        <_>
          <internalNodes>
            0 -1 98 4.1883356869220734e-02</internalNodes>
          <leafValues>
            4.4027304649353027e-01 -8.4615385532379150e-01</leafValues></_>
        <_>
          <internalNodes>
            0 -1 83 -2.6426063850522041e-03</internalNodes>
          <leafValues>
            4.7161555290222168e-01 -2.3563879728317261e-01</leafValues></_>
        <_>
          <internalNodes>
            0 -1 104 1.1608676984906197e-02</internalNodes>
          <leafValues>
            1.4726971089839935e-01 -7.8637969493865967e-01</leafValues></_>
        <_>
          <internalNodes>
            0 -1 97 1.9564148969948292e-03</internalNodes>
          <leafValues>
            -2.0061552524566650e-01 7.2288042306900024e-01</leafValues></_>
        <_>
          <internalNodes>
            0 -1 123 3.3253757283091545e-04</internalNodes>
          <leafValues>
            -2.6344132423400879e-01 4.2883455753326416e-01</leafValues></_>
        <_>
          <internalNodes>
            0 -1 195 -1.6181639512069523e-04</internalNodes>
          <leafValues>
            -5.6185472011566162e-01 2.0582340657711029e-01</leafValues></_>
        <_>
          <internalNodes>
            0 -1 50 -4.4763367623090744e-02</internalNodes>
          <leafValues>
            -4.6795448660850525e-01 2.3031984269618988e-01</leafValues></_>
        <_>
          <internalNodes>
            0 -1 55 1.2108673399779946e-04</internalNodes>
          <leafValues>
            2.4203374981880188e-01 -4.5060086250305176e-01</leafValues></_>
        <_>
          <internalNodes>
            0 -1 186 6.2228398746810853e-05</internalNodes>
          <leafValues>
            2.2862227261066437e-01 -5.3730165958404541e-01</leafValues></_>
        <_>
          <internalNodes>
            0 -1 149 1.1656691785901785e-03</internalNodes>
          <leafValues>
            -2.8575211763381958e-01 3.9896404743194580e-01</leafValues></_>
        <_>
          <internalNodes>
            0 -1 151 -1.0463432408869267e-03</internalNodes>
          <leafValues>
            4.3667447566986084e-01 -2.5721576809883118e-01</leafValues></_>
        <_>
          <internalNodes>
            0 -1 72 1.0793567344080657e-04</internalNodes>
          <leafValues>
            2.4050304293632507e-01 -5.2059400081634521e-01</leafValues></_>
        <_>
          <internalNodes>
            0 -1 60 1.7096120864152908e-03</internalNodes>
          <leafValues>
            -1.3114765286445618e-01 9.1552925109863281e-01</leafValues></_>
        <_>
          <internalNodes>
            0 -1 26 7.5544370338320732e-04</internalNodes>
          <leafValues>
            2.5755119323730469e-01 -4.7036716341972351e-01</leafValues></_>
        <_>
          <internalNodes>
            0 -1 71 7.2895705699920654e-02</internalNodes>
          <leafValues>
            1.1604250967502594e-01 -9.1070222854614258e-01</leafValues></_>
        <_>
          <internalNodes>
            0 -1 56 1.7385204555466771e-03</internalNodes>
          <leafValues>
            -1.7203214764595032e-01 8.7981182336807251e-01</leafValues></_>
        <_>
          <internalNodes>
            0 -1 145 2.5234453380107880e-02</internalNodes>
          <leafValues>
            -1.2202969193458557e-01 7.3167294263839722e-01</leafValues></_>
        <_>
          <internalNodes>
            0 -1 53 1.7747003585100174e-02</internalNodes>
          <leafValues>
            -1.8628463149070740e-01 6.3767999410629272e-01</leafValues></_></weakClassifiers></_></stages>
  <features>
    <_>
      <rects>
        <_>
          0 0 1 4 -1.</_>
        <_>
          0 2 1 2 2.</_></rects>
      <tilted>0</tilted></_>
    <_>
      <rects>
        <_>
          0 1 5 3 -1.</_>
        <_>
          0 2 5 1 3.</_></rects>
      <tilted>0</tilted></_>
    <_>
      <rects>
        <_>
          0 1 9 3 -1.</_>
        <_>
          0 2 9 1 3.</_></rects>
      <tilted>0</tilted></_>
    <_>
      <rects>
        <_>
          0 2 2 2 -1.</_>
        <_>
          0 3 2 1 2.</_></rects>
      <tilted>0</tilted></_>
    <_>
      <rects>
        <_>
          0 2 36 7 -1.</_>
        <_>
          18 2 18 7 2.</_></rects>
      <tilted>0</tilted></_>
    <_>
      <rects>
        <_>
          0 2 40 5 -1.</_>
        <_>
          20 2 20 5 2.</_></rects>
      <tilted>0</tilted></_>
    <_>
      <rects>
        <_>
          0 2 72 1 -1.</_>
        <_>
          24 2 24 1 3.</_></rects>
      <tilted>0</tilted></_>
    <_>
      <rects>
        <_>
          0 2 72 2 -1.</_>
        <_>
          24 2 24 2 3.</_></rects>
      <tilted>0</tilted></_>
    <_>
      <rects>
        <_>
          0 3 1 2 -1.</_>
        <_>
          0 4 1 1 2.</_></rects>
      <tilted>0</tilted></_>
    <_>
      <rects>
        <_>
          0 3 1 3 -1.</_>
        <_>
          0 4 1 1 3.</_></rects>
      <tilted>0</tilted></_>
    <_>
      <rects>
        <_>
          0 3 36 4 -1.</_>
        <_>
          18 3 18 4 2.</_></rects>
      <tilted>0</tilted></_>
    <_>
      <rects>
        <_>
          0 4 39 1 -1.</_>
        <_>
          13 4 13 1 3.</_></rects>
      <tilted>0</tilted></_>
    <_>
      <rects>
        <_>
          0 5 1 2 -1.</_>
        <_>
          0 6 1 1 2.</_></rects>
      <tilted>0</tilted></_>
    <_>
      <rects>
        <_>
          0 6 46 2 -1.</_>
        <_>
          0 6 23 1 2.</_>
        <_>
          23 7 23 1 2.</_></rects>
      <tilted>0</tilted></_>
    <_>
      <rects>
        <_>
          0 6 48 1 -1.</_>
        <_>
          24 6 24 1 2.</_></rects>
      <tilted>0</tilted></_>
    <_>
      <rects>
        <_>
          0 7 2 3 -1.</_>
        <_>
          0 8 2 1 3.</_></rects>
      <tilted>0</tilted></_>
    <_>
      <rects>
        <_>
          0 7 3 3 -1.</_>
        <_>
          0 8 3 1 3.</_></rects>
      <tilted>0</tilted></_>
    <_>
      <rects>
        <_>
          0 7 71 3 -1.</_>
        <_>
          0 8 71 1 3.</_></rects>
      <tilted>0</tilted></_>
    <_>
      <rects>
        <_>
          1 1 69 8 -1.</_>
        <_>
          24 1 23 8 3.</_></rects>
      <tilted>0</tilted></_>
    <_>
      <rects>
        <_>
          1 3 2 2 -1.</_>
        <_>
          1 3 1 1 2.</_>
        <_>
          2 4 1 1 2.</_></rects>
      <tilted>0</tilted></_>
    <_>
      <rects>
        <_>
          1 4 45 2 -1.</_>
        <_>
          16 4 15 2 3.</_></rects>
      <tilted>0</tilted></_>
    <_>
      <rects>
        <_>
          1 5 1 3 -1.</_>
        <_>
          1 6 1 1 3.</_></rects>
      <tilted>0</tilted></_>
    <_>
      <rects>
        <_>
          1 6 3 1 -1.</_>
        <_>
          2 6 1 1 3.</_></rects>
      <tilted>0</tilted></_>
    <_>
      <rects>
        <_>
          1 6 2 2 -1.</_>
        <_>
          2 6 1 2 2.</_></rects>
      <tilted>0</tilted></_>
    <_>
      <rects>
        <_>
          2 6 2 4 -1.</_>
        <_>
          2 6 1 2 2.</_>
        <_>
          3 8 1 2 2.</_></rects>
      <tilted>0</tilted></_>
    <_>
      <rects>
        <_>
          3 0 10 1 -1.</_>
        <_>
          8 0 5 1 2.</_></rects>
      <tilted>0</tilted></_>
    <_>
      <rects>
        <_>
          3 2 4 4 -1.</_>
        <_>
          5 2 2 4 2.</_></rects>
      <tilted>0</tilted></_>
    <_>
      <rects>
        <_>
          4 0 57 7 -1.</_>
        <_>
          23 0 19 7 3.</_></rects>
      <tilted>0</tilted></_>
    <_>
      <rects>
        <_>
          4 4 3 6 -1.</_>
        <_>
          5 4 1 6 3.</_></rects>
      <tilted>0</tilted></_>
    <_>
      <rects>
        <_>
          5 4 26 2 -1.</_>
        <_>
          18 4 13 2 2.</_></rects>
      <tilted>0</tilted></_>
    <_>
      <rects>
        <_>
          6 0 34 3 -1.</_>
        <_>
          6 1 34 1 3.</_></rects>
      <tilted>0</tilted></_>
    <_>
      <rects>
        <_>
          7 2 21 2 -1.</_>
        <_>
          14 2 7 2 3.</_></rects>
      <tilted>0</tilted></_>
    <_>
      <rects>
        <_>
          8 4 20 2 -1.</_>
        <_>
          18 4 10 2 2.</_></rects>
      <tilted>0</tilted></_>
    <_>
      <rects>
        <_>
          9 3 20 2 -1.</_>
        <_>
          19 3 10 2 2.</_></rects>
      <tilted>0</tilted></_>
    <_>
      <rects>
        <_>
          9 3 22 4 -1.</_>
        <_>
          20 3 11 4 2.</_></rects>
      <tilted>0</tilted></_>
    <_>
      <rects>
        <_>
          9 4 24 2 -1.</_>
        <_>
          17 4 8 2 3.</_></rects>
      <tilted>0</tilted></_>
    <_>
      <rects>
        <_>
          9 4 27 1 -1.</_>
        <_>
          18 4 9 1 3.</_></rects>
      <tilted>0</tilted></_>
    <_>
      <rects>
        <_>
          9 4 18 2 -1.</_>
        <_>
          18 4 9 2 2.</_></rects>
      <tilted>0</tilted></_>
    <_>
      <rects>
        <_>
          9 5 3 1 -1.</_>
        <_>
          10 5 1 1 3.</_></rects>
      <tilted>0</tilted></_>
    <_>
      <rects>
        <_>
          10 0 36 8 -1.</_>
        <_>
          10 0 18 4 2.</_>
        <_>
          28 4 18 4 2.</_></rects>
      <tilted>0</tilted></_>
    <_>
      <rects>
        <_>
          10 4 27 2 -1.</_>
        <_>
          19 4 9 2 3.</_></rects>
      <tilted>0</tilted></_>
    <_>
      <rects>
        <_>
          11 4 1 3 -1.</_>
        <_>
          11 5 1 1 3.</_></rects>
      <tilted>0</tilted></_>
    <_>
      <rects>
        <_>
          11 4 3 2 -1.</_>
        <_>
          11 5 3 1 2.</_></rects>
      <tilted>0</tilted></_>
    <_>
      <rects>
        <_>
          11 4 21 1 -1.</_>
        <_>
          18 4 7 1 3.</_></rects>
      <tilted>0</tilted></_>
    <_>
      <rects>
        <_>
          11 4 14 6 -1.</_>
        <_>
          11 4 7 3 2.</_>
        <_>
          18 7 7 3 2.</_></rects>
      <tilted>0</tilted></_>
    <_>
      <rects>
        <_>
          12 0 19 3 -1.</_>
        <_>
          12 1 19 1 3.</_></rects>
      <tilted>0</tilted></_>
    <_>
      <rects>
        <_>
          13 0 58 3 -1.</_>
        <_>
          13 1 58 1 3.</_></rects>
      <tilted>0</tilted></_>
    <_>
      <rects>
        <_>
          13 4 18 2 -1.</_>
        <_>
          19 4 6 2 3.</_></rects>
      <tilted>0</tilted></_>
    <_>
      <rects>
        <_>
          14 2 8 4 -1.</_>
        <_>
          14 2 4 2 2.</_>
        <_>
          18 4 4 2 2.</_></rects>
      <tilted>0</tilted></_>
    <_>
      <rects>
        <_>
          14 4 15 1 -1.</_>
        <_>
          19 4 5 1 3.</_></rects>
      <tilted>0</tilted></_>
    <_>
      <rects>
        <_>
          15 2 40 6 -1.</_>
        <_>
          35 2 20 6 2.</_></rects>
      <tilted>0</tilted></_>
    <_>
      <rects>
        <_>
          15 4 9 2 -1.</_>
        <_>
          18 4 3 2 3.</_></rects>
      <tilted>0</tilted></_>
    <_>
      <rects>
        <_>
          15 4 8 2 -1.</_>
        <_>
          19 4 4 2 2.</_></rects>
      <tilted>0</tilted></_>
    <_>
      <rects>
        <_>
          15 8 54 2 -1.</_>
        <_>
          15 8 27 1 2.</_>
        <_>
          42 9 27 1 2.</_></rects>
      <tilted>0</tilted></_>
    <_>
      <rects>
        <_>
          16 2 2 1 -1.</_>
        <_>
          17 2 1 1 2.</_></rects>
      <tilted>0</tilted></_>
    <_>
      <rects>
        <_>
          16 4 2 1 -1.</_>
        <_>
          17 4 1 1 2.</_></rects>
      <tilted>0</tilted></_>
    <_>
      <rects>
        <_>
          16 4 3 1 -1.</_>
        <_>
          17 4 1 1 3.</_></rects>
      <tilted>0</tilted></_>
    <_>
      <rects>
        <_>
          16 4 12 2 -1.</_>
        <_>
          16 4 6 1 2.</_>
        <_>
          22 5 6 1 2.</_></rects>
      <tilted>0</tilted></_>
    <_>
      <rects>
        <_>
          16 4 42 3 -1.</_>
        <_>
          37 4 21 3 2.</_></rects>
      <tilted>0</tilted></_>
    <_>
      <rects>
        <_>
          17 2 2 4 -1.</_>
        <_>
          17 2 1 2 2.</_>
        <_>
          18 4 1 2 2.</_></rects>
      <tilted>0</tilted></_>
    <_>
      <rects>
        <_>
          17 3 2 2 -1.</_>
        <_>
          17 3 1 1 2.</_>
        <_>
          18 4 1 1 2.</_></rects>
      <tilted>0</tilted></_>
    <_>
      <rects>
        <_>
          17 3 14 2 -1.</_>
        <_>
          17 3 7 1 2.</_>
        <_>
          24 4 7 1 2.</_></rects>
      <tilted>0</tilted></_>
    <_>
      <rects>
        <_>
          17 3 20 2 -1.</_>
        <_>
          17 3 10 1 2.</_>
        <_>
          27 4 10 1 2.</_></rects>
      <tilted>0</tilted></_>
    <_>
      <rects>
        <_>
          18 2 4 6 -1.</_>
        <_>
          18 4 4 2 3.</_></rects>
      <tilted>0</tilted></_>
    <_>
      <rects>
        <_>
          18 3 33 6 -1.</_>
        <_>
          18 6 33 3 2.</_></rects>
      <tilted>0</tilted></_>
    <_>
      <rects>
        <_>
          18 4 2 1 -1.</_>
        <_>
          19 4 1 1 2.</_></rects>
      <tilted>0</tilted></_>
    <_>
      <rects>
        <_>
          18 5 22 2 -1.</_>
        <_>
          18 5 11 1 2.</_>
        <_>
          29 6 11 1 2.</_></rects>
      <tilted>0</tilted></_>
    <_>
      <rects>
        <_>
          19 2 2 1 -1.</_>
        <_>
          20 2 1 1 2.</_></rects>
      <tilted>0</tilted></_>
    <_>
      <rects>
        <_>
          19 3 39 1 -1.</_>
        <_>
          32 3 13 1 3.</_></rects>
      <tilted>0</tilted></_>
    <_>
      <rects>
        <_>
          19 4 8 4 -1.</_>
        <_>
          19 4 4 2 2.</_>
        <_>
          23 6 4 2 2.</_></rects>
      <tilted>0</tilted></_>
    <_>
      <rects>
        <_>
          19 6 14 4 -1.</_>
        <_>
          19 8 14 2 2.</_></rects>
      <tilted>0</tilted></_>
    <_>
      <rects>
        <_>
          20 2 32 5 -1.</_>
        <_>
          36 2 16 5 2.</_></rects>
      <tilted>0</tilted></_>
    <_>
      <rects>
        <_>
          20 3 2 1 -1.</_>
        <_>
          21 3 1 1 2.</_></rects>
      <tilted>0</tilted></_>
    <_>
      <rects>
        <_>
          20 3 16 4 -1.</_>
        <_>
          28 3 8 4 2.</_></rects>
      <tilted>0</tilted></_>
    <_>
      <rects>
        <_>
          20 4 8 2 -1.</_>
        <_>
          20 4 4 1 2.</_>
        <_>
          24 5 4 1 2.</_></rects>
      <tilted>0</tilted></_>
    <_>
      <rects>
        <_>
          20 5 2 1 -1.</_>
        <_>
          21 5 1 1 2.</_></rects>
      <tilted>0</tilted></_>
    <_>
      <rects>
        <_>
          20 7 36 1 -1.</_>
        <_>
          32 7 12 1 3.</_></rects>
      <tilted>0</tilted></_>
    <_>
      <rects>
        <_>
          21 3 16 2 -1.</_>
        <_>
          21 3 8 1 2.</_>
        <_>
          29 4 8 1 2.</_></rects>
      <tilted>0</tilted></_>
    <_>
      <rects>
        <_>
          21 3 32 4 -1.</_>
        <_>
          37 3 16 4 2.</_></rects>
      <tilted>0</tilted></_>
    <_>
      <rects>
        <_>
          21 4 3 6 -1.</_>
        <_>
          21 7 3 3 2.</_></rects>
      <tilted>0</tilted></_>
    <_>
      <rects>
        <_>
          21 6 36 3 -1.</_>
        <_>
          21 7 36 1 3.</_></rects>
      <tilted>0</tilted></_>
    <_>
      <rects>
        <_>
          22 0 4 1 -1.</_>
        <_>
          24 0 2 1 2.</_></rects>
      <tilted>0</tilted></_>
    <_>
      <rects>
        <_>
          22 2 5 3 -1.</_>
        <_>
          22 3 5 1 3.</_></rects>
      <tilted>0</tilted></_>
    <_>
      <rects>
        <_>
          22 4 8 2 -1.</_>
        <_>
          26 4 4 2 2.</_></rects>
      <tilted>0</tilted></_>
    <_>
      <rects>
        <_>
          22 6 18 2 -1.</_>
        <_>
          22 6 9 1 2.</_>
        <_>
          31 7 9 1 2.</_></rects>
      <tilted>0</tilted></_>
    <_>
      <rects>
        <_>
          23 3 2 1 -1.</_>
        <_>
          24 3 1 1 2.</_></rects>
      <tilted>0</tilted></_>
    <_>
      <rects>
        <_>
          23 4 22 3 -1.</_>
        <_>
          34 4 11 3 2.</_></rects>
      <tilted>0</tilted></_>
    <_>
      <rects>
        <_>
          24 0 1 3 -1.</_>
        <_>
          24 1 1 1 3.</_></rects>
      <tilted>0</tilted></_>
    <_>
      <rects>
        <_>
          24 0 2 3 -1.</_>
        <_>
          24 1 2 1 3.</_></rects>
      <tilted>0</tilted></_>
    <_>
      <rects>
        <_>
          24 1 7 3 -1.</_>
        <_>
          24 2 7 1 3.</_></rects>
      <tilted>0</tilted></_>
    <_>
      <rects>
        <_>
          24 2 1 3 -1.</_>
        <_>
          24 3 1 1 3.</_></rects>
      <tilted>0</tilted></_>
    <_>
      <rects>
        <_>
          24 6 3 1 -1.</_>
        <_>
          25 6 1 1 3.</_></rects>
      <tilted>0</tilted></_>
    <_>
      <rects>
        <_>
          25 5 36 1 -1.</_>
        <_>
          43 5 18 1 2.</_></rects>
      <tilted>0</tilted></_>
    <_>
      <rects>
        <_>
          26 1 1 3 -1.</_>
        <_>
          26 2 1 1 3.</_></rects>
      <tilted>0</tilted></_>
    <_>
      <rects>
        <_>
          26 3 12 3 -1.</_>
        <_>
          26 4 12 1 3.</_></rects>
      <tilted>0</tilted></_>
    <_>
      <rects>
        <_>
          26 4 4 1 -1.</_>
        <_>
          28 4 2 1 2.</_></rects>
      <tilted>0</tilted></_>
    <_>
      <rects>
        <_>
          26 6 21 3 -1.</_>
        <_>
          26 7 21 1 3.</_></rects>
      <tilted>0</tilted></_>
    <_>
      <rects>
        <_>
          27 1 1 3 -1.</_>
        <_>
          27 2 1 1 3.</_></rects>
      <tilted>0</tilted></_>
    <_>
      <rects>
        <_>
          27 3 19 6 -1.</_>
        <_>
          27 6 19 3 2.</_></rects>
      <tilted>0</tilted></_>
    <_>
      <rects>
        <_>
          27 4 16 1 -1.</_>
        <_>
          35 4 8 1 2.</_></rects>
      <tilted>0</tilted></_>
    <_>
      <rects>
        <_>
          27 4 16 2 -1.</_>
        <_>
          35 4 8 2 2.</_></rects>
      <tilted>0</tilted></_>
    <_>
      <rects>
        <_>
          27 6 4 4 -1.</_>
        <_>
          27 8 4 2 2.</_></rects>
      <tilted>0</tilted></_>
    <_>
      <rects>
        <_>
          28 3 10 2 -1.</_>
        <_>
          28 4 10 1 2.</_></rects>
      <tilted>0</tilted></_>
    <_>
      <rects>
        <_>
          28 4 8 2 -1.</_>
        <_>
          32 4 4 2 2.</_></rects>
      <tilted>0</tilted></_>
    <_>
      <rects>
        <_>
          28 4 16 3 -1.</_>
        <_>
          36 4 8 3 2.</_></rects>
      <tilted>0</tilted></_>
    <_>
      <rects>
        <_>
          28 4 12 6 -1.</_>
        <_>
          28 6 12 2 3.</_></rects>
      <tilted>0</tilted></_>
    <_>
      <rects>
        <_>
          28 4 42 3 -1.</_>
        <_>
          42 4 14 3 3.</_></rects>
      <tilted>0</tilted></_>
    <_>
      <rects>
        <_>
          29 3 39 4 -1.</_>
        <_>
          42 3 13 4 3.</_></rects>
      <tilted>0</tilted></_>
    <_>
      <rects>
        <_>
          29 4 17 6 -1.</_>
        <_>
          29 6 17 2 3.</_></rects>
      <tilted>0</tilted></_>
    <_>
      <rects>
        <_>
          30 0 11 6 -1.</_>
        <_>
          30 3 11 3 2.</_></rects>
      <tilted>0</tilted></_>
    <_>
      <rects>
        <_>
          30 0 13 6 -1.</_>
        <_>
          30 3 13 3 2.</_></rects>
      <tilted>0</tilted></_>
    <_>
      <rects>
        <_>
          30 3 6 4 -1.</_>
        <_>
          33 3 3 4 2.</_></rects>
      <tilted>0</tilted></_>
    <_>
      <rects>
        <_>
          30 3 18 2 -1.</_>
        <_>
          30 3 9 1 2.</_>
        <_>
          39 4 9 1 2.</_></rects>
      <tilted>0</tilted></_>
    <_>
      <rects>
        <_>
          30 5 4 1 -1.</_>
        <_>
          32 5 2 1 2.</_></rects>
      <tilted>0</tilted></_>
    <_>
      <rects>
        <_>
          30 7 2 1 -1.</_>
        <_>
          31 7 1 1 2.</_></rects>
      <tilted>0</tilted></_>
    <_>
      <rects>
        <_>
          31 0 7 4 -1.</_>
        <_>
          31 2 7 2 2.</_></rects>
      <tilted>0</tilted></_>
    <_>
      <rects>
        <_>
          31 1 5 3 -1.</_>
        <_>
          31 2 5 1 3.</_></rects>
      <tilted>0</tilted></_>
    <_>
      <rects>
        <_>
          31 4 10 4 -1.</_>
        <_>
          36 4 5 4 2.</_></rects>
      <tilted>0</tilted></_>
    <_>
      <rects>
        <_>
          31 5 6 2 -1.</_>
        <_>
          33 5 2 2 3.</_></rects>
      <tilted>0</tilted></_>
    <_>
      <rects>
        <_>
          32 3 39 4 -1.</_>
        <_>
          45 3 13 4 3.</_></rects>
      <tilted>0</tilted></_>
    <_>
      <rects>
        <_>
          32 7 3 3 -1.</_>
        <_>
          32 8 3 1 3.</_></rects>
      <tilted>0</tilted></_>
    <_>
      <rects>
        <_>
          33 3 30 4 -1.</_>
        <_>
          43 3 10 4 3.</_></rects>
      <tilted>0</tilted></_>
    <_>
      <rects>
        <_>
          33 5 6 2 -1.</_>
        <_>
          35 5 2 2 3.</_></rects>
      <tilted>0</tilted></_>
    <_>
      <rects>
        <_>
          33 6 2 3 -1.</_>
        <_>
          33 7 2 1 3.</_></rects>
      <tilted>0</tilted></_>
    <_>
      <rects>
        <_>
          33 7 2 3 -1.</_>
        <_>
          33 8 2 1 3.</_></rects>
      <tilted>0</tilted></_>
    <_>
      <rects>
        <_>
          34 3 15 6 -1.</_>
        <_>
          34 6 15 3 2.</_></rects>
      <tilted>0</tilted></_>
    <_>
      <rects>
        <_>
          34 4 30 1 -1.</_>
        <_>
          44 4 10 1 3.</_></rects>
      <tilted>0</tilted></_>
    <_>
      <rects>
        <_>
          34 5 12 1 -1.</_>
        <_>
          40 5 6 1 2.</_></rects>
      <tilted>0</tilted></_>
    <_>
      <rects>
        <_>
          35 2 4 2 -1.</_>
        <_>
          35 2 2 1 2.</_>
        <_>
          37 3 2 1 2.</_></rects>
      <tilted>0</tilted></_>
    <_>
      <rects>
        <_>
          35 2 16 3 -1.</_>
        <_>
          35 3 16 1 3.</_></rects>
      <tilted>0</tilted></_>
    <_>
      <rects>
        <_>
          35 3 3 3 -1.</_>
        <_>
          35 4 3 1 3.</_></rects>
      <tilted>0</tilted></_>
    <_>
      <rects>
        <_>
          35 3 4 3 -1.</_>
        <_>
          35 4 4 1 3.</_></rects>
      <tilted>0</tilted></_>
    <_>
      <rects>
        <_>
          35 4 4 3 -1.</_>
        <_>
          37 4 2 3 2.</_></rects>
      <tilted>0</tilted></_>
    <_>
      <rects>
        <_>
          35 4 10 6 -1.</_>
        <_>
          35 4 5 3 2.</_>
        <_>
          40 7 5 3 2.</_></rects>
      <tilted>0</tilted></_>
    <_>
      <rects>
        <_>
          35 5 2 2 -1.</_>
        <_>
          35 6 2 1 2.</_></rects>
      <tilted>0</tilted></_>
    <_>
      <rects>
        <_>
          35 5 9 5 -1.</_>
        <_>
          38 5 3 5 3.</_></rects>
      <tilted>0</tilted></_>
    <_>
      <rects>
        <_>
          35 7 22 3 -1.</_>
        <_>
          35 8 22 1 3.</_></rects>
      <tilted>0</tilted></_>
    <_>
      <rects>
        <_>
          36 3 4 2 -1.</_>
        <_>
          36 3 2 1 2.</_>
        <_>
          38 4 2 1 2.</_></rects>
      <tilted>0</tilted></_>
    <_>
      <rects>
        <_>
          36 3 12 2 -1.</_>
        <_>
          36 3 6 1 2.</_>
        <_>
          42 4 6 1 2.</_></rects>
      <tilted>0</tilted></_>
    <_>
      <rects>
        <_>
          37 2 12 3 -1.</_>
        <_>
          37 3 12 1 3.</_></rects>
      <tilted>0</tilted></_>
    <_>
      <rects>
        <_>
          37 3 24 2 -1.</_>
        <_>
          45 3 8 2 3.</_></rects>
      <tilted>0</tilted></_>
    <_>
      <rects>
        <_>
          37 3 24 3 -1.</_>
        <_>
          45 3 8 3 3.</_></rects>
      <tilted>0</tilted></_>
    <_>
      <rects>
        <_>
          37 4 21 2 -1.</_>
        <_>
          44 4 7 2 3.</_></rects>
      <tilted>0</tilted></_>
    <_>
      <rects>
        <_>
          37 7 1 3 -1.</_>
        <_>
          37 8 1 1 3.</_></rects>
      <tilted>0</tilted></_>
    <_>
      <rects>
        <_>
          38 3 34 3 -1.</_>
        <_>
          55 3 17 3 2.</_></rects>
      <tilted>0</tilted></_>
    <_>
      <rects>
        <_>
          39 2 24 4 -1.</_>
        <_>
          39 2 12 2 2.</_>
        <_>
          51 4 12 2 2.</_></rects>
      <tilted>0</tilted></_>
    <_>
      <rects>
        <_>
          39 3 9 3 -1.</_>
        <_>
          39 4 9 1 3.</_></rects>
      <tilted>0</tilted></_>
    <_>
      <rects>
        <_>
          39 7 6 3 -1.</_>
        <_>
          39 8 6 1 3.</_></rects>
      <tilted>0</tilted></_>
    <_>
      <rects>
        <_>
          40 2 1 3 -1.</_>
        <_>
          40 3 1 1 3.</_></rects>
      <tilted>0</tilted></_>
    <_>
      <rects>
        <_>
          40 3 6 2 -1.</_>
        <_>
          40 3 3 1 2.</_>
        <_>
          43 4 3 1 2.</_></rects>
      <tilted>0</tilted></_>
    <_>
      <rects>
        <_>
          40 3 4 3 -1.</_>
        <_>
          40 4 4 1 3.</_></rects>
      <tilted>0</tilted></_>
    <_>
      <rects>
        <_>
          40 4 4 2 -1.</_>
        <_>
          42 4 2 2 2.</_></rects>
      <tilted>0</tilted></_>
    <_>
      <rects>
        <_>
          41 3 12 2 -1.</_>
        <_>
          41 3 6 1 2.</_>
        <_>
          47 4 6 1 2.</_></rects>
      <tilted>0</tilted></_>
    <_>
      <rects>
        <_>
          41 4 5 3 -1.</_>
        <_>
          41 5 5 1 3.</_></rects>
      <tilted>0</tilted></_>
    <_>
      <rects>
        <_>
          41 6 3 3 -1.</_>
        <_>
          41 7 3 1 3.</_></rects>
      <tilted>0</tilted></_>
    <_>
      <rects>
        <_>
          41 7 4 3 -1.</_>
        <_>
          41 8 4 1 3.</_></rects>
      <tilted>0</tilted></_>
    <_>
      <rects>
        <_>
          42 2 2 1 -1.</_>
        <_>
          43 2 1 1 2.</_></rects>
      <tilted>0</tilted></_>
    <_>
      <rects>
        <_>
          42 3 4 2 -1.</_>
        <_>
          42 3 2 1 2.</_>
        <_>
          44 4 2 1 2.</_></rects>
      <tilted>0</tilted></_>
    <_>
      <rects>
        <_>
          42 3 3 3 -1.</_>
        <_>
          42 4 3 1 3.</_></rects>
      <tilted>0</tilted></_>
    <_>
      <rects>
        <_>
          42 3 12 2 -1.</_>
        <_>
          42 3 6 1 2.</_>
        <_>
          48 4 6 1 2.</_></rects>
      <tilted>0</tilted></_>
    <_>
      <rects>
        <_>
          42 5 6 3 -1.</_>
        <_>
          42 6 6 1 3.</_></rects>
      <tilted>0</tilted></_>
    <_>
      <rects>
        <_>
          43 4 4 3 -1.</_>
        <_>
          43 5 4 1 3.</_></rects>
      <tilted>0</tilted></_>
    <_>
      <rects>
        <_>
          43 5 12 2 -1.</_>
        <_>
          43 5 6 1 2.</_>
        <_>
          49 6 6 1 2.</_></rects>
      <tilted>0</tilted></_>
    <_>
      <rects>
        <_>
          43 6 5 3 -1.</_>
        <_>
          43 7 5 1 3.</_></rects>
      <tilted>0</tilted></_>
    <_>
      <rects>
        <_>
          43 6 12 1 -1.</_>
        <_>
          49 6 6 1 2.</_></rects>
      <tilted>0</tilted></_>
    <_>
      <rects>
        <_>
          43 8 2 1 -1.</_>
        <_>
          44 8 1 1 2.</_></rects>
      <tilted>0</tilted></_>
    <_>
      <rects>
        <_>
          44 2 1 3 -1.</_>
        <_>
          44 3 1 1 3.</_></rects>
      <tilted>0</tilted></_>
    <_>
      <rects>
        <_>
          44 3 1 3 -1.</_>
        <_>
          44 4 1 1 3.</_></rects>
      <tilted>0</tilted></_>
    <_>
      <rects>
        <_>
          44 3 3 3 -1.</_>
        <_>
          44 4 3 1 3.</_></rects>
      <tilted>0</tilted></_>
    <_>
      <rects>
        <_>
          44 3 22 1 -1.</_>
        <_>
          55 3 11 1 2.</_></rects>
      <tilted>0</tilted></_>
    <_>
      <rects>
        <_>
          44 5 10 3 -1.</_>
        <_>
          44 6 10 1 3.</_></rects>
      <tilted>0</tilted></_>
    <_>
      <rects>
        <_>
          44 6 8 2 -1.</_>
        <_>
          44 6 4 1 2.</_>
        <_>
          48 7 4 1 2.</_></rects>
      <tilted>0</tilted></_>
    <_>
      <rects>
        <_>
          45 2 2 1 -1.</_>
        <_>
          46 2 1 1 2.</_></rects>
      <tilted>0</tilted></_>
    <_>
      <rects>
        <_>
          45 3 2 1 -1.</_>
        <_>
          46 3 1 1 2.</_></rects>
      <tilted>0</tilted></_>
    <_>
      <rects>
        <_>
          45 3 22 4 -1.</_>
        <_>
          56 3 11 4 2.</_></rects>
      <tilted>0</tilted></_>
    <_>
      <rects>
        <_>
          45 4 3 3 -1.</_>
        <_>
          45 5 3 1 3.</_></rects>
      <tilted>0</tilted></_>
    <_>
      <rects>
        <_>
          45 4 6 2 -1.</_>
        <_>
          45 4 3 1 2.</_>
        <_>
          48 5 3 1 2.</_></rects>
      <tilted>0</tilted></_>
    <_>
      <rects>
        <_>
          45 6 5 3 -1.</_>
        <_>
          45 7 5 1 3.</_></rects>
      <tilted>0</tilted></_>
    <_>
      <rects>
        <_>
          46 3 3 1 -1.</_>
        <_>
          47 3 1 1 3.</_></rects>
      <tilted>0</tilted></_>
    <_>
      <rects>
        <_>
          46 4 4 3 -1.</_>
        <_>
          46 5 4 1 3.</_></rects>
      <tilted>0</tilted></_>
    <_>
      <rects>
        <_>
          46 7 24 3 -1.</_>
        <_>
          46 8 24 1 3.</_></rects>
      <tilted>0</tilted></_>
    <_>
      <rects>
        <_>
          47 2 1 3 -1.</_>
        <_>
          47 3 1 1 3.</_></rects>
      <tilted>0</tilted></_>
    <_>
      <rects>
        <_>
          47 3 3 1 -1.</_>
        <_>
          48 3 1 1 3.</_></rects>
      <tilted>0</tilted></_>
    <_>
      <rects>
        <_>
          47 3 8 2 -1.</_>
        <_>
          47 3 4 1 2.</_>
        <_>
          51 4 4 1 2.</_></rects>
      <tilted>0</tilted></_>
    <_>
      <rects>
        <_>
          47 4 4 3 -1.</_>
        <_>
          47 5 4 1 3.</_></rects>
      <tilted>0</tilted></_>
    <_>
      <rects>
        <_>
          47 8 2 1 -1.</_>
        <_>
          48 8 1 1 2.</_></rects>
      <tilted>0</tilted></_>
    <_>
      <rects>
        <_>
          48 3 2 1 -1.</_>
        <_>
          49 3 1 1 2.</_></rects>
      <tilted>0</tilted></_>
    <_>
      <rects>
        <_>
          48 3 3 1 -1.</_>
        <_>
          49 3 1 1 3.</_></rects>
      <tilted>0</tilted></_>
    <_>
      <rects>
        <_>
          48 3 10 5 -1.</_>
        <_>
          53 3 5 5 2.</_></rects>
      <tilted>0</tilted></_>
    <_>
      <rects>
        <_>
          48 4 12 2 -1.</_>
        <_>
          54 4 6 2 2.</_></rects>
      <tilted>0</tilted></_>
    <_>
      <rects>
        <_>
          48 4 12 3 -1.</_>
        <_>
          54 4 6 3 2.</_></rects>
      <tilted>0</tilted></_>
    <_>
      <rects>
        <_>
          48 6 4 3 -1.</_>
        <_>
          48 7 4 1 3.</_></rects>
      <tilted>0</tilted></_>
    <_>
      <rects>
        <_>
          49 3 2 1 -1.</_>
        <_>
          50 3 1 1 2.</_></rects>
      <tilted>0</tilted></_>
    <_>
      <rects>
        <_>
          50 0 6 10 -1.</_>
        <_>
          50 0 3 5 2.</_>
        <_>
          53 5 3 5 2.</_></rects>
      <tilted>0</tilted></_>
    <_>
      <rects>
        <_>
          50 4 8 2 -1.</_>
        <_>
          54 4 4 2 2.</_></rects>
      <tilted>0</tilted></_>
    <_>
      <rects>
        <_>
          51 4 2 1 -1.</_>
        <_>
          52 4 1 1 2.</_></rects>
      <tilted>0</tilted></_>
    <_>
      <rects>
        <_>
          51 4 4 4 -1.</_>
        <_>
          51 4 2 2 2.</_>
        <_>
          53 6 2 2 2.</_></rects>
      <tilted>0</tilted></_>
    <_>
      <rects>
        <_>
          52 6 1 2 -1.</_>
        <_>
          52 7 1 1 2.</_></rects>
      <tilted>0</tilted></_>
    <_>
      <rects>
        <_>
          53 5 12 2 -1.</_>
        <_>
          53 5 6 1 2.</_>
        <_>
          59 6 6 1 2.</_></rects>
      <tilted>0</tilted></_>
    <_>
      <rects>
        <_>
          55 1 14 8 -1.</_>
        <_>
          55 1 7 4 2.</_>
        <_>
          62 5 7 4 2.</_></rects>
      <tilted>0</tilted></_>
    <_>
      <rects>
        <_>
          55 2 2 1 -1.</_>
        <_>
          56 2 1 1 2.</_></rects>
      <tilted>0</tilted></_>
    <_>
      <rects>
        <_>
          56 2 16 3 -1.</_>
        <_>
          56 3 16 1 3.</_></rects>
      <tilted>0</tilted></_>
    <_>
      <rects>
        <_>
          60 0 8 8 -1.</_>
        <_>
          64 0 4 8 2.</_></rects>
      <tilted>0</tilted></_>
    <_>
      <rects>
        <_>
          66 3 5 6 -1.</_>
        <_>
          66 6 5 3 2.</_></rects>
      <tilted>0</tilted></_>
    <_>
      <rects>
        <_>
          66 5 4 2 -1.</_>
        <_>
          66 6 4 1 2.</_></rects>
      <tilted>0</tilted></_>
    <_>
      <rects>
        <_>
          68 3 2 2 -1.</_>
        <_>
          68 3 1 1 2.</_>
        <_>
          69 4 1 1 2.</_></rects>
      <tilted>0</tilted></_>
    <_>
      <rects>
        <_>
          68 4 2 3 -1.</_>
        <_>
          68 5 2 1 3.</_></rects>
      <tilted>0</tilted></_>
    <_>
      <rects>
        <_>
          69 0 2 9 -1.</_>
        <_>
          69 3 2 3 3.</_></rects>
      <tilted>0</tilted></_>
    <_>
      <rects>
        <_>
          69 3 1 3 -1.</_>
        <_>
          69 4 1 1 3.</_></rects>
      <tilted>0</tilted></_>
    <_>
      <rects>
        <_>
          71 2 1 2 -1.</_>
        <_>
          71 3 1 1 2.</_></rects>
      <tilted>0</tilted></_>
    <_>
      <rects>
        <_>
          71 2 1 3 -1.</_>
        <_>
          71 3 1 1 3.</_></rects>
      <tilted>0</tilted></_>
    <_>
      <rects>
        <_>
          71 2 1 6 -1.</_>
        <_>
          71 4 1 2 3.</_></rects>
      <tilted>0</tilted></_>
    <_>
      <rects>
        <_>
          71 3 1 2 -1.</_>
        <_>
          71 4 1 1 2.</_></rects>
      <tilted>0</tilted></_>
    <_>
      <rects>
        <_>
          71 7 1 3 -1.</_>
        <_>
          71 8 1 1 3.</_></rects>
      <tilted>0</tilted></_></features></cascade>
</opencv_storage>
