<?xml version="1.0"?>
<opencv_storage>
<cascade>
  <stageType>BOOST</stageType>
  <featureType>HAAR</featureType>
  <height>19</height>
  <width>32</width>
  <stageParams>
    <boostType>GAB</boostType>
    <minHitRate>9.9900001287460327e-01</minHitRate>
    <maxFalseAlarm>5.0000000000000000e-01</maxFalseAlarm>
    <weightTrimRate>9.4999999999999996e-01</weightTrimRate>
    <maxDepth>1</maxDepth>
    <maxWeakCount>100</maxWeakCount></stageParams>
  <featureParams>
    <maxCatCount>0</maxCatCount>
    <featSize>1</featSize>
    <mode>BASIC</mode></featureParams>
  <stageNum>20</stageNum>
  <stages>
    <!-- stage 0 -->
    <_>
      <maxWeakCount>9</maxWeakCount>
      <stageThreshold>-9.5902138948440552e-01</stageThreshold>
      <weakClassifiers>
        <_>
          <internalNodes>
            0 -1 143 -6.8768169730901718e-03</internalNodes>
          <leafValues>
            6.8578553199768066e-01 -2.2321428358554840e-01</leafValues></_>
        <_>
          <internalNodes>
            0 -1 59 3.1986884772777557e-02</internalNodes>
          <leafValues>
            -2.9451176524162292e-01 6.4157080650329590e-01</leafValues></_>
        <_>
          <internalNodes>
            0 -1 196 1.0364083573222160e-02</internalNodes>
          <leafValues>
            -2.8450354933738708e-01 7.0836114883422852e-01</leafValues></_>
        <_>
          <internalNodes>
            0 -1 97 -5.6591308675706387e-03</internalNodes>
          <leafValues>
            5.7973915338516235e-01 -3.5932207107543945e-01</leafValues></_>
        <_>
          <internalNodes>
            0 -1 224 -3.3920328132808208e-03</internalNodes>
          <leafValues>
            9.5365422964096069e-01 -1.7643494904041290e-01</leafValues></_>
        <_>
          <internalNodes>
            0 -1 19 -2.1971261128783226e-02</internalNodes>
          <leafValues>
            5.0830250978469849e-01 -3.5928341746330261e-01</leafValues></_>
        <_>
          <internalNodes>
            0 -1 158 1.3770903460681438e-03</internalNodes>
          <leafValues>
            -2.4458456039428711e-01 7.5177270174026489e-01</leafValues></_>
        <_>
          <internalNodes>
            0 -1 159 9.9611340556293726e-04</internalNodes>
          <leafValues>
            -2.1156381070613861e-01 7.2237670421600342e-01</leafValues></_>
        <_>
          <internalNodes>
            0 -1 11 -1.1375562101602554e-01</internalNodes>
          <leafValues>
            -7.8676909208297729e-01 2.5831440091133118e-01</leafValues></_></weakClassifiers></_>
    <!-- stage 1 -->
    <_>
      <maxWeakCount>9</maxWeakCount>
      <stageThreshold>-6.5445637702941895e-01</stageThreshold>
      <weakClassifiers>
        <_>
          <internalNodes>
            0 -1 201 3.6266620736569166e-03</internalNodes>
          <leafValues>
            -1.8614718317985535e-01 6.8020302057266235e-01</leafValues></_>
        <_>
          <internalNodes>
            0 -1 184 4.2708656110335141e-05</internalNodes>
          <leafValues>
            4.4278231263160706e-01 -4.6198844909667969e-01</leafValues></_>
        <_>
          <internalNodes>
            0 -1 203 9.9879351910203695e-04</internalNodes>
          <leafValues>
            -2.1135480701923370e-01 8.8416558504104614e-01</leafValues></_>
        <_>
          <internalNodes>
            0 -1 37 -5.4544832557439804e-02</internalNodes>
          <leafValues>
            6.4722806215286255e-01 -2.6706984639167786e-01</leafValues></_>
        <_>
          <internalNodes>
            0 -1 189 -4.3424312025308609e-04</internalNodes>
          <leafValues>
            5.2318358421325684e-01 -3.7851226329803467e-01</leafValues></_>
        <_>
          <internalNodes>
            0 -1 38 -6.4289569854736328e-04</internalNodes>
          <leafValues>
            -6.0062485933303833e-01 3.0986416339874268e-01</leafValues></_>
        <_>
          <internalNodes>
            0 -1 103 -2.3191201034933329e-03</internalNodes>
          <leafValues>
            8.3595573902130127e-01 -2.1525619924068451e-01</leafValues></_>
        <_>
          <internalNodes>
            0 -1 78 1.7867676797322929e-04</internalNodes>
          <leafValues>
            2.7806940674781799e-01 -6.9363754987716675e-01</leafValues></_>
        <_>
          <internalNodes>
            0 -1 41 3.6279400810599327e-03</internalNodes>
          <leafValues>
            -3.8841143250465393e-01 5.1179128885269165e-01</leafValues></_></weakClassifiers></_>
    <!-- stage 2 -->
    <_>
      <maxWeakCount>10</maxWeakCount>
      <stageThreshold>-4.5339891314506531e-01</stageThreshold>
      <weakClassifiers>
        <_>
          <internalNodes>
            0 -1 110 2.2893808782100677e-02</internalNodes>
          <leafValues>
            5.0990992784500122e-01 -8.2857143878936768e-01</leafValues></_>
        <_>
          <internalNodes>
            0 -1 26 -5.7626929134130478e-02</internalNodes>
          <leafValues>
            -7.3820322751998901e-01 2.7035722136497498e-01</leafValues></_>
        <_>
          <internalNodes>
            0 -1 145 2.2814171388745308e-03</internalNodes>
          <leafValues>
            -2.5411629676818848e-01 7.7041625976562500e-01</leafValues></_>
        <_>
          <internalNodes>
            0 -1 144 -7.9525116598233581e-04</internalNodes>
          <leafValues>
            6.4745122194290161e-01 -3.3645826578140259e-01</leafValues></_>
        <_>
          <internalNodes>
            0 -1 33 -2.1396592259407043e-02</internalNodes>
          <leafValues>
            5.4936146736145020e-01 -3.2993298768997192e-01</leafValues></_>
        <_>
          <internalNodes>
            0 -1 216 3.2992865890264511e-03</internalNodes>
          <leafValues>
            -2.6237121224403381e-01 7.8425282239913940e-01</leafValues></_>
        <_>
          <internalNodes>
            0 -1 91 3.5531934350728989e-02</internalNodes>
          <leafValues>
            3.6738947033882141e-01 -6.5039640665054321e-01</leafValues></_>
        <_>
          <internalNodes>
            0 -1 30 -4.3599661439657211e-03</internalNodes>
          <leafValues>
            7.8921943902969360e-01 -2.8047373890876770e-01</leafValues></_>
        <_>
          <internalNodes>
            0 -1 46 4.4515274465084076e-02</internalNodes>
          <leafValues>
            2.4628855288028717e-01 -9.1796690225601196e-01</leafValues></_>
        <_>
          <internalNodes>
            0 -1 225 -1.5940419398248196e-03</internalNodes>
          <leafValues>
            9.6839082241058350e-01 -2.2084920108318329e-01</leafValues></_></weakClassifiers></_>
    <!-- stage 3 -->
    <_>
      <maxWeakCount>14</maxWeakCount>
      <stageThreshold>-6.5135675668716431e-01</stageThreshold>
      <weakClassifiers>
        <_>
          <internalNodes>
            0 -1 93 3.8869384676218033e-02</internalNodes>
          <leafValues>
            4.7038328647613525e-01 -8.8235294818878174e-01</leafValues></_>
        <_>
          <internalNodes>
            0 -1 218 3.0994061380624771e-03</internalNodes>
          <leafValues>
            -1.8693237006664276e-01 8.8868117332458496e-01</leafValues></_>
        <_>
          <internalNodes>
            0 -1 211 3.7587424740195274e-03</internalNodes>
          <leafValues>
            -4.3890577554702759e-01 3.6304718255996704e-01</leafValues></_>
        <_>
          <internalNodes>
            0 -1 146 -5.5868895724415779e-03</internalNodes>
          <leafValues>
            9.3477267026901245e-01 -1.5227136015892029e-01</leafValues></_>
        <_>
          <internalNodes>
            0 -1 137 2.2704456932842731e-03</internalNodes>
          <leafValues>
            -1.9949342310428619e-01 7.6301175355911255e-01</leafValues></_>
        <_>
          <internalNodes>
            0 -1 15 -1.1723472923040390e-01</internalNodes>
          <leafValues>
            -7.2176688909530640e-01 2.5514864921569824e-01</leafValues></_>
        <_>
          <internalNodes>
            0 -1 167 -3.1192343682050705e-02</internalNodes>
          <leafValues>
            -7.4795889854431152e-01 1.6501770913600922e-01</leafValues></_>
        <_>
          <internalNodes>
            0 -1 163 2.8320993296802044e-03</internalNodes>
          <leafValues>
            -3.6484694480895996e-01 4.6055722236633301e-01</leafValues></_>
        <_>
          <internalNodes>
            0 -1 164 -3.6875123623758554e-03</internalNodes>
          <leafValues>
            7.9782253503799438e-01 -2.0627379417419434e-01</leafValues></_>
        <_>
          <internalNodes>
            0 -1 187 9.3703204765915871e-04</internalNodes>
          <leafValues>
            -2.0937833189964294e-01 6.2848025560379028e-01</leafValues></_>
        <_>
          <internalNodes>
            0 -1 72 -2.0712455734610558e-03</internalNodes>
          <leafValues>
            6.2621545791625977e-01 -1.9034069776535034e-01</leafValues></_>
        <_>
          <internalNodes>
            0 -1 165 3.3080556895583868e-03</internalNodes>
          <leafValues>
            -1.3714435696601868e-01 8.8278704881668091e-01</leafValues></_>
        <_>
          <internalNodes>
            0 -1 177 -2.2549561690539122e-03</internalNodes>
          <leafValues>
            8.3109325170516968e-01 -1.2414328008890152e-01</leafValues></_>
        <_>
          <internalNodes>
            0 -1 194 -4.2750374414026737e-03</internalNodes>
          <leafValues>
            8.2945060729980469e-01 -1.3412900269031525e-01</leafValues></_></weakClassifiers></_>
    <!-- stage 4 -->
    <_>
      <maxWeakCount>13</maxWeakCount>
      <stageThreshold>-8.4867346286773682e-01</stageThreshold>
      <weakClassifiers>
        <_>
          <internalNodes>
            0 -1 232 2.8167630080133677e-03</internalNodes>
          <leafValues>
            -8.0851063132286072e-02 6.2564104795455933e-01</leafValues></_>
        <_>
          <internalNodes>
            0 -1 71 -5.7848118245601654e-02</internalNodes>
          <leafValues>
            -5.3342527151107788e-01 2.7565363049507141e-01</leafValues></_>
        <_>
          <internalNodes>
            0 -1 199 -3.7964843213558197e-03</internalNodes>
          <leafValues>
            7.9063737392425537e-01 -1.7068208754062653e-01</leafValues></_>
        <_>
          <internalNodes>
            0 -1 135 1.1797617189586163e-03</internalNodes>
          <leafValues>
            -1.9845685362815857e-01 6.9043689966201782e-01</leafValues></_>
        <_>
          <internalNodes>
            0 -1 125 1.7462618649005890e-02</internalNodes>
          <leafValues>
            -9.9226206541061401e-02 9.5284497737884521e-01</leafValues></_>
        <_>
          <internalNodes>
            0 -1 132 9.6153211779892445e-04</internalNodes>
          <leafValues>
            -2.6008868217468262e-01 4.4485703110694885e-01</leafValues></_>
        <_>
          <internalNodes>
            0 -1 109 -1.2020962312817574e-03</internalNodes>
          <leafValues>
            2.8355574607849121e-01 -4.4233539700508118e-01</leafValues></_>
        <_>
          <internalNodes>
            0 -1 92 -4.7049701213836670e-02</internalNodes>
          <leafValues>
            -7.8130060434341431e-01 2.0057068765163422e-01</leafValues></_>
        <_>
          <internalNodes>
            0 -1 179 -2.9926297720521688e-03</internalNodes>
          <leafValues>
            9.2321777343750000e-01 -1.4473667740821838e-01</leafValues></_>
        <_>
          <internalNodes>
            0 -1 179 2.0532305352389812e-03</internalNodes>
          <leafValues>
            -1.3638359308242798e-01 8.1130295991897583e-01</leafValues></_>
        <_>
          <internalNodes>
            0 -1 192 -2.3836134932935238e-03</internalNodes>
          <leafValues>
            5.2850717306137085e-01 -2.2519975900650024e-01</leafValues></_>
        <_>
          <internalNodes>
            0 -1 124 4.6999156475067139e-03</internalNodes>
          <leafValues>
            -1.3672141730785370e-01 8.7444323301315308e-01</leafValues></_>
        <_>
          <internalNodes>
            0 -1 217 2.6423344388604164e-03</internalNodes>
          <leafValues>
            -1.5610720217227936e-01 7.7847939729690552e-01</leafValues></_></weakClassifiers></_>
    <!-- stage 5 -->
    <_>
      <maxWeakCount>15</maxWeakCount>
      <stageThreshold>-8.7429648637771606e-01</stageThreshold>
      <weakClassifiers>
        <_>
          <internalNodes>
            0 -1 47 -1.2620662152767181e-01</internalNodes>
          <leafValues>
            -6.8000000715255737e-01 5.0181818008422852e-01</leafValues></_>
        <_>
          <internalNodes>
            0 -1 53 5.7141021825373173e-03</internalNodes>
          <leafValues>
            -3.7198320031166077e-01 3.5336315631866455e-01</leafValues></_>
        <_>
          <internalNodes>
            0 -1 169 -1.7600862774997950e-03</internalNodes>
          <leafValues>
            7.9299306869506836e-01 -1.2611834704875946e-01</leafValues></_>
        <_>
          <internalNodes>
            0 -1 123 9.4155929982662201e-03</internalNodes>
          <leafValues>
            -2.5407606363296509e-01 4.7588476538658142e-01</leafValues></_>
        <_>
          <internalNodes>
            0 -1 51 -2.0416593179106712e-04</internalNodes>
          <leafValues>
            -4.4247996807098389e-01 2.6464226841926575e-01</leafValues></_>
        <_>
          <internalNodes>
            0 -1 210 2.8377755079418421e-03</internalNodes>
          <leafValues>
            -1.7582939565181732e-01 8.6717075109481812e-01</leafValues></_>
        <_>
          <internalNodes>
            0 -1 210 -5.1806773990392685e-04</internalNodes>
          <leafValues>
            5.6852632761001587e-01 -2.6250571012496948e-01</leafValues></_>
        <_>
          <internalNodes>
            0 -1 191 -5.0536775961518288e-03</internalNodes>
          <leafValues>
            -8.1753295660018921e-01 1.9590653479099274e-01</leafValues></_>
        <_>
          <internalNodes>
            0 -1 221 3.1709065660834312e-03</internalNodes>
          <leafValues>
            -1.5832500159740448e-01 9.0951347351074219e-01</leafValues></_>
        <_>
          <internalNodes>
            0 -1 67 4.3537705205380917e-03</internalNodes>
          <leafValues>
            -3.1034377217292786e-01 4.1324049234390259e-01</leafValues></_>
        <_>
          <internalNodes>
            0 -1 114 -1.6741210129112005e-03</internalNodes>
          <leafValues>
            5.7292115688323975e-01 -2.1162155270576477e-01</leafValues></_>
        <_>
          <internalNodes>
            0 -1 257 -8.5529551142826676e-05</internalNodes>
          <leafValues>
            -4.2259383201599121e-01 3.0044361948966980e-01</leafValues></_>
        <_>
          <internalNodes>
            0 -1 178 6.5450696274638176e-03</internalNodes>
          <leafValues>
            -1.6663250327110291e-01 7.3494273424148560e-01</leafValues></_>
        <_>
          <internalNodes>
            0 -1 206 -5.9483246877789497e-03</internalNodes>
          <leafValues>
            4.1737869381904602e-01 -2.7091711759567261e-01</leafValues></_>
        <_>
          <internalNodes>
            0 -1 116 4.7761470079421997e-02</internalNodes>
          <leafValues>
            1.8952511250972748e-01 -7.5069874525070190e-01</leafValues></_></weakClassifiers></_>
    <!-- stage 6 -->
    <_>
      <maxWeakCount>14</maxWeakCount>
      <stageThreshold>-6.6594195365905762e-01</stageThreshold>
      <weakClassifiers>
        <_>
          <internalNodes>
            0 -1 166 4.2444869875907898e-02</internalNodes>
          <leafValues>
            4.5644599199295044e-01 -7.2549021244049072e-01</leafValues></_>
        <_>
          <internalNodes>
            0 -1 223 4.8215715214610100e-03</internalNodes>
          <leafValues>
            -9.6187263727188110e-02 8.8843613862991333e-01</leafValues></_>
        <_>
          <internalNodes>
            0 -1 212 3.5305558703839779e-03</internalNodes>
          <leafValues>
            -1.2927037477493286e-01 9.0674930810928345e-01</leafValues></_>
        <_>
          <internalNodes>
            0 -1 197 3.2970667816698551e-03</internalNodes>
          <leafValues>
            -1.2449470907449722e-01 9.4581073522567749e-01</leafValues></_>
        <_>
          <internalNodes>
            0 -1 239 8.4235332906246185e-05</internalNodes>
          <leafValues>
            3.1099084019660950e-01 -3.7719565629959106e-01</leafValues></_>
        <_>
          <internalNodes>
            0 -1 181 -2.4320976808667183e-03</internalNodes>
          <leafValues>
            4.0755671262741089e-01 -2.9002737998962402e-01</leafValues></_>
        <_>
          <internalNodes>
            0 -1 207 6.9414544850587845e-03</internalNodes>
          <leafValues>
            -1.4730380475521088e-01 7.8253805637359619e-01</leafValues></_>
        <_>
          <internalNodes>
            0 -1 161 3.5023633390665054e-03</internalNodes>
          <leafValues>
            2.0344516634941101e-01 -5.9123551845550537e-01</leafValues></_>
        <_>
          <internalNodes>
            0 -1 121 -1.0678425431251526e-02</internalNodes>
          <leafValues>
            7.0525735616683960e-01 -1.8300217390060425e-01</leafValues></_>
        <_>
          <internalNodes>
            0 -1 193 6.8164728581905365e-03</internalNodes>
          <leafValues>
            -2.0594424009323120e-01 5.2290898561477661e-01</leafValues></_>
        <_>
          <internalNodes>
            0 -1 226 -3.6143753677606583e-03</internalNodes>
          <leafValues>
            6.7534011602401733e-01 -1.5331837534904480e-01</leafValues></_>
        <_>
          <internalNodes>
            0 -1 195 2.2129989520180970e-04</internalNodes>
          <leafValues>
            2.3462392389774323e-01 -5.2351063489913940e-01</leafValues></_>
        <_>
          <internalNodes>
            0 -1 141 -2.4914499372243881e-02</internalNodes>
          <leafValues>
            -9.0447020530700684e-01 1.1599740386009216e-01</leafValues></_>
        <_>
          <internalNodes>
            0 -1 130 3.1016834080219269e-02</internalNodes>
          <leafValues>
            1.3678371906280518e-01 -7.5198578834533691e-01</leafValues></_></weakClassifiers></_>
    <!-- stage 7 -->
    <_>
      <maxWeakCount>14</maxWeakCount>
      <stageThreshold>-7.2374099493026733e-01</stageThreshold>
      <weakClassifiers>
        <_>
          <internalNodes>
            0 -1 156 -1.3785711489617825e-02</internalNodes>
          <leafValues>
            -5.6164383888244629e-01 4.8188406229019165e-01</leafValues></_>
        <_>
          <internalNodes>
            0 -1 34 4.4618725776672363e-02</internalNodes>
          <leafValues>
            -2.7350705862045288e-01 4.0360009670257568e-01</leafValues></_>
        <_>
          <internalNodes>
            0 -1 148 4.4276773929595947e-02</internalNodes>
          <leafValues>
            -2.2108258306980133e-01 5.6482690572738647e-01</leafValues></_>
        <_>
          <internalNodes>
            0 -1 6 7.6542738825082779e-03</internalNodes>
          <leafValues>
            -2.1296130120754242e-01 6.6540795564651489e-01</leafValues></_>
        <_>
          <internalNodes>
            0 -1 95 -3.1596594490110874e-03</internalNodes>
          <leafValues>
            2.7930304408073425e-01 -4.9681997299194336e-01</leafValues></_>
        <_>
          <internalNodes>
            0 -1 221 2.5790275540202856e-03</internalNodes>
          <leafValues>
            -1.7061127722263336e-01 8.0060631036758423e-01</leafValues></_>
        <_>
          <internalNodes>
            0 -1 233 -1.1156240943819284e-03</internalNodes>
          <leafValues>
            4.6084028482437134e-01 -2.1938674151897430e-01</leafValues></_>
        <_>
          <internalNodes>
            0 -1 160 1.4807898551225662e-03</internalNodes>
          <leafValues>
            -1.6037820279598236e-01 6.7004102468490601e-01</leafValues></_>
        <_>
          <internalNodes>
            0 -1 104 -1.4147654837870505e-05</internalNodes>
          <leafValues>
            2.5224289298057556e-01 -4.2983737587928772e-01</leafValues></_>
        <_>
          <internalNodes>
            0 -1 2 7.4204066768288612e-03</internalNodes>
          <leafValues>
            -1.3917028903961182e-01 7.2294884920120239e-01</leafValues></_>
        <_>
          <internalNodes>
            0 -1 227 1.7371352296322584e-03</internalNodes>
          <leafValues>
            -1.7295348644256592e-01 5.9179335832595825e-01</leafValues></_>
        <_>
          <internalNodes>
            0 -1 209 -3.9848499000072479e-03</internalNodes>
          <leafValues>
            8.1190073490142822e-01 -1.1835811287164688e-01</leafValues></_>
        <_>
          <internalNodes>
            0 -1 168 -2.7569320518523455e-03</internalNodes>
          <leafValues>
            8.3128321170806885e-01 -9.8884247243404388e-02</leafValues></_>
        <_>
          <internalNodes>
            0 -1 102 1.2296363711357117e-03</internalNodes>
          <leafValues>
            -1.3970297574996948e-01 6.0696393251419067e-01</leafValues></_></weakClassifiers></_>
    <!-- stage 8 -->
    <_>
      <maxWeakCount>10</maxWeakCount>
      <stageThreshold>-5.6689399480819702e-01</stageThreshold>
      <weakClassifiers>
        <_>
          <internalNodes>
            0 -1 155 -2.9808148974552751e-04</internalNodes>
          <leafValues>
            -2.4848484992980957e-01 5.7826089859008789e-01</leafValues></_>
        <_>
          <internalNodes>
            0 -1 49 -1.1146416654810309e-03</internalNodes>
          <leafValues>
            -5.7200604677200317e-01 3.0207511782646179e-01</leafValues></_>
        <_>
          <internalNodes>
            0 -1 75 2.0357561879791319e-04</internalNodes>
          <leafValues>
            2.4782650172710419e-01 -5.7488262653350830e-01</leafValues></_>
        <_>
          <internalNodes>
            0 -1 90 1.6609871818218380e-04</internalNodes>
          <leafValues>
            2.6871410012245178e-01 -4.9884989857673645e-01</leafValues></_>
        <_>
          <internalNodes>
            0 -1 246 6.3875608146190643e-02</internalNodes>
          <leafValues>
            -2.4841597676277161e-01 5.8715254068374634e-01</leafValues></_>
        <_>
          <internalNodes>
            0 -1 182 -5.3346920758485794e-03</internalNodes>
          <leafValues>
            3.0910816788673401e-01 -5.2755564451217651e-01</leafValues></_>
        <_>
          <internalNodes>
            0 -1 186 4.6970263123512268e-02</internalNodes>
          <leafValues>
            -2.7269405126571655e-01 5.9708851575851440e-01</leafValues></_>
        <_>
          <internalNodes>
            0 -1 259 -5.3703592857345939e-04</internalNodes>
          <leafValues>
            -6.0790938138961792e-01 2.7126017212867737e-01</leafValues></_>
        <_>
          <internalNodes>
            0 -1 247 7.3014904046431184e-05</internalNodes>
          <leafValues>
            3.2494157552719116e-01 -4.7873041033744812e-01</leafValues></_>
        <_>
          <internalNodes>
            0 -1 56 4.1333748959004879e-04</internalNodes>
          <leafValues>
            2.0895230770111084e-01 -6.3217794895172119e-01</leafValues></_></weakClassifiers></_>
    <!-- stage 9 -->
    <_>
      <maxWeakCount>12</maxWeakCount>
      <stageThreshold>-6.4485901594161987e-01</stageThreshold>
      <weakClassifiers>
        <_>
          <internalNodes>
            0 -1 112 1.5529260039329529e-02</internalNodes>
          <leafValues>
            4.8387095332145691e-01 -6.7164176702499390e-01</leafValues></_>
        <_>
          <internalNodes>
            0 -1 52 1.3047998771071434e-02</internalNodes>
          <leafValues>
            -3.6596548557281494e-01 4.6522641181945801e-01</leafValues></_>
        <_>
          <internalNodes>
            0 -1 48 4.0023081237450242e-04</internalNodes>
          <leafValues>
            2.7933233976364136e-01 -4.5615977048873901e-01</leafValues></_>
        <_>
          <internalNodes>
            0 -1 126 5.7521976530551910e-02</internalNodes>
          <leafValues>
            -2.0028144121170044e-01 7.0408052206039429e-01</leafValues></_>
        <_>
          <internalNodes>
            0 -1 1 5.8926898054778576e-04</internalNodes>
          <leafValues>
            2.3502260446548462e-01 -5.2261495590209961e-01</leafValues></_>
        <_>
          <internalNodes>
            0 -1 3 4.1818149387836456e-02</internalNodes>
          <leafValues>
            -2.9132372140884399e-01 4.5356822013854980e-01</leafValues></_>
        <_>
          <internalNodes>
            0 -1 250 -3.8717457209713757e-04</internalNodes>
          <leafValues>
            -5.2144175767898560e-01 2.4408276379108429e-01</leafValues></_>
        <_>
          <internalNodes>
            0 -1 176 3.4275986254215240e-02</internalNodes>
          <leafValues>
            1.3785924017429352e-01 -8.5899245738983154e-01</leafValues></_>
        <_>
          <internalNodes>
            0 -1 21 9.9049806594848633e-03</internalNodes>
          <leafValues>
            1.7118795216083527e-01 -6.0797411203384399e-01</leafValues></_>
        <_>
          <internalNodes>
            0 -1 79 4.2200554162263870e-04</internalNodes>
          <leafValues>
            2.2696043550968170e-01 -5.3446877002716064e-01</leafValues></_>
        <_>
          <internalNodes>
            0 -1 190 -1.6781790181994438e-03</internalNodes>
          <leafValues>
            4.5890018343925476e-01 -2.7643355727195740e-01</leafValues></_>
        <_>
          <internalNodes>
            0 -1 252 1.9231723854318261e-04</internalNodes>
          <leafValues>
            2.8963956236839294e-01 -5.1000899076461792e-01</leafValues></_></weakClassifiers></_>
    <!-- stage 10 -->
    <_>
      <maxWeakCount>17</maxWeakCount>
      <stageThreshold>-1.0450820922851562e+00</stageThreshold>
      <weakClassifiers>
        <_>
          <internalNodes>
            0 -1 22 2.1480978466570377e-03</internalNodes>
          <leafValues>
            4.9343338608741760e-01 -4.1304346919059753e-01</leafValues></_>
        <_>
          <internalNodes>
            0 -1 133 -9.1423243284225464e-03</internalNodes>
          <leafValues>
            -8.0168169736862183e-01 1.6644738614559174e-01</leafValues></_>
        <_>
          <internalNodes>
            0 -1 120 1.8099611042998731e-04</internalNodes>
          <leafValues>
            2.3094965517520905e-01 -5.2507239580154419e-01</leafValues></_>
        <_>
          <internalNodes>
            0 -1 17 2.6607871055603027e-02</internalNodes>
          <leafValues>
            -2.2043108940124512e-01 5.9199815988540649e-01</leafValues></_>
        <_>
          <internalNodes>
            0 -1 100 -6.2581163365393877e-04</internalNodes>
          <leafValues>
            3.2927882671356201e-01 -4.0441128611564636e-01</leafValues></_>
        <_>
          <internalNodes>
            0 -1 87 -2.8265954460948706e-04</internalNodes>
          <leafValues>
            -6.0281580686569214e-01 2.4545361101627350e-01</leafValues></_>
        <_>
          <internalNodes>
            0 -1 204 2.1093697287142277e-03</internalNodes>
          <leafValues>
            -4.6818965673446655e-01 2.2973951697349548e-01</leafValues></_>
        <_>
          <internalNodes>
            0 -1 50 3.0761642847210169e-04</internalNodes>
          <leafValues>
            2.6986542344093323e-01 -4.2363271117210388e-01</leafValues></_>
        <_>
          <internalNodes>
            0 -1 12 -5.8711646124720573e-04</internalNodes>
          <leafValues>
            -4.2348048090934753e-01 2.5442191958427429e-01</leafValues></_>
        <_>
          <internalNodes>
            0 -1 231 2.6519905077293515e-04</internalNodes>
          <leafValues>
            2.8679630160331726e-01 -4.0805801749229431e-01</leafValues></_>
        <_>
          <internalNodes>
            0 -1 20 -7.6559343142434955e-04</internalNodes>
          <leafValues>
            -6.9536757469177246e-01 1.6886447370052338e-01</leafValues></_>
        <_>
          <internalNodes>
            0 -1 80 2.1354653290472925e-04</internalNodes>
          <leafValues>
            2.2491839528083801e-01 -4.9922567605972290e-01</leafValues></_>
        <_>
          <internalNodes>
            0 -1 202 1.1341385543346405e-03</internalNodes>
          <leafValues>
            -2.4317207932472229e-01 4.6430793404579163e-01</leafValues></_>
        <_>
          <internalNodes>
            0 -1 188 -3.4522404894232750e-03</internalNodes>
          <leafValues>
            6.8795937299728394e-01 -1.6334637999534607e-01</leafValues></_>
        <_>
          <internalNodes>
            0 -1 35 2.7834801003336906e-02</internalNodes>
          <leafValues>
            -1.1591581255197525e-01 8.7686592340469360e-01</leafValues></_>
        <_>
          <internalNodes>
            0 -1 101 9.7974436357617378e-04</internalNodes>
          <leafValues>
            -3.2441952824592590e-01 3.9642652869224548e-01</leafValues></_>
        <_>
          <internalNodes>
            0 -1 258 5.6944630341604352e-04</internalNodes>
          <leafValues>
            1.9331018626689911e-01 -6.7295056581497192e-01</leafValues></_></weakClassifiers></_>
    <!-- stage 11 -->
    <_>
      <maxWeakCount>9</maxWeakCount>
      <stageThreshold>-1.0298249721527100e+00</stageThreshold>
      <weakClassifiers>
        <_>
          <internalNodes>
            0 -1 42 -3.7238677032291889e-04</internalNodes>
          <leafValues>
            -4.2028984427452087e-01 5.8110880851745605e-01</leafValues></_>
        <_>
          <internalNodes>
            0 -1 241 -2.3675961419939995e-02</internalNodes>
          <leafValues>
            7.1826750040054321e-01 -2.6298910379409790e-01</leafValues></_>
        <_>
          <internalNodes>
            0 -1 154 2.7422826737165451e-02</internalNodes>
          <leafValues>
            -2.5456506013870239e-01 6.1781227588653564e-01</leafValues></_>
        <_>
          <internalNodes>
            0 -1 237 -1.3697028160095215e-02</internalNodes>
          <leafValues>
            5.1177501678466797e-01 -3.3320656418800354e-01</leafValues></_>
        <_>
          <internalNodes>
            0 -1 23 -6.0306425439193845e-04</internalNodes>
          <leafValues>
            -7.0281952619552612e-01 2.5666242837905884e-01</leafValues></_>
        <_>
          <internalNodes>
            0 -1 122 -1.4032766222953796e-02</internalNodes>
          <leafValues>
            8.0950289964675903e-01 -2.4554319679737091e-01</leafValues></_>
        <_>
          <internalNodes>
            0 -1 81 4.4101587263867259e-04</internalNodes>
          <leafValues>
            2.8238072991371155e-01 -6.6539269685745239e-01</leafValues></_>
        <_>
          <internalNodes>
            0 -1 40 2.4191137403249741e-02</internalNodes>
          <leafValues>
            -3.5424560308456421e-01 4.7021508216857910e-01</leafValues></_>
        <_>
          <internalNodes>
            0 -1 0 9.1688614338636398e-04</internalNodes>
          <leafValues>
            2.4834598600864410e-01 -6.8581223487854004e-01</leafValues></_></weakClassifiers></_>
    <!-- stage 12 -->
    <_>
      <maxWeakCount>9</maxWeakCount>
      <stageThreshold>-7.3636776208877563e-01</stageThreshold>
      <weakClassifiers>
        <_>
          <internalNodes>
            0 -1 68 6.6545139998197556e-04</internalNodes>
          <leafValues>
            5.5165690183639526e-01 -5.1785713434219360e-01</leafValues></_>
        <_>
          <internalNodes>
            0 -1 39 -5.8745394926518202e-04</internalNodes>
          <leafValues>
            -7.4363183975219727e-01 2.7239504456520081e-01</leafValues></_>
        <_>
          <internalNodes>
            0 -1 36 4.9557320773601532e-02</internalNodes>
          <leafValues>
            -2.3242470622062683e-01 8.2181620597839355e-01</leafValues></_>
        <_>
          <internalNodes>
            0 -1 55 -6.0446258634328842e-02</internalNodes>
          <leafValues>
            8.1799149513244629e-01 -2.3468737304210663e-01</leafValues></_>
        <_>
          <internalNodes>
            0 -1 263 1.8107932992279530e-03</internalNodes>
          <leafValues>
            3.0455639958381653e-01 -7.2171211242675781e-01</leafValues></_>
        <_>
          <internalNodes>
            0 -1 264 -1.8260998185724020e-03</internalNodes>
          <leafValues>
            -6.5716630220413208e-01 2.3500385880470276e-01</leafValues></_>
        <_>
          <internalNodes>
            0 -1 208 -7.2186440229415894e-02</internalNodes>
          <leafValues>
            7.5964391231536865e-01 -2.5608181953430176e-01</leafValues></_>
        <_>
          <internalNodes>
            0 -1 84 -2.8853691765107214e-04</internalNodes>
          <leafValues>
            -6.4373791217803955e-01 3.1723281741142273e-01</leafValues></_>
        <_>
          <internalNodes>
            0 -1 236 -3.8379523903131485e-04</internalNodes>
          <leafValues>
            -6.7799198627471924e-01 3.0391871929168701e-01</leafValues></_></weakClassifiers></_>
    <!-- stage 13 -->
    <_>
      <maxWeakCount>15</maxWeakCount>
      <stageThreshold>-6.6265362501144409e-01</stageThreshold>
      <weakClassifiers>
        <_>
          <internalNodes>
            0 -1 248 1.9260757835581899e-04</internalNodes>
          <leafValues>
            5.4978352785110474e-01 -1.7791411280632019e-01</leafValues></_>
        <_>
          <internalNodes>
            0 -1 238 -1.1708559759426862e-04</internalNodes>
          <leafValues>
            -4.1706189513206482e-01 3.0286276340484619e-01</leafValues></_>
        <_>
          <internalNodes>
            0 -1 8 8.2323879003524780e-02</internalNodes>
          <leafValues>
            -2.0373424887657166e-01 5.9380161762237549e-01</leafValues></_>
        <_>
          <internalNodes>
            0 -1 31 -3.3151220530271530e-02</internalNodes>
          <leafValues>
            3.7568759918212891e-01 -3.2831743359565735e-01</leafValues></_>
        <_>
          <internalNodes>
            0 -1 256 -3.9533444214612246e-04</internalNodes>
          <leafValues>
            -6.0375219583511353e-01 2.2349630296230316e-01</leafValues></_>
        <_>
          <internalNodes>
            0 -1 89 -2.5285806623287499e-04</internalNodes>
          <leafValues>
            -5.9032011032104492e-01 2.1276250481605530e-01</leafValues></_>
        <_>
          <internalNodes>
            0 -1 215 -4.6398560516536236e-04</internalNodes>
          <leafValues>
            4.2117393016815186e-01 -2.8674048185348511e-01</leafValues></_>
        <_>
          <internalNodes>
            0 -1 214 -9.0820658951997757e-03</internalNodes>
          <leafValues>
            4.1254240274429321e-01 -2.9363092780113220e-01</leafValues></_>
        <_>
          <internalNodes>
            0 -1 88 2.3337837774306536e-04</internalNodes>
          <leafValues>
            2.5892540812492371e-01 -5.3447079658508301e-01</leafValues></_>
        <_>
          <internalNodes>
            0 -1 251 -5.0657248357310891e-04</internalNodes>
          <leafValues>
            -5.3996562957763672e-01 2.2230446338653564e-01</leafValues></_>
        <_>
          <internalNodes>
            0 -1 60 8.2833468914031982e-02</internalNodes>
          <leafValues>
            -2.5242927670478821e-01 5.1316833496093750e-01</leafValues></_>
        <_>
          <internalNodes>
            0 -1 32 4.2444080114364624e-02</internalNodes>
          <leafValues>
            -2.0381125807762146e-01 6.2739193439483643e-01</leafValues></_>
        <_>
          <internalNodes>
            0 -1 261 -6.6485186107456684e-04</internalNodes>
          <leafValues>
            -5.1997536420822144e-01 2.6358303427696228e-01</leafValues></_>
        <_>
          <internalNodes>
            0 -1 29 3.9190897950902581e-05</internalNodes>
          <leafValues>
            3.5304921865463257e-01 -3.3974614739418030e-01</leafValues></_>
        <_>
          <internalNodes>
            0 -1 108 -4.7739617526531219e-02</internalNodes>
          <leafValues>
            -9.4506841897964478e-01 1.3445487618446350e-01</leafValues></_></weakClassifiers></_>
    <!-- stage 14 -->
    <_>
      <maxWeakCount>20</maxWeakCount>
      <stageThreshold>-1.1613312959671021e+00</stageThreshold>
      <weakClassifiers>
        <_>
          <internalNodes>
            0 -1 24 -1.9316042959690094e-01</internalNodes>
          <leafValues>
            -8.8235294818878174e-01 4.3147209286689758e-01</leafValues></_>
        <_>
          <internalNodes>
            0 -1 244 -2.6956523652188480e-04</internalNodes>
          <leafValues>
            -4.6158990263938904e-01 2.7127292752265930e-01</leafValues></_>
        <_>
          <internalNodes>
            0 -1 127 -2.3703135957475752e-04</internalNodes>
          <leafValues>
            -5.3061133623123169e-01 1.7491626739501953e-01</leafValues></_>
        <_>
          <internalNodes>
            0 -1 83 1.5594581782352179e-04</internalNodes>
          <leafValues>
            1.9972795248031616e-01 -4.4840681552886963e-01</leafValues></_>
        <_>
          <internalNodes>
            0 -1 66 4.5919971307739615e-04</internalNodes>
          <leafValues>
            1.4383497834205627e-01 -5.6963950395584106e-01</leafValues></_>
        <_>
          <internalNodes>
            0 -1 249 5.4572185035794973e-05</internalNodes>
          <leafValues>
            2.2276030480861664e-01 -4.1188806295394897e-01</leafValues></_>
        <_>
          <internalNodes>
            0 -1 149 1.0166900465264916e-03</internalNodes>
          <leafValues>
            -1.9193492829799652e-01 5.2455198764801025e-01</leafValues></_>
        <_>
          <internalNodes>
            0 -1 242 -1.3799755834043026e-04</internalNodes>
          <leafValues>
            -4.3639796972274780e-01 2.2100193798542023e-01</leafValues></_>
        <_>
          <internalNodes>
            0 -1 61 1.9576842896640301e-04</internalNodes>
          <leafValues>
            1.8281348049640656e-01 -5.1516926288604736e-01</leafValues></_>
        <_>
          <internalNodes>
            0 -1 220 -1.8873151857405901e-03</internalNodes>
          <leafValues>
            -5.8488374948501587e-01 2.0128922164440155e-01</leafValues></_>
        <_>
          <internalNodes>
            0 -1 27 1.3675990700721741e-01</internalNodes>
          <leafValues>
            9.8463125526905060e-02 -8.7839156389236450e-01</leafValues></_>
        <_>
          <internalNodes>
            0 -1 151 1.2413196964189410e-04</internalNodes>
          <leafValues>
            2.7762115001678467e-01 -3.7969067692756653e-01</leafValues></_>
        <_>
          <internalNodes>
            0 -1 25 1.6684405505657196e-02</internalNodes>
          <leafValues>
            -2.1562886238098145e-01 5.7760185003280640e-01</leafValues></_>
        <_>
          <internalNodes>
            0 -1 7 -7.7969422563910484e-03</internalNodes>
          <leafValues>
            5.7215601205825806e-01 -2.0100221037864685e-01</leafValues></_>
        <_>
          <internalNodes>
            0 -1 185 2.0904812845401466e-04</internalNodes>
          <leafValues>
            -3.1300270557403564e-01 3.6136212944984436e-01</leafValues></_>
        <_>
          <internalNodes>
            0 -1 129 1.7147925682365894e-03</internalNodes>
          <leafValues>
            -2.3732665181159973e-01 4.5308625698089600e-01</leafValues></_>
        <_>
          <internalNodes>
            0 -1 106 1.0107624530792236e-01</internalNodes>
          <leafValues>
            -1.7023038864135742e-01 5.7555639743804932e-01</leafValues></_>
        <_>
          <internalNodes>
            0 -1 183 -7.6123764738440514e-03</internalNodes>
          <leafValues>
            3.3759808540344238e-01 -3.9969435334205627e-01</leafValues></_>
        <_>
          <internalNodes>
            0 -1 242 8.5726496763527393e-05</internalNodes>
          <leafValues>
            2.5554463267326355e-01 -4.5178803801536560e-01</leafValues></_>
        <_>
          <internalNodes>
            0 -1 229 2.3217317648231983e-03</internalNodes>
          <leafValues>
            -2.4944350123405457e-01 4.7738510370254517e-01</leafValues></_></weakClassifiers></_>
    <!-- stage 15 -->
    <_>
      <maxWeakCount>13</maxWeakCount>
      <stageThreshold>-6.8041014671325684e-01</stageThreshold>
      <weakClassifiers>
        <_>
          <internalNodes>
            0 -1 230 -7.1115627884864807e-02</internalNodes>
          <leafValues>
            7.9104477167129517e-01 1.5566037595272064e-01</leafValues></_>
        <_>
          <internalNodes>
            0 -1 86 1.6342684626579285e-02</internalNodes>
          <leafValues>
            -2.5131431221961975e-01 3.9528939127922058e-01</leafValues></_>
        <_>
          <internalNodes>
            0 -1 13 9.2317666858434677e-03</internalNodes>
          <leafValues>
            -3.1337022781372070e-01 3.1989932060241699e-01</leafValues></_>
        <_>
          <internalNodes>
            0 -1 43 9.0994301717728376e-04</internalNodes>
          <leafValues>
            1.3778474926948547e-01 -6.1708623170852661e-01</leafValues></_>
        <_>
          <internalNodes>
            0 -1 44 1.7731346189975739e-02</internalNodes>
          <leafValues>
            -2.4787244200706482e-01 3.6664718389511108e-01</leafValues></_>
        <_>
          <internalNodes>
            0 -1 64 -6.1439478304237127e-04</internalNodes>
          <leafValues>
            -5.2623254060745239e-01 1.6686032712459564e-01</leafValues></_>
        <_>
          <internalNodes>
            0 -1 245 7.5796188320964575e-04</internalNodes>
          <leafValues>
            1.4518314599990845e-01 -6.4045500755310059e-01</leafValues></_>
        <_>
          <internalNodes>
            0 -1 153 4.7463987022638321e-02</internalNodes>
          <leafValues>
            -2.2824877500534058e-01 4.9359425902366638e-01</leafValues></_>
        <_>
          <internalNodes>
            0 -1 243 -8.4151004557497799e-05</internalNodes>
          <leafValues>
            -3.8079404830932617e-01 2.5897860527038574e-01</leafValues></_>
        <_>
          <internalNodes>
            0 -1 170 -2.1880101412534714e-02</internalNodes>
          <leafValues>
            5.3396952152252197e-01 -2.0364932715892792e-01</leafValues></_>
        <_>
          <internalNodes>
            0 -1 76 -3.7448424845933914e-02</internalNodes>
          <leafValues>
            9.1136449575424194e-01 -8.8248975574970245e-02</leafValues></_>
        <_>
          <internalNodes>
            0 -1 138 -9.4158640422392637e-05</internalNodes>
          <leafValues>
            3.2681640982627869e-01 -3.3644792437553406e-01</leafValues></_>
        <_>
          <internalNodes>
            0 -1 171 1.1062717065215111e-02</internalNodes>
          <leafValues>
            1.1744359880685806e-01 -8.2625144720077515e-01</leafValues></_></weakClassifiers></_>
    <!-- stage 16 -->
    <_>
      <maxWeakCount>19</maxWeakCount>
      <stageThreshold>-5.7294827699661255e-01</stageThreshold>
      <weakClassifiers>
        <_>
          <internalNodes>
            0 -1 119 -2.2327154874801636e-02</internalNodes>
          <leafValues>
            -7.1428573131561279e-01 4.2372882366180420e-01</leafValues></_>
        <_>
          <internalNodes>
            0 -1 136 -1.9984212704002857e-03</internalNodes>
          <leafValues>
            7.6902264356613159e-01 -7.6454661786556244e-02</leafValues></_>
        <_>
          <internalNodes>
            0 -1 99 1.0348845273256302e-02</internalNodes>
          <leafValues>
            -1.6810439527034760e-01 6.1362594366073608e-01</leafValues></_>
        <_>
          <internalNodes>
            0 -1 117 3.7682654801756144e-03</internalNodes>
          <leafValues>
            -1.3538712263107300e-01 6.8330341577529907e-01</leafValues></_>
        <_>
          <internalNodes>
            0 -1 118 1.4859461784362793e-01</internalNodes>
          <leafValues>
            -9.5976978540420532e-02 8.5089218616485596e-01</leafValues></_>
        <_>
          <internalNodes>
            0 -1 85 2.4883743375539780e-02</internalNodes>
          <leafValues>
            -1.4897869527339935e-01 6.3993465900421143e-01</leafValues></_>
        <_>
          <internalNodes>
            0 -1 254 -3.9180257590487599e-04</internalNodes>
          <leafValues>
            -3.5742032527923584e-01 2.4948786199092865e-01</leafValues></_>
        <_>
          <internalNodes>
            0 -1 200 -5.5729812011122704e-03</internalNodes>
          <leafValues>
            4.7507926821708679e-01 -1.9099804759025574e-01</leafValues></_>
        <_>
          <internalNodes>
            0 -1 18 1.7519764602184296e-02</internalNodes>
          <leafValues>
            -1.9962756335735321e-01 5.3904527425765991e-01</leafValues></_>
        <_>
          <internalNodes>
            0 -1 150 1.8222705693915486e-04</internalNodes>
          <leafValues>
            -2.8573852777481079e-01 3.7895691394805908e-01</leafValues></_>
        <_>
          <internalNodes>
            0 -1 139 -7.3711173608899117e-03</internalNodes>
          <leafValues>
            8.5785818099975586e-01 -1.0897742956876755e-01</leafValues></_>
        <_>
          <internalNodes>
            0 -1 234 7.3998076841235161e-03</internalNodes>
          <leafValues>
            -1.1081150174140930e-01 7.5465226173400879e-01</leafValues></_>
        <_>
          <internalNodes>
            0 -1 262 2.4443217553198338e-03</internalNodes>
          <leafValues>
            1.5071207284927368e-01 -7.4836903810501099e-01</leafValues></_>
        <_>
          <internalNodes>
            0 -1 260 -1.0059642954729497e-04</internalNodes>
          <leafValues>
            -4.0282848477363586e-01 2.4786403775215149e-01</leafValues></_>
        <_>
          <internalNodes>
            0 -1 172 -1.8954804399982095e-03</internalNodes>
          <leafValues>
            7.3694211244583130e-01 -1.4476372301578522e-01</leafValues></_>
        <_>
          <internalNodes>
            0 -1 142 -2.8615524992346764e-02</internalNodes>
          <leafValues>
            -6.8688744306564331e-01 1.5354037284851074e-01</leafValues></_>
        <_>
          <internalNodes>
            0 -1 205 2.5134468451142311e-03</internalNodes>
          <leafValues>
            -1.8500031530857086e-01 5.5099439620971680e-01</leafValues></_>
        <_>
          <internalNodes>
            0 -1 162 -5.2225426770746708e-04</internalNodes>
          <leafValues>
            5.3259485960006714e-01 -1.9950667023658752e-01</leafValues></_>
        <_>
          <internalNodes>
            0 -1 62 -3.0907141044735909e-03</internalNodes>
          <leafValues>
            5.6550782918930054e-01 -2.0093306899070740e-01</leafValues></_></weakClassifiers></_>
    <!-- stage 17 -->
    <_>
      <maxWeakCount>18</maxWeakCount>
      <stageThreshold>-6.4948397874832153e-01</stageThreshold>
      <weakClassifiers>
        <_>
          <internalNodes>
            0 -1 82 2.0505646534729749e-04</internalNodes>
          <leafValues>
            5.2915763854980469e-01 -1.2345679104328156e-01</leafValues></_>
        <_>
          <internalNodes>
            0 -1 173 1.3916363939642906e-02</internalNodes>
          <leafValues>
            1.8489760160446167e-01 -5.8694142103195190e-01</leafValues></_>
        <_>
          <internalNodes>
            0 -1 63 2.7051003417000175e-04</internalNodes>
          <leafValues>
            1.7430196702480316e-01 -4.9396473169326782e-01</leafValues></_>
        <_>
          <internalNodes>
            0 -1 115 -3.1083624344319105e-04</internalNodes>
          <leafValues>
            2.3231197893619537e-01 -3.9936873316764832e-01</leafValues></_>
        <_>
          <internalNodes>
            0 -1 4 -1.6254690289497375e-01</internalNodes>
          <leafValues>
            -5.3214746713638306e-01 1.6848929226398468e-01</leafValues></_>
        <_>
          <internalNodes>
            0 -1 77 -1.0984772816300392e-02</internalNodes>
          <leafValues>
            3.6665001511573792e-01 -2.6712328195571899e-01</leafValues></_>
        <_>
          <internalNodes>
            0 -1 228 3.3503234386444092e-02</internalNodes>
          <leafValues>
            -2.1144650876522064e-01 6.1669611930847168e-01</leafValues></_>
        <_>
          <internalNodes>
            0 -1 240 -5.7232137769460678e-03</internalNodes>
          <leafValues>
            6.1497932672500610e-01 -1.1659731715917587e-01</leafValues></_>
        <_>
          <internalNodes>
            0 -1 174 6.1362674459815025e-03</internalNodes>
          <leafValues>
            1.0656370967626572e-01 -8.0268675088882446e-01</leafValues></_>
        <_>
          <internalNodes>
            0 -1 235 2.8814221150241792e-04</internalNodes>
          <leafValues>
            2.5344061851501465e-01 -4.0724492073059082e-01</leafValues></_>
        <_>
          <internalNodes>
            0 -1 144 -5.1642360631376505e-04</internalNodes>
          <leafValues>
            3.2224619388580322e-01 -2.7005502581596375e-01</leafValues></_>
        <_>
          <internalNodes>
            0 -1 105 4.8447716981172562e-03</internalNodes>
          <leafValues>
            1.1050698906183243e-01 -7.9235106706619263e-01</leafValues></_>
        <_>
          <internalNodes>
            0 -1 198 -1.3680944684892893e-03</internalNodes>
          <leafValues>
            3.9619997143745422e-01 -2.2921417653560638e-01</leafValues></_>
        <_>
          <internalNodes>
            0 -1 265 -1.9177452195435762e-03</internalNodes>
          <leafValues>
            -7.0738410949707031e-01 1.3957896828651428e-01</leafValues></_>
        <_>
          <internalNodes>
            0 -1 222 5.5026737973093987e-03</internalNodes>
          <leafValues>
            -1.5288403630256653e-01 6.2714087963104248e-01</leafValues></_>
        <_>
          <internalNodes>
            0 -1 65 -2.4905294412747025e-04</internalNodes>
          <leafValues>
            -4.7394916415214539e-01 2.2040799260139465e-01</leafValues></_>
        <_>
          <internalNodes>
            0 -1 69 -6.1001479625701904e-03</internalNodes>
          <leafValues>
            4.3960592150688171e-01 -2.4133785068988800e-01</leafValues></_>
        <_>
          <internalNodes>
            0 -1 113 -1.0284420568495989e-03</internalNodes>
          <leafValues>
            3.5434275865554810e-01 -3.0037280917167664e-01</leafValues></_></weakClassifiers></_>
    <!-- stage 18 -->
    <_>
      <maxWeakCount>18</maxWeakCount>
      <stageThreshold>-6.7641693353652954e-01</stageThreshold>
      <weakClassifiers>
        <_>
          <internalNodes>
            0 -1 5 -2.5624072551727295e-01</internalNodes>
          <leafValues>
            -8.6666667461395264e-01 4.2184874415397644e-01</leafValues></_>
        <_>
          <internalNodes>
            0 -1 128 -7.6466202735900879e-03</internalNodes>
          <leafValues>
            5.6202811002731323e-01 -1.2055847793817520e-01</leafValues></_>
        <_>
          <internalNodes>
            0 -1 213 2.3966440930962563e-03</internalNodes>
          <leafValues>
            -1.5928292274475098e-01 4.9054577946662903e-01</leafValues></_>
        <_>
          <internalNodes>
            0 -1 157 -1.1883685365319252e-03</internalNodes>
          <leafValues>
            2.5793191790580750e-01 -3.2507354021072388e-01</leafValues></_>
        <_>
          <internalNodes>
            0 -1 255 -4.6602925285696983e-03</internalNodes>
          <leafValues>
            4.4954028725624084e-01 -2.0640587806701660e-01</leafValues></_>
        <_>
          <internalNodes>
            0 -1 152 2.9529429972171783e-02</internalNodes>
          <leafValues>
            -1.7665511369705200e-01 5.2338242530822754e-01</leafValues></_>
        <_>
          <internalNodes>
            0 -1 180 -3.7502199411392212e-03</internalNodes>
          <leafValues>
            6.5633153915405273e-01 -1.6187095642089844e-01</leafValues></_>
        <_>
          <internalNodes>
            0 -1 134 -1.0397780686616898e-02</internalNodes>
          <leafValues>
            -8.9513027667999268e-01 1.3579289615154266e-01</leafValues></_>
        <_>
          <internalNodes>
            0 -1 9 -1.2495131231844425e-03</internalNodes>
          <leafValues>
            3.2020011544227600e-01 -2.7731546759605408e-01</leafValues></_>
        <_>
          <internalNodes>
            0 -1 16 1.0190919041633606e-02</internalNodes>
          <leafValues>
            -2.6624026894569397e-01 3.3132141828536987e-01</leafValues></_>
        <_>
          <internalNodes>
            0 -1 253 8.4955725469626486e-05</internalNodes>
          <leafValues>
            2.7540931105613708e-01 -3.4148013591766357e-01</leafValues></_>
        <_>
          <internalNodes>
            0 -1 131 -8.9724526333156973e-06</internalNodes>
          <leafValues>
            3.6355760693550110e-01 -2.7132448554039001e-01</leafValues></_>
        <_>
          <internalNodes>
            0 -1 28 3.0006235465407372e-04</internalNodes>
          <leafValues>
            2.0558758080005646e-01 -4.8749741911888123e-01</leafValues></_>
        <_>
          <internalNodes>
            0 -1 219 3.0951506923884153e-03</internalNodes>
          <leafValues>
            -1.9432713091373444e-01 5.8030730485916138e-01</leafValues></_>
        <_>
          <internalNodes>
            0 -1 94 3.5969816963188350e-04</internalNodes>
          <leafValues>
            -2.2234998643398285e-01 4.1953355073928833e-01</leafValues></_>
        <_>
          <internalNodes>
            0 -1 96 -2.5831949897110462e-03</internalNodes>
          <leafValues>
            6.3821184635162354e-01 -1.6828380525112152e-01</leafValues></_>
        <_>
          <internalNodes>
            0 -1 175 -9.3142094556242228e-04</internalNodes>
          <leafValues>
            2.6137739419937134e-01 -3.4163522720336914e-01</leafValues></_>
        <_>
          <internalNodes>
            0 -1 10 -4.2744014412164688e-02</internalNodes>
          <leafValues>
            -6.6962641477584839e-01 1.6359336674213409e-01</leafValues></_></weakClassifiers></_>
    <!-- stage 19 -->
    <_>
      <maxWeakCount>14</maxWeakCount>
      <stageThreshold>-4.1356369853019714e-01</stageThreshold>
      <weakClassifiers>
        <_>
          <internalNodes>
            0 -1 140 -4.5902729034423828e-02</internalNodes>
          <leafValues>
            -3.7500000000000000e-01 4.6788990497589111e-01</leafValues></_>
        <_>
          <internalNodes>
            0 -1 98 -3.9012439083307981e-04</internalNodes>
          <leafValues>
            -3.8127413392066956e-01 2.5215002894401550e-01</leafValues></_>
        <_>
          <internalNodes>
            0 -1 70 1.5479712747037411e-02</internalNodes>
          <leafValues>
            -2.7648231387138367e-01 3.4936994314193726e-01</leafValues></_>
        <_>
          <internalNodes>
            0 -1 65 1.1528214963618666e-04</internalNodes>
          <leafValues>
            1.9037917256355286e-01 -4.0548717975616455e-01</leafValues></_>
        <_>
          <internalNodes>
            0 -1 111 -6.4981523901224136e-03</internalNodes>
          <leafValues>
            -8.5614746809005737e-01 1.0229185223579407e-01</leafValues></_>
        <_>
          <internalNodes>
            0 -1 14 2.4293724447488785e-02</internalNodes>
          <leafValues>
            -3.2589870691299438e-01 2.8124088048934937e-01</leafValues></_>
        <_>
          <internalNodes>
            0 -1 73 8.0247454345226288e-02</internalNodes>
          <leafValues>
            -2.6524516940116882e-01 4.5131406188011169e-01</leafValues></_>
        <_>
          <internalNodes>
            0 -1 107 2.5462567806243896e-02</internalNodes>
          <leafValues>
            -1.0774789750576019e-01 6.1497795581817627e-01</leafValues></_>
        <_>
          <internalNodes>
            0 -1 74 1.4151522191241384e-04</internalNodes>
          <leafValues>
            2.5690752267837524e-01 -3.6143061518669128e-01</leafValues></_>
        <_>
          <internalNodes>
            0 -1 54 -8.8682696223258972e-02</internalNodes>
          <leafValues>
            -6.4407658576965332e-01 1.6650277376174927e-01</leafValues></_>
        <_>
          <internalNodes>
            0 -1 147 -9.5319971442222595e-03</internalNodes>
          <leafValues>
            6.9534122943878174e-01 -1.4765311777591705e-01</leafValues></_>
        <_>
          <internalNodes>
            0 -1 45 5.5422697216272354e-02</internalNodes>
          <leafValues>
            2.2314144670963287e-01 -4.6353742480278015e-01</leafValues></_>
        <_>
          <internalNodes>
            0 -1 58 -4.7833530697971582e-04</internalNodes>
          <leafValues>
            -5.7936245203018188e-01 1.8851977586746216e-01</leafValues></_>
        <_>
          <internalNodes>
            0 -1 57 5.3158905357122421e-03</internalNodes>
          <leafValues>
            -2.0140892267227173e-01 5.2636939287185669e-01</leafValues></_></weakClassifiers></_></stages>
  <features>
    <_>
      <rects>
        <_>
          0 0 4 2 -1.</_>
        <_>
          0 0 2 1 2.</_>
        <_>
          2 1 2 1 2.</_></rects>
      <tilted>0</tilted></_>
    <_>
      <rects>
        <_>
          0 0 3 2 -1.</_>
        <_>
          0 1 3 1 2.</_></rects>
      <tilted>0</tilted></_>
    <_>
      <rects>
        <_>
          0 0 18 2 -1.</_>
        <_>
          0 0 9 1 2.</_>
        <_>
          9 1 9 1 2.</_></rects>
      <tilted>0</tilted></_>
    <_>
      <rects>
        <_>
          0 0 15 12 -1.</_>
        <_>
          0 6 15 6 2.</_></rects>
      <tilted>0</tilted></_>
    <_>
      <rects>
        <_>
          0 0 30 16 -1.</_>
        <_>
          15 0 15 16 2.</_></rects>
      <tilted>0</tilted></_>
    <_>
      <rects>
        <_>
          0 0 22 16 -1.</_>
        <_>
          0 8 22 8 2.</_></rects>
      <tilted>0</tilted></_>
    <_>
      <rects>
        <_>
          0 1 2 17 -1.</_>
        <_>
          1 1 1 17 2.</_></rects>
      <tilted>0</tilted></_>
    <_>
      <rects>
        <_>
          0 1 18 4 -1.</_>
        <_>
          0 1 9 2 2.</_>
        <_>
          9 3 9 2 2.</_></rects>
      <tilted>0</tilted></_>
    <_>
      <rects>
        <_>
          0 1 30 5 -1.</_>
        <_>
          10 1 10 5 3.</_></rects>
      <tilted>0</tilted></_>
    <_>
      <rects>
        <_>
          0 3 10 8 -1.</_>
        <_>
          0 3 5 4 2.</_>
        <_>
          5 7 5 4 2.</_></rects>
      <tilted>0</tilted></_>
    <_>
      <rects>
        <_>
          0 4 21 6 -1.</_>
        <_>
          0 7 21 3 2.</_></rects>
      <tilted>0</tilted></_>
    <_>
      <rects>
        <_>
          0 4 26 10 -1.</_>
        <_>
          0 9 26 5 2.</_></rects>
      <tilted>0</tilted></_>
    <_>
      <rects>
        <_>
          0 6 3 4 -1.</_>
        <_>
          0 8 3 2 2.</_></rects>
      <tilted>0</tilted></_>
    <_>
      <rects>
        <_>
          0 7 8 12 -1.</_>
        <_>
          4 7 4 12 2.</_></rects>
      <tilted>0</tilted></_>
    <_>
      <rects>
        <_>
          0 10 18 5 -1.</_>
        <_>
          6 10 6 5 3.</_></rects>
      <tilted>0</tilted></_>
    <_>
      <rects>
        <_>
          0 10 27 9 -1.</_>
        <_>
          9 10 9 9 3.</_></rects>
      <tilted>0</tilted></_>
    <_>
      <rects>
        <_>
          0 11 8 5 -1.</_>
        <_>
          4 11 4 5 2.</_></rects>
      <tilted>0</tilted></_>
    <_>
      <rects>
        <_>
          0 12 24 2 -1.</_>
        <_>
          12 12 12 2 2.</_></rects>
      <tilted>0</tilted></_>
    <_>
      <rects>
        <_>
          0 12 26 1 -1.</_>
        <_>
          13 12 13 1 2.</_></rects>
      <tilted>0</tilted></_>
    <_>
      <rects>
        <_>
          0 13 27 6 -1.</_>
        <_>
          0 16 27 3 2.</_></rects>
      <tilted>0</tilted></_>
    <_>
      <rects>
        <_>
          0 14 2 1 -1.</_>
        <_>
          1 14 1 1 2.</_></rects>
      <tilted>0</tilted></_>
    <_>
      <rects>
        <_>
          0 15 29 4 -1.</_>
        <_>
          0 17 29 2 2.</_></rects>
      <tilted>0</tilted></_>
    <_>
      <rects>
        <_>
          0 17 5 2 -1.</_>
        <_>
          0 18 5 1 2.</_></rects>
      <tilted>0</tilted></_>
    <_>
      <rects>
        <_>
          1 0 2 2 -1.</_>
        <_>
          1 0 1 1 2.</_>
        <_>
          2 1 1 1 2.</_></rects>
      <tilted>0</tilted></_>
    <_>
      <rects>
        <_>
          1 2 29 10 -1.</_>
        <_>
          1 7 29 5 2.</_></rects>
      <tilted>0</tilted></_>
    <_>
      <rects>
        <_>
          1 5 12 2 -1.</_>
        <_>
          7 5 6 2 2.</_></rects>
      <tilted>0</tilted></_>
    <_>
      <rects>
        <_>
          1 5 26 4 -1.</_>
        <_>
          14 5 13 4 2.</_></rects>
      <tilted>0</tilted></_>
    <_>
      <rects>
        <_>
          1 5 30 7 -1.</_>
        <_>
          16 5 15 7 2.</_></rects>
      <tilted>0</tilted></_>
    <_>
      <rects>
        <_>
          1 6 2 1 -1.</_>
        <_>
          2 6 1 1 2.</_></rects>
      <tilted>0</tilted></_>
    <_>
      <rects>
        <_>
          1 8 3 2 -1.</_>
        <_>
          2 8 1 2 3.</_></rects>
      <tilted>0</tilted></_>
    <_>
      <rects>
        <_>
          1 8 14 3 -1.</_>
        <_>
          1 9 14 1 3.</_></rects>
      <tilted>0</tilted></_>
    <_>
      <rects>
        <_>
          1 13 31 6 -1.</_>
        <_>
          1 16 31 3 2.</_></rects>
      <tilted>0</tilted></_>
    <_>
      <rects>
        <_>
          1 14 24 4 -1.</_>
        <_>
          9 14 8 4 3.</_></rects>
      <tilted>0</tilted></_>
    <_>
      <rects>
        <_>
          1 15 30 4 -1.</_>
        <_>
          1 17 30 2 2.</_></rects>
      <tilted>0</tilted></_>
    <_>
      <rects>
        <_>
          2 0 23 6 -1.</_>
        <_>
          2 3 23 3 2.</_></rects>
      <tilted>0</tilted></_>
    <_>
      <rects>
        <_>
          2 4 24 1 -1.</_>
        <_>
          10 4 8 1 3.</_></rects>
      <tilted>0</tilted></_>
    <_>
      <rects>
        <_>
          2 11 22 5 -1.</_>
        <_>
          13 11 11 5 2.</_></rects>
      <tilted>0</tilted></_>
    <_>
      <rects>
        <_>
          2 13 24 6 -1.</_>
        <_>
          2 16 24 3 2.</_></rects>
      <tilted>0</tilted></_>
    <_>
      <rects>
        <_>
          2 14 2 5 -1.</_>
        <_>
          3 14 1 5 2.</_></rects>
      <tilted>0</tilted></_>
    <_>
      <rects>
        <_>
          2 15 2 1 -1.</_>
        <_>
          3 15 1 1 2.</_></rects>
      <tilted>0</tilted></_>
    <_>
      <rects>
        <_>
          2 15 30 3 -1.</_>
        <_>
          12 15 10 3 3.</_></rects>
      <tilted>0</tilted></_>
    <_>
      <rects>
        <_>
          2 15 22 3 -1.</_>
        <_>
          13 15 11 3 2.</_></rects>
      <tilted>0</tilted></_>
    <_>
      <rects>
        <_>
          2 16 2 2 -1.</_>
        <_>
          2 16 1 1 2.</_>
        <_>
          3 17 1 1 2.</_></rects>
      <tilted>0</tilted></_>
    <_>
      <rects>
        <_>
          3 14 2 2 -1.</_>
        <_>
          4 14 1 2 2.</_></rects>
      <tilted>0</tilted></_>
    <_>
      <rects>
        <_>
          4 0 5 10 -1.</_>
        <_>
          4 5 5 5 2.</_></rects>
      <tilted>0</tilted></_>
    <_>
      <rects>
        <_>
          4 2 21 16 -1.</_>
        <_>
          4 10 21 8 2.</_></rects>
      <tilted>0</tilted></_>
    <_>
      <rects>
        <_>
          4 6 26 3 -1.</_>
        <_>
          17 6 13 3 2.</_></rects>
      <tilted>0</tilted></_>
    <_>
      <rects>
        <_>
          4 6 28 6 -1.</_>
        <_>
          18 6 14 6 2.</_></rects>
      <tilted>0</tilted></_>
    <_>
      <rects>
        <_>
          4 8 1 3 -1.</_>
        <_>
          4 9 1 1 3.</_></rects>
      <tilted>0</tilted></_>
    <_>
      <rects>
        <_>
          4 9 2 3 -1.</_>
        <_>
          5 9 1 3 2.</_></rects>
      <tilted>0</tilted></_>
    <_>
      <rects>
        <_>
          4 9 2 3 -1.</_>
        <_>
          4 10 2 1 3.</_></rects>
      <tilted>0</tilted></_>
    <_>
      <rects>
        <_>
          4 11 2 2 -1.</_>
        <_>
          5 11 1 2 2.</_></rects>
      <tilted>0</tilted></_>
    <_>
      <rects>
        <_>
          5 0 21 4 -1.</_>
        <_>
          5 2 21 2 2.</_></rects>
      <tilted>0</tilted></_>
    <_>
      <rects>
        <_>
          5 0 22 4 -1.</_>
        <_>
          5 2 22 2 2.</_></rects>
      <tilted>0</tilted></_>
    <_>
      <rects>
        <_>
          5 1 20 9 -1.</_>
        <_>
          15 1 10 9 2.</_></rects>
      <tilted>0</tilted></_>
    <_>
      <rects>
        <_>
          5 3 22 14 -1.</_>
        <_>
          5 3 11 7 2.</_>
        <_>
          16 10 11 7 2.</_></rects>
      <tilted>0</tilted></_>
    <_>
      <rects>
        <_>
          5 4 2 1 -1.</_>
        <_>
          6 4 1 1 2.</_></rects>
      <tilted>0</tilted></_>
    <_>
      <rects>
        <_>
          5 4 6 4 -1.</_>
        <_>
          5 4 3 2 2.</_>
        <_>
          8 6 3 2 2.</_></rects>
      <tilted>0</tilted></_>
    <_>
      <rects>
        <_>
          5 13 1 2 -1.</_>
        <_>
          5 14 1 1 2.</_></rects>
      <tilted>0</tilted></_>
    <_>
      <rects>
        <_>
          6 0 18 6 -1.</_>
        <_>
          6 3 18 3 2.</_></rects>
      <tilted>0</tilted></_>
    <_>
      <rects>
        <_>
          6 1 22 16 -1.</_>
        <_>
          6 1 11 8 2.</_>
        <_>
          17 9 11 8 2.</_></rects>
      <tilted>0</tilted></_>
    <_>
      <rects>
        <_>
          6 6 2 1 -1.</_>
        <_>
          7 6 1 1 2.</_></rects>
      <tilted>0</tilted></_>
    <_>
      <rects>
        <_>
          6 9 6 3 -1.</_>
        <_>
          8 9 2 3 3.</_></rects>
      <tilted>0</tilted></_>
    <_>
      <rects>
        <_>
          6 10 1 2 -1.</_>
        <_>
          6 11 1 1 2.</_></rects>
      <tilted>0</tilted></_>
    <_>
      <rects>
        <_>
          6 10 2 3 -1.</_>
        <_>
          6 11 2 1 3.</_></rects>
      <tilted>0</tilted></_>
    <_>
      <rects>
        <_>
          6 12 2 1 -1.</_>
        <_>
          7 12 1 1 2.</_></rects>
      <tilted>0</tilted></_>
    <_>
      <rects>
        <_>
          6 12 2 2 -1.</_>
        <_>
          6 13 2 1 2.</_></rects>
      <tilted>0</tilted></_>
    <_>
      <rects>
        <_>
          6 12 12 3 -1.</_>
        <_>
          10 12 4 3 3.</_></rects>
      <tilted>0</tilted></_>
    <_>
      <rects>
        <_>
          6 14 1 2 -1.</_>
        <_>
          6 15 1 1 2.</_></rects>
      <tilted>0</tilted></_>
    <_>
      <rects>
        <_>
          6 15 14 4 -1.</_>
        <_>
          6 15 7 2 2.</_>
        <_>
          13 17 7 2 2.</_></rects>
      <tilted>0</tilted></_>
    <_>
      <rects>
        <_>
          7 0 21 4 -1.</_>
        <_>
          7 2 21 2 2.</_></rects>
      <tilted>0</tilted></_>
    <_>
      <rects>
        <_>
          7 1 24 6 -1.</_>
        <_>
          15 1 8 6 3.</_></rects>
      <tilted>0</tilted></_>
    <_>
      <rects>
        <_>
          7 2 3 6 -1.</_>
        <_>
          8 2 1 6 3.</_></rects>
      <tilted>0</tilted></_>
    <_>
      <rects>
        <_>
          7 3 18 14 -1.</_>
        <_>
          7 3 9 7 2.</_>
        <_>
          16 10 9 7 2.</_></rects>
      <tilted>0</tilted></_>
    <_>
      <rects>
        <_>
          7 6 2 2 -1.</_>
        <_>
          8 6 1 2 2.</_></rects>
      <tilted>0</tilted></_>
    <_>
      <rects>
        <_>
          7 11 1 2 -1.</_>
        <_>
          7 12 1 1 2.</_></rects>
      <tilted>0</tilted></_>
    <_>
      <rects>
        <_>
          7 11 4 8 -1.</_>
        <_>
          7 15 4 4 2.</_></rects>
      <tilted>0</tilted></_>
    <_>
      <rects>
        <_>
          7 11 10 4 -1.</_>
        <_>
          12 11 5 4 2.</_></rects>
      <tilted>0</tilted></_>
    <_>
      <rects>
        <_>
          7 12 2 1 -1.</_>
        <_>
          8 12 1 1 2.</_></rects>
      <tilted>0</tilted></_>
    <_>
      <rects>
        <_>
          7 12 1 3 -1.</_>
        <_>
          7 13 1 1 3.</_></rects>
      <tilted>0</tilted></_>
    <_>
      <rects>
        <_>
          7 12 2 2 -1.</_>
        <_>
          7 13 2 1 2.</_></rects>
      <tilted>0</tilted></_>
    <_>
      <rects>
        <_>
          7 13 1 2 -1.</_>
        <_>
          7 14 1 1 2.</_></rects>
      <tilted>0</tilted></_>
    <_>
      <rects>
        <_>
          7 13 2 2 -1.</_>
        <_>
          7 14 2 1 2.</_></rects>
      <tilted>0</tilted></_>
    <_>
      <rects>
        <_>
          7 14 2 2 -1.</_>
        <_>
          7 15 2 1 2.</_></rects>
      <tilted>0</tilted></_>
    <_>
      <rects>
        <_>
          8 2 2 1 -1.</_>
        <_>
          9 2 1 1 2.</_></rects>
      <tilted>0</tilted></_>
    <_>
      <rects>
        <_>
          8 10 4 9 -1.</_>
        <_>
          8 13 4 3 3.</_></rects>
      <tilted>0</tilted></_>
    <_>
      <rects>
        <_>
          8 10 12 9 -1.</_>
        <_>
          8 13 12 3 3.</_></rects>
      <tilted>0</tilted></_>
    <_>
      <rects>
        <_>
          8 11 1 2 -1.</_>
        <_>
          8 12 1 1 2.</_></rects>
      <tilted>0</tilted></_>
    <_>
      <rects>
        <_>
          8 12 2 2 -1.</_>
        <_>
          8 12 1 1 2.</_>
        <_>
          9 13 1 1 2.</_></rects>
      <tilted>0</tilted></_>
    <_>
      <rects>
        <_>
          8 14 3 1 -1.</_>
        <_>
          9 14 1 1 3.</_></rects>
      <tilted>0</tilted></_>
    <_>
      <rects>
        <_>
          8 14 1 4 -1.</_>
        <_>
          8 16 1 2 2.</_></rects>
      <tilted>0</tilted></_>
    <_>
      <rects>
        <_>
          9 0 15 17 -1.</_>
        <_>
          14 0 5 17 3.</_></rects>
      <tilted>0</tilted></_>
    <_>
      <rects>
        <_>
          9 2 12 11 -1.</_>
        <_>
          13 2 4 11 3.</_></rects>
      <tilted>0</tilted></_>
    <_>
      <rects>
        <_>
          9 5 12 8 -1.</_>
        <_>
          9 9 12 4 2.</_></rects>
      <tilted>0</tilted></_>
    <_>
      <rects>
        <_>
          9 6 4 4 -1.</_>
        <_>
          9 6 2 2 2.</_>
        <_>
          11 8 2 2 2.</_></rects>
      <tilted>0</tilted></_>
    <_>
      <rects>
        <_>
          9 7 18 3 -1.</_>
        <_>
          15 7 6 3 3.</_></rects>
      <tilted>0</tilted></_>
    <_>
      <rects>
        <_>
          9 8 6 1 -1.</_>
        <_>
          11 8 2 1 3.</_></rects>
      <tilted>0</tilted></_>
    <_>
      <rects>
        <_>
          9 9 6 3 -1.</_>
        <_>
          12 9 3 3 2.</_></rects>
      <tilted>0</tilted></_>
    <_>
      <rects>
        <_>
          9 13 2 2 -1.</_>
        <_>
          9 14 2 1 2.</_></rects>
      <tilted>0</tilted></_>
    <_>
      <rects>
        <_>
          10 1 12 4 -1.</_>
        <_>
          10 1 6 2 2.</_>
        <_>
          16 3 6 2 2.</_></rects>
      <tilted>0</tilted></_>
    <_>
      <rects>
        <_>
          10 7 4 5 -1.</_>
        <_>
          12 7 2 5 2.</_></rects>
      <tilted>0</tilted></_>
    <_>
      <rects>
        <_>
          10 7 4 10 -1.</_>
        <_>
          10 7 2 5 2.</_>
        <_>
          12 12 2 5 2.</_></rects>
      <tilted>0</tilted></_>
    <_>
      <rects>
        <_>
          10 8 4 2 -1.</_>
        <_>
          10 8 2 1 2.</_>
        <_>
          12 9 2 1 2.</_></rects>
      <tilted>0</tilted></_>
    <_>
      <rects>
        <_>
          10 9 6 2 -1.</_>
        <_>
          10 9 3 1 2.</_>
        <_>
          13 10 3 1 2.</_></rects>
      <tilted>0</tilted></_>
    <_>
      <rects>
        <_>
          10 11 6 2 -1.</_>
        <_>
          13 11 3 2 2.</_></rects>
      <tilted>0</tilted></_>
    <_>
      <rects>
        <_>
          10 14 3 3 -1.</_>
        <_>
          11 14 1 3 3.</_></rects>
      <tilted>0</tilted></_>
    <_>
      <rects>
        <_>
          11 0 21 14 -1.</_>
        <_>
          18 0 7 14 3.</_></rects>
      <tilted>0</tilted></_>
    <_>
      <rects>
        <_>
          11 0 20 6 -1.</_>
        <_>
          11 0 10 3 2.</_>
        <_>
          21 3 10 3 2.</_></rects>
      <tilted>0</tilted></_>
    <_>
      <rects>
        <_>
          11 4 8 9 -1.</_>
        <_>
          11 7 8 3 3.</_></rects>
      <tilted>0</tilted></_>
    <_>
      <rects>
        <_>
          11 5 4 8 -1.</_>
        <_>
          13 5 2 8 2.</_></rects>
      <tilted>0</tilted></_>
    <_>
      <rects>
        <_>
          11 5 10 7 -1.</_>
        <_>
          16 5 5 7 2.</_></rects>
      <tilted>0</tilted></_>
    <_>
      <rects>
        <_>
          11 6 4 3 -1.</_>
        <_>
          13 6 2 3 2.</_></rects>
      <tilted>0</tilted></_>
    <_>
      <rects>
        <_>
          11 6 8 6 -1.</_>
        <_>
          11 9 8 3 2.</_></rects>
      <tilted>0</tilted></_>
    <_>
      <rects>
        <_>
          11 7 6 2 -1.</_>
        <_>
          11 8 6 1 2.</_></rects>
      <tilted>0</tilted></_>
    <_>
      <rects>
        <_>
          11 8 3 7 -1.</_>
        <_>
          12 8 1 7 3.</_></rects>
      <tilted>0</tilted></_>
    <_>
      <rects>
        <_>
          11 8 4 4 -1.</_>
        <_>
          13 8 2 4 2.</_></rects>
      <tilted>0</tilted></_>
    <_>
      <rects>
        <_>
          11 8 8 8 -1.</_>
        <_>
          11 12 8 4 2.</_></rects>
      <tilted>0</tilted></_>
    <_>
      <rects>
        <_>
          11 9 4 3 -1.</_>
        <_>
          11 10 4 1 3.</_></rects>
      <tilted>0</tilted></_>
    <_>
      <rects>
        <_>
          11 9 21 5 -1.</_>
        <_>
          18 9 7 5 3.</_></rects>
      <tilted>0</tilted></_>
    <_>
      <rects>
        <_>
          11 12 6 3 -1.</_>
        <_>
          14 12 3 3 2.</_></rects>
      <tilted>0</tilted></_>
    <_>
      <rects>
        <_>
          11 14 2 1 -1.</_>
        <_>
          12 14 1 1 2.</_></rects>
      <tilted>0</tilted></_>
    <_>
      <rects>
        <_>
          11 14 8 2 -1.</_>
        <_>
          15 14 4 2 2.</_></rects>
      <tilted>0</tilted></_>
    <_>
      <rects>
        <_>
          11 14 15 2 -1.</_>
        <_>
          16 14 5 2 3.</_></rects>
      <tilted>0</tilted></_>
    <_>
      <rects>
        <_>
          11 14 18 1 -1.</_>
        <_>
          17 14 6 1 3.</_></rects>
      <tilted>0</tilted></_>
    <_>
      <rects>
        <_>
          11 16 6 3 -1.</_>
        <_>
          11 17 6 1 3.</_></rects>
      <tilted>0</tilted></_>
    <_>
      <rects>
        <_>
          12 0 10 4 -1.</_>
        <_>
          12 0 5 2 2.</_>
        <_>
          17 2 5 2 2.</_></rects>
      <tilted>0</tilted></_>
    <_>
      <rects>
        <_>
          12 0 14 12 -1.</_>
        <_>
          12 0 7 6 2.</_>
        <_>
          19 6 7 6 2.</_></rects>
      <tilted>0</tilted></_>
    <_>
      <rects>
        <_>
          12 1 2 1 -1.</_>
        <_>
          13 1 1 1 2.</_></rects>
      <tilted>0</tilted></_>
    <_>
      <rects>
        <_>
          12 1 10 2 -1.</_>
        <_>
          17 1 5 2 2.</_></rects>
      <tilted>0</tilted></_>
    <_>
      <rects>
        <_>
          12 4 3 6 -1.</_>
        <_>
          13 4 1 6 3.</_></rects>
      <tilted>0</tilted></_>
    <_>
      <rects>
        <_>
          12 4 9 9 -1.</_>
        <_>
          12 7 9 3 3.</_></rects>
      <tilted>0</tilted></_>
    <_>
      <rects>
        <_>
          12 5 2 2 -1.</_>
        <_>
          12 5 1 1 2.</_>
        <_>
          13 6 1 1 2.</_></rects>
      <tilted>0</tilted></_>
    <_>
      <rects>
        <_>
          12 5 3 5 -1.</_>
        <_>
          13 5 1 5 3.</_></rects>
      <tilted>0</tilted></_>
    <_>
      <rects>
        <_>
          12 5 6 4 -1.</_>
        <_>
          14 5 2 4 3.</_></rects>
      <tilted>0</tilted></_>
    <_>
      <rects>
        <_>
          12 7 6 4 -1.</_>
        <_>
          14 7 2 4 3.</_></rects>
      <tilted>0</tilted></_>
    <_>
      <rects>
        <_>
          12 8 1 3 -1.</_>
        <_>
          12 9 1 1 3.</_></rects>
      <tilted>0</tilted></_>
    <_>
      <rects>
        <_>
          12 9 1 3 -1.</_>
        <_>
          12 10 1 1 3.</_></rects>
      <tilted>0</tilted></_>
    <_>
      <rects>
        <_>
          12 9 3 3 -1.</_>
        <_>
          12 10 3 1 3.</_></rects>
      <tilted>0</tilted></_>
    <_>
      <rects>
        <_>
          12 12 4 1 -1.</_>
        <_>
          14 12 2 1 2.</_></rects>
      <tilted>0</tilted></_>
    <_>
      <rects>
        <_>
          13 0 12 2 -1.</_>
        <_>
          13 0 6 1 2.</_>
        <_>
          19 1 6 1 2.</_></rects>
      <tilted>0</tilted></_>
    <_>
      <rects>
        <_>
          13 2 15 5 -1.</_>
        <_>
          18 2 5 5 3.</_></rects>
      <tilted>0</tilted></_>
    <_>
      <rects>
        <_>
          13 4 5 9 -1.</_>
        <_>
          13 7 5 3 3.</_></rects>
      <tilted>0</tilted></_>
    <_>
      <rects>
        <_>
          13 6 17 6 -1.</_>
        <_>
          13 8 17 2 3.</_></rects>
      <tilted>0</tilted></_>
    <_>
      <rects>
        <_>
          13 7 12 4 -1.</_>
        <_>
          17 7 4 4 3.</_></rects>
      <tilted>0</tilted></_>
    <_>
      <rects>
        <_>
          13 8 2 2 -1.</_>
        <_>
          13 9 2 1 2.</_></rects>
      <tilted>0</tilted></_>
    <_>
      <rects>
        <_>
          13 8 4 3 -1.</_>
        <_>
          13 9 4 1 3.</_></rects>
      <tilted>0</tilted></_>
    <_>
      <rects>
        <_>
          13 9 3 3 -1.</_>
        <_>
          13 10 3 1 3.</_></rects>
      <tilted>0</tilted></_>
    <_>
      <rects>
        <_>
          13 9 5 3 -1.</_>
        <_>
          13 10 5 1 3.</_></rects>
      <tilted>0</tilted></_>
    <_>
      <rects>
        <_>
          13 10 18 3 -1.</_>
        <_>
          19 10 6 3 3.</_></rects>
      <tilted>0</tilted></_>
    <_>
      <rects>
        <_>
          13 11 1 3 -1.</_>
        <_>
          13 12 1 1 3.</_></rects>
      <tilted>0</tilted></_>
    <_>
      <rects>
        <_>
          13 12 2 2 -1.</_>
        <_>
          13 13 2 1 2.</_></rects>
      <tilted>0</tilted></_>
    <_>
      <rects>
        <_>
          14 0 1 2 -1.</_>
        <_>
          14 1 1 1 2.</_></rects>
      <tilted>0</tilted></_>
    <_>
      <rects>
        <_>
          14 0 5 8 -1.</_>
        <_>
          14 4 5 4 2.</_></rects>
      <tilted>0</tilted></_>
    <_>
      <rects>
        <_>
          14 0 10 16 -1.</_>
        <_>
          14 0 5 8 2.</_>
        <_>
          19 8 5 8 2.</_></rects>
      <tilted>0</tilted></_>
    <_>
      <rects>
        <_>
          14 0 10 6 -1.</_>
        <_>
          14 3 10 3 2.</_></rects>
      <tilted>0</tilted></_>
    <_>
      <rects>
        <_>
          14 1 2 1 -1.</_>
        <_>
          15 1 1 1 2.</_></rects>
      <tilted>0</tilted></_>
    <_>
      <rects>
        <_>
          14 4 3 9 -1.</_>
        <_>
          14 7 3 3 3.</_></rects>
      <tilted>0</tilted></_>
    <_>
      <rects>
        <_>
          14 4 6 4 -1.</_>
        <_>
          14 6 6 2 2.</_></rects>
      <tilted>0</tilted></_>
    <_>
      <rects>
        <_>
          14 5 2 3 -1.</_>
        <_>
          14 6 2 1 3.</_></rects>
      <tilted>0</tilted></_>
    <_>
      <rects>
        <_>
          14 6 1 3 -1.</_>
        <_>
          14 7 1 1 3.</_></rects>
      <tilted>0</tilted></_>
    <_>
      <rects>
        <_>
          14 6 4 2 -1.</_>
        <_>
          14 6 2 1 2.</_>
        <_>
          16 7 2 1 2.</_></rects>
      <tilted>0</tilted></_>
    <_>
      <rects>
        <_>
          14 9 6 2 -1.</_>
        <_>
          17 9 3 2 2.</_></rects>
      <tilted>0</tilted></_>
    <_>
      <rects>
        <_>
          14 10 4 2 -1.</_>
        <_>
          14 10 2 1 2.</_>
        <_>
          16 11 2 1 2.</_></rects>
      <tilted>0</tilted></_>
    <_>
      <rects>
        <_>
          14 11 3 4 -1.</_>
        <_>
          14 13 3 2 2.</_></rects>
      <tilted>0</tilted></_>
    <_>
      <rects>
        <_>
          14 13 5 3 -1.</_>
        <_>
          14 14 5 1 3.</_></rects>
      <tilted>0</tilted></_>
    <_>
      <rects>
        <_>
          15 0 2 3 -1.</_>
        <_>
          15 1 2 1 3.</_></rects>
      <tilted>0</tilted></_>
    <_>
      <rects>
        <_>
          15 0 3 18 -1.</_>
        <_>
          15 9 3 9 2.</_></rects>
      <tilted>0</tilted></_>
    <_>
      <rects>
        <_>
          15 0 8 17 -1.</_>
        <_>
          19 0 4 17 2.</_></rects>
      <tilted>0</tilted></_>
    <_>
      <rects>
        <_>
          15 1 1 3 -1.</_>
        <_>
          15 2 1 1 3.</_></rects>
      <tilted>0</tilted></_>
    <_>
      <rects>
        <_>
          15 2 1 3 -1.</_>
        <_>
          15 3 1 1 3.</_></rects>
      <tilted>0</tilted></_>
    <_>
      <rects>
        <_>
          15 2 10 16 -1.</_>
        <_>
          15 2 5 8 2.</_>
        <_>
          20 10 5 8 2.</_></rects>
      <tilted>0</tilted></_>
    <_>
      <rects>
        <_>
          15 3 1 9 -1.</_>
        <_>
          15 6 1 3 3.</_></rects>
      <tilted>0</tilted></_>
    <_>
      <rects>
        <_>
          15 4 1 3 -1.</_>
        <_>
          15 5 1 1 3.</_></rects>
      <tilted>0</tilted></_>
    <_>
      <rects>
        <_>
          15 4 5 9 -1.</_>
        <_>
          15 7 5 3 3.</_></rects>
      <tilted>0</tilted></_>
    <_>
      <rects>
        <_>
          15 5 1 6 -1.</_>
        <_>
          15 7 1 2 3.</_></rects>
      <tilted>0</tilted></_>
    <_>
      <rects>
        <_>
          15 5 4 4 -1.</_>
        <_>
          15 7 4 2 2.</_></rects>
      <tilted>0</tilted></_>
    <_>
      <rects>
        <_>
          15 6 16 6 -1.</_>
        <_>
          15 8 16 2 3.</_></rects>
      <tilted>0</tilted></_>
    <_>
      <rects>
        <_>
          15 12 2 3 -1.</_>
        <_>
          15 13 2 1 3.</_></rects>
      <tilted>0</tilted></_>
    <_>
      <rects>
        <_>
          16 0 6 4 -1.</_>
        <_>
          16 0 3 2 2.</_>
        <_>
          19 2 3 2 2.</_></rects>
      <tilted>0</tilted></_>
    <_>
      <rects>
        <_>
          16 3 1 3 -1.</_>
        <_>
          16 4 1 1 3.</_></rects>
      <tilted>0</tilted></_>
    <_>
      <rects>
        <_>
          16 3 5 2 -1.</_>
        <_>
          16 4 5 1 2.</_></rects>
      <tilted>0</tilted></_>
    <_>
      <rects>
        <_>
          16 3 5 4 -1.</_>
        <_>
          16 5 5 2 2.</_></rects>
      <tilted>0</tilted></_>
    <_>
      <rects>
        <_>
          16 4 3 12 -1.</_>
        <_>
          16 8 3 4 3.</_></rects>
      <tilted>0</tilted></_>
    <_>
      <rects>
        <_>
          16 5 5 9 -1.</_>
        <_>
          16 8 5 3 3.</_></rects>
      <tilted>0</tilted></_>
    <_>
      <rects>
        <_>
          16 6 1 4 -1.</_>
        <_>
          16 8 1 2 2.</_></rects>
      <tilted>0</tilted></_>
    <_>
      <rects>
        <_>
          16 6 3 3 -1.</_>
        <_>
          17 6 1 3 3.</_></rects>
      <tilted>0</tilted></_>
    <_>
      <rects>
        <_>
          16 6 12 8 -1.</_>
        <_>
          20 6 4 8 3.</_></rects>
      <tilted>0</tilted></_>
    <_>
      <rects>
        <_>
          16 7 3 3 -1.</_>
        <_>
          17 7 1 3 3.</_></rects>
      <tilted>0</tilted></_>
    <_>
      <rects>
        <_>
          16 7 8 2 -1.</_>
        <_>
          16 7 4 1 2.</_>
        <_>
          20 8 4 1 2.</_></rects>
      <tilted>0</tilted></_>
    <_>
      <rects>
        <_>
          16 8 2 2 -1.</_>
        <_>
          16 9 2 1 2.</_></rects>
      <tilted>0</tilted></_>
    <_>
      <rects>
        <_>
          16 9 1 6 -1.</_>
        <_>
          16 11 1 2 3.</_></rects>
      <tilted>0</tilted></_>
    <_>
      <rects>
        <_>
          16 9 3 4 -1.</_>
        <_>
          16 11 3 2 2.</_></rects>
      <tilted>0</tilted></_>
    <_>
      <rects>
        <_>
          16 9 4 3 -1.</_>
        <_>
          16 10 4 1 3.</_></rects>
      <tilted>0</tilted></_>
    <_>
      <rects>
        <_>
          16 12 12 1 -1.</_>
        <_>
          20 12 4 1 3.</_></rects>
      <tilted>0</tilted></_>
    <_>
      <rects>
        <_>
          16 12 8 2 -1.</_>
        <_>
          16 12 4 1 2.</_>
        <_>
          20 13 4 1 2.</_></rects>
      <tilted>0</tilted></_>
    <_>
      <rects>
        <_>
          16 15 2 1 -1.</_>
        <_>
          17 15 1 1 2.</_></rects>
      <tilted>0</tilted></_>
    <_>
      <rects>
        <_>
          17 1 4 12 -1.</_>
        <_>
          17 1 2 6 2.</_>
        <_>
          19 7 2 6 2.</_></rects>
      <tilted>0</tilted></_>
    <_>
      <rects>
        <_>
          17 3 1 3 -1.</_>
        <_>
          17 4 1 1 3.</_></rects>
      <tilted>0</tilted></_>
    <_>
      <rects>
        <_>
          17 5 3 3 -1.</_>
        <_>
          17 6 3 1 3.</_></rects>
      <tilted>0</tilted></_>
    <_>
      <rects>
        <_>
          17 7 3 3 -1.</_>
        <_>
          18 7 1 3 3.</_></rects>
      <tilted>0</tilted></_>
    <_>
      <rects>
        <_>
          17 7 6 6 -1.</_>
        <_>
          19 7 2 6 3.</_></rects>
      <tilted>0</tilted></_>
    <_>
      <rects>
        <_>
          17 7 8 3 -1.</_>
        <_>
          21 7 4 3 2.</_></rects>
      <tilted>0</tilted></_>
    <_>
      <rects>
        <_>
          17 8 2 4 -1.</_>
        <_>
          17 8 1 2 2.</_>
        <_>
          18 10 1 2 2.</_></rects>
      <tilted>0</tilted></_>
    <_>
      <rects>
        <_>
          17 9 2 2 -1.</_>
        <_>
          17 9 1 1 2.</_>
        <_>
          18 10 1 1 2.</_></rects>
      <tilted>0</tilted></_>
    <_>
      <rects>
        <_>
          17 9 8 1 -1.</_>
        <_>
          21 9 4 1 2.</_></rects>
      <tilted>0</tilted></_>
    <_>
      <rects>
        <_>
          17 10 3 3 -1.</_>
        <_>
          17 11 3 1 3.</_></rects>
      <tilted>0</tilted></_>
    <_>
      <rects>
        <_>
          17 10 6 6 -1.</_>
        <_>
          17 10 3 3 2.</_>
        <_>
          20 13 3 3 2.</_></rects>
      <tilted>0</tilted></_>
    <_>
      <rects>
        <_>
          18 2 2 10 -1.</_>
        <_>
          18 2 1 5 2.</_>
        <_>
          19 7 1 5 2.</_></rects>
      <tilted>0</tilted></_>
    <_>
      <rects>
        <_>
          18 2 14 12 -1.</_>
        <_>
          25 2 7 12 2.</_></rects>
      <tilted>0</tilted></_>
    <_>
      <rects>
        <_>
          18 4 2 3 -1.</_>
        <_>
          18 5 2 1 3.</_></rects>
      <tilted>0</tilted></_>
    <_>
      <rects>
        <_>
          18 5 2 4 -1.</_>
        <_>
          18 5 1 2 2.</_>
        <_>
          19 7 1 2 2.</_></rects>
      <tilted>0</tilted></_>
    <_>
      <rects>
        <_>
          18 5 6 6 -1.</_>
        <_>
          21 5 3 6 2.</_></rects>
      <tilted>0</tilted></_>
    <_>
      <rects>
        <_>
          18 6 4 2 -1.</_>
        <_>
          18 6 2 1 2.</_>
        <_>
          20 7 2 1 2.</_></rects>
      <tilted>0</tilted></_>
    <_>
      <rects>
        <_>
          18 6 5 3 -1.</_>
        <_>
          18 7 5 1 3.</_></rects>
      <tilted>0</tilted></_>
    <_>
      <rects>
        <_>
          18 7 6 10 -1.</_>
        <_>
          18 7 3 5 2.</_>
        <_>
          21 12 3 5 2.</_></rects>
      <tilted>0</tilted></_>
    <_>
      <rects>
        <_>
          18 8 1 2 -1.</_>
        <_>
          18 9 1 1 2.</_></rects>
      <tilted>0</tilted></_>
    <_>
      <rects>
        <_>
          18 8 3 5 -1.</_>
        <_>
          19 8 1 5 3.</_></rects>
      <tilted>0</tilted></_>
    <_>
      <rects>
        <_>
          18 9 3 2 -1.</_>
        <_>
          19 9 1 2 3.</_></rects>
      <tilted>0</tilted></_>
    <_>
      <rects>
        <_>
          18 9 3 3 -1.</_>
        <_>
          19 9 1 3 3.</_></rects>
      <tilted>0</tilted></_>
    <_>
      <rects>
        <_>
          18 9 5 3 -1.</_>
        <_>
          18 10 5 1 3.</_></rects>
      <tilted>0</tilted></_>
    <_>
      <rects>
        <_>
          19 0 6 1 -1.</_>
        <_>
          22 0 3 1 2.</_></rects>
      <tilted>0</tilted></_>
    <_>
      <rects>
        <_>
          19 4 1 3 -1.</_>
        <_>
          19 5 1 1 3.</_></rects>
      <tilted>0</tilted></_>
    <_>
      <rects>
        <_>
          19 4 1 6 -1.</_>
        <_>
          19 6 1 2 3.</_></rects>
      <tilted>0</tilted></_>
    <_>
      <rects>
        <_>
          19 4 3 3 -1.</_>
        <_>
          19 5 3 1 3.</_></rects>
      <tilted>0</tilted></_>
    <_>
      <rects>
        <_>
          19 6 4 3 -1.</_>
        <_>
          19 7 4 1 3.</_></rects>
      <tilted>0</tilted></_>
    <_>
      <rects>
        <_>
          19 7 1 3 -1.</_>
        <_>
          19 8 1 1 3.</_></rects>
      <tilted>0</tilted></_>
    <_>
      <rects>
        <_>
          19 7 2 3 -1.</_>
        <_>
          19 8 2 1 3.</_></rects>
      <tilted>0</tilted></_>
    <_>
      <rects>
        <_>
          19 8 2 3 -1.</_>
        <_>
          19 9 2 1 3.</_></rects>
      <tilted>0</tilted></_>
    <_>
      <rects>
        <_>
          20 0 3 14 -1.</_>
        <_>
          20 7 3 7 2.</_></rects>
      <tilted>0</tilted></_>
    <_>
      <rects>
        <_>
          20 6 12 2 -1.</_>
        <_>
          20 6 6 1 2.</_>
        <_>
          26 7 6 1 2.</_></rects>
      <tilted>0</tilted></_>
    <_>
      <rects>
        <_>
          20 6 12 12 -1.</_>
        <_>
          26 6 6 12 2.</_></rects>
      <tilted>0</tilted></_>
    <_>
      <rects>
        <_>
          20 10 2 4 -1.</_>
        <_>
          21 10 1 4 2.</_></rects>
      <tilted>0</tilted></_>
    <_>
      <rects>
        <_>
          21 0 4 12 -1.</_>
        <_>
          21 6 4 6 2.</_></rects>
      <tilted>0</tilted></_>
    <_>
      <rects>
        <_>
          21 1 1 9 -1.</_>
        <_>
          21 4 1 3 3.</_></rects>
      <tilted>0</tilted></_>
    <_>
      <rects>
        <_>
          21 6 9 1 -1.</_>
        <_>
          24 6 3 1 3.</_></rects>
      <tilted>0</tilted></_>
    <_>
      <rects>
        <_>
          21 8 2 1 -1.</_>
        <_>
          22 8 1 1 2.</_></rects>
      <tilted>0</tilted></_>
    <_>
      <rects>
        <_>
          21 10 2 2 -1.</_>
        <_>
          22 10 1 2 2.</_></rects>
      <tilted>0</tilted></_>
    <_>
      <rects>
        <_>
          21 10 11 8 -1.</_>
        <_>
          21 14 11 4 2.</_></rects>
      <tilted>0</tilted></_>
    <_>
      <rects>
        <_>
          21 11 1 2 -1.</_>
        <_>
          21 12 1 1 2.</_></rects>
      <tilted>0</tilted></_>
    <_>
      <rects>
        <_>
          21 12 2 1 -1.</_>
        <_>
          22 12 1 1 2.</_></rects>
      <tilted>0</tilted></_>
    <_>
      <rects>
        <_>
          22 8 9 1 -1.</_>
        <_>
          25 8 3 1 3.</_></rects>
      <tilted>0</tilted></_>
    <_>
      <rects>
        <_>
          22 8 10 7 -1.</_>
        <_>
          27 8 5 7 2.</_></rects>
      <tilted>0</tilted></_>
    <_>
      <rects>
        <_>
          22 10 1 2 -1.</_>
        <_>
          22 11 1 1 2.</_></rects>
      <tilted>0</tilted></_>
    <_>
      <rects>
        <_>
          22 10 1 3 -1.</_>
        <_>
          22 11 1 1 3.</_></rects>
      <tilted>0</tilted></_>
    <_>
      <rects>
        <_>
          22 11 1 2 -1.</_>
        <_>
          22 12 1 1 2.</_></rects>
      <tilted>0</tilted></_>
    <_>
      <rects>
        <_>
          23 0 3 1 -1.</_>
        <_>
          24 0 1 1 3.</_></rects>
      <tilted>0</tilted></_>
    <_>
      <rects>
        <_>
          23 0 6 18 -1.</_>
        <_>
          23 6 6 6 3.</_></rects>
      <tilted>0</tilted></_>
    <_>
      <rects>
        <_>
          23 7 1 2 -1.</_>
        <_>
          23 8 1 1 2.</_></rects>
      <tilted>0</tilted></_>
    <_>
      <rects>
        <_>
          23 9 1 2 -1.</_>
        <_>
          23 10 1 1 2.</_></rects>
      <tilted>0</tilted></_>
    <_>
      <rects>
        <_>
          23 10 1 2 -1.</_>
        <_>
          23 11 1 1 2.</_></rects>
      <tilted>0</tilted></_>
    <_>
      <rects>
        <_>
          23 13 1 2 -1.</_>
        <_>
          23 14 1 1 2.</_></rects>
      <tilted>0</tilted></_>
    <_>
      <rects>
        <_>
          23 14 2 1 -1.</_>
        <_>
          24 14 1 1 2.</_></rects>
      <tilted>0</tilted></_>
    <_>
      <rects>
        <_>
          24 0 3 1 -1.</_>
        <_>
          25 0 1 1 3.</_></rects>
      <tilted>0</tilted></_>
    <_>
      <rects>
        <_>
          24 5 1 2 -1.</_>
        <_>
          24 6 1 1 2.</_></rects>
      <tilted>0</tilted></_>
    <_>
      <rects>
        <_>
          24 7 2 4 -1.</_>
        <_>
          25 7 1 4 2.</_></rects>
      <tilted>0</tilted></_>
    <_>
      <rects>
        <_>
          24 8 6 2 -1.</_>
        <_>
          27 8 3 2 2.</_></rects>
      <tilted>0</tilted></_>
    <_>
      <rects>
        <_>
          24 9 2 1 -1.</_>
        <_>
          25 9 1 1 2.</_></rects>
      <tilted>0</tilted></_>
    <_>
      <rects>
        <_>
          24 11 2 1 -1.</_>
        <_>
          25 11 1 1 2.</_></rects>
      <tilted>0</tilted></_>
    <_>
      <rects>
        <_>
          25 13 1 2 -1.</_>
        <_>
          25 14 1 1 2.</_></rects>
      <tilted>0</tilted></_>
    <_>
      <rects>
        <_>
          26 7 2 1 -1.</_>
        <_>
          27 7 1 1 2.</_></rects>
      <tilted>0</tilted></_>
    <_>
      <rects>
        <_>
          27 1 4 2 -1.</_>
        <_>
          27 1 2 1 2.</_>
        <_>
          29 2 2 1 2.</_></rects>
      <tilted>0</tilted></_>
    <_>
      <rects>
        <_>
          28 0 4 2 -1.</_>
        <_>
          28 1 4 1 2.</_></rects>
      <tilted>0</tilted></_>
    <_>
      <rects>
        <_>
          28 17 4 2 -1.</_>
        <_>
          28 18 4 1 2.</_></rects>
      <tilted>0</tilted></_>
    <_>
      <rects>
        <_>
          29 1 2 4 -1.</_>
        <_>
          29 1 1 2 2.</_>
        <_>
          30 3 1 2 2.</_></rects>
      <tilted>0</tilted></_>
    <_>
      <rects>
        <_>
          29 13 3 3 -1.</_>
        <_>
          29 14 3 1 3.</_></rects>
      <tilted>0</tilted></_>
    <_>
      <rects>
        <_>
          31 3 1 4 -1.</_>
        <_>
          31 5 1 2 2.</_></rects>
      <tilted>0</tilted></_></features></cascade>
</opencv_storage>
