<?xml version="1.0"?>
<opencv_storage>
<cascade>
  <stageType>BOOST</stageType>
  <featureType>HAAR</featureType>
  <height>20</height>
  <width>40</width>
  <stageParams>
    <boostType>GAB</boostType>
    <minHitRate>9.9900001287460327e-01</minHitRate>
    <maxFalseAlarm>5.0000000000000000e-01</maxFalseAlarm>
    <weightTrimRate>9.4999999999999996e-01</weightTrimRate>
    <maxDepth>1</maxDepth>
    <maxWeakCount>100</maxWeakCount></stageParams>
  <featureParams>
    <maxCatCount>0</maxCatCount>
    <featSize>1</featSize>
    <mode>BASIC</mode></featureParams>
  <stageNum>20</stageNum>
  <stages>
    <!-- stage 0 -->
    <_>
      <maxWeakCount>9</maxWeakCount>
      <stageThreshold>-6.1457717418670654e-01</stageThreshold>
      <weakClassifiers>
        <_>
          <internalNodes>
            0 -1 105 -3.0860020779073238e-03</internalNodes>
          <leafValues>
            7.5280898809432983e-01 -1.5985129773616791e-01</leafValues></_>
        <_>
          <internalNodes>
            0 -1 38 1.4688780531287193e-02</internalNodes>
          <leafValues>
            -3.4221303462982178e-01 5.9228932857513428e-01</leafValues></_>
        <_>
          <internalNodes>
            0 -1 134 -9.0290280058979988e-04</internalNodes>
          <leafValues>
            7.5915300846099854e-01 -2.0205551385879517e-01</leafValues></_>
        <_>
          <internalNodes>
            0 -1 27 1.2893634848296642e-02</internalNodes>
          <leafValues>
            -3.1470736861228943e-01 5.8191788196563721e-01</leafValues></_>
        <_>
          <internalNodes>
            0 -1 132 -3.9464878500439227e-04</internalNodes>
          <leafValues>
            6.0378062725067139e-01 -3.1207814812660217e-01</leafValues></_>
        <_>
          <internalNodes>
            0 -1 147 -7.3778419755399227e-04</internalNodes>
          <leafValues>
            7.5781083106994629e-01 -2.3747542500495911e-01</leafValues></_>
        <_>
          <internalNodes>
            0 -1 158 2.2992719896137714e-03</internalNodes>
          <leafValues>
            -2.2829028964042664e-01 7.8445976972579956e-01</leafValues></_>
        <_>
          <internalNodes>
            0 -1 95 3.1721733976155519e-03</internalNodes>
          <leafValues>
            -2.5572291016578674e-01 6.4193886518478394e-01</leafValues></_>
        <_>
          <internalNodes>
            0 -1 163 -6.5453965216875076e-03</internalNodes>
          <leafValues>
            5.2515655755996704e-01 -3.2132527232170105e-01</leafValues></_></weakClassifiers></_>
    <!-- stage 1 -->
    <_>
      <maxWeakCount>9</maxWeakCount>
      <stageThreshold>-4.6520605683326721e-01</stageThreshold>
      <weakClassifiers>
        <_>
          <internalNodes>
            0 -1 52 1.0033041983842850e-01</internalNodes>
          <leafValues>
            5.3136533498764038e-01 -7.5903612375259399e-01</leafValues></_>
        <_>
          <internalNodes>
            0 -1 4 -3.8193932175636292e-01</internalNodes>
          <leafValues>
            -8.7880575656890869e-01 2.9404699802398682e-01</leafValues></_>
        <_>
          <internalNodes>
            0 -1 9 1.3039918243885040e-01</internalNodes>
          <leafValues>
            2.2799034416675568e-01 -7.3344820737838745e-01</leafValues></_>
        <_>
          <internalNodes>
            0 -1 153 5.5372249335050583e-04</internalNodes>
          <leafValues>
            -2.3529623448848724e-01 8.7276995182037354e-01</leafValues></_>
        <_>
          <internalNodes>
            0 -1 183 -5.2420492283999920e-04</internalNodes>
          <leafValues>
            9.1095525026321411e-01 -2.2148898243904114e-01</leafValues></_>
        <_>
          <internalNodes>
            0 -1 121 1.0398398153483868e-03</internalNodes>
          <leafValues>
            -1.6993573307991028e-01 8.6652785539627075e-01</leafValues></_>
        <_>
          <internalNodes>
            0 -1 190 -7.6756533235311508e-04</internalNodes>
          <leafValues>
            9.8478627204895020e-01 -1.4894524216651917e-01</leafValues></_>
        <_>
          <internalNodes>
            0 -1 144 1.2084132758900523e-03</internalNodes>
          <leafValues>
            -2.4435824155807495e-01 7.6654237508773804e-01</leafValues></_>
        <_>
          <internalNodes>
            0 -1 99 -1.7740750918164849e-03</internalNodes>
          <leafValues>
            7.9181718826293945e-01 -2.1934141218662262e-01</leafValues></_></weakClassifiers></_>
    <!-- stage 2 -->
    <_>
      <maxWeakCount>12</maxWeakCount>
      <stageThreshold>-9.0936172008514404e-01</stageThreshold>
      <weakClassifiers>
        <_>
          <internalNodes>
            0 -1 76 -9.7889661788940430e-02</internalNodes>
          <leafValues>
            -6.3888889551162720e-01 4.9005424976348877e-01</leafValues></_>
        <_>
          <internalNodes>
            0 -1 168 -7.2146032471209764e-04</internalNodes>
          <leafValues>
            7.4249911308288574e-01 -2.1843367815017700e-01</leafValues></_>
        <_>
          <internalNodes>
            0 -1 149 -9.5612858422100544e-04</internalNodes>
          <leafValues>
            7.2073984146118164e-01 -2.3484735190868378e-01</leafValues></_>
        <_>
          <internalNodes>
            0 -1 60 2.8766782488673925e-03</internalNodes>
          <leafValues>
            -3.2629621028900146e-01 4.9146765470504761e-01</leafValues></_>
        <_>
          <internalNodes>
            0 -1 56 -3.8400046527385712e-02</internalNodes>
          <leafValues>
            6.3518661260604858e-01 -2.7537390589714050e-01</leafValues></_>
        <_>
          <internalNodes>
            0 -1 92 2.4609538377262652e-04</internalNodes>
          <leafValues>
            -2.4882176518440247e-01 6.7626386880874634e-01</leafValues></_>
        <_>
          <internalNodes>
            0 -1 77 -1.4087164308875799e-03</internalNodes>
          <leafValues>
            5.4740482568740845e-01 -2.5074505805969238e-01</leafValues></_>
        <_>
          <internalNodes>
            0 -1 199 2.0796547178179026e-03</internalNodes>
          <leafValues>
            3.1991395354270935e-01 -4.8256757855415344e-01</leafValues></_>
        <_>
          <internalNodes>
            0 -1 150 1.6609750455245376e-03</internalNodes>
          <leafValues>
            -1.8714918196201324e-01 9.1290879249572754e-01</leafValues></_>
        <_>
          <internalNodes>
            0 -1 161 1.5093117253854871e-03</internalNodes>
          <leafValues>
            -1.1268935352563858e-01 9.3882864713668823e-01</leafValues></_>
        <_>
          <internalNodes>
            0 -1 104 -4.9355621740687639e-05</internalNodes>
          <leafValues>
            3.8723763823509216e-01 -4.5554301142692566e-01</leafValues></_>
        <_>
          <internalNodes>
            0 -1 130 -1.6826761420816183e-03</internalNodes>
          <leafValues>
            6.3083338737487793e-01 -2.4787938594818115e-01</leafValues></_></weakClassifiers></_>
    <!-- stage 3 -->
    <_>
      <maxWeakCount>12</maxWeakCount>
      <stageThreshold>-5.3188401460647583e-01</stageThreshold>
      <weakClassifiers>
        <_>
          <internalNodes>
            0 -1 7 -7.8815996646881104e-02</internalNodes>
          <leafValues>
            -6.5217393636703491e-01 4.8561149835586548e-01</leafValues></_>
        <_>
          <internalNodes>
            0 -1 167 3.9022805867716670e-04</internalNodes>
          <leafValues>
            -5.0782293081283569e-01 3.3988416194915771e-01</leafValues></_>
        <_>
          <internalNodes>
            0 -1 129 -1.5194080770015717e-03</internalNodes>
          <leafValues>
            7.0114153623580933e-01 -1.9664309918880463e-01</leafValues></_>
        <_>
          <internalNodes>
            0 -1 117 2.4060723371803761e-03</internalNodes>
          <leafValues>
            -2.2434753179550171e-01 7.1433025598526001e-01</leafValues></_>
        <_>
          <internalNodes>
            0 -1 185 -1.0115872137248516e-03</internalNodes>
          <leafValues>
            5.3223979473114014e-01 -2.2268258035182953e-01</leafValues></_>
        <_>
          <internalNodes>
            0 -1 54 1.0695268429117277e-04</internalNodes>
          <leafValues>
            2.4345353245735168e-01 -5.2677553892135620e-01</leafValues></_>
        <_>
          <internalNodes>
            0 -1 182 1.6424341592937708e-03</internalNodes>
          <leafValues>
            -1.8392561376094818e-01 7.6862150430679321e-01</leafValues></_>
        <_>
          <internalNodes>
            0 -1 156 -1.1003157123923302e-03</internalNodes>
          <leafValues>
            7.8381001949310303e-01 -1.5117068588733673e-01</leafValues></_>
        <_>
          <internalNodes>
            0 -1 119 1.0551462764851749e-04</internalNodes>
          <leafValues>
            3.0617946386337280e-01 -4.9591881036758423e-01</leafValues></_>
        <_>
          <internalNodes>
            0 -1 94 -7.5545627623796463e-04</internalNodes>
          <leafValues>
            3.5126069188117981e-01 -3.8756543397903442e-01</leafValues></_>
        <_>
          <internalNodes>
            0 -1 176 -3.7111963611096144e-03</internalNodes>
          <leafValues>
            7.3707705736160278e-01 -2.0332118868827820e-01</leafValues></_>
        <_>
          <internalNodes>
            0 -1 179 1.2556042056530714e-03</internalNodes>
          <leafValues>
            -2.1316881477832794e-01 7.1430867910385132e-01</leafValues></_></weakClassifiers></_>
    <!-- stage 4 -->
    <_>
      <maxWeakCount>12</maxWeakCount>
      <stageThreshold>-9.5635634660720825e-01</stageThreshold>
      <weakClassifiers>
        <_>
          <internalNodes>
            0 -1 116 -5.3750596940517426e-02</internalNodes>
          <leafValues>
            -9.3333333730697632e-01 4.9734511971473694e-01</leafValues></_>
        <_>
          <internalNodes>
            0 -1 166 -1.1766415555030107e-03</internalNodes>
          <leafValues>
            5.1928007602691650e-01 -2.6753005385398865e-01</leafValues></_>
        <_>
          <internalNodes>
            0 -1 124 -7.3175970464944839e-03</internalNodes>
          <leafValues>
            -8.8185226917266846e-01 1.2650963664054871e-01</leafValues></_>
        <_>
          <internalNodes>
            0 -1 184 -8.9910428505390882e-04</internalNodes>
          <leafValues>
            6.4862865209579468e-01 -2.3819436132907867e-01</leafValues></_>
        <_>
          <internalNodes>
            0 -1 195 9.3668885529041290e-03</internalNodes>
          <leafValues>
            -4.4833353161811829e-01 3.7081640958786011e-01</leafValues></_>
        <_>
          <internalNodes>
            0 -1 231 -4.2020115070044994e-03</internalNodes>
          <leafValues>
            -6.2114411592483521e-01 2.2920948266983032e-01</leafValues></_>
        <_>
          <internalNodes>
            0 -1 137 -3.6012043710798025e-04</internalNodes>
          <leafValues>
            5.6530708074569702e-01 -2.7690571546554565e-01</leafValues></_>
        <_>
          <internalNodes>
            0 -1 189 1.1097587645053864e-02</internalNodes>
          <leafValues>
            -1.9698913395404816e-01 7.6603376865386963e-01</leafValues></_>
        <_>
          <internalNodes>
            0 -1 206 -7.9945847392082214e-03</internalNodes>
          <leafValues>
            4.3153142929077148e-01 -2.7991187572479248e-01</leafValues></_>
        <_>
          <internalNodes>
            0 -1 46 2.6334109716117382e-03</internalNodes>
          <leafValues>
            -1.9279745221138000e-01 6.8327635526657104e-01</leafValues></_>
        <_>
          <internalNodes>
            0 -1 205 -7.5992994243279099e-04</internalNodes>
          <leafValues>
            8.5216784477233887e-01 -1.2838973104953766e-01</leafValues></_>
        <_>
          <internalNodes>
            0 -1 18 -7.3765951674431562e-04</internalNodes>
          <leafValues>
            -6.2937378883361816e-01 2.1963125467300415e-01</leafValues></_></weakClassifiers></_>
    <!-- stage 5 -->
    <_>
      <maxWeakCount>14</maxWeakCount>
      <stageThreshold>-4.6521279215812683e-01</stageThreshold>
      <weakClassifiers>
        <_>
          <internalNodes>
            0 -1 64 9.9657520651817322e-02</internalNodes>
          <leafValues>
            5.0850659608840942e-01 -4.5833334326744080e-01</leafValues></_>
        <_>
          <internalNodes>
            0 -1 125 -7.6456833630800247e-03</internalNodes>
          <leafValues>
            -6.6307145357131958e-01 2.2559939324855804e-01</leafValues></_>
        <_>
          <internalNodes>
            0 -1 172 1.4078352251090109e-04</internalNodes>
          <leafValues>
            -2.7376607060432434e-01 4.5558306574821472e-01</leafValues></_>
        <_>
          <internalNodes>
            0 -1 169 -7.0184865035116673e-04</internalNodes>
          <leafValues>
            4.7009989619255066e-01 -2.8206780552864075e-01</leafValues></_>
        <_>
          <internalNodes>
            0 -1 75 -2.4107493460178375e-02</internalNodes>
          <leafValues>
            -8.1317001581192017e-01 1.5328018367290497e-01</leafValues></_>
        <_>
          <internalNodes>
            0 -1 36 4.8821134259924293e-04</internalNodes>
          <leafValues>
            1.9838786125183105e-01 -6.1465579271316528e-01</leafValues></_>
        <_>
          <internalNodes>
            0 -1 148 -1.2536928988993168e-03</internalNodes>
          <leafValues>
            7.0646941661834717e-01 -1.8767645955085754e-01</leafValues></_>
        <_>
          <internalNodes>
            0 -1 175 1.1314596049487591e-03</internalNodes>
          <leafValues>
            -1.8604759871959686e-01 6.7216140031814575e-01</leafValues></_>
        <_>
          <internalNodes>
            0 -1 1 3.7727580638602376e-04</internalNodes>
          <leafValues>
            2.6491567492485046e-01 -5.1355427503585815e-01</leafValues></_>
        <_>
          <internalNodes>
            0 -1 174 -7.6233840081840754e-04</internalNodes>
          <leafValues>
            6.5699619054794312e-01 -2.2353731095790863e-01</leafValues></_>
        <_>
          <internalNodes>
            0 -1 113 -8.8606113567948341e-03</internalNodes>
          <leafValues>
            -5.1089859008789062e-01 2.9327884316444397e-01</leafValues></_>
        <_>
          <internalNodes>
            0 -1 50 7.1809962391853333e-02</internalNodes>
          <leafValues>
            1.8473552167415619e-01 -7.2247022390365601e-01</leafValues></_>
        <_>
          <internalNodes>
            0 -1 154 1.9984108803328127e-04</internalNodes>
          <leafValues>
            -2.9504328966140747e-01 4.8482012748718262e-01</leafValues></_>
        <_>
          <internalNodes>
            0 -1 25 -2.2940526832826436e-04</internalNodes>
          <leafValues>
            -5.5123400688171387e-01 2.9891815781593323e-01</leafValues></_></weakClassifiers></_>
    <!-- stage 6 -->
    <_>
      <maxWeakCount>15</maxWeakCount>
      <stageThreshold>-4.2143526673316956e-01</stageThreshold>
      <weakClassifiers>
        <_>
          <internalNodes>
            0 -1 131 -1.1885585263371468e-02</internalNodes>
          <leafValues>
            -9.0697675943374634e-01 4.5360824465751648e-01</leafValues></_>
        <_>
          <internalNodes>
            0 -1 136 -3.3599024754948914e-04</internalNodes>
          <leafValues>
            6.1786347627639771e-01 -1.8148644268512726e-01</leafValues></_>
        <_>
          <internalNodes>
            0 -1 157 8.3629426080733538e-04</internalNodes>
          <leafValues>
            -2.1309255063533783e-01 6.8122339248657227e-01</leafValues></_>
        <_>
          <internalNodes>
            0 -1 101 1.5296251513063908e-02</internalNodes>
          <leafValues>
            1.6494430601596832e-01 -7.6421564817428589e-01</leafValues></_>
        <_>
          <internalNodes>
            0 -1 44 1.4033603481948376e-02</internalNodes>
          <leafValues>
            -3.9547801017761230e-01 3.3136573433876038e-01</leafValues></_>
        <_>
          <internalNodes>
            0 -1 13 8.9224968105554581e-03</internalNodes>
          <leafValues>
            -1.6795024275779724e-01 7.9034405946731567e-01</leafValues></_>
        <_>
          <internalNodes>
            0 -1 67 -4.4474534690380096e-02</internalNodes>
          <leafValues>
            -8.2537955045700073e-01 1.5513536334037781e-01</leafValues></_>
        <_>
          <internalNodes>
            0 -1 112 4.7098710201680660e-03</internalNodes>
          <leafValues>
            -2.0207236707210541e-01 6.5023386478424072e-01</leafValues></_>
        <_>
          <internalNodes>
            0 -1 142 -3.8014696910977364e-03</internalNodes>
          <leafValues>
            7.8963190317153931e-01 -1.3878308236598969e-01</leafValues></_>
        <_>
          <internalNodes>
            0 -1 79 4.8189103603363037e-02</internalNodes>
          <leafValues>
            2.1347917616367340e-01 -6.3349002599716187e-01</leafValues></_>
        <_>
          <internalNodes>
            0 -1 86 4.1325714439153671e-02</internalNodes>
          <leafValues>
            -1.8335793912410736e-01 6.4875775575637817e-01</leafValues></_>
        <_>
          <internalNodes>
            0 -1 151 -1.8112007528543472e-02</internalNodes>
          <leafValues>
            4.3892768025398254e-01 -2.6543116569519043e-01</leafValues></_>
        <_>
          <internalNodes>
            0 -1 98 1.6844515630509704e-04</internalNodes>
          <leafValues>
            2.0286720991134644e-01 -5.9013140201568604e-01</leafValues></_>
        <_>
          <internalNodes>
            0 -1 72 1.6803864855319262e-03</internalNodes>
          <leafValues>
            -2.1122029423713684e-01 6.2875938415527344e-01</leafValues></_>
        <_>
          <internalNodes>
            0 -1 128 -1.0657628299668431e-03</internalNodes>
          <leafValues>
            6.5552705526351929e-01 -1.5464012324810028e-01</leafValues></_></weakClassifiers></_>
    <!-- stage 7 -->
    <_>
      <maxWeakCount>17</maxWeakCount>
      <stageThreshold>-5.8501136302947998e-01</stageThreshold>
      <weakClassifiers>
        <_>
          <internalNodes>
            0 -1 140 3.5719439387321472e-02</internalNodes>
          <leafValues>
            4.3972834944725037e-01 -9.4444441795349121e-01</leafValues></_>
        <_>
          <internalNodes>
            0 -1 171 5.7732028653845191e-04</internalNodes>
          <leafValues>
            -2.0063917338848114e-01 5.3185504674911499e-01</leafValues></_>
        <_>
          <internalNodes>
            0 -1 145 1.1611194349825382e-03</internalNodes>
          <leafValues>
            -1.3699503242969513e-01 8.0052059888839722e-01</leafValues></_>
        <_>
          <internalNodes>
            0 -1 15 5.8451266959309578e-03</internalNodes>
          <leafValues>
            -3.9160552620887756e-01 2.9344370961189270e-01</leafValues></_>
        <_>
          <internalNodes>
            0 -1 123 -9.8138430621474981e-04</internalNodes>
          <leafValues>
            4.8504805564880371e-01 -2.7065810561180115e-01</leafValues></_>
        <_>
          <internalNodes>
            0 -1 118 -7.0539438165724277e-03</internalNodes>
          <leafValues>
            -6.1783361434936523e-01 1.8594138324260712e-01</leafValues></_>
        <_>
          <internalNodes>
            0 -1 171 -1.4145541936159134e-03</internalNodes>
          <leafValues>
            8.9684998989105225e-01 -1.6829340159893036e-01</leafValues></_>
        <_>
          <internalNodes>
            0 -1 154 -1.3682777062058449e-03</internalNodes>
          <leafValues>
            9.3343371152877808e-01 -9.0070977807044983e-02</leafValues></_>
        <_>
          <internalNodes>
            0 -1 103 1.4901089016348124e-03</internalNodes>
          <leafValues>
            -9.1726206243038177e-02 8.8159686326980591e-01</leafValues></_>
        <_>
          <internalNodes>
            0 -1 209 -8.6209511209744960e-05</internalNodes>
          <leafValues>
            -4.6132621169090271e-01 2.7078130841255188e-01</leafValues></_>
        <_>
          <internalNodes>
            0 -1 159 -4.4320453889667988e-04</internalNodes>
          <leafValues>
            4.3942213058471680e-01 -2.7085229754447937e-01</leafValues></_>
        <_>
          <internalNodes>
            0 -1 152 -1.2832381762564182e-03</internalNodes>
          <leafValues>
            9.2569530010223389e-01 -1.2220029532909393e-01</leafValues></_>
        <_>
          <internalNodes>
            0 -1 218 2.5241365074180067e-04</internalNodes>
          <leafValues>
            2.4972987174987793e-01 -5.3232944011688232e-01</leafValues></_>
        <_>
          <internalNodes>
            0 -1 177 -1.7700440948829055e-03</internalNodes>
          <leafValues>
            8.4186220169067383e-01 -1.6282686591148376e-01</leafValues></_>
        <_>
          <internalNodes>
            0 -1 164 -8.9244393166154623e-04</internalNodes>
          <leafValues>
            7.9377371072769165e-01 -1.2720897793769836e-01</leafValues></_>
        <_>
          <internalNodes>
            0 -1 178 -3.1865502241998911e-03</internalNodes>
          <leafValues>
            7.7317380905151367e-01 -1.3509586453437805e-01</leafValues></_>
        <_>
          <internalNodes>
            0 -1 208 1.9617208745330572e-03</internalNodes>
          <leafValues>
            -2.2372889518737793e-01 5.9437662363052368e-01</leafValues></_></weakClassifiers></_>
    <!-- stage 8 -->
    <_>
      <maxWeakCount>17</maxWeakCount>
      <stageThreshold>-4.8038417100906372e-01</stageThreshold>
      <weakClassifiers>
        <_>
          <internalNodes>
            0 -1 139 -2.0089073106646538e-02</internalNodes>
          <leafValues>
            -5.9375000000000000e-01 4.6880570054054260e-01</leafValues></_>
        <_>
          <internalNodes>
            0 -1 31 -2.8299445286393166e-02</internalNodes>
          <leafValues>
            3.8768038153648376e-01 -2.8054627776145935e-01</leafValues></_>
        <_>
          <internalNodes>
            0 -1 201 2.2469609975814819e-03</internalNodes>
          <leafValues>
            -9.7205206751823425e-02 8.8331592082977295e-01</leafValues></_>
        <_>
          <internalNodes>
            0 -1 83 2.4511823430657387e-03</internalNodes>
          <leafValues>
            -1.9955430924892426e-01 6.1260944604873657e-01</leafValues></_>
        <_>
          <internalNodes>
            0 -1 61 -3.3070698380470276e-02</internalNodes>
          <leafValues>
            6.3436037302017212e-01 -1.4002205431461334e-01</leafValues></_>
        <_>
          <internalNodes>
            0 -1 173 -2.5688408641144633e-04</internalNodes>
          <leafValues>
            5.4165202379226685e-01 -1.9549357891082764e-01</leafValues></_>
        <_>
          <internalNodes>
            0 -1 96 4.4683140004053712e-04</internalNodes>
          <leafValues>
            2.3946644365787506e-01 -4.8678138852119446e-01</leafValues></_>
        <_>
          <internalNodes>
            0 -1 233 1.3304767198860645e-03</internalNodes>
          <leafValues>
            -1.8427526950836182e-01 5.9754598140716553e-01</leafValues></_>
        <_>
          <internalNodes>
            0 -1 133 -1.1133156949654222e-03</internalNodes>
          <leafValues>
            4.1105547547340393e-01 -2.3007793724536896e-01</leafValues></_>
        <_>
          <internalNodes>
            0 -1 93 1.2485534884035587e-02</internalNodes>
          <leafValues>
            1.5969353914260864e-01 -6.7583751678466797e-01</leafValues></_>
        <_>
          <internalNodes>
            0 -1 127 -1.7429280560463667e-03</internalNodes>
          <leafValues>
            8.1820499897003174e-01 -1.5990720689296722e-01</leafValues></_>
        <_>
          <internalNodes>
            0 -1 203 -2.1565086208283901e-03</internalNodes>
          <leafValues>
            7.0345067977905273e-01 -1.3060487806797028e-01</leafValues></_>
        <_>
          <internalNodes>
            0 -1 11 1.7651798203587532e-02</internalNodes>
          <leafValues>
            -1.9711159169673920e-01 5.6180900335311890e-01</leafValues></_>
        <_>
          <internalNodes>
            0 -1 57 1.4745844237040728e-04</internalNodes>
          <leafValues>
            2.2403448820114136e-01 -4.9179664254188538e-01</leafValues></_>
        <_>
          <internalNodes>
            0 -1 232 -1.0208332911133766e-02</internalNodes>
          <leafValues>
            6.1661660671234131e-01 -1.9369748234748840e-01</leafValues></_>
        <_>
          <internalNodes>
            0 -1 186 4.3338222894817591e-04</internalNodes>
          <leafValues>
            -1.7972034215927124e-01 6.0479384660720825e-01</leafValues></_>
        <_>
          <internalNodes>
            0 -1 150 2.0312846172600985e-03</internalNodes>
          <leafValues>
            -1.2131382524967194e-01 7.3922473192214966e-01</leafValues></_></weakClassifiers></_>
    <!-- stage 9 -->
    <_>
      <maxWeakCount>9</maxWeakCount>
      <stageThreshold>-3.8388499617576599e-01</stageThreshold>
      <weakClassifiers>
        <_>
          <internalNodes>
            0 -1 34 2.0896253408864141e-04</internalNodes>
          <leafValues>
            5.8898305892944336e-01 -3.4640523791313171e-01</leafValues></_>
        <_>
          <internalNodes>
            0 -1 37 -2.1390864276327193e-04</internalNodes>
          <leafValues>
            -6.3306307792663574e-01 3.2761332392692566e-01</leafValues></_>
        <_>
          <internalNodes>
            0 -1 62 3.6289736628532410e-02</internalNodes>
          <leafValues>
            -3.8831523060798645e-01 4.6579423546791077e-01</leafValues></_>
        <_>
          <internalNodes>
            0 -1 224 2.8304310399107635e-04</internalNodes>
          <leafValues>
            2.2786915302276611e-01 -7.5473320484161377e-01</leafValues></_>
        <_>
          <internalNodes>
            0 -1 97 1.4652375830337405e-04</internalNodes>
          <leafValues>
            2.4611194431781769e-01 -6.5917474031448364e-01</leafValues></_>
        <_>
          <internalNodes>
            0 -1 194 -1.1015147174475715e-04</internalNodes>
          <leafValues>
            -5.4258930683135986e-01 3.2374042272567749e-01</leafValues></_>
        <_>
          <internalNodes>
            0 -1 87 1.5061357407830656e-04</internalNodes>
          <leafValues>
            2.7670797705650330e-01 -6.6607785224914551e-01</leafValues></_>
        <_>
          <internalNodes>
            0 -1 6 -3.8212761282920837e-02</internalNodes>
          <leafValues>
            8.3414679765701294e-01 -2.9265940189361572e-01</leafValues></_>
        <_>
          <internalNodes>
            0 -1 227 -3.1063653295859694e-04</internalNodes>
          <leafValues>
            -6.3843965530395508e-01 3.3801895380020142e-01</leafValues></_></weakClassifiers></_>
    <!-- stage 10 -->
    <_>
      <maxWeakCount>7</maxWeakCount>
      <stageThreshold>-8.0555593967437744e-01</stageThreshold>
      <weakClassifiers>
        <_>
          <internalNodes>
            0 -1 194 4.2931057396344841e-04</internalNodes>
          <leafValues>
            6.9090908765792847e-01 -4.2702701687812805e-01</leafValues></_>
        <_>
          <internalNodes>
            0 -1 126 3.6193862557411194e-02</internalNodes>
          <leafValues>
            -3.2627072930335999e-01 7.6891499757766724e-01</leafValues></_>
        <_>
          <internalNodes>
            0 -1 88 4.7142850235104561e-04</internalNodes>
          <leafValues>
            4.5496150851249695e-01 -6.7796212434768677e-01</leafValues></_>
        <_>
          <internalNodes>
            0 -1 43 3.3641612390056252e-04</internalNodes>
          <leafValues>
            3.5920113325119019e-01 -7.6318240165710449e-01</leafValues></_>
        <_>
          <internalNodes>
            0 -1 43 -4.5869286986999214e-04</internalNodes>
          <leafValues>
            -8.1584799289703369e-01 3.1984636187553406e-01</leafValues></_>
        <_>
          <internalNodes>
            0 -1 66 3.6524154245853424e-02</internalNodes>
          <leafValues>
            -4.1344210505485535e-01 8.6386704444885254e-01</leafValues></_>
        <_>
          <internalNodes>
            0 -1 28 -3.6555351107381284e-04</internalNodes>
          <leafValues>
            -7.3231655359268188e-01 4.1360852122306824e-01</leafValues></_></weakClassifiers></_>
    <!-- stage 11 -->
    <_>
      <maxWeakCount>6</maxWeakCount>
      <stageThreshold>-1.1781349182128906e+00</stageThreshold>
      <weakClassifiers>
        <_>
          <internalNodes>
            0 -1 32 4.6572781866416335e-04</internalNodes>
          <leafValues>
            5.8593750000000000e-01 -6.6371679306030273e-01</leafValues></_>
        <_>
          <internalNodes>
            0 -1 47 -2.3817321285605431e-02</internalNodes>
          <leafValues>
            7.2896760702133179e-01 -3.7233531475067139e-01</leafValues></_>
        <_>
          <internalNodes>
            0 -1 215 -4.1100295493379235e-04</internalNodes>
          <leafValues>
            -6.7958194017410278e-01 4.0237161517143250e-01</leafValues></_>
        <_>
          <internalNodes>
            0 -1 107 -3.2821070635691285e-04</internalNodes>
          <leafValues>
            -7.4850106239318848e-01 3.3002927899360657e-01</leafValues></_>
        <_>
          <internalNodes>
            0 -1 26 4.4572766637429595e-04</internalNodes>
          <leafValues>
            3.9428016543388367e-01 -7.0352685451507568e-01</leafValues></_>
        <_>
          <internalNodes>
            0 -1 211 -4.5360334217548370e-02</internalNodes>
          <leafValues>
            8.2026082277297974e-01 -3.5793420672416687e-01</leafValues></_></weakClassifiers></_>
    <!-- stage 12 -->
    <_>
      <maxWeakCount>7</maxWeakCount>
      <stageThreshold>-9.1351282596588135e-01</stageThreshold>
      <weakClassifiers>
        <_>
          <internalNodes>
            0 -1 37 4.1258096462115645e-04</internalNodes>
          <leafValues>
            6.4389234781265259e-01 -6.0563379526138306e-01</leafValues></_>
        <_>
          <internalNodes>
            0 -1 2 -1.3268607435747981e-03</internalNodes>
          <leafValues>
            -7.0162802934646606e-01 3.7345507740974426e-01</leafValues></_>
        <_>
          <internalNodes>
            0 -1 40 3.3969439566135406e-02</internalNodes>
          <leafValues>
            -3.3509615063667297e-01 7.2607535123825073e-01</leafValues></_>
        <_>
          <internalNodes>
            0 -1 90 4.6056305291131139e-04</internalNodes>
          <leafValues>
            3.6510506272315979e-01 -6.6791534423828125e-01</leafValues></_>
        <_>
          <internalNodes>
            0 -1 74 3.8780708564445376e-04</internalNodes>
          <leafValues>
            2.7930998802185059e-01 -7.4332743883132935e-01</leafValues></_>
        <_>
          <internalNodes>
            0 -1 16 -3.6686792736873031e-04</internalNodes>
          <leafValues>
            -7.5959163904190063e-01 2.8386655449867249e-01</leafValues></_>
        <_>
          <internalNodes>
            0 -1 187 -1.7814079299569130e-02</internalNodes>
          <leafValues>
            5.5898427963256836e-01 -4.4756710529327393e-01</leafValues></_></weakClassifiers></_>
    <!-- stage 13 -->
    <_>
      <maxWeakCount>17</maxWeakCount>
      <stageThreshold>-7.1743547916412354e-01</stageThreshold>
      <weakClassifiers>
        <_>
          <internalNodes>
            0 -1 122 1.1137004941701889e-02</internalNodes>
          <leafValues>
            4.4673538208007812e-01 -8.1395345926284790e-01</leafValues></_>
        <_>
          <internalNodes>
            0 -1 170 6.4157880842685699e-04</internalNodes>
          <leafValues>
            -4.3864312767982483e-01 3.1664368510246277e-01</leafValues></_>
        <_>
          <internalNodes>
            0 -1 10 1.3666163431480527e-04</internalNodes>
          <leafValues>
            1.8209175765514374e-01 -5.5334782600402832e-01</leafValues></_>
        <_>
          <internalNodes>
            0 -1 213 3.2393995672464371e-02</internalNodes>
          <leafValues>
            -2.9580357670783997e-01 4.1098666191101074e-01</leafValues></_>
        <_>
          <internalNodes>
            0 -1 19 -5.5501230061054230e-02</internalNodes>
          <leafValues>
            5.5009186267852783e-01 -2.3439370095729828e-01</leafValues></_>
        <_>
          <internalNodes>
            0 -1 68 4.7981634736061096e-02</internalNodes>
          <leafValues>
            -2.3648180067539215e-01 6.7559343576431274e-01</leafValues></_>
        <_>
          <internalNodes>
            0 -1 226 1.8851313507184386e-04</internalNodes>
          <leafValues>
            2.3828457295894623e-01 -5.5177259445190430e-01</leafValues></_>
        <_>
          <internalNodes>
            0 -1 219 1.1860933154821396e-02</internalNodes>
          <leafValues>
            -2.5839686393737793e-01 5.1410120725631714e-01</leafValues></_>
        <_>
          <internalNodes>
            0 -1 198 -2.0255417621228844e-04</internalNodes>
          <leafValues>
            -4.6590164303779602e-01 2.7086254954338074e-01</leafValues></_>
        <_>
          <internalNodes>
            0 -1 120 8.6057902080938220e-05</internalNodes>
          <leafValues>
            2.1606786549091339e-01 -5.5257761478424072e-01</leafValues></_>
        <_>
          <internalNodes>
            0 -1 24 1.3290788047015667e-04</internalNodes>
          <leafValues>
            2.0695711672306061e-01 -5.4746282100677490e-01</leafValues></_>
        <_>
          <internalNodes>
            0 -1 24 -1.8617222667671740e-04</internalNodes>
          <leafValues>
            -5.7228970527648926e-01 2.0072251558303833e-01</leafValues></_>
        <_>
          <internalNodes>
            0 -1 73 2.6645819161785766e-05</internalNodes>
          <leafValues>
            2.7092704176902771e-01 -4.3435096740722656e-01</leafValues></_>
        <_>
          <internalNodes>
            0 -1 59 7.6631307601928711e-02</internalNodes>
          <leafValues>
            -1.7669527232646942e-01 7.5064182281494141e-01</leafValues></_>
        <_>
          <internalNodes>
            0 -1 143 -2.2145966067910194e-03</internalNodes>
          <leafValues>
            4.4156157970428467e-01 -2.7982217073440552e-01</leafValues></_>
        <_>
          <internalNodes>
            0 -1 171 2.2427926887758076e-04</internalNodes>
          <leafValues>
            -3.0647316575050354e-01 4.0254068374633789e-01</leafValues></_>
        <_>
          <internalNodes>
            0 -1 30 -7.9038320109248161e-05</internalNodes>
          <leafValues>
            -4.9529141187667847e-01 2.8942194581031799e-01</leafValues></_></weakClassifiers></_>
    <!-- stage 14 -->
    <_>
      <maxWeakCount>11</maxWeakCount>
      <stageThreshold>-7.1074163913726807e-01</stageThreshold>
      <weakClassifiers>
        <_>
          <internalNodes>
            0 -1 12 1.7297931015491486e-02</internalNodes>
          <leafValues>
            -1.0370370000600815e-01 7.1267604827880859e-01</leafValues></_>
        <_>
          <internalNodes>
            0 -1 81 6.1200605705380440e-04</internalNodes>
          <leafValues>
            2.7300634980201721e-01 -6.3572973012924194e-01</leafValues></_>
        <_>
          <internalNodes>
            0 -1 20 2.4349074810743332e-02</internalNodes>
          <leafValues>
            -3.0647733807563782e-01 4.1560864448547363e-01</leafValues></_>
        <_>
          <internalNodes>
            0 -1 53 7.8852534294128418e-02</internalNodes>
          <leafValues>
            -1.6278468072414398e-01 7.6127755641937256e-01</leafValues></_>
        <_>
          <internalNodes>
            0 -1 200 1.4351960271596909e-04</internalNodes>
          <leafValues>
            2.4774269759654999e-01 -5.2375710010528564e-01</leafValues></_>
        <_>
          <internalNodes>
            0 -1 221 4.9913331167772412e-04</internalNodes>
          <leafValues>
            1.7854867875576019e-01 -7.0988154411315918e-01</leafValues></_>
        <_>
          <internalNodes>
            0 -1 8 -3.5856699105352163e-04</internalNodes>
          <leafValues>
            -4.1982203722000122e-01 2.8996473550796509e-01</leafValues></_>
        <_>
          <internalNodes>
            0 -1 33 1.1109304428100586e-01</internalNodes>
          <leafValues>
            -1.5410959720611572e-01 7.9698830842971802e-01</leafValues></_>
        <_>
          <internalNodes>
            0 -1 138 -5.5986118968576193e-04</internalNodes>
          <leafValues>
            3.6827144026756287e-01 -3.8305196166038513e-01</leafValues></_>
        <_>
          <internalNodes>
            0 -1 78 -5.6214801967144012e-02</internalNodes>
          <leafValues>
            -8.9978802204132080e-01 1.4482982456684113e-01</leafValues></_>
        <_>
          <internalNodes>
            0 -1 21 3.2686087070032954e-04</internalNodes>
          <leafValues>
            2.0681852102279663e-01 -5.6836241483688354e-01</leafValues></_></weakClassifiers></_>
    <!-- stage 15 -->
    <_>
      <maxWeakCount>14</maxWeakCount>
      <stageThreshold>-6.3286787271499634e-01</stageThreshold>
      <weakClassifiers>
        <_>
          <internalNodes>
            0 -1 110 1.3347147032618523e-02</internalNodes>
          <leafValues>
            4.5328718423843384e-01 -7.8723406791687012e-01</leafValues></_>
        <_>
          <internalNodes>
            0 -1 14 3.1553104519844055e-02</internalNodes>
          <leafValues>
            -2.3282453417778015e-01 5.5774873495101929e-01</leafValues></_>
        <_>
          <internalNodes>
            0 -1 224 -2.1952402312308550e-04</internalNodes>
          <leafValues>
            -5.4251277446746826e-01 2.5228455662727356e-01</leafValues></_>
        <_>
          <internalNodes>
            0 -1 220 8.1474041508045048e-05</internalNodes>
          <leafValues>
            2.5782877206802368e-01 -4.1515550017356873e-01</leafValues></_>
        <_>
          <internalNodes>
            0 -1 115 -1.0656836442649364e-02</internalNodes>
          <leafValues>
            -7.4797868728637695e-01 1.5185667574405670e-01</leafValues></_>
        <_>
          <internalNodes>
            0 -1 106 -1.1349619853717741e-05</internalNodes>
          <leafValues>
            2.7133721113204956e-01 -4.3400198221206665e-01</leafValues></_>
        <_>
          <internalNodes>
            0 -1 23 -1.5082280151546001e-04</internalNodes>
          <leafValues>
            -5.3705698251724243e-01 2.1702109277248383e-01</leafValues></_>
        <_>
          <internalNodes>
            0 -1 188 1.8312367610633373e-03</internalNodes>
          <leafValues>
            -1.5607765316963196e-01 8.2996040582656860e-01</leafValues></_>
        <_>
          <internalNodes>
            0 -1 41 1.2139361933805048e-04</internalNodes>
          <leafValues>
            2.0710277557373047e-01 -5.6965929269790649e-01</leafValues></_>
        <_>
          <internalNodes>
            0 -1 222 5.6438904721289873e-04</internalNodes>
          <leafValues>
            2.3706313967704773e-01 -4.4060653448104858e-01</leafValues></_>
        <_>
          <internalNodes>
            0 -1 225 3.7679949309676886e-04</internalNodes>
          <leafValues>
            1.5095293521881104e-01 -6.4886242151260376e-01</leafValues></_>
        <_>
          <internalNodes>
            0 -1 214 7.0329685695469379e-04</internalNodes>
          <leafValues>
            2.0682525634765625e-01 -5.4996258020401001e-01</leafValues></_>
        <_>
          <internalNodes>
            0 -1 70 -1.6931665595620871e-04</internalNodes>
          <leafValues>
            -4.8710769414901733e-01 2.1062806248664856e-01</leafValues></_>
        <_>
          <internalNodes>
            0 -1 212 -1.9345739565324038e-04</internalNodes>
          <leafValues>
            -5.5094903707504272e-01 1.9954472780227661e-01</leafValues></_></weakClassifiers></_>
    <!-- stage 16 -->
    <_>
      <maxWeakCount>12</maxWeakCount>
      <stageThreshold>-7.4135273694992065e-01</stageThreshold>
      <weakClassifiers>
        <_>
          <internalNodes>
            0 -1 193 -7.9864496365189552e-04</internalNodes>
          <leafValues>
            -1.1458333581686020e-01 5.7043880224227905e-01</leafValues></_>
        <_>
          <internalNodes>
            0 -1 49 -7.2375885793007910e-05</internalNodes>
          <leafValues>
            -4.8472136259078979e-01 2.1936258673667908e-01</leafValues></_>
        <_>
          <internalNodes>
            0 -1 0 -2.2034559515304863e-04</internalNodes>
          <leafValues>
            -6.2432843446731567e-01 1.4670850336551666e-01</leafValues></_>
        <_>
          <internalNodes>
            0 -1 82 -5.7398445904254913e-02</internalNodes>
          <leafValues>
            -7.2735667228698730e-01 1.1836057901382446e-01</leafValues></_>
        <_>
          <internalNodes>
            0 -1 22 1.8463853746652603e-02</internalNodes>
          <leafValues>
            -1.8773764371871948e-01 5.7152235507965088e-01</leafValues></_>
        <_>
          <internalNodes>
            0 -1 80 -7.2460271418094635e-02</internalNodes>
          <leafValues>
            7.9671496152877808e-01 -1.8310600519180298e-01</leafValues></_>
        <_>
          <internalNodes>
            0 -1 216 -2.5188126601278782e-03</internalNodes>
          <leafValues>
            4.2200529575347900e-01 -2.8210717439651489e-01</leafValues></_>
        <_>
          <internalNodes>
            0 -1 89 3.9628628641366959e-02</internalNodes>
          <leafValues>
            -2.0787511765956879e-01 6.1051565408706665e-01</leafValues></_>
        <_>
          <internalNodes>
            0 -1 63 -6.4936645328998566e-02</internalNodes>
          <leafValues>
            6.2479257583618164e-01 -1.8624675273895264e-01</leafValues></_>
        <_>
          <internalNodes>
            0 -1 191 -9.0356792497914284e-05</internalNodes>
          <leafValues>
            -4.3233504891395569e-01 2.6515564322471619e-01</leafValues></_>
        <_>
          <internalNodes>
            0 -1 85 -2.6751115918159485e-02</internalNodes>
          <leafValues>
            7.6268672943115234e-01 -1.3303825259208679e-01</leafValues></_>
        <_>
          <internalNodes>
            0 -1 58 -3.7335678935050964e-03</internalNodes>
          <leafValues>
            3.2823958992958069e-01 -3.0805128812789917e-01</leafValues></_></weakClassifiers></_>
    <!-- stage 17 -->
    <_>
      <maxWeakCount>13</maxWeakCount>
      <stageThreshold>-6.2215030193328857e-01</stageThreshold>
      <weakClassifiers>
        <_>
          <internalNodes>
            0 -1 181 -6.1677535995841026e-03</internalNodes>
          <leafValues>
            -6.8888890743255615e-01 4.4137930870056152e-01</leafValues></_>
        <_>
          <internalNodes>
            0 -1 5 2.1091111004352570e-02</internalNodes>
          <leafValues>
            -1.2508049607276917e-01 6.2054044008255005e-01</leafValues></_>
        <_>
          <internalNodes>
            0 -1 102 -1.3217370957136154e-02</internalNodes>
          <leafValues>
            6.4216691255569458e-01 -1.7000778019428253e-01</leafValues></_>
        <_>
          <internalNodes>
            0 -1 51 -2.2009626030921936e-01</internalNodes>
          <leafValues>
            -8.6469537019729614e-01 1.3320694863796234e-01</leafValues></_>
        <_>
          <internalNodes>
            0 -1 111 -1.0935750324279070e-03</internalNodes>
          <leafValues>
            3.4209439158439636e-01 -3.3017995953559875e-01</leafValues></_>
        <_>
          <internalNodes>
            0 -1 141 -3.2843635417521000e-03</internalNodes>
          <leafValues>
            -8.9613062143325806e-01 9.2205010354518890e-02</leafValues></_>
        <_>
          <internalNodes>
            0 -1 165 8.4633352234959602e-03</internalNodes>
          <leafValues>
            -2.5837308168411255e-01 3.9280351996421814e-01</leafValues></_>
        <_>
          <internalNodes>
            0 -1 223 5.5628865084145218e-05</internalNodes>
          <leafValues>
            2.5226458907127380e-01 -3.9097177982330322e-01</leafValues></_>
        <_>
          <internalNodes>
            0 -1 196 -2.5783586315810680e-03</internalNodes>
          <leafValues>
            7.3438036441802979e-01 -1.6053710877895355e-01</leafValues></_>
        <_>
          <internalNodes>
            0 -1 71 5.3003951907157898e-02</internalNodes>
          <leafValues>
            -1.8426296114921570e-01 4.7924762964248657e-01</leafValues></_>
        <_>
          <internalNodes>
            0 -1 69 -9.5844939351081848e-02</internalNodes>
          <leafValues>
            6.5812820196151733e-01 -1.8253934383392334e-01</leafValues></_>
        <_>
          <internalNodes>
            0 -1 17 1.6111354343593121e-03</internalNodes>
          <leafValues>
            -3.4179344773292542e-01 3.0852723121643066e-01</leafValues></_>
        <_>
          <internalNodes>
            0 -1 155 1.4363429509103298e-03</internalNodes>
          <leafValues>
            -1.4296561479568481e-01 7.4045801162719727e-01</leafValues></_></weakClassifiers></_>
    <!-- stage 18 -->
    <_>
      <maxWeakCount>14</maxWeakCount>
      <stageThreshold>-6.1128890514373779e-01</stageThreshold>
      <weakClassifiers>
        <_>
          <internalNodes>
            0 -1 91 -2.2301388904452324e-02</internalNodes>
          <leafValues>
            -7.5000000000000000e-01 4.3589743971824646e-01</leafValues></_>
        <_>
          <internalNodes>
            0 -1 29 -2.2850188543088734e-04</internalNodes>
          <leafValues>
            -4.8698154091835022e-01 2.3846177756786346e-01</leafValues></_>
        <_>
          <internalNodes>
            0 -1 228 -5.6762803345918655e-02</internalNodes>
          <leafValues>
            8.8211280107498169e-01 -1.4906442165374756e-01</leafValues></_>
        <_>
          <internalNodes>
            0 -1 109 -6.3652216340415180e-05</internalNodes>
          <leafValues>
            -4.5512676239013672e-01 2.2402250766754150e-01</leafValues></_>
        <_>
          <internalNodes>
            0 -1 230 -4.5472412602975965e-04</internalNodes>
          <leafValues>
            -6.3471150398254395e-01 1.4935304224491119e-01</leafValues></_>
        <_>
          <internalNodes>
            0 -1 146 -6.6268583759665489e-03</internalNodes>
          <leafValues>
            5.9497928619384766e-01 -1.8412663042545319e-01</leafValues></_>
        <_>
          <internalNodes>
            0 -1 162 -3.3318381756544113e-03</internalNodes>
          <leafValues>
            4.2251998186111450e-01 -2.2888700664043427e-01</leafValues></_>
        <_>
          <internalNodes>
            0 -1 160 1.9299917621538043e-03</internalNodes>
          <leafValues>
            -2.2322285175323486e-01 5.1196599006652832e-01</leafValues></_>
        <_>
          <internalNodes>
            0 -1 55 7.4208892881870270e-02</internalNodes>
          <leafValues>
            -1.2384703010320663e-01 8.1155490875244141e-01</leafValues></_>
        <_>
          <internalNodes>
            0 -1 204 -2.5362885207869112e-04</internalNodes>
          <leafValues>
            3.1065559387207031e-01 -3.4914249181747437e-01</leafValues></_>
        <_>
          <internalNodes>
            0 -1 207 2.8340000426396728e-04</internalNodes>
          <leafValues>
            2.2226934134960175e-01 -5.1888114213943481e-01</leafValues></_>
        <_>
          <internalNodes>
            0 -1 217 5.2962894551455975e-04</internalNodes>
          <leafValues>
            1.1140725016593933e-01 -8.4222716093063354e-01</leafValues></_>
        <_>
          <internalNodes>
            0 -1 234 -2.5258203095290810e-05</internalNodes>
          <leafValues>
            -3.8565981388092041e-01 2.5528827309608459e-01</leafValues></_>
        <_>
          <internalNodes>
            0 -1 35 1.8206311506219208e-04</internalNodes>
          <leafValues>
            1.8244180083274841e-01 -5.7179224491119385e-01</leafValues></_></weakClassifiers></_>
    <!-- stage 19 -->
    <_>
      <maxWeakCount>18</maxWeakCount>
      <stageThreshold>-6.5896975994110107e-01</stageThreshold>
      <weakClassifiers>
        <_>
          <internalNodes>
            0 -1 64 1.0140107572078705e-01</internalNodes>
          <leafValues>
            4.5719489455223083e-01 -3.4210526943206787e-01</leafValues></_>
        <_>
          <internalNodes>
            0 -1 100 -2.8650783933699131e-03</internalNodes>
          <leafValues>
            6.2556707859039307e-01 -1.0944978892803192e-01</leafValues></_>
        <_>
          <internalNodes>
            0 -1 197 -3.1013959087431431e-03</internalNodes>
          <leafValues>
            7.9919612407684326e-01 -8.7626397609710693e-02</leafValues></_>
        <_>
          <internalNodes>
            0 -1 202 -6.6764634102582932e-03</internalNodes>
          <leafValues>
            6.3932019472122192e-01 -1.5670973062515259e-01</leafValues></_>
        <_>
          <internalNodes>
            0 -1 42 8.1203674199059606e-05</internalNodes>
          <leafValues>
            2.5542551279067993e-01 -3.7641525268554688e-01</leafValues></_>
        <_>
          <internalNodes>
            0 -1 39 -3.7505454383790493e-03</internalNodes>
          <leafValues>
            6.8840354681015015e-01 -1.4408555626869202e-01</leafValues></_>
        <_>
          <internalNodes>
            0 -1 65 6.1144649982452393e-02</internalNodes>
          <leafValues>
            -1.4722494781017303e-01 6.1400592327117920e-01</leafValues></_>
        <_>
          <internalNodes>
            0 -1 180 8.8775707408785820e-03</internalNodes>
          <leafValues>
            -9.4189338386058807e-02 9.3925607204437256e-01</leafValues></_>
        <_>
          <internalNodes>
            0 -1 192 8.8989350479096174e-04</internalNodes>
          <leafValues>
            -1.5274095535278320e-01 4.8249864578247070e-01</leafValues></_>
        <_>
          <internalNodes>
            0 -1 48 -3.6894497461616993e-03</internalNodes>
          <leafValues>
            4.7411862015724182e-01 -1.8230554461479187e-01</leafValues></_>
        <_>
          <internalNodes>
            0 -1 210 -3.9458081126213074e-02</internalNodes>
          <leafValues>
            4.3484750390052795e-01 -2.6450535655021667e-01</leafValues></_>
        <_>
          <internalNodes>
            0 -1 229 -1.7429425497539341e-04</internalNodes>
          <leafValues>
            -5.2298223972320557e-01 1.9096775352954865e-01</leafValues></_>
        <_>
          <internalNodes>
            0 -1 135 1.6490870621055365e-03</internalNodes>
          <leafValues>
            -1.9212120771408081e-01 5.7212632894515991e-01</leafValues></_>
        <_>
          <internalNodes>
            0 -1 45 1.5922464081086218e-04</internalNodes>
          <leafValues>
            2.0861586928367615e-01 -5.0815373659133911e-01</leafValues></_>
        <_>
          <internalNodes>
            0 -1 3 -8.8975869119167328e-02</internalNodes>
          <leafValues>
            -6.3318186998367310e-01 1.4762468636035919e-01</leafValues></_>
        <_>
          <internalNodes>
            0 -1 114 2.0939917885698378e-04</internalNodes>
          <leafValues>
            2.1106709539890289e-01 -4.4164106249809265e-01</leafValues></_>
        <_>
          <internalNodes>
            0 -1 84 2.4618525058031082e-03</internalNodes>
          <leafValues>
            -1.4384496212005615e-01 6.0727614164352417e-01</leafValues></_>
        <_>
          <internalNodes>
            0 -1 108 -1.9806479394901544e-04</internalNodes>
          <leafValues>
            -3.8224419951438904e-01 2.5823262333869934e-01</leafValues></_></weakClassifiers></_></stages>
  <features>
    <_>
      <rects>
        <_>
          0 0 1 2 -1.</_>
        <_>
          0 1 1 1 2.</_></rects>
      <tilted>0</tilted></_>
    <_>
      <rects>
        <_>
          0 0 1 4 -1.</_>
        <_>
          0 2 1 2 2.</_></rects>
      <tilted>0</tilted></_>
    <_>
      <rects>
        <_>
          0 0 4 4 -1.</_>
        <_>
          0 0 2 2 2.</_>
        <_>
          2 2 2 2 2.</_></rects>
      <tilted>0</tilted></_>
    <_>
      <rects>
        <_>
          0 0 33 17 -1.</_>
        <_>
          11 0 11 17 3.</_></rects>
      <tilted>0</tilted></_>
    <_>
      <rects>
        <_>
          0 0 38 20 -1.</_>
        <_>
          19 0 19 20 2.</_></rects>
      <tilted>0</tilted></_>
    <_>
      <rects>
        <_>
          0 1 9 14 -1.</_>
        <_>
          3 1 3 14 3.</_></rects>
      <tilted>0</tilted></_>
    <_>
      <rects>
        <_>
          0 1 14 14 -1.</_>
        <_>
          0 1 7 7 2.</_>
        <_>
          7 8 7 7 2.</_></rects>
      <tilted>0</tilted></_>
    <_>
      <rects>
        <_>
          0 1 27 11 -1.</_>
        <_>
          9 1 9 11 3.</_></rects>
      <tilted>0</tilted></_>
    <_>
      <rects>
        <_>
          0 1 20 1 -1.</_>
        <_>
          10 1 10 1 2.</_></rects>
      <tilted>0</tilted></_>
    <_>
      <rects>
        <_>
          0 2 34 18 -1.</_>
        <_>
          0 11 34 9 2.</_></rects>
      <tilted>0</tilted></_>
    <_>
      <rects>
        <_>
          0 3 1 2 -1.</_>
        <_>
          0 4 1 1 2.</_></rects>
      <tilted>0</tilted></_>
    <_>
      <rects>
        <_>
          0 6 10 3 -1.</_>
        <_>
          5 6 5 3 2.</_></rects>
      <tilted>0</tilted></_>
    <_>
      <rects>
        <_>
          0 6 14 12 -1.</_>
        <_>
          7 6 7 12 2.</_></rects>
      <tilted>0</tilted></_>
    <_>
      <rects>
        <_>
          0 7 6 6 -1.</_>
        <_>
          2 7 2 6 3.</_></rects>
      <tilted>0</tilted></_>
    <_>
      <rects>
        <_>
          0 7 12 10 -1.</_>
        <_>
          6 7 6 10 2.</_></rects>
      <tilted>0</tilted></_>
    <_>
      <rects>
        <_>
          0 8 18 7 -1.</_>
        <_>
          6 8 6 7 3.</_></rects>
      <tilted>0</tilted></_>
    <_>
      <rects>
        <_>
          0 13 1 2 -1.</_>
        <_>
          0 14 1 1 2.</_></rects>
      <tilted>0</tilted></_>
    <_>
      <rects>
        <_>
          0 14 12 3 -1.</_>
        <_>
          6 14 6 3 2.</_></rects>
      <tilted>0</tilted></_>
    <_>
      <rects>
        <_>
          1 0 6 2 -1.</_>
        <_>
          1 1 6 1 2.</_></rects>
      <tilted>0</tilted></_>
    <_>
      <rects>
        <_>
          1 0 28 14 -1.</_>
        <_>
          1 0 14 7 2.</_>
        <_>
          15 7 14 7 2.</_></rects>
      <tilted>0</tilted></_>
    <_>
      <rects>
        <_>
          1 0 22 10 -1.</_>
        <_>
          1 5 22 5 2.</_></rects>
      <tilted>0</tilted></_>
    <_>
      <rects>
        <_>
          1 1 4 2 -1.</_>
        <_>
          1 1 2 1 2.</_>
        <_>
          3 2 2 1 2.</_></rects>
      <tilted>0</tilted></_>
    <_>
      <rects>
        <_>
          1 1 18 3 -1.</_>
        <_>
          7 1 6 3 3.</_></rects>
      <tilted>0</tilted></_>
    <_>
      <rects>
        <_>
          1 2 2 2 -1.</_>
        <_>
          1 3 2 1 2.</_></rects>
      <tilted>0</tilted></_>
    <_>
      <rects>
        <_>
          1 13 1 2 -1.</_>
        <_>
          1 14 1 1 2.</_></rects>
      <tilted>0</tilted></_>
    <_>
      <rects>
        <_>
          1 14 4 2 -1.</_>
        <_>
          1 14 2 1 2.</_>
        <_>
          3 15 2 1 2.</_></rects>
      <tilted>0</tilted></_>
    <_>
      <rects>
        <_>
          1 18 5 2 -1.</_>
        <_>
          1 19 5 1 2.</_></rects>
      <tilted>0</tilted></_>
    <_>
      <rects>
        <_>
          2 1 12 7 -1.</_>
        <_>
          8 1 6 7 2.</_></rects>
      <tilted>0</tilted></_>
    <_>
      <rects>
        <_>
          2 2 2 2 -1.</_>
        <_>
          2 2 1 1 2.</_>
        <_>
          3 3 1 1 2.</_></rects>
      <tilted>0</tilted></_>
    <_>
      <rects>
        <_>
          2 5 1 3 -1.</_>
        <_>
          2 6 1 1 3.</_></rects>
      <tilted>0</tilted></_>
    <_>
      <rects>
        <_>
          2 7 3 1 -1.</_>
        <_>
          3 7 1 1 3.</_></rects>
      <tilted>0</tilted></_>
    <_>
      <rects>
        <_>
          2 14 38 6 -1.</_>
        <_>
          2 17 38 3 2.</_></rects>
      <tilted>0</tilted></_>
    <_>
      <rects>
        <_>
          2 18 2 2 -1.</_>
        <_>
          2 18 1 1 2.</_>
        <_>
          3 19 1 1 2.</_></rects>
      <tilted>0</tilted></_>
    <_>
      <rects>
        <_>
          3 0 30 14 -1.</_>
        <_>
          3 0 15 7 2.</_>
        <_>
          18 7 15 7 2.</_></rects>
      <tilted>0</tilted></_>
    <_>
      <rects>
        <_>
          3 2 1 2 -1.</_>
        <_>
          3 3 1 1 2.</_></rects>
      <tilted>0</tilted></_>
    <_>
      <rects>
        <_>
          3 4 1 2 -1.</_>
        <_>
          3 5 1 1 2.</_></rects>
      <tilted>0</tilted></_>
    <_>
      <rects>
        <_>
          3 12 1 4 -1.</_>
        <_>
          3 14 1 2 2.</_></rects>
      <tilted>0</tilted></_>
    <_>
      <rects>
        <_>
          3 18 2 2 -1.</_>
        <_>
          3 18 1 1 2.</_>
        <_>
          4 19 1 1 2.</_></rects>
      <tilted>0</tilted></_>
    <_>
      <rects>
        <_>
          4 0 31 6 -1.</_>
        <_>
          4 3 31 3 2.</_></rects>
      <tilted>0</tilted></_>
    <_>
      <rects>
        <_>
          4 4 10 2 -1.</_>
        <_>
          4 4 5 1 2.</_>
        <_>
          9 5 5 1 2.</_></rects>
      <tilted>0</tilted></_>
    <_>
      <rects>
        <_>
          4 7 22 12 -1.</_>
        <_>
          4 7 11 6 2.</_>
        <_>
          15 13 11 6 2.</_></rects>
      <tilted>0</tilted></_>
    <_>
      <rects>
        <_>
          4 12 1 2 -1.</_>
        <_>
          4 13 1 1 2.</_></rects>
      <tilted>0</tilted></_>
    <_>
      <rects>
        <_>
          4 15 2 2 -1.</_>
        <_>
          4 16 2 1 2.</_></rects>
      <tilted>0</tilted></_>
    <_>
      <rects>
        <_>
          4 17 2 2 -1.</_>
        <_>
          4 17 1 1 2.</_>
        <_>
          5 18 1 1 2.</_></rects>
      <tilted>0</tilted></_>
    <_>
      <rects>
        <_>
          5 0 21 6 -1.</_>
        <_>
          5 3 21 3 2.</_></rects>
      <tilted>0</tilted></_>
    <_>
      <rects>
        <_>
          5 2 2 1 -1.</_>
        <_>
          6 2 1 1 2.</_></rects>
      <tilted>0</tilted></_>
    <_>
      <rects>
        <_>
          5 6 12 2 -1.</_>
        <_>
          5 6 6 1 2.</_>
        <_>
          11 7 6 1 2.</_></rects>
      <tilted>0</tilted></_>
    <_>
      <rects>
        <_>
          5 10 12 10 -1.</_>
        <_>
          5 15 12 5 2.</_></rects>
      <tilted>0</tilted></_>
    <_>
      <rects>
        <_>
          5 11 16 1 -1.</_>
        <_>
          13 11 8 1 2.</_></rects>
      <tilted>0</tilted></_>
    <_>
      <rects>
        <_>
          6 0 2 1 -1.</_>
        <_>
          7 0 1 1 2.</_></rects>
      <tilted>0</tilted></_>
    <_>
      <rects>
        <_>
          6 0 18 13 -1.</_>
        <_>
          12 0 6 13 3.</_></rects>
      <tilted>0</tilted></_>
    <_>
      <rects>
        <_>
          6 0 27 20 -1.</_>
        <_>
          15 0 9 20 3.</_></rects>
      <tilted>0</tilted></_>
    <_>
      <rects>
        <_>
          6 5 34 7 -1.</_>
        <_>
          23 5 17 7 2.</_></rects>
      <tilted>0</tilted></_>
    <_>
      <rects>
        <_>
          6 8 20 12 -1.</_>
        <_>
          6 8 10 6 2.</_>
        <_>
          16 14 10 6 2.</_></rects>
      <tilted>0</tilted></_>
    <_>
      <rects>
        <_>
          6 9 2 1 -1.</_>
        <_>
          7 9 1 1 2.</_></rects>
      <tilted>0</tilted></_>
    <_>
      <rects>
        <_>
          6 10 33 3 -1.</_>
        <_>
          17 10 11 3 3.</_></rects>
      <tilted>0</tilted></_>
    <_>
      <rects>
        <_>
          6 14 26 6 -1.</_>
        <_>
          6 17 26 3 2.</_></rects>
      <tilted>0</tilted></_>
    <_>
      <rects>
        <_>
          7 9 2 1 -1.</_>
        <_>
          8 9 1 1 2.</_></rects>
      <tilted>0</tilted></_>
    <_>
      <rects>
        <_>
          7 9 24 4 -1.</_>
        <_>
          15 9 8 4 3.</_></rects>
      <tilted>0</tilted></_>
    <_>
      <rects>
        <_>
          7 13 33 4 -1.</_>
        <_>
          18 13 11 4 3.</_></rects>
      <tilted>0</tilted></_>
    <_>
      <rects>
        <_>
          8 0 1 12 -1.</_>
        <_>
          8 6 1 6 2.</_></rects>
      <tilted>0</tilted></_>
    <_>
      <rects>
        <_>
          8 0 24 6 -1.</_>
        <_>
          8 0 12 3 2.</_>
        <_>
          20 3 12 3 2.</_></rects>
      <tilted>0</tilted></_>
    <_>
      <rects>
        <_>
          8 0 26 15 -1.</_>
        <_>
          8 5 26 5 3.</_></rects>
      <tilted>0</tilted></_>
    <_>
      <rects>
        <_>
          8 1 20 14 -1.</_>
        <_>
          8 1 10 7 2.</_>
        <_>
          18 8 10 7 2.</_></rects>
      <tilted>0</tilted></_>
    <_>
      <rects>
        <_>
          8 2 30 18 -1.</_>
        <_>
          8 11 30 9 2.</_></rects>
      <tilted>0</tilted></_>
    <_>
      <rects>
        <_>
          8 4 24 12 -1.</_>
        <_>
          8 4 12 6 2.</_>
        <_>
          20 10 12 6 2.</_></rects>
      <tilted>0</tilted></_>
    <_>
      <rects>
        <_>
          8 7 16 12 -1.</_>
        <_>
          8 7 8 6 2.</_>
        <_>
          16 13 8 6 2.</_></rects>
      <tilted>0</tilted></_>
    <_>
      <rects>
        <_>
          9 0 21 7 -1.</_>
        <_>
          16 0 7 7 3.</_></rects>
      <tilted>0</tilted></_>
    <_>
      <rects>
        <_>
          9 0 20 14 -1.</_>
        <_>
          9 0 10 7 2.</_>
        <_>
          19 7 10 7 2.</_></rects>
      <tilted>0</tilted></_>
    <_>
      <rects>
        <_>
          9 0 24 16 -1.</_>
        <_>
          9 0 12 8 2.</_>
        <_>
          21 8 12 8 2.</_></rects>
      <tilted>0</tilted></_>
    <_>
      <rects>
        <_>
          9 1 2 2 -1.</_>
        <_>
          10 1 1 2 2.</_></rects>
      <tilted>0</tilted></_>
    <_>
      <rects>
        <_>
          9 2 18 16 -1.</_>
        <_>
          9 2 9 8 2.</_>
        <_>
          18 10 9 8 2.</_></rects>
      <tilted>0</tilted></_>
    <_>
      <rects>
        <_>
          9 6 5 3 -1.</_>
        <_>
          9 7 5 1 3.</_></rects>
      <tilted>0</tilted></_>
    <_>
      <rects>
        <_>
          9 10 2 1 -1.</_>
        <_>
          10 10 1 1 2.</_></rects>
      <tilted>0</tilted></_>
    <_>
      <rects>
        <_>
          9 12 1 2 -1.</_>
        <_>
          9 13 1 1 2.</_></rects>
      <tilted>0</tilted></_>
    <_>
      <rects>
        <_>
          10 2 12 9 -1.</_>
        <_>
          14 2 4 9 3.</_></rects>
      <tilted>0</tilted></_>
    <_>
      <rects>
        <_>
          10 2 30 7 -1.</_>
        <_>
          20 2 10 7 3.</_></rects>
      <tilted>0</tilted></_>
    <_>
      <rects>
        <_>
          10 6 11 3 -1.</_>
        <_>
          10 7 11 1 3.</_></rects>
      <tilted>0</tilted></_>
    <_>
      <rects>
        <_>
          10 6 16 9 -1.</_>
        <_>
          10 9 16 3 3.</_></rects>
      <tilted>0</tilted></_>
    <_>
      <rects>
        <_>
          10 7 30 7 -1.</_>
        <_>
          25 7 15 7 2.</_></rects>
      <tilted>0</tilted></_>
    <_>
      <rects>
        <_>
          10 11 30 4 -1.</_>
        <_>
          20 11 10 4 3.</_></rects>
      <tilted>0</tilted></_>
    <_>
      <rects>
        <_>
          10 18 2 2 -1.</_>
        <_>
          11 18 1 2 2.</_></rects>
      <tilted>0</tilted></_>
    <_>
      <rects>
        <_>
          11 0 21 8 -1.</_>
        <_>
          18 0 7 8 3.</_></rects>
      <tilted>0</tilted></_>
    <_>
      <rects>
        <_>
          11 2 12 2 -1.</_>
        <_>
          11 2 6 1 2.</_>
        <_>
          17 3 6 1 2.</_></rects>
      <tilted>0</tilted></_>
    <_>
      <rects>
        <_>
          11 9 12 1 -1.</_>
        <_>
          17 9 6 1 2.</_></rects>
      <tilted>0</tilted></_>
    <_>
      <rects>
        <_>
          11 9 12 10 -1.</_>
        <_>
          11 9 6 5 2.</_>
        <_>
          17 14 6 5 2.</_></rects>
      <tilted>0</tilted></_>
    <_>
      <rects>
        <_>
          11 12 20 4 -1.</_>
        <_>
          21 12 10 4 2.</_></rects>
      <tilted>0</tilted></_>
    <_>
      <rects>
        <_>
          11 13 1 2 -1.</_>
        <_>
          11 14 1 1 2.</_></rects>
      <tilted>0</tilted></_>
    <_>
      <rects>
        <_>
          11 13 2 2 -1.</_>
        <_>
          11 13 1 1 2.</_>
        <_>
          12 14 1 1 2.</_></rects>
      <tilted>0</tilted></_>
    <_>
      <rects>
        <_>
          11 13 16 7 -1.</_>
        <_>
          19 13 8 7 2.</_></rects>
      <tilted>0</tilted></_>
    <_>
      <rects>
        <_>
          11 15 2 2 -1.</_>
        <_>
          11 16 2 1 2.</_></rects>
      <tilted>0</tilted></_>
    <_>
      <rects>
        <_>
          12 0 9 9 -1.</_>
        <_>
          15 0 3 9 3.</_></rects>
      <tilted>0</tilted></_>
    <_>
      <rects>
        <_>
          12 2 1 3 -1.</_>
        <_>
          12 3 1 1 3.</_></rects>
      <tilted>0</tilted></_>
    <_>
      <rects>
        <_>
          12 2 6 12 -1.</_>
        <_>
          12 2 3 6 2.</_>
        <_>
          15 8 3 6 2.</_></rects>
      <tilted>0</tilted></_>
    <_>
      <rects>
        <_>
          12 5 6 6 -1.</_>
        <_>
          12 8 6 3 2.</_></rects>
      <tilted>0</tilted></_>
    <_>
      <rects>
        <_>
          12 7 24 3 -1.</_>
        <_>
          12 8 24 1 3.</_></rects>
      <tilted>0</tilted></_>
    <_>
      <rects>
        <_>
          12 8 1 6 -1.</_>
        <_>
          12 11 1 3 2.</_></rects>
      <tilted>0</tilted></_>
    <_>
      <rects>
        <_>
          12 14 1 2 -1.</_>
        <_>
          12 15 1 1 2.</_></rects>
      <tilted>0</tilted></_>
    <_>
      <rects>
        <_>
          12 18 2 1 -1.</_>
        <_>
          13 18 1 1 2.</_></rects>
      <tilted>0</tilted></_>
    <_>
      <rects>
        <_>
          13 0 1 6 -1.</_>
        <_>
          13 2 1 2 3.</_></rects>
      <tilted>0</tilted></_>
    <_>
      <rects>
        <_>
          13 1 10 2 -1.</_>
        <_>
          13 1 5 1 2.</_>
        <_>
          18 2 5 1 2.</_></rects>
      <tilted>0</tilted></_>
    <_>
      <rects>
        <_>
          13 2 8 9 -1.</_>
        <_>
          17 2 4 9 2.</_></rects>
      <tilted>0</tilted></_>
    <_>
      <rects>
        <_>
          13 3 22 4 -1.</_>
        <_>
          13 3 11 2 2.</_>
        <_>
          24 5 11 2 2.</_></rects>
      <tilted>0</tilted></_>
    <_>
      <rects>
        <_>
          13 4 1 3 -1.</_>
        <_>
          13 5 1 1 3.</_></rects>
      <tilted>0</tilted></_>
    <_>
      <rects>
        <_>
          13 5 6 4 -1.</_>
        <_>
          16 5 3 4 2.</_></rects>
      <tilted>0</tilted></_>
    <_>
      <rects>
        <_>
          13 5 15 7 -1.</_>
        <_>
          18 5 5 7 3.</_></rects>
      <tilted>0</tilted></_>
    <_>
      <rects>
        <_>
          13 6 8 3 -1.</_>
        <_>
          17 6 4 3 2.</_></rects>
      <tilted>0</tilted></_>
    <_>
      <rects>
        <_>
          13 14 3 1 -1.</_>
        <_>
          14 14 1 1 3.</_></rects>
      <tilted>0</tilted></_>
    <_>
      <rects>
        <_>
          13 15 3 3 -1.</_>
        <_>
          13 16 3 1 3.</_></rects>
      <tilted>0</tilted></_>
    <_>
      <rects>
        <_>
          14 0 3 1 -1.</_>
        <_>
          15 0 1 1 3.</_></rects>
      <tilted>0</tilted></_>
    <_>
      <rects>
        <_>
          14 0 6 9 -1.</_>
        <_>
          16 0 2 9 3.</_></rects>
      <tilted>0</tilted></_>
    <_>
      <rects>
        <_>
          14 7 4 3 -1.</_>
        <_>
          16 7 2 3 2.</_></rects>
      <tilted>0</tilted></_>
    <_>
      <rects>
        <_>
          14 7 22 3 -1.</_>
        <_>
          14 8 22 1 3.</_></rects>
      <tilted>0</tilted></_>
    <_>
      <rects>
        <_>
          14 10 17 4 -1.</_>
        <_>
          14 12 17 2 2.</_></rects>
      <tilted>0</tilted></_>
    <_>
      <rects>
        <_>
          14 19 6 1 -1.</_>
        <_>
          16 19 2 1 3.</_></rects>
      <tilted>0</tilted></_>
    <_>
      <rects>
        <_>
          15 1 6 10 -1.</_>
        <_>
          17 1 2 10 3.</_></rects>
      <tilted>0</tilted></_>
    <_>
      <rects>
        <_>
          15 2 7 14 -1.</_>
        <_>
          15 9 7 7 2.</_></rects>
      <tilted>0</tilted></_>
    <_>
      <rects>
        <_>
          15 3 6 3 -1.</_>
        <_>
          15 4 6 1 3.</_></rects>
      <tilted>0</tilted></_>
    <_>
      <rects>
        <_>
          15 4 9 3 -1.</_>
        <_>
          18 4 3 3 3.</_></rects>
      <tilted>0</tilted></_>
    <_>
      <rects>
        <_>
          15 14 2 1 -1.</_>
        <_>
          16 14 1 1 2.</_></rects>
      <tilted>0</tilted></_>
    <_>
      <rects>
        <_>
          15 15 1 2 -1.</_>
        <_>
          15 16 1 1 2.</_></rects>
      <tilted>0</tilted></_>
    <_>
      <rects>
        <_>
          16 1 2 3 -1.</_>
        <_>
          16 2 2 1 3.</_></rects>
      <tilted>0</tilted></_>
    <_>
      <rects>
        <_>
          16 2 6 8 -1.</_>
        <_>
          18 2 2 8 3.</_></rects>
      <tilted>0</tilted></_>
    <_>
      <rects>
        <_>
          16 3 7 2 -1.</_>
        <_>
          16 4 7 1 2.</_></rects>
      <tilted>0</tilted></_>
    <_>
      <rects>
        <_>
          16 6 3 6 -1.</_>
        <_>
          16 9 3 3 2.</_></rects>
      <tilted>0</tilted></_>
    <_>
      <rects>
        <_>
          16 7 14 3 -1.</_>
        <_>
          23 7 7 3 2.</_></rects>
      <tilted>0</tilted></_>
    <_>
      <rects>
        <_>
          16 8 24 8 -1.</_>
        <_>
          24 8 8 8 3.</_></rects>
      <tilted>0</tilted></_>
    <_>
      <rects>
        <_>
          16 13 1 3 -1.</_>
        <_>
          16 14 1 1 3.</_></rects>
      <tilted>0</tilted></_>
    <_>
      <rects>
        <_>
          17 0 2 6 -1.</_>
        <_>
          17 0 1 3 2.</_>
        <_>
          18 3 1 3 2.</_></rects>
      <tilted>0</tilted></_>
    <_>
      <rects>
        <_>
          17 3 3 3 -1.</_>
        <_>
          17 4 3 1 3.</_></rects>
      <tilted>0</tilted></_>
    <_>
      <rects>
        <_>
          17 4 8 2 -1.</_>
        <_>
          17 4 4 1 2.</_>
        <_>
          21 5 4 1 2.</_></rects>
      <tilted>0</tilted></_>
    <_>
      <rects>
        <_>
          17 6 3 8 -1.</_>
        <_>
          17 10 3 4 2.</_></rects>
      <tilted>0</tilted></_>
    <_>
      <rects>
        <_>
          17 7 4 2 -1.</_>
        <_>
          17 7 2 1 2.</_>
        <_>
          19 8 2 1 2.</_></rects>
      <tilted>0</tilted></_>
    <_>
      <rects>
        <_>
          17 7 4 4 -1.</_>
        <_>
          17 7 2 2 2.</_>
        <_>
          19 9 2 2 2.</_></rects>
      <tilted>0</tilted></_>
    <_>
      <rects>
        <_>
          17 8 4 2 -1.</_>
        <_>
          17 8 2 1 2.</_>
        <_>
          19 9 2 1 2.</_></rects>
      <tilted>0</tilted></_>
    <_>
      <rects>
        <_>
          17 8 3 3 -1.</_>
        <_>
          17 9 3 1 3.</_></rects>
      <tilted>0</tilted></_>
    <_>
      <rects>
        <_>
          17 9 2 2 -1.</_>
        <_>
          17 10 2 1 2.</_></rects>
      <tilted>0</tilted></_>
    <_>
      <rects>
        <_>
          17 10 2 2 -1.</_>
        <_>
          17 11 2 1 2.</_></rects>
      <tilted>0</tilted></_>
    <_>
      <rects>
        <_>
          17 11 8 1 -1.</_>
        <_>
          21 11 4 1 2.</_></rects>
      <tilted>0</tilted></_>
    <_>
      <rects>
        <_>
          18 0 2 20 -1.</_>
        <_>
          18 10 2 10 2.</_></rects>
      <tilted>0</tilted></_>
    <_>
      <rects>
        <_>
          18 1 3 16 -1.</_>
        <_>
          18 9 3 8 2.</_></rects>
      <tilted>0</tilted></_>
    <_>
      <rects>
        <_>
          18 5 1 6 -1.</_>
        <_>
          18 8 1 3 2.</_></rects>
      <tilted>0</tilted></_>
    <_>
      <rects>
        <_>
          18 7 4 3 -1.</_>
        <_>
          18 8 4 1 3.</_></rects>
      <tilted>0</tilted></_>
    <_>
      <rects>
        <_>
          18 11 12 6 -1.</_>
        <_>
          22 11 4 6 3.</_></rects>
      <tilted>0</tilted></_>
    <_>
      <rects>
        <_>
          18 12 3 3 -1.</_>
        <_>
          18 13 3 1 3.</_></rects>
      <tilted>0</tilted></_>
    <_>
      <rects>
        <_>
          18 13 1 3 -1.</_>
        <_>
          18 14 1 1 3.</_></rects>
      <tilted>0</tilted></_>
    <_>
      <rects>
        <_>
          19 2 10 4 -1.</_>
        <_>
          19 2 5 2 2.</_>
        <_>
          24 4 5 2 2.</_></rects>
      <tilted>0</tilted></_>
    <_>
      <rects>
        <_>
          19 5 3 6 -1.</_>
        <_>
          20 5 1 6 3.</_></rects>
      <tilted>0</tilted></_>
    <_>
      <rects>
        <_>
          19 7 1 3 -1.</_>
        <_>
          19 8 1 1 3.</_></rects>
      <tilted>0</tilted></_>
    <_>
      <rects>
        <_>
          19 7 2 3 -1.</_>
        <_>
          19 8 2 1 3.</_></rects>
      <tilted>0</tilted></_>
    <_>
      <rects>
        <_>
          19 7 4 2 -1.</_>
        <_>
          19 7 2 1 2.</_>
        <_>
          21 8 2 1 2.</_></rects>
      <tilted>0</tilted></_>
    <_>
      <rects>
        <_>
          19 7 12 12 -1.</_>
        <_>
          19 7 6 6 2.</_>
        <_>
          25 13 6 6 2.</_></rects>
      <tilted>0</tilted></_>
    <_>
      <rects>
        <_>
          19 8 3 1 -1.</_>
        <_>
          20 8 1 1 3.</_></rects>
      <tilted>0</tilted></_>
    <_>
      <rects>
        <_>
          19 8 1 3 -1.</_>
        <_>
          19 9 1 1 3.</_></rects>
      <tilted>0</tilted></_>
    <_>
      <rects>
        <_>
          19 8 2 2 -1.</_>
        <_>
          19 8 1 1 2.</_>
        <_>
          20 9 1 1 2.</_></rects>
      <tilted>0</tilted></_>
    <_>
      <rects>
        <_>
          19 8 4 2 -1.</_>
        <_>
          19 8 2 1 2.</_>
        <_>
          21 9 2 1 2.</_></rects>
      <tilted>0</tilted></_>
    <_>
      <rects>
        <_>
          19 9 3 1 -1.</_>
        <_>
          20 9 1 1 3.</_></rects>
      <tilted>0</tilted></_>
    <_>
      <rects>
        <_>
          19 9 1 3 -1.</_>
        <_>
          19 10 1 1 3.</_></rects>
      <tilted>0</tilted></_>
    <_>
      <rects>
        <_>
          19 9 7 3 -1.</_>
        <_>
          19 10 7 1 3.</_></rects>
      <tilted>0</tilted></_>
    <_>
      <rects>
        <_>
          19 10 4 1 -1.</_>
        <_>
          21 10 2 1 2.</_></rects>
      <tilted>0</tilted></_>
    <_>
      <rects>
        <_>
          19 12 1 6 -1.</_>
        <_>
          19 14 1 2 3.</_></rects>
      <tilted>0</tilted></_>
    <_>
      <rects>
        <_>
          19 14 2 3 -1.</_>
        <_>
          19 15 2 1 3.</_></rects>
      <tilted>0</tilted></_>
    <_>
      <rects>
        <_>
          19 14 16 4 -1.</_>
        <_>
          19 14 8 2 2.</_>
        <_>
          27 16 8 2 2.</_></rects>
      <tilted>0</tilted></_>
    <_>
      <rects>
        <_>
          19 14 10 6 -1.</_>
        <_>
          19 17 10 3 2.</_></rects>
      <tilted>0</tilted></_>
    <_>
      <rects>
        <_>
          20 3 1 3 -1.</_>
        <_>
          20 4 1 1 3.</_></rects>
      <tilted>0</tilted></_>
    <_>
      <rects>
        <_>
          20 3 14 6 -1.</_>
        <_>
          20 3 7 3 2.</_>
        <_>
          27 6 7 3 2.</_></rects>
      <tilted>0</tilted></_>
    <_>
      <rects>
        <_>
          20 5 1 6 -1.</_>
        <_>
          20 8 1 3 2.</_></rects>
      <tilted>0</tilted></_>
    <_>
      <rects>
        <_>
          20 7 8 5 -1.</_>
        <_>
          24 7 4 5 2.</_></rects>
      <tilted>0</tilted></_>
    <_>
      <rects>
        <_>
          20 8 1 3 -1.</_>
        <_>
          20 9 1 1 3.</_></rects>
      <tilted>0</tilted></_>
    <_>
      <rects>
        <_>
          20 8 3 2 -1.</_>
        <_>
          20 9 3 1 2.</_></rects>
      <tilted>0</tilted></_>
    <_>
      <rects>
        <_>
          20 8 8 4 -1.</_>
        <_>
          24 8 4 4 2.</_></rects>
      <tilted>0</tilted></_>
    <_>
      <rects>
        <_>
          20 9 1 3 -1.</_>
        <_>
          20 10 1 1 3.</_></rects>
      <tilted>0</tilted></_>
    <_>
      <rects>
        <_>
          20 9 3 2 -1.</_>
        <_>
          21 9 1 2 3.</_></rects>
      <tilted>0</tilted></_>
    <_>
      <rects>
        <_>
          20 10 2 2 -1.</_>
        <_>
          20 10 1 1 2.</_>
        <_>
          21 11 1 1 2.</_></rects>
      <tilted>0</tilted></_>
    <_>
      <rects>
        <_>
          20 11 1 3 -1.</_>
        <_>
          20 12 1 1 3.</_></rects>
      <tilted>0</tilted></_>
    <_>
      <rects>
        <_>
          20 11 2 3 -1.</_>
        <_>
          20 12 2 1 3.</_></rects>
      <tilted>0</tilted></_>
    <_>
      <rects>
        <_>
          20 14 2 6 -1.</_>
        <_>
          20 16 2 2 3.</_></rects>
      <tilted>0</tilted></_>
    <_>
      <rects>
        <_>
          20 14 3 3 -1.</_>
        <_>
          20 15 3 1 3.</_></rects>
      <tilted>0</tilted></_>
    <_>
      <rects>
        <_>
          20 15 3 3 -1.</_>
        <_>
          20 16 3 1 3.</_></rects>
      <tilted>0</tilted></_>
    <_>
      <rects>
        <_>
          21 0 3 3 -1.</_>
        <_>
          21 1 3 1 3.</_></rects>
      <tilted>0</tilted></_>
    <_>
      <rects>
        <_>
          21 2 12 2 -1.</_>
        <_>
          21 2 6 1 2.</_>
        <_>
          27 3 6 1 2.</_></rects>
      <tilted>0</tilted></_>
    <_>
      <rects>
        <_>
          21 5 4 7 -1.</_>
        <_>
          23 5 2 7 2.</_></rects>
      <tilted>0</tilted></_>
    <_>
      <rects>
        <_>
          21 5 3 3 -1.</_>
        <_>
          21 6 3 1 3.</_></rects>
      <tilted>0</tilted></_>
    <_>
      <rects>
        <_>
          21 9 2 2 -1.</_>
        <_>
          21 9 1 1 2.</_>
        <_>
          22 10 1 1 2.</_></rects>
      <tilted>0</tilted></_>
    <_>
      <rects>
        <_>
          21 10 3 2 -1.</_>
        <_>
          22 10 1 2 3.</_></rects>
      <tilted>0</tilted></_>
    <_>
      <rects>
        <_>
          21 10 3 8 -1.</_>
        <_>
          22 10 1 8 3.</_></rects>
      <tilted>0</tilted></_>
    <_>
      <rects>
        <_>
          21 11 2 2 -1.</_>
        <_>
          21 11 1 1 2.</_>
        <_>
          22 12 1 1 2.</_></rects>
      <tilted>0</tilted></_>
    <_>
      <rects>
        <_>
          21 12 10 8 -1.</_>
        <_>
          21 16 10 4 2.</_></rects>
      <tilted>0</tilted></_>
    <_>
      <rects>
        <_>
          21 13 1 3 -1.</_>
        <_>
          21 14 1 1 3.</_></rects>
      <tilted>0</tilted></_>
    <_>
      <rects>
        <_>
          21 14 4 6 -1.</_>
        <_>
          21 16 4 2 3.</_></rects>
      <tilted>0</tilted></_>
    <_>
      <rects>
        <_>
          21 15 1 3 -1.</_>
        <_>
          21 16 1 1 3.</_></rects>
      <tilted>0</tilted></_>
    <_>
      <rects>
        <_>
          21 16 1 2 -1.</_>
        <_>
          21 17 1 1 2.</_></rects>
      <tilted>0</tilted></_>
    <_>
      <rects>
        <_>
          22 9 2 3 -1.</_>
        <_>
          23 9 1 3 2.</_></rects>
      <tilted>0</tilted></_>
    <_>
      <rects>
        <_>
          22 10 1 6 -1.</_>
        <_>
          22 13 1 3 2.</_></rects>
      <tilted>0</tilted></_>
    <_>
      <rects>
        <_>
          23 0 3 1 -1.</_>
        <_>
          24 0 1 1 3.</_></rects>
      <tilted>0</tilted></_>
    <_>
      <rects>
        <_>
          23 0 15 12 -1.</_>
        <_>
          23 6 15 6 2.</_></rects>
      <tilted>0</tilted></_>
    <_>
      <rects>
        <_>
          23 2 4 4 -1.</_>
        <_>
          23 2 2 2 2.</_>
        <_>
          25 4 2 2 2.</_></rects>
      <tilted>0</tilted></_>
    <_>
      <rects>
        <_>
          23 4 2 3 -1.</_>
        <_>
          23 5 2 1 3.</_></rects>
      <tilted>0</tilted></_>
    <_>
      <rects>
        <_>
          23 16 1 2 -1.</_>
        <_>
          23 17 1 1 2.</_></rects>
      <tilted>0</tilted></_>
    <_>
      <rects>
        <_>
          23 19 16 1 -1.</_>
        <_>
          31 19 8 1 2.</_></rects>
      <tilted>0</tilted></_>
    <_>
      <rects>
        <_>
          24 0 3 1 -1.</_>
        <_>
          25 0 1 1 3.</_></rects>
      <tilted>0</tilted></_>
    <_>
      <rects>
        <_>
          24 2 6 2 -1.</_>
        <_>
          24 2 3 1 2.</_>
        <_>
          27 3 3 1 2.</_></rects>
      <tilted>0</tilted></_>
    <_>
      <rects>
        <_>
          24 2 8 4 -1.</_>
        <_>
          24 2 4 2 2.</_>
        <_>
          28 4 4 2 2.</_></rects>
      <tilted>0</tilted></_>
    <_>
      <rects>
        <_>
          24 2 5 3 -1.</_>
        <_>
          24 3 5 1 3.</_></rects>
      <tilted>0</tilted></_>
    <_>
      <rects>
        <_>
          24 5 2 8 -1.</_>
        <_>
          24 9 2 4 2.</_></rects>
      <tilted>0</tilted></_>
    <_>
      <rects>
        <_>
          24 7 1 3 -1.</_>
        <_>
          24 8 1 1 3.</_></rects>
      <tilted>0</tilted></_>
    <_>
      <rects>
        <_>
          24 12 5 8 -1.</_>
        <_>
          24 16 5 4 2.</_></rects>
      <tilted>0</tilted></_>
    <_>
      <rects>
        <_>
          24 13 2 2 -1.</_>
        <_>
          25 13 1 2 2.</_></rects>
      <tilted>0</tilted></_>
    <_>
      <rects>
        <_>
          24 14 1 6 -1.</_>
        <_>
          24 16 1 2 3.</_></rects>
      <tilted>0</tilted></_>
    <_>
      <rects>
        <_>
          24 17 2 1 -1.</_>
        <_>
          25 17 1 1 2.</_></rects>
      <tilted>0</tilted></_>
    <_>
      <rects>
        <_>
          25 8 14 9 -1.</_>
        <_>
          32 8 7 9 2.</_></rects>
      <tilted>0</tilted></_>
    <_>
      <rects>
        <_>
          25 9 14 9 -1.</_>
        <_>
          32 9 7 9 2.</_></rects>
      <tilted>0</tilted></_>
    <_>
      <rects>
        <_>
          26 15 2 1 -1.</_>
        <_>
          27 15 1 1 2.</_></rects>
      <tilted>0</tilted></_>
    <_>
      <rects>
        <_>
          27 0 9 18 -1.</_>
        <_>
          27 6 9 6 3.</_></rects>
      <tilted>0</tilted></_>
    <_>
      <rects>
        <_>
          27 8 3 2 -1.</_>
        <_>
          28 8 1 2 3.</_></rects>
      <tilted>0</tilted></_>
    <_>
      <rects>
        <_>
          27 15 3 1 -1.</_>
        <_>
          28 15 1 1 3.</_></rects>
      <tilted>0</tilted></_>
    <_>
      <rects>
        <_>
          28 9 1 10 -1.</_>
        <_>
          28 14 1 5 2.</_></rects>
      <tilted>0</tilted></_>
    <_>
      <rects>
        <_>
          28 10 2 1 -1.</_>
        <_>
          29 10 1 1 2.</_></rects>
      <tilted>0</tilted></_>
    <_>
      <rects>
        <_>
          28 12 2 2 -1.</_>
        <_>
          28 13 2 1 2.</_></rects>
      <tilted>0</tilted></_>
    <_>
      <rects>
        <_>
          29 1 10 14 -1.</_>
        <_>
          29 1 5 7 2.</_>
        <_>
          34 8 5 7 2.</_></rects>
      <tilted>0</tilted></_>
    <_>
      <rects>
        <_>
          29 4 4 1 -1.</_>
        <_>
          31 4 2 1 2.</_></rects>
      <tilted>0</tilted></_>
    <_>
      <rects>
        <_>
          29 8 2 1 -1.</_>
        <_>
          30 8 1 1 2.</_></rects>
      <tilted>0</tilted></_>
    <_>
      <rects>
        <_>
          29 8 3 5 -1.</_>
        <_>
          30 8 1 5 3.</_></rects>
      <tilted>0</tilted></_>
    <_>
      <rects>
        <_>
          29 9 1 2 -1.</_>
        <_>
          29 10 1 1 2.</_></rects>
      <tilted>0</tilted></_>
    <_>
      <rects>
        <_>
          29 15 2 1 -1.</_>
        <_>
          30 15 1 1 2.</_></rects>
      <tilted>0</tilted></_>
    <_>
      <rects>
        <_>
          30 0 2 2 -1.</_>
        <_>
          30 0 1 1 2.</_>
        <_>
          31 1 1 1 2.</_></rects>
      <tilted>0</tilted></_>
    <_>
      <rects>
        <_>
          30 11 1 2 -1.</_>
        <_>
          30 12 1 1 2.</_></rects>
      <tilted>0</tilted></_>
    <_>
      <rects>
        <_>
          30 18 2 2 -1.</_>
        <_>
          30 18 1 1 2.</_>
        <_>
          31 19 1 1 2.</_></rects>
      <tilted>0</tilted></_>
    <_>
      <rects>
        <_>
          31 1 8 13 -1.</_>
        <_>
          35 1 4 13 2.</_></rects>
      <tilted>0</tilted></_>
    <_>
      <rects>
        <_>
          31 12 2 1 -1.</_>
        <_>
          32 12 1 1 2.</_></rects>
      <tilted>0</tilted></_>
    <_>
      <rects>
        <_>
          33 1 3 1 -1.</_>
        <_>
          34 1 1 1 3.</_></rects>
      <tilted>0</tilted></_>
    <_>
      <rects>
        <_>
          34 0 5 4 -1.</_>
        <_>
          34 2 5 2 2.</_></rects>
      <tilted>0</tilted></_>
    <_>
      <rects>
        <_>
          36 4 4 12 -1.</_>
        <_>
          38 4 2 12 2.</_></rects>
      <tilted>0</tilted></_>
    <_>
      <rects>
        <_>
          36 13 3 6 -1.</_>
        <_>
          37 13 1 6 3.</_></rects>
      <tilted>0</tilted></_>
    <_>
      <rects>
        <_>
          39 3 1 6 -1.</_>
        <_>
          39 6 1 3 2.</_></rects>
      <tilted>0</tilted></_></features></cascade>
</opencv_storage>
