<?xml version="1.0"?>
<opencv_storage>
<cascade>
  <stageType>BOOST</stageType>
  <featureType>HAAR</featureType>
  <height>18</height>
  <width>10</width>
  <stageParams>
    <boostType>GAB</boostType>
    <minHitRate>9.9900001287460327e-01</minHitRate>
    <maxFalseAlarm>5.0000000000000000e-01</maxFalseAlarm>
    <weightTrimRate>9.4999999999999996e-01</weightTrimRate>
    <maxDepth>1</maxDepth>
    <maxWeakCount>100</maxWeakCount></stageParams>
  <featureParams>
    <maxCatCount>0</maxCatCount>
    <featSize>1</featSize>
    <mode>BASIC</mode></featureParams>
  <stageNum>20</stageNum>
  <stages>
    <!-- stage 0 -->
    <_>
      <maxWeakCount>9</maxWeakCount>
      <stageThreshold>-7.1621584892272949e-01</stageThreshold>
      <weakClassifiers>
        <_>
          <internalNodes>
            0 -1 65 4.3962085247039795e-01</internalNodes>
          <leafValues>
            5.9622639417648315e-01 -9.5789474248886108e-01</leafValues></_>
        <_>
          <internalNodes>
            0 -1 46 -4.1662212461233139e-03</internalNodes>
          <leafValues>
            5.6787538528442383e-01 -4.4242689013481140e-01</leafValues></_>
        <_>
          <internalNodes>
            0 -1 118 -9.8158046603202820e-04</internalNodes>
          <leafValues>
            4.4761982560157776e-01 -4.1142413020133972e-01</leafValues></_>
        <_>
          <internalNodes>
            0 -1 13 2.8147924691438675e-02</internalNodes>
          <leafValues>
            -2.4770168960094452e-01 8.2146513462066650e-01</leafValues></_>
        <_>
          <internalNodes>
            0 -1 168 -6.6906218416988850e-03</internalNodes>
          <leafValues>
            6.1445945501327515e-01 -3.2357200980186462e-01</leafValues></_>
        <_>
          <internalNodes>
            0 -1 26 -1.4770288020372391e-02</internalNodes>
          <leafValues>
            7.6348316669464111e-01 -2.4939863383769989e-01</leafValues></_>
        <_>
          <internalNodes>
            0 -1 140 -6.9501604884862900e-03</internalNodes>
          <leafValues>
            7.4156486988067627e-01 -2.2094447910785675e-01</leafValues></_>
        <_>
          <internalNodes>
            0 -1 215 -8.1479167565703392e-03</internalNodes>
          <leafValues>
            9.4066834449768066e-01 -1.6416049003601074e-01</leafValues></_>
        <_>
          <internalNodes>
            0 -1 64 8.6099747568368912e-03</internalNodes>
          <leafValues>
            -1.9084544479846954e-01 7.9773187637329102e-01</leafValues></_></weakClassifiers></_>
    <!-- stage 1 -->
    <_>
      <maxWeakCount>7</maxWeakCount>
      <stageThreshold>-7.5370812416076660e-01</stageThreshold>
      <weakClassifiers>
        <_>
          <internalNodes>
            0 -1 118 -2.2454247809946537e-03</internalNodes>
          <leafValues>
            7.4927115440368652e-01 -1.1347517371177673e-01</leafValues></_>
        <_>
          <internalNodes>
            0 -1 72 -7.5859408825635910e-03</internalNodes>
          <leafValues>
            8.2857072353363037e-01 -1.8345946073532104e-01</leafValues></_>
        <_>
          <internalNodes>
            0 -1 220 -1.0767828673124313e-02</internalNodes>
          <leafValues>
            9.2320120334625244e-01 -1.7341423034667969e-01</leafValues></_>
        <_>
          <internalNodes>
            0 -1 219 4.0273265913128853e-03</internalNodes>
          <leafValues>
            -2.7820774912834167e-01 7.3841392993927002e-01</leafValues></_>
        <_>
          <internalNodes>
            0 -1 180 -7.6168365776538849e-03</internalNodes>
          <leafValues>
            6.0884249210357666e-01 -3.6470463871955872e-01</leafValues></_>
        <_>
          <internalNodes>
            0 -1 102 -8.8627226650714874e-03</internalNodes>
          <leafValues>
            7.5236409902572632e-01 -2.7879455685615540e-01</leafValues></_>
        <_>
          <internalNodes>
            0 -1 54 1.6414755955338478e-02</internalNodes>
          <leafValues>
            -2.2439859807491302e-01 8.9625877141952515e-01</leafValues></_></weakClassifiers></_>
    <!-- stage 2 -->
    <_>
      <maxWeakCount>10</maxWeakCount>
      <stageThreshold>-6.8937700986862183e-01</stageThreshold>
      <weakClassifiers>
        <_>
          <internalNodes>
            0 -1 177 -2.1769711747765541e-03</internalNodes>
          <leafValues>
            7.1345031261444092e-01 -6.7137807607650757e-02</leafValues></_>
        <_>
          <internalNodes>
            0 -1 161 1.5130318701267242e-02</internalNodes>
          <leafValues>
            -1.2092686444520950e-01 8.3983755111694336e-01</leafValues></_>
        <_>
          <internalNodes>
            0 -1 42 -5.9499894268810749e-03</internalNodes>
          <leafValues>
            6.8139994144439697e-01 -2.3166753351688385e-01</leafValues></_>
        <_>
          <internalNodes>
            0 -1 94 1.6086983680725098e-01</internalNodes>
          <leafValues>
            -2.5215798616409302e-01 8.1969738006591797e-01</leafValues></_>
        <_>
          <internalNodes>
            0 -1 77 7.2371147572994232e-02</internalNodes>
          <leafValues>
            2.3884072899818420e-01 -9.1762495040893555e-01</leafValues></_>
        <_>
          <internalNodes>
            0 -1 7 -2.1082991361618042e-01</internalNodes>
          <leafValues>
            -9.0810239315032959e-01 1.8414722383022308e-01</leafValues></_>
        <_>
          <internalNodes>
            0 -1 74 -1.5265166759490967e-02</internalNodes>
          <leafValues>
            7.3362952470779419e-01 -3.0328533053398132e-01</leafValues></_>
        <_>
          <internalNodes>
            0 -1 70 8.9794769883155823e-03</internalNodes>
          <leafValues>
            -2.5686702132225037e-01 7.3834210634231567e-01</leafValues></_>
        <_>
          <internalNodes>
            0 -1 202 8.3894198760390282e-03</internalNodes>
          <leafValues>
            -1.5766462683677673e-01 8.6134934425354004e-01</leafValues></_>
        <_>
          <internalNodes>
            0 -1 34 1.8617558479309082e-01</internalNodes>
          <leafValues>
            2.7734220027923584e-01 -7.5378823280334473e-01</leafValues></_></weakClassifiers></_>
    <!-- stage 3 -->
    <_>
      <maxWeakCount>12</maxWeakCount>
      <stageThreshold>-4.3191304802894592e-01</stageThreshold>
      <weakClassifiers>
        <_>
          <internalNodes>
            0 -1 118 -3.9645226934226230e-05</internalNodes>
          <leafValues>
            6.2500000000000000e-01 -1.6746412217617035e-01</leafValues></_>
        <_>
          <internalNodes>
            0 -1 206 -3.9465667214244604e-05</internalNodes>
          <leafValues>
            4.9382525682449341e-01 -2.8161323070526123e-01</leafValues></_>
        <_>
          <internalNodes>
            0 -1 24 1.5418557450175285e-02</internalNodes>
          <leafValues>
            -1.9196563959121704e-01 7.7068430185317993e-01</leafValues></_>
        <_>
          <internalNodes>
            0 -1 167 -1.2509967200458050e-02</internalNodes>
          <leafValues>
            -7.8587305545806885e-01 2.0864754915237427e-01</leafValues></_>
        <_>
          <internalNodes>
            0 -1 150 4.0646886191098019e-05</internalNodes>
          <leafValues>
            -3.3098074793815613e-01 4.2433515191078186e-01</leafValues></_>
        <_>
          <internalNodes>
            0 -1 27 9.8656844347715378e-03</internalNodes>
          <leafValues>
            -3.0649679899215698e-01 4.9195849895477295e-01</leafValues></_>
        <_>
          <internalNodes>
            0 -1 169 4.7548113798256963e-05</internalNodes>
          <leafValues>
            -2.9961359500885010e-01 4.9149143695831299e-01</leafValues></_>
        <_>
          <internalNodes>
            0 -1 158 5.3699919953942299e-03</internalNodes>
          <leafValues>
            -2.1194015443325043e-01 6.5694755315780640e-01</leafValues></_>
        <_>
          <internalNodes>
            0 -1 139 1.8093471881002188e-03</internalNodes>
          <leafValues>
            -2.3885788023471832e-01 5.5826902389526367e-01</leafValues></_>
        <_>
          <internalNodes>
            0 -1 58 -5.8913614600896835e-02</internalNodes>
          <leafValues>
            -6.5576064586639404e-01 2.2130438685417175e-01</leafValues></_>
        <_>
          <internalNodes>
            0 -1 101 -1.0274220257997513e-02</internalNodes>
          <leafValues>
            8.0934494733810425e-01 -1.9465641677379608e-01</leafValues></_>
        <_>
          <internalNodes>
            0 -1 68 2.1024741232395172e-02</internalNodes>
          <leafValues>
            -1.4925774931907654e-01 7.9259639978408813e-01</leafValues></_></weakClassifiers></_>
    <!-- stage 4 -->
    <_>
      <maxWeakCount>10</maxWeakCount>
      <stageThreshold>-9.6791583299636841e-01</stageThreshold>
      <weakClassifiers>
        <_>
          <internalNodes>
            0 -1 113 -3.2203182578086853e-02</internalNodes>
          <leafValues>
            -7.6470589637756348e-01 4.9730700254440308e-01</leafValues></_>
        <_>
          <internalNodes>
            0 -1 196 -7.0400238037109375e-03</internalNodes>
          <leafValues>
            8.3260285854339600e-01 -1.5370337665081024e-01</leafValues></_>
        <_>
          <internalNodes>
            0 -1 165 -7.9064555466175079e-03</internalNodes>
          <leafValues>
            6.1870306730270386e-01 -2.0751020312309265e-01</leafValues></_>
        <_>
          <internalNodes>
            0 -1 213 8.3576189354062080e-03</internalNodes>
          <leafValues>
            -1.2040606886148453e-01 9.3352496623992920e-01</leafValues></_>
        <_>
          <internalNodes>
            0 -1 214 6.7708203569054604e-03</internalNodes>
          <leafValues>
            -2.0911045372486115e-01 7.1234023571014404e-01</leafValues></_>
        <_>
          <internalNodes>
            0 -1 217 -4.9207443371415138e-03</internalNodes>
          <leafValues>
            7.6838588714599609e-01 -1.6592110693454742e-01</leafValues></_>
        <_>
          <internalNodes>
            0 -1 127 6.5997033379971981e-04</internalNodes>
          <leafValues>
            3.6733898520469666e-01 -4.0750008821487427e-01</leafValues></_>
        <_>
          <internalNodes>
            0 -1 176 3.5892277956008911e-03</internalNodes>
          <leafValues>
            -2.7806147933006287e-01 6.1842596530914307e-01</leafValues></_>
        <_>
          <internalNodes>
            0 -1 59 -1.0735389590263367e-01</internalNodes>
          <leafValues>
            -7.0020347833633423e-01 2.6064214110374451e-01</leafValues></_>
        <_>
          <internalNodes>
            0 -1 108 7.4856178835034370e-03</internalNodes>
          <leafValues>
            -2.0911277830600739e-01 8.2355576753616333e-01</leafValues></_></weakClassifiers></_>
    <!-- stage 5 -->
    <_>
      <maxWeakCount>13</maxWeakCount>
      <stageThreshold>-6.9533056020736694e-01</stageThreshold>
      <weakClassifiers>
        <_>
          <internalNodes>
            0 -1 142 -1.4088051393628120e-02</internalNodes>
          <leafValues>
            -3.1851851940155029e-01 5.4693877696990967e-01</leafValues></_>
        <_>
          <internalNodes>
            0 -1 67 -1.5448413789272308e-02</internalNodes>
          <leafValues>
            8.9063626527786255e-01 -1.0886854678392410e-01</leafValues></_>
        <_>
          <internalNodes>
            0 -1 203 5.3887399844825268e-03</internalNodes>
          <leafValues>
            -1.8903885781764984e-01 6.7635524272918701e-01</leafValues></_>
        <_>
          <internalNodes>
            0 -1 17 -1.4926290139555931e-02</internalNodes>
          <leafValues>
            6.3491547107696533e-01 -1.7730911076068878e-01</leafValues></_>
        <_>
          <internalNodes>
            0 -1 23 -8.0694742500782013e-03</internalNodes>
          <leafValues>
            6.7488592863082886e-01 -1.8911813199520111e-01</leafValues></_>
        <_>
          <internalNodes>
            0 -1 228 1.8354408442974091e-02</internalNodes>
          <leafValues>
            -1.8730844557285309e-01 6.9257360696792603e-01</leafValues></_>
        <_>
          <internalNodes>
            0 -1 108 1.3366688042879105e-02</internalNodes>
          <leafValues>
            -1.2380509078502655e-01 9.2123097181320190e-01</leafValues></_>
        <_>
          <internalNodes>
            0 -1 163 5.6911299907369539e-05</internalNodes>
          <leafValues>
            -2.6390638947486877e-01 4.8451027274131775e-01</leafValues></_>
        <_>
          <internalNodes>
            0 -1 141 -8.1646284088492393e-03</internalNodes>
          <leafValues>
            4.2382514476776123e-01 -3.5298767685890198e-01</leafValues></_>
        <_>
          <internalNodes>
            0 -1 51 4.5183062553405762e-02</internalNodes>
          <leafValues>
            1.9341450929641724e-01 -7.8341293334960938e-01</leafValues></_>
        <_>
          <internalNodes>
            0 -1 25 -9.0488633140921593e-03</internalNodes>
          <leafValues>
            6.5550845861434937e-01 -2.3831574618816376e-01</leafValues></_>
        <_>
          <internalNodes>
            0 -1 198 -1.0961990803480148e-02</internalNodes>
          <leafValues>
            6.6874486207962036e-01 -2.0303580164909363e-01</leafValues></_>
        <_>
          <internalNodes>
            0 -1 194 -8.8392831385135651e-03</internalNodes>
          <leafValues>
            8.8986271619796753e-01 -1.5034347772598267e-01</leafValues></_></weakClassifiers></_>
    <!-- stage 6 -->
    <_>
      <maxWeakCount>13</maxWeakCount>
      <stageThreshold>-3.6451199650764465e-01</stageThreshold>
      <weakClassifiers>
        <_>
          <internalNodes>
            0 -1 18 1.6328039765357971e-01</internalNodes>
          <leafValues>
            4.7349822521209717e-01 -7.2881358861923218e-01</leafValues></_>
        <_>
          <internalNodes>
            0 -1 33 8.6409777402877808e-02</internalNodes>
          <leafValues>
            2.4737104773521423e-01 -5.4295051097869873e-01</leafValues></_>
        <_>
          <internalNodes>
            0 -1 164 2.9276623390614986e-03</internalNodes>
          <leafValues>
            -2.8538006544113159e-01 4.4103822112083435e-01</leafValues></_>
        <_>
          <internalNodes>
            0 -1 233 8.5698748007416725e-03</internalNodes>
          <leafValues>
            -1.8812854588031769e-01 6.5509337186813354e-01</leafValues></_>
        <_>
          <internalNodes>
            0 -1 232 -1.5480546280741692e-02</internalNodes>
          <leafValues>
            5.3187966346740723e-01 -2.4438856542110443e-01</leafValues></_>
        <_>
          <internalNodes>
            0 -1 119 1.7824508249759674e-02</internalNodes>
          <leafValues>
            1.8726253509521484e-01 -6.8485933542251587e-01</leafValues></_>
        <_>
          <internalNodes>
            0 -1 207 -1.0278586298227310e-02</internalNodes>
          <leafValues>
            8.2125180959701538e-01 -1.6679559648036957e-01</leafValues></_>
        <_>
          <internalNodes>
            0 -1 72 -2.3851655423641205e-02</internalNodes>
          <leafValues>
            8.6985218524932861e-01 -9.3443155288696289e-02</leafValues></_>
        <_>
          <internalNodes>
            0 -1 204 -7.2444146499037743e-03</internalNodes>
          <leafValues>
            6.6671949625015259e-01 -1.4630682766437531e-01</leafValues></_>
        <_>
          <internalNodes>
            0 -1 223 -3.3626288641244173e-03</internalNodes>
          <leafValues>
            5.4191160202026367e-01 -2.0280647277832031e-01</leafValues></_>
        <_>
          <internalNodes>
            0 -1 217 8.8623072952032089e-03</internalNodes>
          <leafValues>
            -1.2003622204065323e-01 8.3768582344055176e-01</leafValues></_>
        <_>
          <internalNodes>
            0 -1 214 -1.0976752266287804e-02</internalNodes>
          <leafValues>
            8.6317396163940430e-01 -1.1877620965242386e-01</leafValues></_>
        <_>
          <internalNodes>
            0 -1 117 -8.0301775597035885e-04</internalNodes>
          <leafValues>
            4.0435716509819031e-01 -3.0559659004211426e-01</leafValues></_></weakClassifiers></_>
    <!-- stage 7 -->
    <_>
      <maxWeakCount>16</maxWeakCount>
      <stageThreshold>-1.0132002830505371e+00</stageThreshold>
      <weakClassifiers>
        <_>
          <internalNodes>
            0 -1 182 -1.0161565616726875e-02</internalNodes>
          <leafValues>
            -6.2264150381088257e-01 4.5104894042015076e-01</leafValues></_>
        <_>
          <internalNodes>
            0 -1 205 6.9603361189365387e-03</internalNodes>
          <leafValues>
            -9.6361316740512848e-02 7.1050143241882324e-01</leafValues></_>
        <_>
          <internalNodes>
            0 -1 220 1.5642389655113220e-02</internalNodes>
          <leafValues>
            -1.7093710601329803e-01 7.2766315937042236e-01</leafValues></_>
        <_>
          <internalNodes>
            0 -1 221 -1.1468803510069847e-02</internalNodes>
          <leafValues>
            4.8881387710571289e-01 -2.7295765280723572e-01</leafValues></_>
        <_>
          <internalNodes>
            0 -1 40 -1.0878950357437134e-02</internalNodes>
          <leafValues>
            3.3016639947891235e-01 -4.6669521927833557e-01</leafValues></_>
        <_>
          <internalNodes>
            0 -1 24 1.8605399876832962e-02</internalNodes>
          <leafValues>
            -1.4534705877304077e-01 6.6394072771072388e-01</leafValues></_>
        <_>
          <internalNodes>
            0 -1 36 -4.9334587529301643e-03</internalNodes>
          <leafValues>
            5.2599734067916870e-01 -2.5352898240089417e-01</leafValues></_>
        <_>
          <internalNodes>
            0 -1 71 -8.9154029265046120e-03</internalNodes>
          <leafValues>
            7.9268360137939453e-01 -1.0881675779819489e-01</leafValues></_>
        <_>
          <internalNodes>
            0 -1 210 1.0967401787638664e-02</internalNodes>
          <leafValues>
            -2.2315216064453125e-01 4.7973367571830750e-01</leafValues></_>
        <_>
          <internalNodes>
            0 -1 201 6.5702064894139767e-03</internalNodes>
          <leafValues>
            -1.2911809980869293e-01 8.3151298761367798e-01</leafValues></_>
        <_>
          <internalNodes>
            0 -1 179 5.8457194827497005e-03</internalNodes>
          <leafValues>
            -1.4407293498516083e-01 6.5268945693969727e-01</leafValues></_>
        <_>
          <internalNodes>
            0 -1 100 1.3617336750030518e-01</internalNodes>
          <leafValues>
            1.7165105044841766e-01 -7.9938602447509766e-01</leafValues></_>
        <_>
          <internalNodes>
            0 -1 214 -8.8035510852932930e-03</internalNodes>
          <leafValues>
            5.6918740272521973e-01 -1.9126279652118683e-01</leafValues></_>
        <_>
          <internalNodes>
            0 -1 80 -2.5660306215286255e-02</internalNodes>
          <leafValues>
            -8.1243383884429932e-01 1.3326935470104218e-01</leafValues></_>
        <_>
          <internalNodes>
            0 -1 107 -1.1354041099548340e-01</internalNodes>
          <leafValues>
            4.5381230115890503e-01 -2.5064250826835632e-01</leafValues></_>
        <_>
          <internalNodes>
            0 -1 49 1.2875754386186600e-02</internalNodes>
          <leafValues>
            -2.1777737140655518e-01 6.3904511928558350e-01</leafValues></_></weakClassifiers></_>
    <!-- stage 8 -->
    <_>
      <maxWeakCount>18</maxWeakCount>
      <stageThreshold>-7.9187077283859253e-01</stageThreshold>
      <weakClassifiers>
        <_>
          <internalNodes>
            0 -1 177 -1.5660831704735756e-03</internalNodes>
          <leafValues>
            5.9895831346511841e-01 -2.0746888592839241e-02</leafValues></_>
        <_>
          <internalNodes>
            0 -1 41 8.5819826927036047e-04</internalNodes>
          <leafValues>
            2.4235010147094727e-01 -4.6115463972091675e-01</leafValues></_>
        <_>
          <internalNodes>
            0 -1 81 -3.8442119956016541e-02</internalNodes>
          <leafValues>
            -7.9511553049087524e-01 1.0075946152210236e-01</leafValues></_>
        <_>
          <internalNodes>
            0 -1 131 1.1540623009204865e-01</internalNodes>
          <leafValues>
            -1.3874834775924683e-01 7.0701360702514648e-01</leafValues></_>
        <_>
          <internalNodes>
            0 -1 126 4.2283296585083008e-02</internalNodes>
          <leafValues>
            -3.6784386634826660e-01 3.1653377413749695e-01</leafValues></_>
        <_>
          <internalNodes>
            0 -1 218 4.6603947877883911e-02</internalNodes>
          <leafValues>
            1.2437732517719269e-01 -9.1868042945861816e-01</leafValues></_>
        <_>
          <internalNodes>
            0 -1 83 -4.9341551959514618e-02</internalNodes>
          <leafValues>
            -7.1568524837493896e-01 1.0545352846384048e-01</leafValues></_>
        <_>
          <internalNodes>
            0 -1 181 -6.3304430805146694e-03</internalNodes>
          <leafValues>
            6.2308394908905029e-01 -1.6446740925312042e-01</leafValues></_>
        <_>
          <internalNodes>
            0 -1 89 1.5176561428233981e-03</internalNodes>
          <leafValues>
            1.7968121170997620e-01 -5.0436872243881226e-01</leafValues></_>
        <_>
          <internalNodes>
            0 -1 42 -4.6156374737620354e-03</internalNodes>
          <leafValues>
            4.1692748665809631e-01 -2.5254607200622559e-01</leafValues></_>
        <_>
          <internalNodes>
            0 -1 78 -9.1911200433969498e-03</internalNodes>
          <leafValues>
            5.2060419321060181e-01 -2.1472021937370300e-01</leafValues></_>
        <_>
          <internalNodes>
            0 -1 87 1.6066052019596100e-02</internalNodes>
          <leafValues>
            -1.4893829822540283e-01 7.1690416336059570e-01</leafValues></_>
        <_>
          <internalNodes>
            0 -1 181 9.1947186738252640e-03</internalNodes>
          <leafValues>
            -1.2630535662174225e-01 6.7845731973648071e-01</leafValues></_>
        <_>
          <internalNodes>
            0 -1 111 7.4403779581189156e-03</internalNodes>
          <leafValues>
            2.3857222497463226e-01 -5.0844502449035645e-01</leafValues></_>
        <_>
          <internalNodes>
            0 -1 57 -3.3458608668297529e-03</internalNodes>
          <leafValues>
            -5.1878798007965088e-01 1.6850580275058746e-01</leafValues></_>
        <_>
          <internalNodes>
            0 -1 196 -1.1788722127676010e-02</internalNodes>
          <leafValues>
            7.1676415205001831e-01 -1.2653236091136932e-01</leafValues></_>
        <_>
          <internalNodes>
            0 -1 229 2.0070072263479233e-02</internalNodes>
          <leafValues>
            -1.2336826324462891e-01 6.8811821937561035e-01</leafValues></_>
        <_>
          <internalNodes>
            0 -1 148 -1.7897933721542358e-02</internalNodes>
          <leafValues>
            6.8018805980682373e-01 -1.2222108989953995e-01</leafValues></_></weakClassifiers></_>
    <!-- stage 9 -->
    <_>
      <maxWeakCount>17</maxWeakCount>
      <stageThreshold>-6.8307119607925415e-01</stageThreshold>
      <weakClassifiers>
        <_>
          <internalNodes>
            0 -1 146 4.1036724724108353e-05</internalNodes>
          <leafValues>
            3.7313431501388550e-02 6.0224092006683350e-01</leafValues></_>
        <_>
          <internalNodes>
            0 -1 140 -5.1828854338964447e-05</internalNodes>
          <leafValues>
            2.9971143603324890e-01 -2.8071969747543335e-01</leafValues></_>
        <_>
          <internalNodes>
            0 -1 84 1.3589791953563690e-02</internalNodes>
          <leafValues>
            -1.1483313888311386e-01 7.6677334308624268e-01</leafValues></_>
        <_>
          <internalNodes>
            0 -1 53 2.6955787092447281e-02</internalNodes>
          <leafValues>
            -1.3617354631423950e-01 7.7077096700668335e-01</leafValues></_>
        <_>
          <internalNodes>
            0 -1 147 4.7548113798256963e-05</internalNodes>
          <leafValues>
            -2.9126110672950745e-01 3.0222564935684204e-01</leafValues></_>
        <_>
          <internalNodes>
            0 -1 153 1.8716983031481504e-03</internalNodes>
          <leafValues>
            1.7328716814517975e-01 -5.2783077955245972e-01</leafValues></_>
        <_>
          <internalNodes>
            0 -1 175 8.5582267493009567e-03</internalNodes>
          <leafValues>
            -1.4810831844806671e-01 6.3539236783981323e-01</leafValues></_>
        <_>
          <internalNodes>
            0 -1 69 1.0767070949077606e-01</internalNodes>
          <leafValues>
            1.8119503557682037e-01 -5.5072635412216187e-01</leafValues></_>
        <_>
          <internalNodes>
            0 -1 101 1.1622834950685501e-02</internalNodes>
          <leafValues>
            -1.2771841883659363e-01 7.4658757448196411e-01</leafValues></_>
        <_>
          <internalNodes>
            0 -1 103 -2.4867109954357147e-02</internalNodes>
          <leafValues>
            7.4272191524505615e-01 -1.2037216126918793e-01</leafValues></_>
        <_>
          <internalNodes>
            0 -1 159 -1.6508492990396917e-04</internalNodes>
          <leafValues>
            3.5650217533111572e-01 -2.5470763444900513e-01</leafValues></_>
        <_>
          <internalNodes>
            0 -1 166 2.8341796249151230e-02</internalNodes>
          <leafValues>
            1.0798905044794083e-01 -8.7793105840682983e-01</leafValues></_>
        <_>
          <internalNodes>
            0 -1 231 -6.9027761928737164e-03</internalNodes>
          <leafValues>
            6.1168360710144043e-01 -1.6156676411628723e-01</leafValues></_>
        <_>
          <internalNodes>
            0 -1 43 -1.3637495227158070e-02</internalNodes>
          <leafValues>
            3.6951220035552979e-01 -2.2739529609680176e-01</leafValues></_>
        <_>
          <internalNodes>
            0 -1 185 1.0328270494937897e-02</internalNodes>
          <leafValues>
            -1.2781737744808197e-01 6.9761544466018677e-01</leafValues></_>
        <_>
          <internalNodes>
            0 -1 208 -3.8673803210258484e-03</internalNodes>
          <leafValues>
            -4.8075932264328003e-01 1.8874691426753998e-01</leafValues></_>
        <_>
          <internalNodes>
            0 -1 162 -5.8697751228464767e-05</internalNodes>
          <leafValues>
            2.3346261680126190e-01 -3.4605801105499268e-01</leafValues></_></weakClassifiers></_>
    <!-- stage 10 -->
    <_>
      <maxWeakCount>14</maxWeakCount>
      <stageThreshold>-4.4774347543716431e-01</stageThreshold>
      <weakClassifiers>
        <_>
          <internalNodes>
            0 -1 114 -7.5828574597835541e-02</internalNodes>
          <leafValues>
            -9.4736844301223755e-01 4.4463372230529785e-01</leafValues></_>
        <_>
          <internalNodes>
            0 -1 29 1.4226368628442287e-02</internalNodes>
          <leafValues>
            -1.8914288282394409e-01 4.9930515885353088e-01</leafValues></_>
        <_>
          <internalNodes>
            0 -1 49 1.0587975382804871e-02</internalNodes>
          <leafValues>
            -2.0863319933414459e-01 6.5036475658416748e-01</leafValues></_>
        <_>
          <internalNodes>
            0 -1 20 -1.7420411109924316e-02</internalNodes>
          <leafValues>
            6.3913249969482422e-01 -1.4976404607295990e-01</leafValues></_>
        <_>
          <internalNodes>
            0 -1 230 7.7369026839733124e-03</internalNodes>
          <leafValues>
            -1.2835304439067841e-01 7.0052862167358398e-01</leafValues></_>
        <_>
          <internalNodes>
            0 -1 154 5.6447503156960011e-03</internalNodes>
          <leafValues>
            -1.4308470487594604e-01 5.9681433439254761e-01</leafValues></_>
        <_>
          <internalNodes>
            0 -1 55 2.6628303527832031e-01</internalNodes>
          <leafValues>
            1.0438948124647141e-01 -9.0677177906036377e-01</leafValues></_>
        <_>
          <internalNodes>
            0 -1 109 1.5077723190188408e-02</internalNodes>
          <leafValues>
            -1.5695004165172577e-01 5.8118742704391479e-01</leafValues></_>
        <_>
          <internalNodes>
            0 -1 110 -1.3868974521756172e-02</internalNodes>
          <leafValues>
            5.4775953292846680e-01 -2.4593444168567657e-01</leafValues></_>
        <_>
          <internalNodes>
            0 -1 44 -8.3257019519805908e-02</internalNodes>
          <leafValues>
            -8.6689323186874390e-01 1.3698711991310120e-01</leafValues></_>
        <_>
          <internalNodes>
            0 -1 199 -1.1548410169780254e-02</internalNodes>
          <leafValues>
            8.0388033390045166e-01 -1.5996314585208893e-01</leafValues></_>
        <_>
          <internalNodes>
            0 -1 101 -1.2474767863750458e-02</internalNodes>
          <leafValues>
            8.2056486606597900e-01 -8.4063239395618439e-02</leafValues></_>
        <_>
          <internalNodes>
            0 -1 157 -9.0426625683903694e-03</internalNodes>
          <leafValues>
            5.2930951118469238e-01 -1.5215817093849182e-01</leafValues></_>
        <_>
          <internalNodes>
            0 -1 76 -1.7813144251704216e-02</internalNodes>
          <leafValues>
            4.8429310321807861e-01 -1.8499575555324554e-01</leafValues></_></weakClassifiers></_>
    <!-- stage 11 -->
    <_>
      <maxWeakCount>19</maxWeakCount>
      <stageThreshold>-5.3319174051284790e-01</stageThreshold>
      <weakClassifiers>
        <_>
          <internalNodes>
            0 -1 75 -7.1269378066062927e-02</internalNodes>
          <leafValues>
            -4.1935482621192932e-01 4.4582593441009521e-01</leafValues></_>
        <_>
          <internalNodes>
            0 -1 222 1.3942665420472622e-02</internalNodes>
          <leafValues>
            -1.3747863471508026e-01 5.2659821510314941e-01</leafValues></_>
        <_>
          <internalNodes>
            0 -1 50 5.6052982807159424e-02</internalNodes>
          <leafValues>
            -1.1585736274719238e-01 6.5683317184448242e-01</leafValues></_>
        <_>
          <internalNodes>
            0 -1 171 5.6870700791478157e-03</internalNodes>
          <leafValues>
            -2.9798981547355652e-01 2.9458856582641602e-01</leafValues></_>
        <_>
          <internalNodes>
            0 -1 79 -6.8420828320086002e-03</internalNodes>
          <leafValues>
            3.0145207047462463e-01 -2.9520526528358459e-01</leafValues></_>
        <_>
          <internalNodes>
            0 -1 98 9.1530427336692810e-02</internalNodes>
          <leafValues>
            -1.3658241927623749e-01 7.3717653751373291e-01</leafValues></_>
        <_>
          <internalNodes>
            0 -1 160 -1.6931012272834778e-02</internalNodes>
          <leafValues>
            2.4361786246299744e-01 -3.9411610364913940e-01</leafValues></_>
        <_>
          <internalNodes>
            0 -1 42 -4.3071769177913666e-03</internalNodes>
          <leafValues>
            3.5715779662132263e-01 -2.5444522500038147e-01</leafValues></_>
        <_>
          <internalNodes>
            0 -1 67 -1.6689859330654144e-02</internalNodes>
          <leafValues>
            5.8940166234970093e-01 -1.2449487298727036e-01</leafValues></_>
        <_>
          <internalNodes>
            0 -1 176 -7.5743366032838821e-03</internalNodes>
          <leafValues>
            6.4826744794845581e-01 -1.2318279594182968e-01</leafValues></_>
        <_>
          <internalNodes>
            0 -1 12 1.1298044584691525e-02</internalNodes>
          <leafValues>
            -1.5798988938331604e-01 5.1114559173583984e-01</leafValues></_>
        <_>
          <internalNodes>
            0 -1 112 -4.6277064830064774e-02</internalNodes>
          <leafValues>
            -7.7078247070312500e-01 1.1747941374778748e-01</leafValues></_>
        <_>
          <internalNodes>
            0 -1 156 5.8161579072475433e-03</internalNodes>
          <leafValues>
            -1.9769246876239777e-01 3.9344426989555359e-01</leafValues></_>
        <_>
          <internalNodes>
            0 -1 1 -5.0587346777319908e-03</internalNodes>
          <leafValues>
            -5.2640783786773682e-01 1.5278464555740356e-01</leafValues></_>
        <_>
          <internalNodes>
            0 -1 136 8.2822352647781372e-02</internalNodes>
          <leafValues>
            -1.3305000960826874e-01 7.0583230257034302e-01</leafValues></_>
        <_>
          <internalNodes>
            0 -1 195 -6.9466251879930496e-03</internalNodes>
          <leafValues>
            3.8920587301254272e-01 -2.7622455358505249e-01</leafValues></_>
        <_>
          <internalNodes>
            0 -1 143 -7.9758074134588242e-03</internalNodes>
          <leafValues>
            -7.0344167947769165e-01 1.2178156524896622e-01</leafValues></_>
        <_>
          <internalNodes>
            0 -1 163 1.1331250425428152e-04</internalNodes>
          <leafValues>
            -2.4325287342071533e-01 3.7337562441825867e-01</leafValues></_>
        <_>
          <internalNodes>
            0 -1 196 1.0324615053832531e-02</internalNodes>
          <leafValues>
            -1.2855283915996552e-01 6.8858844041824341e-01</leafValues></_></weakClassifiers></_>
    <!-- stage 12 -->
    <_>
      <maxWeakCount>22</maxWeakCount>
      <stageThreshold>-5.8226007223129272e-01</stageThreshold>
      <weakClassifiers>
        <_>
          <internalNodes>
            0 -1 0 2.6267815846949816e-03</internalNodes>
          <leafValues>
            4.8727983236312866e-01 -2.1052631735801697e-01</leafValues></_>
        <_>
          <internalNodes>
            0 -1 144 3.8468628190457821e-03</internalNodes>
          <leafValues>
            -2.9912441968917847e-01 3.0525657534599304e-01</leafValues></_>
        <_>
          <internalNodes>
            0 -1 226 3.8889623247087002e-03</internalNodes>
          <leafValues>
            1.6658519208431244e-01 -5.3498673439025879e-01</leafValues></_>
        <_>
          <internalNodes>
            0 -1 184 -1.8227578839287162e-03</internalNodes>
          <leafValues>
            3.2594355940818787e-01 -2.2988806664943695e-01</leafValues></_>
        <_>
          <internalNodes>
            0 -1 234 -1.2971601448953152e-02</internalNodes>
          <leafValues>
            5.5487179756164551e-01 -1.3225434720516205e-01</leafValues></_>
        <_>
          <internalNodes>
            0 -1 92 1.4060391113162041e-03</internalNodes>
          <leafValues>
            1.8977354466915131e-01 -3.5921442508697510e-01</leafValues></_>
        <_>
          <internalNodes>
            0 -1 120 1.7072550253942609e-03</internalNodes>
          <leafValues>
            1.6753709316253662e-01 -4.3273985385894775e-01</leafValues></_>
        <_>
          <internalNodes>
            0 -1 135 -6.7480564117431641e-02</internalNodes>
          <leafValues>
            3.2642012834548950e-01 -2.4470412731170654e-01</leafValues></_>
        <_>
          <internalNodes>
            0 -1 155 1.7030681669712067e-01</internalNodes>
          <leafValues>
            -1.4239314198493958e-01 7.1440404653549194e-01</leafValues></_>
        <_>
          <internalNodes>
            0 -1 60 6.2734752893447876e-02</internalNodes>
          <leafValues>
            -1.2400145083665848e-01 5.2968716621398926e-01</leafValues></_>
        <_>
          <internalNodes>
            0 -1 177 -2.4832950439304113e-03</internalNodes>
          <leafValues>
            2.7047738432884216e-01 -2.9253804683685303e-01</leafValues></_>
        <_>
          <internalNodes>
            0 -1 48 8.7703214958310127e-03</internalNodes>
          <leafValues>
            -2.1033671498298645e-01 4.4003063440322876e-01</leafValues></_>
        <_>
          <internalNodes>
            0 -1 90 1.7034192569553852e-03</internalNodes>
          <leafValues>
            1.5517766773700714e-01 -5.3696370124816895e-01</leafValues></_>
        <_>
          <internalNodes>
            0 -1 138 7.5362488627433777e-02</internalNodes>
          <leafValues>
            1.1895903199911118e-01 -6.4839309453964233e-01</leafValues></_>
        <_>
          <internalNodes>
            0 -1 37 -5.2743181586265564e-02</internalNodes>
          <leafValues>
            5.8677095174789429e-01 -1.4622144401073456e-01</leafValues></_>
        <_>
          <internalNodes>
            0 -1 105 -1.2292919307947159e-01</internalNodes>
          <leafValues>
            4.8134049773216248e-01 -1.5480098128318787e-01</leafValues></_>
        <_>
          <internalNodes>
            0 -1 200 -5.2532181143760681e-03</internalNodes>
          <leafValues>
            5.8421462774276733e-01 -1.3483269512653351e-01</leafValues></_>
        <_>
          <internalNodes>
            0 -1 122 2.0224761683493853e-03</internalNodes>
          <leafValues>
            -2.6114636659622192e-01 3.1802991032600403e-01</leafValues></_>
        <_>
          <internalNodes>
            0 -1 128 1.9746612757444382e-02</internalNodes>
          <leafValues>
            -2.2219149768352509e-01 3.8602328300476074e-01</leafValues></_>
        <_>
          <internalNodes>
            0 -1 39 -5.9808213263750076e-03</internalNodes>
          <leafValues>
            3.0267149209976196e-01 -3.2448485493659973e-01</leafValues></_>
        <_>
          <internalNodes>
            0 -1 197 -2.2219406440854073e-02</internalNodes>
          <leafValues>
            6.8472081422805786e-01 -1.1673381179571152e-01</leafValues></_>
        <_>
          <internalNodes>
            0 -1 144 -7.3643624782562256e-03</internalNodes>
          <leafValues>
            -6.2891006469726562e-01 1.4131650328636169e-01</leafValues></_></weakClassifiers></_>
    <!-- stage 13 -->
    <_>
      <maxWeakCount>8</maxWeakCount>
      <stageThreshold>-5.5458110570907593e-01</stageThreshold>
      <weakClassifiers>
        <_>
          <internalNodes>
            0 -1 186 -1.6608317196369171e-01</internalNodes>
          <leafValues>
            -1. 5.2329748868942261e-01</leafValues></_>
        <_>
          <internalNodes>
            0 -1 187 5.9696449898183346e-04</internalNodes>
          <leafValues>
            3.4991443157196045e-01 -4.4518738985061646e-01</leafValues></_>
        <_>
          <internalNodes>
            0 -1 151 -1.1221489310264587e-01</internalNodes>
          <leafValues>
            -9.3662112951278687e-01 8.4253519773483276e-02</leafValues></_>
        <_>
          <internalNodes>
            0 -1 189 -4.9063414335250854e-02</internalNodes>
          <leafValues>
            7.6528513431549072e-01 -2.0057231187820435e-01</leafValues></_>
        <_>
          <internalNodes>
            0 -1 6 -5.9778928756713867e-02</internalNodes>
          <leafValues>
            5.3903061151504517e-01 -3.3600088953971863e-01</leafValues></_>
        <_>
          <internalNodes>
            0 -1 47 1.0521638905629516e-03</internalNodes>
          <leafValues>
            3.2030087709426880e-01 -4.5892384648323059e-01</leafValues></_>
        <_>
          <internalNodes>
            0 -1 47 -9.9744601175189018e-04</internalNodes>
          <leafValues>
            -4.9816903471946716e-01 2.6662737131118774e-01</leafValues></_>
        <_>
          <internalNodes>
            0 -1 172 1.7799236811697483e-03</internalNodes>
          <leafValues>
            2.3769778013229370e-01 -5.1498979330062866e-01</leafValues></_></weakClassifiers></_>
    <!-- stage 14 -->
    <_>
      <maxWeakCount>22</maxWeakCount>
      <stageThreshold>-9.9120956659317017e-01</stageThreshold>
      <weakClassifiers>
        <_>
          <internalNodes>
            0 -1 82 3.7506885826587677e-02</internalNodes>
          <leafValues>
            4.4329896569252014e-01 -7.6744186878204346e-01</leafValues></_>
        <_>
          <internalNodes>
            0 -1 4 1.6873057186603546e-01</internalNodes>
          <leafValues>
            -1.8639872968196869e-01 4.7894111275672913e-01</leafValues></_>
        <_>
          <internalNodes>
            0 -1 45 -7.5534641742706299e-02</internalNodes>
          <leafValues>
            5.0073999166488647e-01 -2.0397967100143433e-01</leafValues></_>
        <_>
          <internalNodes>
            0 -1 30 6.8640567362308502e-02</internalNodes>
          <leafValues>
            -2.1125163137912750e-01 6.1055666208267212e-01</leafValues></_>
        <_>
          <internalNodes>
            0 -1 96 -1.9415371119976044e-01</internalNodes>
          <leafValues>
            5.6207913160324097e-01 -1.8647807836532593e-01</leafValues></_>
        <_>
          <internalNodes>
            0 -1 28 -4.1329272091388702e-02</internalNodes>
          <leafValues>
            6.2746864557266235e-01 -1.3942347466945648e-01</leafValues></_>
        <_>
          <internalNodes>
            0 -1 95 1.5951785445213318e-01</internalNodes>
          <leafValues>
            -1.6057004034519196e-01 7.4449622631072998e-01</leafValues></_>
        <_>
          <internalNodes>
            0 -1 11 -9.8214805126190186e-02</internalNodes>
          <leafValues>
            4.2468780279159546e-01 -2.4276158213615417e-01</leafValues></_>
        <_>
          <internalNodes>
            0 -1 190 9.7390444716438651e-04</internalNodes>
          <leafValues>
            2.4959541857242584e-01 -4.5644190907478333e-01</leafValues></_>
        <_>
          <internalNodes>
            0 -1 124 -1.0140200145542622e-02</internalNodes>
          <leafValues>
            5.4427164793014526e-01 -1.6784869134426117e-01</leafValues></_>
        <_>
          <internalNodes>
            0 -1 8 6.3476391369476914e-04</internalNodes>
          <leafValues>
            2.8786781430244446e-01 -3.2025220990180969e-01</leafValues></_>
        <_>
          <internalNodes>
            0 -1 14 6.9205775856971741e-02</internalNodes>
          <leafValues>
            -1.1502638459205627e-01 7.3091304302215576e-01</leafValues></_>
        <_>
          <internalNodes>
            0 -1 89 1.8061555456370115e-03</internalNodes>
          <leafValues>
            1.7767401039600372e-01 -4.7265210747718811e-01</leafValues></_>
        <_>
          <internalNodes>
            0 -1 9 -2.9498076066374779e-02</internalNodes>
          <leafValues>
            5.7598125934600830e-01 -1.8634568154811859e-01</leafValues></_>
        <_>
          <internalNodes>
            0 -1 10 2.6045717298984528e-02</internalNodes>
          <leafValues>
            -1.2405750155448914e-01 5.4984509944915771e-01</leafValues></_>
        <_>
          <internalNodes>
            0 -1 212 1.1805117828771472e-03</internalNodes>
          <leafValues>
            1.9067114591598511e-01 -4.4994491338729858e-01</leafValues></_>
        <_>
          <internalNodes>
            0 -1 225 3.1262519769370556e-03</internalNodes>
          <leafValues>
            1.3900063931941986e-01 -6.0698652267456055e-01</leafValues></_>
        <_>
          <internalNodes>
            0 -1 137 -1.7779061570763588e-02</internalNodes>
          <leafValues>
            8.6249327659606934e-01 -1.0483275353908539e-01</leafValues></_>
        <_>
          <internalNodes>
            0 -1 177 -1.7510376637801528e-03</internalNodes>
          <leafValues>
            2.6151910424232483e-01 -3.6749941110610962e-01</leafValues></_>
        <_>
          <internalNodes>
            0 -1 61 6.7539900541305542e-02</internalNodes>
          <leafValues>
            -2.2366273403167725e-01 4.8326486349105835e-01</leafValues></_>
        <_>
          <internalNodes>
            0 -1 211 6.3947099260985851e-04</internalNodes>
          <leafValues>
            2.6030018925666809e-01 -3.8211682438850403e-01</leafValues></_>
        <_>
          <internalNodes>
            0 -1 91 -6.7615851759910583e-02</internalNodes>
          <leafValues>
            4.5006331801414490e-01 -1.8579292297363281e-01</leafValues></_></weakClassifiers></_>
    <!-- stage 15 -->
    <_>
      <maxWeakCount>11</maxWeakCount>
      <stageThreshold>-8.2554703950881958e-01</stageThreshold>
      <weakClassifiers>
        <_>
          <internalNodes>
            0 -1 52 8.4216311573982239e-02</internalNodes>
          <leafValues>
            5.3644859790802002e-01 -6.8888890743255615e-01</leafValues></_>
        <_>
          <internalNodes>
            0 -1 85 1.9075282616540790e-03</internalNodes>
          <leafValues>
            3.2949328422546387e-01 -4.8486587405204773e-01</leafValues></_>
        <_>
          <internalNodes>
            0 -1 209 2.8796291444450617e-03</internalNodes>
          <leafValues>
            3.3123391866683960e-01 -4.2365944385528564e-01</leafValues></_>
        <_>
          <internalNodes>
            0 -1 132 -2.0737837255001068e-01</internalNodes>
          <leafValues>
            6.7894977331161499e-01 -1.9560468196868896e-01</leafValues></_>
        <_>
          <internalNodes>
            0 -1 38 8.0239117145538330e-02</internalNodes>
          <leafValues>
            -1.9157588481903076e-01 6.3167357444763184e-01</leafValues></_>
        <_>
          <internalNodes>
            0 -1 5 2.1843025460839272e-03</internalNodes>
          <leafValues>
            2.7617180347442627e-01 -5.7546836137771606e-01</leafValues></_>
        <_>
          <internalNodes>
            0 -1 19 -5.0547737628221512e-02</internalNodes>
          <leafValues>
            4.3257534503936768e-01 -3.6183178424835205e-01</leafValues></_>
        <_>
          <internalNodes>
            0 -1 192 -2.6607003528624773e-03</internalNodes>
          <leafValues>
            -5.5397701263427734e-01 2.5199523568153381e-01</leafValues></_>
        <_>
          <internalNodes>
            0 -1 123 -5.9438206255435944e-02</internalNodes>
          <leafValues>
            5.0676208734512329e-01 -2.5083881616592407e-01</leafValues></_>
        <_>
          <internalNodes>
            0 -1 115 2.0081824623048306e-03</internalNodes>
          <leafValues>
            1.9956377148628235e-01 -6.3253259658813477e-01</leafValues></_>
        <_>
          <internalNodes>
            0 -1 125 -2.2275042720139027e-03</internalNodes>
          <leafValues>
            -5.2526491880416870e-01 1.9200408458709717e-01</leafValues></_></weakClassifiers></_>
    <!-- stage 16 -->
    <_>
      <maxWeakCount>18</maxWeakCount>
      <stageThreshold>-5.9635764360427856e-01</stageThreshold>
      <weakClassifiers>
        <_>
          <internalNodes>
            0 -1 32 -8.0496147274971008e-02</internalNodes>
          <leafValues>
            -9.3939393758773804e-01 4.3243244290351868e-01</leafValues></_>
        <_>
          <internalNodes>
            0 -1 224 1.2979329330846667e-03</internalNodes>
          <leafValues>
            2.2159048914909363e-01 -4.7050362825393677e-01</leafValues></_>
        <_>
          <internalNodes>
            0 -1 16 -6.2706142663955688e-02</internalNodes>
          <leafValues>
            -5.3452670574188232e-01 1.6007833182811737e-01</leafValues></_>
        <_>
          <internalNodes>
            0 -1 125 1.5180720947682858e-03</internalNodes>
          <leafValues>
            1.4314033091068268e-01 -4.7292438149452209e-01</leafValues></_>
        <_>
          <internalNodes>
            0 -1 193 5.2830349653959274e-02</internalNodes>
          <leafValues>
            -1.2820504605770111e-01 6.1480110883712769e-01</leafValues></_>
        <_>
          <internalNodes>
            0 -1 193 -5.6674432009458542e-02</internalNodes>
          <leafValues>
            5.7603865861892700e-01 -1.6452443599700928e-01</leafValues></_>
        <_>
          <internalNodes>
            0 -1 227 -8.2483550067991018e-04</internalNodes>
          <leafValues>
            -3.8368296623229980e-01 2.0416727662086487e-01</leafValues></_>
        <_>
          <internalNodes>
            0 -1 37 4.3725311756134033e-02</internalNodes>
          <leafValues>
            -1.8645106256008148e-01 4.7431290149688721e-01</leafValues></_>
        <_>
          <internalNodes>
            0 -1 152 9.2139527201652527e-02</internalNodes>
          <leafValues>
            9.6785485744476318e-02 -8.6517578363418579e-01</leafValues></_>
        <_>
          <internalNodes>
            0 -1 216 2.4610761553049088e-02</internalNodes>
          <leafValues>
            1.2753286957740784e-01 -5.3129285573959351e-01</leafValues></_>
        <_>
          <internalNodes>
            0 -1 21 2.3119524121284485e-02</internalNodes>
          <leafValues>
            -1.5081104636192322e-01 5.0424921512603760e-01</leafValues></_>
        <_>
          <internalNodes>
            0 -1 73 1.3650342822074890e-02</internalNodes>
          <leafValues>
            -1.4294251799583435e-01 5.7162654399871826e-01</leafValues></_>
        <_>
          <internalNodes>
            0 -1 116 -2.0555346272885799e-03</internalNodes>
          <leafValues>
            -5.3220123052597046e-01 1.8074358999729156e-01</leafValues></_>
        <_>
          <internalNodes>
            0 -1 177 -2.2153067402541637e-03</internalNodes>
          <leafValues>
            2.3865905404090881e-01 -3.6226612329483032e-01</leafValues></_>
        <_>
          <internalNodes>
            0 -1 104 -7.7368460595607758e-02</internalNodes>
          <leafValues>
            -8.6295068264007568e-01 1.1195739358663559e-01</leafValues></_>
        <_>
          <internalNodes>
            0 -1 90 -1.0765697807073593e-03</internalNodes>
          <leafValues>
            -4.6570989489555359e-01 1.9780007004737854e-01</leafValues></_>
        <_>
          <internalNodes>
            0 -1 53 1.9986199215054512e-02</internalNodes>
          <leafValues>
            -1.5668436884880066e-01 5.7048660516738892e-01</leafValues></_>
        <_>
          <internalNodes>
            0 -1 183 2.3585394024848938e-02</internalNodes>
          <leafValues>
            1.6249187290668488e-01 -5.1529890298843384e-01</leafValues></_></weakClassifiers></_>
    <!-- stage 17 -->
    <_>
      <maxWeakCount>17</maxWeakCount>
      <stageThreshold>-6.9240236282348633e-01</stageThreshold>
      <weakClassifiers>
        <_>
          <internalNodes>
            0 -1 149 -1.1167917400598526e-03</internalNodes>
          <leafValues>
            -1.2658227980136871e-01 5.2462524175643921e-01</leafValues></_>
        <_>
          <internalNodes>
            0 -1 15 -7.7268704771995544e-02</internalNodes>
          <leafValues>
            7.7055376768112183e-01 -8.8336870074272156e-02</leafValues></_>
        <_>
          <internalNodes>
            0 -1 31 8.2124322652816772e-02</internalNodes>
          <leafValues>
            -2.1779976785182953e-01 5.4081439971923828e-01</leafValues></_>
        <_>
          <internalNodes>
            0 -1 192 9.3069672584533691e-04</internalNodes>
          <leafValues>
            2.7496606111526489e-01 -3.8213214278221130e-01</leafValues></_>
        <_>
          <internalNodes>
            0 -1 191 9.6759676933288574e-02</internalNodes>
          <leafValues>
            -1.3753761351108551e-01 7.9663634300231934e-01</leafValues></_>
        <_>
          <internalNodes>
            0 -1 63 7.7307899482548237e-04</internalNodes>
          <leafValues>
            2.4972999095916748e-01 -3.4283745288848877e-01</leafValues></_>
        <_>
          <internalNodes>
            0 -1 93 -2.1542331576347351e-01</internalNodes>
          <leafValues>
            8.9454853534698486e-01 -1.0418523848056793e-01</leafValues></_>
        <_>
          <internalNodes>
            0 -1 2 -1.2486805021762848e-01</internalNodes>
          <leafValues>
            5.8113694190979004e-01 -1.3403622806072235e-01</leafValues></_>
        <_>
          <internalNodes>
            0 -1 28 -4.1523892432451248e-02</internalNodes>
          <leafValues>
            5.0387603044509888e-01 -1.7114192247390747e-01</leafValues></_>
        <_>
          <internalNodes>
            0 -1 66 2.1250850986689329e-03</internalNodes>
          <leafValues>
            2.0416800677776337e-01 -4.4772037863731384e-01</leafValues></_>
        <_>
          <internalNodes>
            0 -1 3 4.8540439456701279e-02</internalNodes>
          <leafValues>
            -1.8733568489551544e-01 4.8798549175262451e-01</leafValues></_>
        <_>
          <internalNodes>
            0 -1 133 2.5766736268997192e-01</internalNodes>
          <leafValues>
            -1.2746612727642059e-01 6.9299423694610596e-01</leafValues></_>
        <_>
          <internalNodes>
            0 -1 174 1.6132475808262825e-02</internalNodes>
          <leafValues>
            -2.1444469690322876e-01 4.0910968184471130e-01</leafValues></_>
        <_>
          <internalNodes>
            0 -1 145 2.7495933696627617e-02</internalNodes>
          <leafValues>
            9.5666512846946716e-02 -8.8159942626953125e-01</leafValues></_>
        <_>
          <internalNodes>
            0 -1 86 -2.0453305914998055e-03</internalNodes>
          <leafValues>
            -5.0583380460739136e-01 1.7142614722251892e-01</leafValues></_>
        <_>
          <internalNodes>
            0 -1 89 -4.6789143234491348e-03</internalNodes>
          <leafValues>
            -7.2663068771362305e-01 1.2518836557865143e-01</leafValues></_>
        <_>
          <internalNodes>
            0 -1 173 1.6961451619863510e-02</internalNodes>
          <leafValues>
            -1.6214448213577271e-01 5.8239126205444336e-01</leafValues></_></weakClassifiers></_>
    <!-- stage 18 -->
    <_>
      <maxWeakCount>13</maxWeakCount>
      <stageThreshold>-7.7849274873733521e-01</stageThreshold>
      <weakClassifiers>
        <_>
          <internalNodes>
            0 -1 120 -2.2413604892790318e-03</internalNodes>
          <leafValues>
            -3.2121211290359497e-01 6.0434782505035400e-01</leafValues></_>
        <_>
          <internalNodes>
            0 -1 99 -1.8975272774696350e-01</internalNodes>
          <leafValues>
            7.2859382629394531e-01 -1.7216394841670990e-01</leafValues></_>
        <_>
          <internalNodes>
            0 -1 120 2.3439442738890648e-03</internalNodes>
          <leafValues>
            2.8603008389472961e-01 -5.9153157472610474e-01</leafValues></_>
        <_>
          <internalNodes>
            0 -1 0 -2.3699635639786720e-03</internalNodes>
          <leafValues>
            -5.7817864418029785e-01 2.2652091085910797e-01</leafValues></_>
        <_>
          <internalNodes>
            0 -1 106 1.6591611504554749e-01</internalNodes>
          <leafValues>
            -2.5071376562118530e-01 7.3332786560058594e-01</leafValues></_>
        <_>
          <internalNodes>
            0 -1 0 2.2665071301162243e-03</internalNodes>
          <leafValues>
            2.9039219021797180e-01 -6.7997324466705322e-01</leafValues></_>
        <_>
          <internalNodes>
            0 -1 93 2.0577135682106018e-01</internalNodes>
          <leafValues>
            -1.9269204139709473e-01 8.9606928825378418e-01</leafValues></_>
        <_>
          <internalNodes>
            0 -1 129 -5.6874714791774750e-02</internalNodes>
          <leafValues>
            7.9460614919662476e-01 -1.4812900125980377e-01</leafValues></_>
        <_>
          <internalNodes>
            0 -1 235 1.9551888108253479e-03</internalNodes>
          <leafValues>
            2.8418835997581482e-01 -4.9902954697608948e-01</leafValues></_>
        <_>
          <internalNodes>
            0 -1 130 5.9531677514314651e-02</internalNodes>
          <leafValues>
            -2.4537219107151031e-01 6.0068422555923462e-01</leafValues></_>
        <_>
          <internalNodes>
            0 -1 235 -1.8687364645302296e-03</internalNodes>
          <leafValues>
            -4.7891589999198914e-01 3.3300063014030457e-01</leafValues></_>
        <_>
          <internalNodes>
            0 -1 22 -6.0693167150020599e-02</internalNodes>
          <leafValues>
            5.6739860773086548e-01 -2.7149441838264465e-01</leafValues></_>
        <_>
          <internalNodes>
            0 -1 89 -2.3050392046570778e-03</internalNodes>
          <leafValues>
            -6.2504941225051880e-01 2.5987464189529419e-01</leafValues></_></weakClassifiers></_>
    <!-- stage 19 -->
    <_>
      <maxWeakCount>14</maxWeakCount>
      <stageThreshold>-8.4959107637405396e-01</stageThreshold>
      <weakClassifiers>
        <_>
          <internalNodes>
            0 -1 170 2.1445744205266237e-03</internalNodes>
          <leafValues>
            5.4811716079711914e-01 -2.5170066952705383e-01</leafValues></_>
        <_>
          <internalNodes>
            0 -1 116 2.4863141588866711e-03</internalNodes>
          <leafValues>
            3.0137884616851807e-01 -5.1652705669403076e-01</leafValues></_>
        <_>
          <internalNodes>
            0 -1 188 1.3216175138950348e-03</internalNodes>
          <leafValues>
            2.7112254500389099e-01 -4.4580247998237610e-01</leafValues></_>
        <_>
          <internalNodes>
            0 -1 88 -8.6088627576828003e-03</internalNodes>
          <leafValues>
            -7.9837965965270996e-01 1.6225247085094452e-01</leafValues></_>
        <_>
          <internalNodes>
            0 -1 62 1.2985818088054657e-01</internalNodes>
          <leafValues>
            -2.8157564997673035e-01 4.1757148504257202e-01</leafValues></_>
        <_>
          <internalNodes>
            0 -1 35 -1.5229845885187387e-03</internalNodes>
          <leafValues>
            -4.6281632781028748e-01 2.0047481358051300e-01</leafValues></_>
        <_>
          <internalNodes>
            0 -1 35 2.4964825715869665e-03</internalNodes>
          <leafValues>
            2.1186664700508118e-01 -5.4677850008010864e-01</leafValues></_>
        <_>
          <internalNodes>
            0 -1 121 -2.4843728169798851e-03</internalNodes>
          <leafValues>
            -4.2891386151313782e-01 2.1026600897312164e-01</leafValues></_>
        <_>
          <internalNodes>
            0 -1 121 1.8104694318026304e-03</internalNodes>
          <leafValues>
            1.9091850519180298e-01 -5.2562576532363892e-01</leafValues></_>
        <_>
          <internalNodes>
            0 -1 219 -9.7423288971185684e-03</internalNodes>
          <leafValues>
            5.9840667247772217e-01 -1.6070260107517242e-01</leafValues></_>
        <_>
          <internalNodes>
            0 -1 56 -2.1148177329450846e-03</internalNodes>
          <leafValues>
            -5.5129069089889526e-01 1.7322227358818054e-01</leafValues></_>
        <_>
          <internalNodes>
            0 -1 97 3.9184978231787682e-03</internalNodes>
          <leafValues>
            2.5359636545181274e-01 -3.9019182324409485e-01</leafValues></_>
        <_>
          <internalNodes>
            0 -1 134 8.2574427127838135e-02</internalNodes>
          <leafValues>
            1.1510104686021805e-01 -8.1458431482315063e-01</leafValues></_>
        <_>
          <internalNodes>
            0 -1 178 6.6452575847506523e-03</internalNodes>
          <leafValues>
            -1.9644148647785187e-01 5.9676754474639893e-01</leafValues></_></weakClassifiers></_></stages>
  <features>
    <_>
      <rects>
        <_>
          0 0 2 1 -1.</_>
        <_>
          1 0 1 1 2.</_></rects>
      <tilted>0</tilted></_>
    <_>
      <rects>
        <_>
          0 0 2 2 -1.</_>
        <_>
          1 0 1 2 2.</_></rects>
      <tilted>0</tilted></_>
    <_>
      <rects>
        <_>
          0 0 8 14 -1.</_>
        <_>
          0 0 4 7 2.</_>
        <_>
          4 7 4 7 2.</_></rects>
      <tilted>0</tilted></_>
    <_>
      <rects>
        <_>
          0 0 6 4 -1.</_>
        <_>
          0 2 6 2 2.</_></rects>
      <tilted>0</tilted></_>
    <_>
      <rects>
        <_>
          0 0 9 18 -1.</_>
        <_>
          0 6 9 6 3.</_></rects>
      <tilted>0</tilted></_>
    <_>
      <rects>
        <_>
          0 1 2 1 -1.</_>
        <_>
          1 1 1 1 2.</_></rects>
      <tilted>0</tilted></_>
    <_>
      <rects>
        <_>
          0 1 6 10 -1.</_>
        <_>
          0 1 3 5 2.</_>
        <_>
          3 6 3 5 2.</_></rects>
      <tilted>0</tilted></_>
    <_>
      <rects>
        <_>
          0 1 8 9 -1.</_>
        <_>
          4 1 4 9 2.</_></rects>
      <tilted>0</tilted></_>
    <_>
      <rects>
        <_>
          0 2 1 3 -1.</_>
        <_>
          0 3 1 1 3.</_></rects>
      <tilted>0</tilted></_>
    <_>
      <rects>
        <_>
          0 2 2 12 -1.</_>
        <_>
          0 2 1 6 2.</_>
        <_>
          1 8 1 6 2.</_></rects>
      <tilted>0</tilted></_>
    <_>
      <rects>
        <_>
          0 2 2 16 -1.</_>
        <_>
          0 2 1 8 2.</_>
        <_>
          1 10 1 8 2.</_></rects>
      <tilted>0</tilted></_>
    <_>
      <rects>
        <_>
          0 2 8 10 -1.</_>
        <_>
          0 2 4 5 2.</_>
        <_>
          4 7 4 5 2.</_></rects>
      <tilted>0</tilted></_>
    <_>
      <rects>
        <_>
          0 3 3 3 -1.</_>
        <_>
          1 3 1 3 3.</_></rects>
      <tilted>0</tilted></_>
    <_>
      <rects>
        <_>
          0 3 2 12 -1.</_>
        <_>
          1 3 1 12 2.</_></rects>
      <tilted>0</tilted></_>
    <_>
      <rects>
        <_>
          0 3 4 8 -1.</_>
        <_>
          0 3 2 4 2.</_>
        <_>
          2 7 2 4 2.</_></rects>
      <tilted>0</tilted></_>
    <_>
      <rects>
        <_>
          0 3 4 10 -1.</_>
        <_>
          0 3 2 5 2.</_>
        <_>
          2 8 2 5 2.</_></rects>
      <tilted>0</tilted></_>
    <_>
      <rects>
        <_>
          0 3 4 9 -1.</_>
        <_>
          0 6 4 3 3.</_></rects>
      <tilted>0</tilted></_>
    <_>
      <rects>
        <_>
          0 4 2 6 -1.</_>
        <_>
          0 4 1 3 2.</_>
        <_>
          1 7 1 3 2.</_></rects>
      <tilted>0</tilted></_>
    <_>
      <rects>
        <_>
          0 4 10 5 -1.</_>
        <_>
          5 4 5 5 2.</_></rects>
      <tilted>0</tilted></_>
    <_>
      <rects>
        <_>
          0 4 6 14 -1.</_>
        <_>
          0 11 6 7 2.</_></rects>
      <tilted>0</tilted></_>
    <_>
      <rects>
        <_>
          0 5 2 4 -1.</_>
        <_>
          0 5 1 2 2.</_>
        <_>
          1 7 1 2 2.</_></rects>
      <tilted>0</tilted></_>
    <_>
      <rects>
        <_>
          0 5 4 2 -1.</_>
        <_>
          2 5 2 2 2.</_></rects>
      <tilted>0</tilted></_>
    <_>
      <rects>
        <_>
          0 5 2 12 -1.</_>
        <_>
          0 11 2 6 2.</_></rects>
      <tilted>0</tilted></_>
    <_>
      <rects>
        <_>
          0 6 3 1 -1.</_>
        <_>
          1 6 1 1 3.</_></rects>
      <tilted>0</tilted></_>
    <_>
      <rects>
        <_>
          0 6 3 2 -1.</_>
        <_>
          1 6 1 2 3.</_></rects>
      <tilted>0</tilted></_>
    <_>
      <rects>
        <_>
          0 6 2 4 -1.</_>
        <_>
          0 6 1 2 2.</_>
        <_>
          1 8 1 2 2.</_></rects>
      <tilted>0</tilted></_>
    <_>
      <rects>
        <_>
          0 6 3 4 -1.</_>
        <_>
          1 6 1 4 3.</_></rects>
      <tilted>0</tilted></_>
    <_>
      <rects>
        <_>
          0 6 2 8 -1.</_>
        <_>
          0 6 1 4 2.</_>
        <_>
          1 10 1 4 2.</_></rects>
      <tilted>0</tilted></_>
    <_>
      <rects>
        <_>
          0 6 1 10 -1.</_>
        <_>
          0 11 1 5 2.</_></rects>
      <tilted>0</tilted></_>
    <_>
      <rects>
        <_>
          0 6 3 7 -1.</_>
        <_>
          1 6 1 7 3.</_></rects>
      <tilted>0</tilted></_>
    <_>
      <rects>
        <_>
          0 6 4 9 -1.</_>
        <_>
          2 6 2 9 2.</_></rects>
      <tilted>0</tilted></_>
    <_>
      <rects>
        <_>
          0 6 4 12 -1.</_>
        <_>
          2 6 2 12 2.</_></rects>
      <tilted>0</tilted></_>
    <_>
      <rects>
        <_>
          0 6 5 4 -1.</_>
        <_>
          0 8 5 2 2.</_></rects>
      <tilted>0</tilted></_>
    <_>
      <rects>
        <_>
          0 6 10 8 -1.</_>
        <_>
          0 6 5 4 2.</_>
        <_>
          5 10 5 4 2.</_></rects>
      <tilted>0</tilted></_>
    <_>
      <rects>
        <_>
          0 6 9 12 -1.</_>
        <_>
          0 12 9 6 2.</_></rects>
      <tilted>0</tilted></_>
    <_>
      <rects>
        <_>
          0 7 1 2 -1.</_>
        <_>
          0 8 1 1 2.</_></rects>
      <tilted>0</tilted></_>
    <_>
      <rects>
        <_>
          0 7 3 1 -1.</_>
        <_>
          1 7 1 1 3.</_></rects>
      <tilted>0</tilted></_>
    <_>
      <rects>
        <_>
          0 7 4 10 -1.</_>
        <_>
          0 7 2 5 2.</_>
        <_>
          2 12 2 5 2.</_></rects>
      <tilted>0</tilted></_>
    <_>
      <rects>
        <_>
          0 7 4 6 -1.</_>
        <_>
          2 7 2 6 2.</_></rects>
      <tilted>0</tilted></_>
    <_>
      <rects>
        <_>
          0 7 8 5 -1.</_>
        <_>
          4 7 4 5 2.</_></rects>
      <tilted>0</tilted></_>
    <_>
      <rects>
        <_>
          0 7 8 6 -1.</_>
        <_>
          0 9 8 2 3.</_></rects>
      <tilted>0</tilted></_>
    <_>
      <rects>
        <_>
          0 8 1 2 -1.</_>
        <_>
          0 9 1 1 2.</_></rects>
      <tilted>0</tilted></_>
    <_>
      <rects>
        <_>
          0 8 3 1 -1.</_>
        <_>
          1 8 1 1 3.</_></rects>
      <tilted>0</tilted></_>
    <_>
      <rects>
        <_>
          0 8 1 10 -1.</_>
        <_>
          0 13 1 5 2.</_></rects>
      <tilted>0</tilted></_>
    <_>
      <rects>
        <_>
          0 8 6 3 -1.</_>
        <_>
          2 8 2 3 3.</_></rects>
      <tilted>0</tilted></_>
    <_>
      <rects>
        <_>
          0 8 6 8 -1.</_>
        <_>
          3 8 3 8 2.</_></rects>
      <tilted>0</tilted></_>
    <_>
      <rects>
        <_>
          0 8 9 3 -1.</_>
        <_>
          0 9 9 1 3.</_></rects>
      <tilted>0</tilted></_>
    <_>
      <rects>
        <_>
          0 9 1 2 -1.</_>
        <_>
          0 10 1 1 2.</_></rects>
      <tilted>0</tilted></_>
    <_>
      <rects>
        <_>
          0 9 2 6 -1.</_>
        <_>
          0 9 1 3 2.</_>
        <_>
          1 12 1 3 2.</_></rects>
      <tilted>0</tilted></_>
    <_>
      <rects>
        <_>
          0 9 4 1 -1.</_>
        <_>
          2 9 2 1 2.</_></rects>
      <tilted>0</tilted></_>
    <_>
      <rects>
        <_>
          0 9 4 4 -1.</_>
        <_>
          2 9 2 4 2.</_></rects>
      <tilted>0</tilted></_>
    <_>
      <rects>
        <_>
          0 9 5 4 -1.</_>
        <_>
          0 11 5 2 2.</_></rects>
      <tilted>0</tilted></_>
    <_>
      <rects>
        <_>
          0 9 10 4 -1.</_>
        <_>
          0 11 10 2 2.</_></rects>
      <tilted>0</tilted></_>
    <_>
      <rects>
        <_>
          0 10 3 2 -1.</_>
        <_>
          1 10 1 2 3.</_></rects>
      <tilted>0</tilted></_>
    <_>
      <rects>
        <_>
          0 10 3 4 -1.</_>
        <_>
          1 10 1 4 3.</_></rects>
      <tilted>0</tilted></_>
    <_>
      <rects>
        <_>
          0 10 10 8 -1.</_>
        <_>
          5 10 5 8 2.</_></rects>
      <tilted>0</tilted></_>
    <_>
      <rects>
        <_>
          1 0 2 1 -1.</_>
        <_>
          2 0 1 1 2.</_></rects>
      <tilted>0</tilted></_>
    <_>
      <rects>
        <_>
          1 0 4 1 -1.</_>
        <_>
          3 0 2 1 2.</_></rects>
      <tilted>0</tilted></_>
    <_>
      <rects>
        <_>
          1 0 9 4 -1.</_>
        <_>
          4 0 3 4 3.</_></rects>
      <tilted>0</tilted></_>
    <_>
      <rects>
        <_>
          1 0 8 8 -1.</_>
        <_>
          5 0 4 8 2.</_></rects>
      <tilted>0</tilted></_>
    <_>
      <rects>
        <_>
          1 0 5 4 -1.</_>
        <_>
          1 2 5 2 2.</_></rects>
      <tilted>0</tilted></_>
    <_>
      <rects>
        <_>
          1 0 6 8 -1.</_>
        <_>
          1 4 6 4 2.</_></rects>
      <tilted>0</tilted></_>
    <_>
      <rects>
        <_>
          1 0 9 9 -1.</_>
        <_>
          1 3 9 3 3.</_></rects>
      <tilted>0</tilted></_>
    <_>
      <rects>
        <_>
          1 1 1 2 -1.</_>
        <_>
          1 2 1 1 2.</_></rects>
      <tilted>0</tilted></_>
    <_>
      <rects>
        <_>
          1 2 3 4 -1.</_>
        <_>
          2 2 1 4 3.</_></rects>
      <tilted>0</tilted></_>
    <_>
      <rects>
        <_>
          1 2 8 16 -1.</_>
        <_>
          1 10 8 8 2.</_></rects>
      <tilted>0</tilted></_>
    <_>
      <rects>
        <_>
          1 4 1 2 -1.</_>
        <_>
          1 5 1 1 2.</_></rects>
      <tilted>0</tilted></_>
    <_>
      <rects>
        <_>
          1 4 2 4 -1.</_>
        <_>
          1 4 1 2 2.</_>
        <_>
          2 6 1 2 2.</_></rects>
      <tilted>0</tilted></_>
    <_>
      <rects>
        <_>
          1 4 2 6 -1.</_>
        <_>
          1 4 1 3 2.</_>
        <_>
          2 7 1 3 2.</_></rects>
      <tilted>0</tilted></_>
    <_>
      <rects>
        <_>
          1 4 9 14 -1.</_>
        <_>
          1 11 9 7 2.</_></rects>
      <tilted>0</tilted></_>
    <_>
      <rects>
        <_>
          1 5 3 2 -1.</_>
        <_>
          2 5 1 2 3.</_></rects>
      <tilted>0</tilted></_>
    <_>
      <rects>
        <_>
          1 6 2 2 -1.</_>
        <_>
          1 6 1 1 2.</_>
        <_>
          2 7 1 1 2.</_></rects>
      <tilted>0</tilted></_>
    <_>
      <rects>
        <_>
          1 6 3 2 -1.</_>
        <_>
          2 6 1 2 3.</_></rects>
      <tilted>0</tilted></_>
    <_>
      <rects>
        <_>
          1 6 2 4 -1.</_>
        <_>
          1 6 1 2 2.</_>
        <_>
          2 8 1 2 2.</_></rects>
      <tilted>0</tilted></_>
    <_>
      <rects>
        <_>
          1 6 3 3 -1.</_>
        <_>
          2 6 1 3 3.</_></rects>
      <tilted>0</tilted></_>
    <_>
      <rects>
        <_>
          1 6 9 2 -1.</_>
        <_>
          4 6 3 2 3.</_></rects>
      <tilted>0</tilted></_>
    <_>
      <rects>
        <_>
          1 7 2 4 -1.</_>
        <_>
          2 7 1 4 2.</_></rects>
      <tilted>0</tilted></_>
    <_>
      <rects>
        <_>
          1 7 8 3 -1.</_>
        <_>
          5 7 4 3 2.</_></rects>
      <tilted>0</tilted></_>
    <_>
      <rects>
        <_>
          1 8 2 2 -1.</_>
        <_>
          2 8 1 2 2.</_></rects>
      <tilted>0</tilted></_>
    <_>
      <rects>
        <_>
          1 8 2 4 -1.</_>
        <_>
          2 8 1 4 2.</_></rects>
      <tilted>0</tilted></_>
    <_>
      <rects>
        <_>
          1 8 3 4 -1.</_>
        <_>
          1 10 3 2 2.</_></rects>
      <tilted>0</tilted></_>
    <_>
      <rects>
        <_>
          1 8 6 4 -1.</_>
        <_>
          1 8 3 2 2.</_>
        <_>
          4 10 3 2 2.</_></rects>
      <tilted>0</tilted></_>
    <_>
      <rects>
        <_>
          1 8 8 3 -1.</_>
        <_>
          1 9 8 1 3.</_></rects>
      <tilted>0</tilted></_>
    <_>
      <rects>
        <_>
          1 8 9 4 -1.</_>
        <_>
          1 10 9 2 2.</_></rects>
      <tilted>0</tilted></_>
    <_>
      <rects>
        <_>
          1 9 2 1 -1.</_>
        <_>
          2 9 1 1 2.</_></rects>
      <tilted>0</tilted></_>
    <_>
      <rects>
        <_>
          1 9 1 2 -1.</_>
        <_>
          1 10 1 1 2.</_></rects>
      <tilted>0</tilted></_>
    <_>
      <rects>
        <_>
          1 9 1 3 -1.</_>
        <_>
          1 10 1 1 3.</_></rects>
      <tilted>0</tilted></_>
    <_>
      <rects>
        <_>
          1 9 2 2 -1.</_>
        <_>
          2 9 1 2 2.</_></rects>
      <tilted>0</tilted></_>
    <_>
      <rects>
        <_>
          1 9 3 2 -1.</_>
        <_>
          1 10 3 1 2.</_></rects>
      <tilted>0</tilted></_>
    <_>
      <rects>
        <_>
          1 10 1 2 -1.</_>
        <_>
          1 11 1 1 2.</_></rects>
      <tilted>0</tilted></_>
    <_>
      <rects>
        <_>
          1 11 1 2 -1.</_>
        <_>
          1 12 1 1 2.</_></rects>
      <tilted>0</tilted></_>
    <_>
      <rects>
        <_>
          1 11 8 5 -1.</_>
        <_>
          5 11 4 5 2.</_></rects>
      <tilted>0</tilted></_>
    <_>
      <rects>
        <_>
          2 0 2 2 -1.</_>
        <_>
          3 0 1 2 2.</_></rects>
      <tilted>0</tilted></_>
    <_>
      <rects>
        <_>
          2 0 5 12 -1.</_>
        <_>
          2 4 5 4 3.</_></rects>
      <tilted>0</tilted></_>
    <_>
      <rects>
        <_>
          2 0 6 9 -1.</_>
        <_>
          2 3 6 3 3.</_></rects>
      <tilted>0</tilted></_>
    <_>
      <rects>
        <_>
          2 1 6 14 -1.</_>
        <_>
          2 8 6 7 2.</_></rects>
      <tilted>0</tilted></_>
    <_>
      <rects>
        <_>
          2 2 5 10 -1.</_>
        <_>
          2 7 5 5 2.</_></rects>
      <tilted>0</tilted></_>
    <_>
      <rects>
        <_>
          2 3 3 2 -1.</_>
        <_>
          2 4 3 1 2.</_></rects>
      <tilted>0</tilted></_>
    <_>
      <rects>
        <_>
          2 3 5 10 -1.</_>
        <_>
          2 8 5 5 2.</_></rects>
      <tilted>0</tilted></_>
    <_>
      <rects>
        <_>
          2 3 8 10 -1.</_>
        <_>
          2 8 8 5 2.</_></rects>
      <tilted>0</tilted></_>
    <_>
      <rects>
        <_>
          2 4 8 10 -1.</_>
        <_>
          2 4 4 5 2.</_>
        <_>
          6 9 4 5 2.</_></rects>
      <tilted>0</tilted></_>
    <_>
      <rects>
        <_>
          2 5 3 1 -1.</_>
        <_>
          3 5 1 1 3.</_></rects>
      <tilted>0</tilted></_>
    <_>
      <rects>
        <_>
          2 5 2 3 -1.</_>
        <_>
          3 5 1 3 2.</_></rects>
      <tilted>0</tilted></_>
    <_>
      <rects>
        <_>
          2 5 3 3 -1.</_>
        <_>
          3 5 1 3 3.</_></rects>
      <tilted>0</tilted></_>
    <_>
      <rects>
        <_>
          2 5 4 8 -1.</_>
        <_>
          2 5 2 4 2.</_>
        <_>
          4 9 2 4 2.</_></rects>
      <tilted>0</tilted></_>
    <_>
      <rects>
        <_>
          2 5 5 9 -1.</_>
        <_>
          2 8 5 3 3.</_></rects>
      <tilted>0</tilted></_>
    <_>
      <rects>
        <_>
          2 5 6 12 -1.</_>
        <_>
          2 9 6 4 3.</_></rects>
      <tilted>0</tilted></_>
    <_>
      <rects>
        <_>
          2 5 7 6 -1.</_>
        <_>
          2 8 7 3 2.</_></rects>
      <tilted>0</tilted></_>
    <_>
      <rects>
        <_>
          2 6 3 1 -1.</_>
        <_>
          3 6 1 1 3.</_></rects>
      <tilted>0</tilted></_>
    <_>
      <rects>
        <_>
          2 6 3 3 -1.</_>
        <_>
          3 6 1 3 3.</_></rects>
      <tilted>0</tilted></_>
    <_>
      <rects>
        <_>
          2 6 3 4 -1.</_>
        <_>
          3 6 1 4 3.</_></rects>
      <tilted>0</tilted></_>
    <_>
      <rects>
        <_>
          2 7 1 4 -1.</_>
        <_>
          2 9 1 2 2.</_></rects>
      <tilted>0</tilted></_>
    <_>
      <rects>
        <_>
          2 7 3 6 -1.</_>
        <_>
          3 7 1 6 3.</_></rects>
      <tilted>0</tilted></_>
    <_>
      <rects>
        <_>
          2 8 5 4 -1.</_>
        <_>
          2 10 5 2 2.</_></rects>
      <tilted>0</tilted></_>
    <_>
      <rects>
        <_>
          2 8 8 4 -1.</_>
        <_>
          2 10 8 2 2.</_></rects>
      <tilted>0</tilted></_>
    <_>
      <rects>
        <_>
          2 9 2 1 -1.</_>
        <_>
          3 9 1 1 2.</_></rects>
      <tilted>0</tilted></_>
    <_>
      <rects>
        <_>
          2 9 1 2 -1.</_>
        <_>
          2 10 1 1 2.</_></rects>
      <tilted>0</tilted></_>
    <_>
      <rects>
        <_>
          2 9 3 1 -1.</_>
        <_>
          3 9 1 1 3.</_></rects>
      <tilted>0</tilted></_>
    <_>
      <rects>
        <_>
          2 9 2 2 -1.</_>
        <_>
          3 9 1 2 2.</_></rects>
      <tilted>0</tilted></_>
    <_>
      <rects>
        <_>
          2 9 6 3 -1.</_>
        <_>
          4 9 2 3 3.</_></rects>
      <tilted>0</tilted></_>
    <_>
      <rects>
        <_>
          2 10 1 2 -1.</_>
        <_>
          2 11 1 1 2.</_></rects>
      <tilted>0</tilted></_>
    <_>
      <rects>
        <_>
          2 11 1 2 -1.</_>
        <_>
          2 12 1 1 2.</_></rects>
      <tilted>0</tilted></_>
    <_>
      <rects>
        <_>
          2 11 2 6 -1.</_>
        <_>
          2 11 1 3 2.</_>
        <_>
          3 14 1 3 2.</_></rects>
      <tilted>0</tilted></_>
    <_>
      <rects>
        <_>
          2 13 8 4 -1.</_>
        <_>
          6 13 4 4 2.</_></rects>
      <tilted>0</tilted></_>
    <_>
      <rects>
        <_>
          2 15 2 3 -1.</_>
        <_>
          2 16 2 1 3.</_></rects>
      <tilted>0</tilted></_>
    <_>
      <rects>
        <_>
          3 0 2 1 -1.</_>
        <_>
          4 0 1 1 2.</_></rects>
      <tilted>0</tilted></_>
    <_>
      <rects>
        <_>
          3 0 4 9 -1.</_>
        <_>
          3 3 4 3 3.</_></rects>
      <tilted>0</tilted></_>
    <_>
      <rects>
        <_>
          3 2 2 1 -1.</_>
        <_>
          4 2 1 1 2.</_></rects>
      <tilted>0</tilted></_>
    <_>
      <rects>
        <_>
          3 2 3 15 -1.</_>
        <_>
          3 7 3 5 3.</_></rects>
      <tilted>0</tilted></_>
    <_>
      <rects>
        <_>
          3 2 4 6 -1.</_>
        <_>
          3 5 4 3 2.</_></rects>
      <tilted>0</tilted></_>
    <_>
      <rects>
        <_>
          3 2 4 8 -1.</_>
        <_>
          3 6 4 4 2.</_></rects>
      <tilted>0</tilted></_>
    <_>
      <rects>
        <_>
          3 2 5 8 -1.</_>
        <_>
          3 6 5 4 2.</_></rects>
      <tilted>0</tilted></_>
    <_>
      <rects>
        <_>
          3 2 5 10 -1.</_>
        <_>
          3 7 5 5 2.</_></rects>
      <tilted>0</tilted></_>
    <_>
      <rects>
        <_>
          3 2 5 15 -1.</_>
        <_>
          3 7 5 5 3.</_></rects>
      <tilted>0</tilted></_>
    <_>
      <rects>
        <_>
          3 4 6 6 -1.</_>
        <_>
          5 4 2 6 3.</_></rects>
      <tilted>0</tilted></_>
    <_>
      <rects>
        <_>
          3 4 5 6 -1.</_>
        <_>
          3 7 5 3 2.</_></rects>
      <tilted>0</tilted></_>
    <_>
      <rects>
        <_>
          3 4 7 6 -1.</_>
        <_>
          3 7 7 3 2.</_></rects>
      <tilted>0</tilted></_>
    <_>
      <rects>
        <_>
          3 5 3 1 -1.</_>
        <_>
          4 5 1 1 3.</_></rects>
      <tilted>0</tilted></_>
    <_>
      <rects>
        <_>
          3 5 6 8 -1.</_>
        <_>
          3 5 3 4 2.</_>
        <_>
          6 9 3 4 2.</_></rects>
      <tilted>0</tilted></_>
    <_>
      <rects>
        <_>
          3 6 2 2 -1.</_>
        <_>
          3 6 1 1 2.</_>
        <_>
          4 7 1 1 2.</_></rects>
      <tilted>0</tilted></_>
    <_>
      <rects>
        <_>
          3 7 2 2 -1.</_>
        <_>
          3 8 2 1 2.</_></rects>
      <tilted>0</tilted></_>
    <_>
      <rects>
        <_>
          3 8 3 3 -1.</_>
        <_>
          3 9 3 1 3.</_></rects>
      <tilted>0</tilted></_>
    <_>
      <rects>
        <_>
          3 8 3 6 -1.</_>
        <_>
          3 11 3 3 2.</_></rects>
      <tilted>0</tilted></_>
    <_>
      <rects>
        <_>
          3 9 1 3 -1.</_>
        <_>
          3 10 1 1 3.</_></rects>
      <tilted>0</tilted></_>
    <_>
      <rects>
        <_>
          3 9 2 4 -1.</_>
        <_>
          3 11 2 2 2.</_></rects>
      <tilted>0</tilted></_>
    <_>
      <rects>
        <_>
          3 9 6 1 -1.</_>
        <_>
          6 9 3 1 2.</_></rects>
      <tilted>0</tilted></_>
    <_>
      <rects>
        <_>
          3 10 1 2 -1.</_>
        <_>
          3 11 1 1 2.</_></rects>
      <tilted>0</tilted></_>
    <_>
      <rects>
        <_>
          3 11 1 3 -1.</_>
        <_>
          3 12 1 1 3.</_></rects>
      <tilted>0</tilted></_>
    <_>
      <rects>
        <_>
          3 13 4 3 -1.</_>
        <_>
          3 14 4 1 3.</_></rects>
      <tilted>0</tilted></_>
    <_>
      <rects>
        <_>
          4 0 2 1 -1.</_>
        <_>
          5 0 1 1 2.</_></rects>
      <tilted>0</tilted></_>
    <_>
      <rects>
        <_>
          4 0 1 2 -1.</_>
        <_>
          4 1 1 1 2.</_></rects>
      <tilted>0</tilted></_>
    <_>
      <rects>
        <_>
          4 0 3 18 -1.</_>
        <_>
          5 0 1 18 3.</_></rects>
      <tilted>0</tilted></_>
    <_>
      <rects>
        <_>
          4 0 4 14 -1.</_>
        <_>
          4 0 2 7 2.</_>
        <_>
          6 7 2 7 2.</_></rects>
      <tilted>0</tilted></_>
    <_>
      <rects>
        <_>
          4 1 2 1 -1.</_>
        <_>
          5 1 1 1 2.</_></rects>
      <tilted>0</tilted></_>
    <_>
      <rects>
        <_>
          4 1 2 3 -1.</_>
        <_>
          4 2 2 1 3.</_></rects>
      <tilted>0</tilted></_>
    <_>
      <rects>
        <_>
          4 3 4 15 -1.</_>
        <_>
          4 8 4 5 3.</_></rects>
      <tilted>0</tilted></_>
    <_>
      <rects>
        <_>
          4 4 3 4 -1.</_>
        <_>
          5 4 1 4 3.</_></rects>
      <tilted>0</tilted></_>
    <_>
      <rects>
        <_>
          4 4 3 3 -1.</_>
        <_>
          4 5 3 1 3.</_></rects>
      <tilted>0</tilted></_>
    <_>
      <rects>
        <_>
          4 5 1 3 -1.</_>
        <_>
          4 6 1 1 3.</_></rects>
      <tilted>0</tilted></_>
    <_>
      <rects>
        <_>
          4 5 2 2 -1.</_>
        <_>
          5 5 1 2 2.</_></rects>
      <tilted>0</tilted></_>
    <_>
      <rects>
        <_>
          4 5 3 9 -1.</_>
        <_>
          4 8 3 3 3.</_></rects>
      <tilted>0</tilted></_>
    <_>
      <rects>
        <_>
          4 6 2 3 -1.</_>
        <_>
          4 7 2 1 3.</_></rects>
      <tilted>0</tilted></_>
    <_>
      <rects>
        <_>
          4 8 1 2 -1.</_>
        <_>
          4 9 1 1 2.</_></rects>
      <tilted>0</tilted></_>
    <_>
      <rects>
        <_>
          4 8 1 3 -1.</_>
        <_>
          4 9 1 1 3.</_></rects>
      <tilted>0</tilted></_>
    <_>
      <rects>
        <_>
          4 9 2 2 -1.</_>
        <_>
          4 9 1 1 2.</_>
        <_>
          5 10 1 1 2.</_></rects>
      <tilted>0</tilted></_>
    <_>
      <rects>
        <_>
          4 9 3 2 -1.</_>
        <_>
          5 9 1 2 3.</_></rects>
      <tilted>0</tilted></_>
    <_>
      <rects>
        <_>
          4 9 3 5 -1.</_>
        <_>
          5 9 1 5 3.</_></rects>
      <tilted>0</tilted></_>
    <_>
      <rects>
        <_>
          4 9 4 2 -1.</_>
        <_>
          6 9 2 2 2.</_></rects>
      <tilted>0</tilted></_>
    <_>
      <rects>
        <_>
          4 10 6 2 -1.</_>
        <_>
          4 10 3 1 2.</_>
        <_>
          7 11 3 1 2.</_></rects>
      <tilted>0</tilted></_>
    <_>
      <rects>
        <_>
          4 12 3 1 -1.</_>
        <_>
          5 12 1 1 3.</_></rects>
      <tilted>0</tilted></_>
    <_>
      <rects>
        <_>
          5 0 2 1 -1.</_>
        <_>
          6 0 1 1 2.</_></rects>
      <tilted>0</tilted></_>
    <_>
      <rects>
        <_>
          5 0 5 6 -1.</_>
        <_>
          5 3 5 3 2.</_></rects>
      <tilted>0</tilted></_>
    <_>
      <rects>
        <_>
          5 3 1 2 -1.</_>
        <_>
          5 4 1 1 2.</_></rects>
      <tilted>0</tilted></_>
    <_>
      <rects>
        <_>
          5 4 2 3 -1.</_>
        <_>
          5 5 2 1 3.</_></rects>
      <tilted>0</tilted></_>
    <_>
      <rects>
        <_>
          5 5 4 6 -1.</_>
        <_>
          7 5 2 6 2.</_></rects>
      <tilted>0</tilted></_>
    <_>
      <rects>
        <_>
          5 6 1 3 -1.</_>
        <_>
          5 7 1 1 3.</_></rects>
      <tilted>0</tilted></_>
    <_>
      <rects>
        <_>
          5 7 2 2 -1.</_>
        <_>
          5 7 1 1 2.</_>
        <_>
          6 8 1 1 2.</_></rects>
      <tilted>0</tilted></_>
    <_>
      <rects>
        <_>
          5 8 1 2 -1.</_>
        <_>
          5 9 1 1 2.</_></rects>
      <tilted>0</tilted></_>
    <_>
      <rects>
        <_>
          5 8 3 1 -1.</_>
        <_>
          6 8 1 1 3.</_></rects>
      <tilted>0</tilted></_>
    <_>
      <rects>
        <_>
          5 8 2 2 -1.</_>
        <_>
          5 8 1 1 2.</_>
        <_>
          6 9 1 1 2.</_></rects>
      <tilted>0</tilted></_>
    <_>
      <rects>
        <_>
          5 8 2 3 -1.</_>
        <_>
          5 9 2 1 3.</_></rects>
      <tilted>0</tilted></_>
    <_>
      <rects>
        <_>
          5 9 1 3 -1.</_>
        <_>
          5 10 1 1 3.</_></rects>
      <tilted>0</tilted></_>
    <_>
      <rects>
        <_>
          5 9 4 1 -1.</_>
        <_>
          7 9 2 1 2.</_></rects>
      <tilted>0</tilted></_>
    <_>
      <rects>
        <_>
          5 10 3 5 -1.</_>
        <_>
          6 10 1 5 3.</_></rects>
      <tilted>0</tilted></_>
    <_>
      <rects>
        <_>
          5 13 4 1 -1.</_>
        <_>
          7 13 2 1 2.</_></rects>
      <tilted>0</tilted></_>
    <_>
      <rects>
        <_>
          5 15 1 3 -1.</_>
        <_>
          5 16 1 1 3.</_></rects>
      <tilted>0</tilted></_>
    <_>
      <rects>
        <_>
          6 0 3 18 -1.</_>
        <_>
          7 0 1 18 3.</_></rects>
      <tilted>0</tilted></_>
    <_>
      <rects>
        <_>
          6 1 2 1 -1.</_>
        <_>
          7 1 1 1 2.</_></rects>
      <tilted>0</tilted></_>
    <_>
      <rects>
        <_>
          6 1 1 2 -1.</_>
        <_>
          6 2 1 1 2.</_></rects>
      <tilted>0</tilted></_>
    <_>
      <rects>
        <_>
          6 1 4 12 -1.</_>
        <_>
          6 1 2 6 2.</_>
        <_>
          8 7 2 6 2.</_></rects>
      <tilted>0</tilted></_>
    <_>
      <rects>
        <_>
          6 2 2 1 -1.</_>
        <_>
          7 2 1 1 2.</_></rects>
      <tilted>0</tilted></_>
    <_>
      <rects>
        <_>
          6 2 4 12 -1.</_>
        <_>
          6 2 2 6 2.</_>
        <_>
          8 8 2 6 2.</_></rects>
      <tilted>0</tilted></_>
    <_>
      <rects>
        <_>
          6 3 2 1 -1.</_>
        <_>
          7 3 1 1 2.</_></rects>
      <tilted>0</tilted></_>
    <_>
      <rects>
        <_>
          6 3 4 8 -1.</_>
        <_>
          6 3 2 4 2.</_>
        <_>
          8 7 2 4 2.</_></rects>
      <tilted>0</tilted></_>
    <_>
      <rects>
        <_>
          6 4 1 3 -1.</_>
        <_>
          6 5 1 1 3.</_></rects>
      <tilted>0</tilted></_>
    <_>
      <rects>
        <_>
          6 4 1 4 -1.</_>
        <_>
          6 6 1 2 2.</_></rects>
      <tilted>0</tilted></_>
    <_>
      <rects>
        <_>
          6 5 1 3 -1.</_>
        <_>
          6 6 1 1 3.</_></rects>
      <tilted>0</tilted></_>
    <_>
      <rects>
        <_>
          6 5 3 3 -1.</_>
        <_>
          7 5 1 3 3.</_></rects>
      <tilted>0</tilted></_>
    <_>
      <rects>
        <_>
          6 5 2 3 -1.</_>
        <_>
          6 6 2 1 3.</_></rects>
      <tilted>0</tilted></_>
    <_>
      <rects>
        <_>
          6 6 3 1 -1.</_>
        <_>
          7 6 1 1 3.</_></rects>
      <tilted>0</tilted></_>
    <_>
      <rects>
        <_>
          6 7 2 2 -1.</_>
        <_>
          6 7 1 1 2.</_>
        <_>
          7 8 1 1 2.</_></rects>
      <tilted>0</tilted></_>
    <_>
      <rects>
        <_>
          6 8 2 2 -1.</_>
        <_>
          6 8 1 1 2.</_>
        <_>
          7 9 1 1 2.</_></rects>
      <tilted>0</tilted></_>
    <_>
      <rects>
        <_>
          6 9 3 1 -1.</_>
        <_>
          7 9 1 1 3.</_></rects>
      <tilted>0</tilted></_>
    <_>
      <rects>
        <_>
          6 9 1 3 -1.</_>
        <_>
          6 10 1 1 3.</_></rects>
      <tilted>0</tilted></_>
    <_>
      <rects>
        <_>
          6 9 2 2 -1.</_>
        <_>
          6 9 1 1 2.</_>
        <_>
          7 10 1 1 2.</_></rects>
      <tilted>0</tilted></_>
    <_>
      <rects>
        <_>
          6 11 4 2 -1.</_>
        <_>
          6 11 2 1 2.</_>
        <_>
          8 12 2 1 2.</_></rects>
      <tilted>0</tilted></_>
    <_>
      <rects>
        <_>
          6 12 2 1 -1.</_>
        <_>
          7 12 1 1 2.</_></rects>
      <tilted>0</tilted></_>
    <_>
      <rects>
        <_>
          6 13 1 3 -1.</_>
        <_>
          6 14 1 1 3.</_></rects>
      <tilted>0</tilted></_>
    <_>
      <rects>
        <_>
          7 0 2 2 -1.</_>
        <_>
          8 0 1 2 2.</_></rects>
      <tilted>0</tilted></_>
    <_>
      <rects>
        <_>
          7 0 3 2 -1.</_>
        <_>
          8 0 1 2 3.</_></rects>
      <tilted>0</tilted></_>
    <_>
      <rects>
        <_>
          7 1 1 6 -1.</_>
        <_>
          7 3 1 2 3.</_></rects>
      <tilted>0</tilted></_>
    <_>
      <rects>
        <_>
          7 3 1 2 -1.</_>
        <_>
          7 4 1 1 2.</_></rects>
      <tilted>0</tilted></_>
    <_>
      <rects>
        <_>
          7 4 1 2 -1.</_>
        <_>
          7 5 1 1 2.</_></rects>
      <tilted>0</tilted></_>
    <_>
      <rects>
        <_>
          7 5 1 3 -1.</_>
        <_>
          7 6 1 1 3.</_></rects>
      <tilted>0</tilted></_>
    <_>
      <rects>
        <_>
          7 6 1 3 -1.</_>
        <_>
          7 7 1 1 3.</_></rects>
      <tilted>0</tilted></_>
    <_>
      <rects>
        <_>
          7 6 2 2 -1.</_>
        <_>
          7 7 2 1 2.</_></rects>
      <tilted>0</tilted></_>
    <_>
      <rects>
        <_>
          7 6 2 10 -1.</_>
        <_>
          7 11 2 5 2.</_></rects>
      <tilted>0</tilted></_>
    <_>
      <rects>
        <_>
          7 7 2 2 -1.</_>
        <_>
          7 7 1 1 2.</_>
        <_>
          8 8 1 1 2.</_></rects>
      <tilted>0</tilted></_>
    <_>
      <rects>
        <_>
          7 7 2 6 -1.</_>
        <_>
          7 10 2 3 2.</_></rects>
      <tilted>0</tilted></_>
    <_>
      <rects>
        <_>
          7 8 3 1 -1.</_>
        <_>
          8 8 1 1 3.</_></rects>
      <tilted>0</tilted></_>
    <_>
      <rects>
        <_>
          7 8 3 2 -1.</_>
        <_>
          8 8 1 2 3.</_></rects>
      <tilted>0</tilted></_>
    <_>
      <rects>
        <_>
          7 8 3 3 -1.</_>
        <_>
          8 8 1 3 3.</_></rects>
      <tilted>0</tilted></_>
    <_>
      <rects>
        <_>
          7 9 3 5 -1.</_>
        <_>
          8 9 1 5 3.</_></rects>
      <tilted>0</tilted></_>
    <_>
      <rects>
        <_>
          7 10 3 1 -1.</_>
        <_>
          8 10 1 1 3.</_></rects>
      <tilted>0</tilted></_>
    <_>
      <rects>
        <_>
          8 0 2 1 -1.</_>
        <_>
          9 0 1 1 2.</_></rects>
      <tilted>0</tilted></_>
    <_>
      <rects>
        <_>
          8 0 2 2 -1.</_>
        <_>
          8 0 1 1 2.</_>
        <_>
          9 1 1 1 2.</_></rects>
      <tilted>0</tilted></_>
    <_>
      <rects>
        <_>
          8 0 2 2 -1.</_>
        <_>
          9 0 1 2 2.</_></rects>
      <tilted>0</tilted></_>
    <_>
      <rects>
        <_>
          8 3 2 1 -1.</_>
        <_>
          9 3 1 1 2.</_></rects>
      <tilted>0</tilted></_>
    <_>
      <rects>
        <_>
          8 3 2 8 -1.</_>
        <_>
          8 3 1 4 2.</_>
        <_>
          9 7 1 4 2.</_></rects>
      <tilted>0</tilted></_>
    <_>
      <rects>
        <_>
          8 5 2 6 -1.</_>
        <_>
          8 5 1 3 2.</_>
        <_>
          9 8 1 3 2.</_></rects>
      <tilted>0</tilted></_>
    <_>
      <rects>
        <_>
          8 7 2 1 -1.</_>
        <_>
          9 7 1 1 2.</_></rects>
      <tilted>0</tilted></_>
    <_>
      <rects>
        <_>
          8 7 2 2 -1.</_>
        <_>
          8 7 1 1 2.</_>
        <_>
          9 8 1 1 2.</_></rects>
      <tilted>0</tilted></_>
    <_>
      <rects>
        <_>
          8 7 2 6 -1.</_>
        <_>
          9 7 1 6 2.</_></rects>
      <tilted>0</tilted></_>
    <_>
      <rects>
        <_>
          8 8 2 2 -1.</_>
        <_>
          9 8 1 2 2.</_></rects>
      <tilted>0</tilted></_>
    <_>
      <rects>
        <_>
          8 9 2 4 -1.</_>
        <_>
          8 9 1 2 2.</_>
        <_>
          9 11 1 2 2.</_></rects>
      <tilted>0</tilted></_>
    <_>
      <rects>
        <_>
          9 4 1 2 -1.</_>
        <_>
          9 5 1 1 2.</_></rects>
      <tilted>0</tilted></_></features></cascade>
</opencv_storage>
