<?xml version="1.0"?>
<opencv_storage>
<cascade>
  <stageType>BOOST</stageType>
  <featureType>HAAR</featureType>
  <height>19</height>
  <width>19</width>
  <stageParams>
    <boostType>GAB</boostType>
    <minHitRate>9.9900001287460327e-01</minHitRate>
    <maxFalseAlarm>5.0000000000000000e-01</maxFalseAlarm>
    <weightTrimRate>9.4999999999999996e-01</weightTrimRate>
    <maxDepth>1</maxDepth>
    <maxWeakCount>100</maxWeakCount></stageParams>
  <featureParams>
    <maxCatCount>0</maxCatCount>
    <featSize>1</featSize>
    <mode>BASIC</mode></featureParams>
  <stageNum>20</stageNum>
  <stages>
    <!-- stage 0 -->
    <_>
      <maxWeakCount>8</maxWeakCount>
      <stageThreshold>-4.9761769175529480e-01</stageThreshold>
      <weakClassifiers>
        <_>
          <internalNodes>
            0 -1 153 6.8734854459762573e-02</internalNodes>
          <leafValues>
            5.4379564523696899e-01 -9.4805192947387695e-01</leafValues></_>
        <_>
          <internalNodes>
            0 -1 186 2.1228326950222254e-03</internalNodes>
          <leafValues>
            -3.9032495021820068e-01 5.8034479618072510e-01</leafValues></_>
        <_>
          <internalNodes>
            0 -1 53 2.1687382459640503e-01</internalNodes>
          <leafValues>
            2.4573470652103424e-01 -9.2733359336853027e-01</leafValues></_>
        <_>
          <internalNodes>
            0 -1 16 2.5935340672731400e-02</internalNodes>
          <leafValues>
            -3.4280577301979065e-01 6.9326257705688477e-01</leafValues></_>
        <_>
          <internalNodes>
            0 -1 119 -5.8641405776143074e-03</internalNodes>
          <leafValues>
            5.7569998502731323e-01 -3.5810947418212891e-01</leafValues></_>
        <_>
          <internalNodes>
            0 -1 61 3.4017800353467464e-03</internalNodes>
          <leafValues>
            -2.1474958956241608e-01 7.8774803876876831e-01</leafValues></_>
        <_>
          <internalNodes>
            0 -1 216 -9.1919349506497383e-03</internalNodes>
          <leafValues>
            7.4883443117141724e-01 -2.2483402490615845e-01</leafValues></_>
        <_>
          <internalNodes>
            0 -1 67 -1.5456024557352066e-03</internalNodes>
          <leafValues>
            4.8293468356132507e-01 -3.7382829189300537e-01</leafValues></_></weakClassifiers></_>
    <!-- stage 1 -->
    <_>
      <maxWeakCount>8</maxWeakCount>
      <stageThreshold>-9.1112601757049561e-01</stageThreshold>
      <weakClassifiers>
        <_>
          <internalNodes>
            0 -1 112 -5.8176973834633827e-03</internalNodes>
          <leafValues>
            6.8421053886413574e-01 -2.1238937973976135e-01</leafValues></_>
        <_>
          <internalNodes>
            0 -1 141 4.1613653302192688e-03</internalNodes>
          <leafValues>
            -1.5664680302143097e-01 9.0490186214447021e-01</leafValues></_>
        <_>
          <internalNodes>
            0 -1 130 8.2812854088842869e-04</internalNodes>
          <leafValues>
            -3.2575902342796326e-01 5.4849284887313843e-01</leafValues></_>
        <_>
          <internalNodes>
            0 -1 183 3.6455288529396057e-02</internalNodes>
          <leafValues>
            -2.7253779768943787e-01 6.3452321290969849e-01</leafValues></_>
        <_>
          <internalNodes>
            0 -1 198 -2.8339333366602659e-03</internalNodes>
          <leafValues>
            9.3431293964385986e-01 -1.4910779893398285e-01</leafValues></_>
        <_>
          <internalNodes>
            0 -1 175 -2.6396517641842365e-03</internalNodes>
          <leafValues>
            6.3559967279434204e-01 -2.5761613249778748e-01</leafValues></_>
        <_>
          <internalNodes>
            0 -1 40 1.7281362414360046e-01</internalNodes>
          <leafValues>
            2.0589350163936615e-01 -9.3540418148040771e-01</leafValues></_>
        <_>
          <internalNodes>
            0 -1 29 -1.6438153386116028e-01</internalNodes>
          <leafValues>
            -7.8313541412353516e-01 2.5703740119934082e-01</leafValues></_></weakClassifiers></_>
    <!-- stage 2 -->
    <_>
      <maxWeakCount>13</maxWeakCount>
      <stageThreshold>-7.6518666744232178e-01</stageThreshold>
      <weakClassifiers>
        <_>
          <internalNodes>
            0 -1 170 4.1274051181972027e-03</internalNodes>
          <leafValues>
            -1.0084033757448196e-01 6.4341086149215698e-01</leafValues></_>
        <_>
          <internalNodes>
            0 -1 184 -1.3149147853255272e-03</internalNodes>
          <leafValues>
            6.7338240146636963e-01 -1.8848241865634918e-01</leafValues></_>
        <_>
          <internalNodes>
            0 -1 182 -3.7926845252513885e-03</internalNodes>
          <leafValues>
            9.4287687540054321e-01 -1.4920268952846527e-01</leafValues></_>
        <_>
          <internalNodes>
            0 -1 147 9.0430304408073425e-04</internalNodes>
          <leafValues>
            -2.3457475006580353e-01 6.3234174251556396e-01</leafValues></_>
        <_>
          <internalNodes>
            0 -1 33 1.2987104058265686e-01</internalNodes>
          <leafValues>
            1.6767041385173798e-01 -9.1564393043518066e-01</leafValues></_>
        <_>
          <internalNodes>
            0 -1 223 6.4406208693981171e-03</internalNodes>
          <leafValues>
            -1.9187884032726288e-01 7.5787496566772461e-01</leafValues></_>
        <_>
          <internalNodes>
            0 -1 44 3.0100471340119839e-03</internalNodes>
          <leafValues>
            -2.4448738992214203e-01 5.1514202356338501e-01</leafValues></_>
        <_>
          <internalNodes>
            0 -1 19 3.1249772757291794e-02</internalNodes>
          <leafValues>
            -2.3577846586704254e-01 5.7296425104141235e-01</leafValues></_>
        <_>
          <internalNodes>
            0 -1 187 -3.2730475068092346e-03</internalNodes>
          <leafValues>
            8.0163532495498657e-01 -1.4501774311065674e-01</leafValues></_>
        <_>
          <internalNodes>
            0 -1 188 -2.0569858606904745e-03</internalNodes>
          <leafValues>
            9.6148687601089478e-01 -1.0517846792936325e-01</leafValues></_>
        <_>
          <internalNodes>
            0 -1 52 1.1255705729126930e-02</internalNodes>
          <leafValues>
            -1.4079968631267548e-01 7.4346494674682617e-01</leafValues></_>
        <_>
          <internalNodes>
            0 -1 127 8.9197128545492887e-04</internalNodes>
          <leafValues>
            -3.1909376382827759e-01 3.9196777343750000e-01</leafValues></_>
        <_>
          <internalNodes>
            0 -1 122 -5.7909181341528893e-03</internalNodes>
          <leafValues>
            4.1333895921707153e-01 -3.3283522725105286e-01</leafValues></_></weakClassifiers></_>
    <!-- stage 3 -->
    <_>
      <maxWeakCount>9</maxWeakCount>
      <stageThreshold>-6.5829044580459595e-01</stageThreshold>
      <weakClassifiers>
        <_>
          <internalNodes>
            0 -1 1 -3.7883514165878296e-01</internalNodes>
          <leafValues>
            -7.5308644771575928e-01 5.2573531866073608e-01</leafValues></_>
        <_>
          <internalNodes>
            0 -1 191 1.3044172665104270e-03</internalNodes>
          <leafValues>
            -2.2215078771114349e-01 6.7063981294631958e-01</leafValues></_>
        <_>
          <internalNodes>
            0 -1 215 6.1679324135184288e-03</internalNodes>
          <leafValues>
            -1.7117393016815186e-01 8.7239754199981689e-01</leafValues></_>
        <_>
          <internalNodes>
            0 -1 189 1.5713652828708291e-03</internalNodes>
          <leafValues>
            -2.9657870531082153e-01 4.6144625544548035e-01</leafValues></_>
        <_>
          <internalNodes>
            0 -1 201 -1.4576826943084598e-03</internalNodes>
          <leafValues>
            7.5589019060134888e-01 -2.0485199987888336e-01</leafValues></_>
        <_>
          <internalNodes>
            0 -1 161 6.8738088011741638e-02</internalNodes>
          <leafValues>
            2.2615727782249451e-01 -8.8892340660095215e-01</leafValues></_>
        <_>
          <internalNodes>
            0 -1 200 -1.1791863944381475e-03</internalNodes>
          <leafValues>
            5.8063721656799316e-01 -3.1220531463623047e-01</leafValues></_>
        <_>
          <internalNodes>
            0 -1 20 1.0567387565970421e-02</internalNodes>
          <leafValues>
            -5.0035017728805542e-01 3.3102792501449585e-01</leafValues></_>
        <_>
          <internalNodes>
            0 -1 202 -2.3448378778994083e-03</internalNodes>
          <leafValues>
            6.9507443904876709e-01 -2.1617071330547333e-01</leafValues></_></weakClassifiers></_>
    <!-- stage 4 -->
    <_>
      <maxWeakCount>12</maxWeakCount>
      <stageThreshold>-5.2811938524246216e-01</stageThreshold>
      <weakClassifiers>
        <_>
          <internalNodes>
            0 -1 9 -1.9575697183609009e-01</internalNodes>
          <leafValues>
            -9.1666668653488159e-01 4.6620449423789978e-01</leafValues></_>
        <_>
          <internalNodes>
            0 -1 219 -4.4726367923431098e-04</internalNodes>
          <leafValues>
            -5.4899543523788452e-01 2.9374247789382935e-01</leafValues></_>
        <_>
          <internalNodes>
            0 -1 209 -9.4325970858335495e-03</internalNodes>
          <leafValues>
            3.6832767724990845e-01 -3.6389899253845215e-01</leafValues></_>
        <_>
          <internalNodes>
            0 -1 142 1.2257514754310250e-03</internalNodes>
          <leafValues>
            -2.3324462771415710e-01 5.6945133209228516e-01</leafValues></_>
        <_>
          <internalNodes>
            0 -1 233 5.6348403450101614e-04</internalNodes>
          <leafValues>
            2.4448175728321075e-01 -5.5380666255950928e-01</leafValues></_>
        <_>
          <internalNodes>
            0 -1 172 1.7684781923890114e-03</internalNodes>
          <leafValues>
            -1.9586926698684692e-01 7.3511779308319092e-01</leafValues></_>
        <_>
          <internalNodes>
            0 -1 111 -4.1310344822704792e-03</internalNodes>
          <leafValues>
            5.0479793548583984e-01 -2.6846083998680115e-01</leafValues></_>
        <_>
          <internalNodes>
            0 -1 158 4.8197656869888306e-03</internalNodes>
          <leafValues>
            -1.3619197905063629e-01 7.5431150197982788e-01</leafValues></_>
        <_>
          <internalNodes>
            0 -1 94 2.8364115860313177e-04</internalNodes>
          <leafValues>
            3.0084040760993958e-01 -4.8049578070640564e-01</leafValues></_>
        <_>
          <internalNodes>
            0 -1 92 -4.4855571468360722e-04</internalNodes>
          <leafValues>
            -5.8589375019073486e-01 2.0852397382259369e-01</leafValues></_>
        <_>
          <internalNodes>
            0 -1 21 3.7261839024722576e-03</internalNodes>
          <leafValues>
            -1.4684367179870605e-01 9.4630080461502075e-01</leafValues></_>
        <_>
          <internalNodes>
            0 -1 117 8.3592832088470459e-02</internalNodes>
          <leafValues>
            1.9444426894187927e-01 -7.7322787046432495e-01</leafValues></_></weakClassifiers></_>
    <!-- stage 5 -->
    <_>
      <maxWeakCount>15</maxWeakCount>
      <stageThreshold>-7.3073631525039673e-01</stageThreshold>
      <weakClassifiers>
        <_>
          <internalNodes>
            0 -1 237 4.2144779581576586e-04</internalNodes>
          <leafValues>
            4.9903661012649536e-01 -3.2075470685958862e-01</leafValues></_>
        <_>
          <internalNodes>
            0 -1 127 1.9269410986453295e-03</internalNodes>
          <leafValues>
            -2.4031452834606171e-01 4.4641992449760437e-01</leafValues></_>
        <_>
          <internalNodes>
            0 -1 106 3.6164553603157401e-04</internalNodes>
          <leafValues>
            2.4950097501277924e-01 -4.6067970991134644e-01</leafValues></_>
        <_>
          <internalNodes>
            0 -1 162 4.0107388049364090e-03</internalNodes>
          <leafValues>
            -1.7283040285110474e-01 7.1153706312179565e-01</leafValues></_>
        <_>
          <internalNodes>
            0 -1 137 -1.0188265703618526e-02</internalNodes>
          <leafValues>
            4.0716975927352905e-01 -3.6988070607185364e-01</leafValues></_>
        <_>
          <internalNodes>
            0 -1 247 -9.0333656407892704e-04</internalNodes>
          <leafValues>
            -3.9432427287101746e-01 2.9465210437774658e-01</leafValues></_>
        <_>
          <internalNodes>
            0 -1 72 3.2418025657534599e-03</internalNodes>
          <leafValues>
            -1.4896960556507111e-01 7.9064601659774780e-01</leafValues></_>
        <_>
          <internalNodes>
            0 -1 225 -7.1764290332794189e-03</internalNodes>
          <leafValues>
            6.5731203556060791e-01 -1.5974979102611542e-01</leafValues></_>
        <_>
          <internalNodes>
            0 -1 208 -2.5282346177846193e-04</internalNodes>
          <leafValues>
            -3.9136937260627747e-01 3.0035695433616638e-01</leafValues></_>
        <_>
          <internalNodes>
            0 -1 18 5.8520832099020481e-03</internalNodes>
          <leafValues>
            -1.3907219469547272e-01 7.7858012914657593e-01</leafValues></_>
        <_>
          <internalNodes>
            0 -1 36 -2.9452335089445114e-02</internalNodes>
          <leafValues>
            -6.3340818881988525e-01 1.8003445863723755e-01</leafValues></_>
        <_>
          <internalNodes>
            0 -1 49 3.5816631861962378e-04</internalNodes>
          <leafValues>
            3.1216123700141907e-01 -3.7085986137390137e-01</leafValues></_>
        <_>
          <internalNodes>
            0 -1 39 1.1561485007405281e-02</internalNodes>
          <leafValues>
            -1.4775718748569489e-01 8.1812965869903564e-01</leafValues></_>
        <_>
          <internalNodes>
            0 -1 234 3.9209704846143723e-04</internalNodes>
          <leafValues>
            1.9257149100303650e-01 -6.0616874694824219e-01</leafValues></_>
        <_>
          <internalNodes>
            0 -1 114 -8.0420849844813347e-03</internalNodes>
          <leafValues>
            8.8279771804809570e-01 -1.3381379842758179e-01</leafValues></_></weakClassifiers></_>
    <!-- stage 6 -->
    <_>
      <maxWeakCount>16</maxWeakCount>
      <stageThreshold>-8.3628934621810913e-01</stageThreshold>
      <weakClassifiers>
        <_>
          <internalNodes>
            0 -1 54 -2.3589232563972473e-01</internalNodes>
          <leafValues>
            -9.3548387289047241e-01 4.2760941386222839e-01</leafValues></_>
        <_>
          <internalNodes>
            0 -1 34 1.4636710286140442e-02</internalNodes>
          <leafValues>
            -1.6875353455543518e-01 5.8009064197540283e-01</leafValues></_>
        <_>
          <internalNodes>
            0 -1 30 2.0614485442638397e-01</internalNodes>
          <leafValues>
            1.7322008311748505e-01 -6.2148225307464600e-01</leafValues></_>
        <_>
          <internalNodes>
            0 -1 220 -4.0161600918509066e-04</internalNodes>
          <leafValues>
            -4.8339280486106873e-01 2.2768194973468781e-01</leafValues></_>
        <_>
          <internalNodes>
            0 -1 132 7.4607026763260365e-03</internalNodes>
          <leafValues>
            -1.1503431200981140e-01 9.1900014877319336e-01</leafValues></_>
        <_>
          <internalNodes>
            0 -1 165 8.3763904869556427e-02</internalNodes>
          <leafValues>
            -1.2624400854110718e-01 8.4601914882659912e-01</leafValues></_>
        <_>
          <internalNodes>
            0 -1 109 -5.0378879532217979e-03</internalNodes>
          <leafValues>
            9.6344661712646484e-01 -1.0230574011802673e-01</leafValues></_>
        <_>
          <internalNodes>
            0 -1 10 -6.3724547624588013e-02</internalNodes>
          <leafValues>
            -4.4252464175224304e-01 2.7070936560630798e-01</leafValues></_>
        <_>
          <internalNodes>
            0 -1 100 -2.3832448277971707e-05</internalNodes>
          <leafValues>
            4.0095022320747375e-01 -2.8863844275474548e-01</leafValues></_>
        <_>
          <internalNodes>
            0 -1 47 6.1605556402355433e-04</internalNodes>
          <leafValues>
            2.1423558890819550e-01 -4.5721915364265442e-01</leafValues></_>
        <_>
          <internalNodes>
            0 -1 24 -1.9581899046897888e-01</internalNodes>
          <leafValues>
            -7.4670904874801636e-01 1.4253409206867218e-01</leafValues></_>
        <_>
          <internalNodes>
            0 -1 60 -1.1405539512634277e-01</internalNodes>
          <leafValues>
            4.0913131833076477e-01 -2.9162716865539551e-01</leafValues></_>
        <_>
          <internalNodes>
            0 -1 198 -3.1168335117399693e-03</internalNodes>
          <leafValues>
            6.7485815286636353e-01 -1.6139662265777588e-01</leafValues></_>
        <_>
          <internalNodes>
            0 -1 235 4.7728634672239423e-04</internalNodes>
          <leafValues>
            1.5505832433700562e-01 -7.7334833145141602e-01</leafValues></_>
        <_>
          <internalNodes>
            0 -1 121 -1.4299433678388596e-03</internalNodes>
          <leafValues>
            3.4116777777671814e-01 -3.1755086779594421e-01</leafValues></_>
        <_>
          <internalNodes>
            0 -1 118 6.2048159539699554e-02</internalNodes>
          <leafValues>
            -1.8068735301494598e-01 6.8213188648223877e-01</leafValues></_></weakClassifiers></_>
    <!-- stage 7 -->
    <_>
      <maxWeakCount>17</maxWeakCount>
      <stageThreshold>-8.0066066980361938e-01</stageThreshold>
      <weakClassifiers>
        <_>
          <internalNodes>
            0 -1 79 -6.3726663589477539e-02</internalNodes>
          <leafValues>
            -1. 4.1903170943260193e-01</leafValues></_>
        <_>
          <internalNodes>
            0 -1 130 4.6764721628278494e-04</internalNodes>
          <leafValues>
            -2.9890376329421997e-01 3.5839968919754028e-01</leafValues></_>
        <_>
          <internalNodes>
            0 -1 215 8.6755538359284401e-03</internalNodes>
          <leafValues>
            -1.3596862554550171e-01 7.5816971063613892e-01</leafValues></_>
        <_>
          <internalNodes>
            0 -1 6 5.9692971408367157e-03</internalNodes>
          <leafValues>
            -1.7177414894104004e-01 6.7580574750900269e-01</leafValues></_>
        <_>
          <internalNodes>
            0 -1 64 -4.4765263795852661e-02</internalNodes>
          <leafValues>
            4.5811659097671509e-01 -1.9357809424400330e-01</leafValues></_>
        <_>
          <internalNodes>
            0 -1 248 1.0569755919277668e-02</internalNodes>
          <leafValues>
            -1.6268676519393921e-01 6.5437340736389160e-01</leafValues></_>
        <_>
          <internalNodes>
            0 -1 42 -6.3523769378662109e-02</internalNodes>
          <leafValues>
            -6.4762991666793823e-01 1.5657480061054230e-01</leafValues></_>
        <_>
          <internalNodes>
            0 -1 113 -1.2058422435075045e-03</internalNodes>
          <leafValues>
            4.1004094481468201e-01 -2.8507584333419800e-01</leafValues></_>
        <_>
          <internalNodes>
            0 -1 200 3.5549025051295757e-03</internalNodes>
          <leafValues>
            -1.4679931104183197e-01 6.8320578336715698e-01</leafValues></_>
        <_>
          <internalNodes>
            0 -1 159 -7.1013318374752998e-03</internalNodes>
          <leafValues>
            3.4069406986236572e-01 -3.3343946933746338e-01</leafValues></_>
        <_>
          <internalNodes>
            0 -1 92 2.7951353695243597e-04</internalNodes>
          <leafValues>
            2.5342381000518799e-01 -4.6951124072074890e-01</leafValues></_>
        <_>
          <internalNodes>
            0 -1 109 -5.4397834464907646e-03</internalNodes>
          <leafValues>
            8.9852797985076904e-01 -1.3330399990081787e-01</leafValues></_>
        <_>
          <internalNodes>
            0 -1 249 -2.3882243112893775e-05</internalNodes>
          <leafValues>
            4.6486246585845947e-01 -2.2012472152709961e-01</leafValues></_>
        <_>
          <internalNodes>
            0 -1 14 1.0269080102443695e-01</internalNodes>
          <leafValues>
            -1.4579950273036957e-01 6.2128949165344238e-01</leafValues></_>
        <_>
          <internalNodes>
            0 -1 195 -5.9863692149519920e-03</internalNodes>
          <leafValues>
            9.8376178741455078e-01 -8.9529812335968018e-02</leafValues></_>
        <_>
          <internalNodes>
            0 -1 83 -5.1882904022932053e-02</internalNodes>
          <leafValues>
            4.2951613664627075e-01 -2.0498156547546387e-01</leafValues></_>
        <_>
          <internalNodes>
            0 -1 87 7.2636688128113747e-04</internalNodes>
          <leafValues>
            2.4711862206459045e-01 -4.3410342931747437e-01</leafValues></_></weakClassifiers></_>
    <!-- stage 8 -->
    <_>
      <maxWeakCount>14</maxWeakCount>
      <stageThreshold>-6.3414621353149414e-01</stageThreshold>
      <weakClassifiers>
        <_>
          <internalNodes>
            0 -1 138 1.5757465735077858e-02</internalNodes>
          <leafValues>
            4.7349822521209717e-01 -7.2881358861923218e-01</leafValues></_>
        <_>
          <internalNodes>
            0 -1 123 3.7605133838951588e-03</internalNodes>
          <leafValues>
            -7.9450987279415131e-02 7.3261654376983643e-01</leafValues></_>
        <_>
          <internalNodes>
            0 -1 193 -2.2454785721492954e-05</internalNodes>
          <leafValues>
            3.3302843570709229e-01 -2.7951750159263611e-01</leafValues></_>
        <_>
          <internalNodes>
            0 -1 116 1.9320803403388709e-05</internalNodes>
          <leafValues>
            -2.6411637663841248e-01 3.5988581180572510e-01</leafValues></_>
        <_>
          <internalNodes>
            0 -1 116 -2.2731283024768345e-05</internalNodes>
          <leafValues>
            3.7695214152336121e-01 -2.7225074172019958e-01</leafValues></_>
        <_>
          <internalNodes>
            0 -1 236 4.7669848427176476e-03</internalNodes>
          <leafValues>
            -1.0854376107454300e-01 9.3514186143875122e-01</leafValues></_>
        <_>
          <internalNodes>
            0 -1 96 1.0458717588335276e-03</internalNodes>
          <leafValues>
            1.6318012773990631e-01 -6.8551623821258545e-01</leafValues></_>
        <_>
          <internalNodes>
            0 -1 180 6.9233039394021034e-03</internalNodes>
          <leafValues>
            -1.8165542185306549e-01 5.3251719474792480e-01</leafValues></_>
        <_>
          <internalNodes>
            0 -1 136 -8.5307760164141655e-03</internalNodes>
          <leafValues>
            4.5063477754592896e-01 -2.3496058583259583e-01</leafValues></_>
        <_>
          <internalNodes>
            0 -1 214 6.4006885513663292e-03</internalNodes>
          <leafValues>
            -9.6500888466835022e-02 8.6148774623870850e-01</leafValues></_>
        <_>
          <internalNodes>
            0 -1 90 -5.7483304291963577e-02</internalNodes>
          <leafValues>
            -6.0568499565124512e-01 1.7325909435749054e-01</leafValues></_>
        <_>
          <internalNodes>
            0 -1 174 6.3989229965955019e-04</internalNodes>
          <leafValues>
            -2.5627940893173218e-01 4.0531155467033386e-01</leafValues></_>
        <_>
          <internalNodes>
            0 -1 22 1.9320803403388709e-05</internalNodes>
          <leafValues>
            -2.2296431660652161e-01 4.3547078967094421e-01</leafValues></_>
        <_>
          <internalNodes>
            0 -1 149 3.9542000740766525e-03</internalNodes>
          <leafValues>
            -9.7046539187431335e-02 9.1604298353195190e-01</leafValues></_></weakClassifiers></_>
    <!-- stage 9 -->
    <_>
      <maxWeakCount>16</maxWeakCount>
      <stageThreshold>-4.0655997395515442e-01</stageThreshold>
      <weakClassifiers>
        <_>
          <internalNodes>
            0 -1 125 1.1193711310625076e-02</internalNodes>
          <leafValues>
            4.3485617637634277e-01 -9.4117647409439087e-01</leafValues></_>
        <_>
          <internalNodes>
            0 -1 84 3.3121707383543253e-04</internalNodes>
          <leafValues>
            2.5923311710357666e-01 -4.5281854271888733e-01</leafValues></_>
        <_>
          <internalNodes>
            0 -1 131 3.6650979891419411e-03</internalNodes>
          <leafValues>
            -2.0438192784786224e-01 5.1428645849227905e-01</leafValues></_>
        <_>
          <internalNodes>
            0 -1 105 -2.0011804008390754e-04</internalNodes>
          <leafValues>
            2.9247125983238220e-01 -3.4560027718544006e-01</leafValues></_>
        <_>
          <internalNodes>
            0 -1 103 -2.6088863611221313e-01</internalNodes>
          <leafValues>
            -8.6733019351959229e-01 9.2401467263698578e-02</leafValues></_>
        <_>
          <internalNodes>
            0 -1 157 1.6331346705555916e-02</internalNodes>
          <leafValues>
            -1.5399411320686340e-01 6.8480896949768066e-01</leafValues></_>
        <_>
          <internalNodes>
            0 -1 139 2.8815455734729767e-03</internalNodes>
          <leafValues>
            -1.8409535288810730e-01 6.1921012401580811e-01</leafValues></_>
        <_>
          <internalNodes>
            0 -1 99 -8.9353099465370178e-03</internalNodes>
          <leafValues>
            3.8674327731132507e-01 -2.2210824489593506e-01</leafValues></_>
        <_>
          <internalNodes>
            0 -1 98 3.3037923276424408e-02</internalNodes>
          <leafValues>
            -1.5632766485214233e-01 6.2195301055908203e-01</leafValues></_>
        <_>
          <internalNodes>
            0 -1 108 -7.3865870945155621e-04</internalNodes>
          <leafValues>
            3.0135211348533630e-01 -3.9983674883842468e-01</leafValues></_>
        <_>
          <internalNodes>
            0 -1 133 8.7528480216860771e-03</internalNodes>
          <leafValues>
            -1.3180376589298248e-01 7.7357512712478638e-01</leafValues></_>
        <_>
          <internalNodes>
            0 -1 71 1.2349225580692291e-01</internalNodes>
          <leafValues>
            -1.6482762992382050e-01 5.9149152040481567e-01</leafValues></_>
        <_>
          <internalNodes>
            0 -1 158 2.9827202670276165e-03</internalNodes>
          <leafValues>
            -1.4012782275676727e-01 5.8950370550155640e-01</leafValues></_>
        <_>
          <internalNodes>
            0 -1 227 -8.6209364235401154e-03</internalNodes>
          <leafValues>
            7.2404968738555908e-01 -1.0741537064313889e-01</leafValues></_>
        <_>
          <internalNodes>
            0 -1 178 -3.8612127304077148e-02</internalNodes>
          <leafValues>
            4.6150463819503784e-01 -2.0343415439128876e-01</leafValues></_>
        <_>
          <internalNodes>
            0 -1 181 4.1636256501078606e-03</internalNodes>
          <leafValues>
            -1.1835807561874390e-01 6.9039720296859741e-01</leafValues></_></weakClassifiers></_>
    <!-- stage 10 -->
    <_>
      <maxWeakCount>19</maxWeakCount>
      <stageThreshold>-7.5804919004440308e-01</stageThreshold>
      <weakClassifiers>
        <_>
          <internalNodes>
            0 -1 138 1.7377205193042755e-02</internalNodes>
          <leafValues>
            4.4425386190414429e-01 -8.0952382087707520e-01</leafValues></_>
        <_>
          <internalNodes>
            0 -1 93 3.8397934986278415e-04</internalNodes>
          <leafValues>
            2.8686445951461792e-01 -4.0716248750686646e-01</leafValues></_>
        <_>
          <internalNodes>
            0 -1 228 3.7094630533829331e-04</internalNodes>
          <leafValues>
            1.4897505939006805e-01 -5.0988930463790894e-01</leafValues></_>
        <_>
          <internalNodes>
            0 -1 41 -6.2779113650321960e-02</internalNodes>
          <leafValues>
            3.9006012678146362e-01 -2.1868720650672913e-01</leafValues></_>
        <_>
          <internalNodes>
            0 -1 74 -6.2044247984886169e-02</internalNodes>
          <leafValues>
            -7.1414494514465332e-01 1.0528346896171570e-01</leafValues></_>
        <_>
          <internalNodes>
            0 -1 17 4.1977420449256897e-02</internalNodes>
          <leafValues>
            -3.2378464937210083e-01 2.8966799378395081e-01</leafValues></_>
        <_>
          <internalNodes>
            0 -1 59 5.1675930619239807e-02</internalNodes>
          <leafValues>
            -1.9180193543434143e-01 5.5716508626937866e-01</leafValues></_>
        <_>
          <internalNodes>
            0 -1 120 -1.2847028672695160e-02</internalNodes>
          <leafValues>
            3.2572200894355774e-01 -3.9089769124984741e-01</leafValues></_>
        <_>
          <internalNodes>
            0 -1 135 -2.6671439409255981e-02</internalNodes>
          <leafValues>
            -5.7037228345870972e-01 1.7380118370056152e-01</leafValues></_>
        <_>
          <internalNodes>
            0 -1 185 2.2817633580416441e-03</internalNodes>
          <leafValues>
            -1.5517565608024597e-01 5.4537659883499146e-01</leafValues></_>
        <_>
          <internalNodes>
            0 -1 127 3.4178420901298523e-04</internalNodes>
          <leafValues>
            -3.3617600798606873e-01 2.8511193394660950e-01</leafValues></_>
        <_>
          <internalNodes>
            0 -1 177 9.0646371245384216e-03</internalNodes>
          <leafValues>
            -1.4096496999263763e-01 7.1068787574768066e-01</leafValues></_>
        <_>
          <internalNodes>
            0 -1 199 -7.9717561602592468e-03</internalNodes>
          <leafValues>
            6.3858842849731445e-01 -1.0940248519182205e-01</leafValues></_>
        <_>
          <internalNodes>
            0 -1 56 4.9415766261518002e-04</internalNodes>
          <leafValues>
            2.4687089025974274e-01 -3.8734593987464905e-01</leafValues></_>
        <_>
          <internalNodes>
            0 -1 46 -5.1230173557996750e-02</internalNodes>
          <leafValues>
            3.5750442743301392e-01 -2.6616650819778442e-01</leafValues></_>
        <_>
          <internalNodes>
            0 -1 143 1.8306463025510311e-03</internalNodes>
          <leafValues>
            -2.2979937493801117e-01 4.3913739919662476e-01</leafValues></_>
        <_>
          <internalNodes>
            0 -1 160 -6.3840404152870178e-02</internalNodes>
          <leafValues>
            -8.8289976119995117e-01 1.0515309870243073e-01</leafValues></_>
        <_>
          <internalNodes>
            0 -1 241 1.9948296248912811e-02</internalNodes>
          <leafValues>
            -1.2361282855272293e-01 8.9801442623138428e-01</leafValues></_>
        <_>
          <internalNodes>
            0 -1 88 -9.4180786982178688e-04</internalNodes>
          <leafValues>
            -3.8740554451942444e-01 2.5767126679420471e-01</leafValues></_></weakClassifiers></_>
    <!-- stage 11 -->
    <_>
      <maxWeakCount>18</maxWeakCount>
      <stageThreshold>-5.8869767189025879e-01</stageThreshold>
      <weakClassifiers>
        <_>
          <internalNodes>
            0 -1 166 4.0042877197265625e-02</internalNodes>
          <leafValues>
            4.3247863650321960e-01 -6.9999998807907104e-01</leafValues></_>
        <_>
          <internalNodes>
            0 -1 190 2.3030524607747793e-04</internalNodes>
          <leafValues>
            -2.9319283366203308e-01 3.1557041406631470e-01</leafValues></_>
        <_>
          <internalNodes>
            0 -1 172 4.3088191887363791e-04</internalNodes>
          <leafValues>
            -2.7127900719642639e-01 3.4156230092048645e-01</leafValues></_>
        <_>
          <internalNodes>
            0 -1 0 5.8378413086757064e-04</internalNodes>
          <leafValues>
            -3.5365623235702515e-01 2.1733240783214569e-01</leafValues></_>
        <_>
          <internalNodes>
            0 -1 126 -3.7112805992364883e-02</internalNodes>
          <leafValues>
            6.2361443042755127e-01 -1.4580951631069183e-01</leafValues></_>
        <_>
          <internalNodes>
            0 -1 68 -1.4514892362058163e-02</internalNodes>
          <leafValues>
            4.5518469810485840e-01 -1.9854058325290680e-01</leafValues></_>
        <_>
          <internalNodes>
            0 -1 5 4.5248595997691154e-03</internalNodes>
          <leafValues>
            -1.1714265495538712e-01 7.1796590089797974e-01</leafValues></_>
        <_>
          <internalNodes>
            0 -1 97 1.8837079405784607e-03</internalNodes>
          <leafValues>
            1.2767158448696136e-01 -6.1880105733871460e-01</leafValues></_>
        <_>
          <internalNodes>
            0 -1 154 5.9361647814512253e-02</internalNodes>
          <leafValues>
            -1.3382439315319061e-01 6.3229864835739136e-01</leafValues></_>
        <_>
          <internalNodes>
            0 -1 156 1.3515260815620422e-01</internalNodes>
          <leafValues>
            -1.3827088475227356e-01 5.9125244617462158e-01</leafValues></_>
        <_>
          <internalNodes>
            0 -1 95 1.9261981651652604e-04</internalNodes>
          <leafValues>
            1.9771637022495270e-01 -3.9960688352584839e-01</leafValues></_>
        <_>
          <internalNodes>
            0 -1 25 -3.4857470542192459e-02</internalNodes>
          <leafValues>
            5.4095923900604248e-01 -1.6435131430625916e-01</leafValues></_>
        <_>
          <internalNodes>
            0 -1 73 9.5397615805268288e-03</internalNodes>
          <leafValues>
            -7.8236170113086700e-02 8.8589626550674438e-01</leafValues></_>
        <_>
          <internalNodes>
            0 -1 242 -1.5617716126143932e-03</internalNodes>
          <leafValues>
            -4.8723188042640686e-01 1.7715863883495331e-01</leafValues></_>
        <_>
          <internalNodes>
            0 -1 196 -6.6806930117309093e-03</internalNodes>
          <leafValues>
            5.7613772153854370e-01 -1.5724380314350128e-01</leafValues></_>
        <_>
          <internalNodes>
            0 -1 37 1.0528361424803734e-02</internalNodes>
          <leafValues>
            -9.8788812756538391e-02 6.3556325435638428e-01</leafValues></_>
        <_>
          <internalNodes>
            0 -1 232 5.0392432603985071e-04</internalNodes>
          <leafValues>
            1.9310173392295837e-01 -5.0257205963134766e-01</leafValues></_>
        <_>
          <internalNodes>
            0 -1 231 -5.5842660367488861e-03</internalNodes>
          <leafValues>
            7.4189168214797974e-01 -1.4891704916954041e-01</leafValues></_></weakClassifiers></_>
    <!-- stage 12 -->
    <_>
      <maxWeakCount>12</maxWeakCount>
      <stageThreshold>-5.6352198123931885e-01</stageThreshold>
      <weakClassifiers>
        <_>
          <internalNodes>
            0 -1 246 5.7480018585920334e-04</internalNodes>
          <leafValues>
            5.4618471860885620e-01 -3.7007874250411987e-01</leafValues></_>
        <_>
          <internalNodes>
            0 -1 60 -1.0554570704698563e-01</internalNodes>
          <leafValues>
            5.9544068574905396e-01 -2.1168664097785950e-01</leafValues></_>
        <_>
          <internalNodes>
            0 -1 13 5.9798777103424072e-02</internalNodes>
          <leafValues>
            -2.3617644608020782e-01 7.0469003915786743e-01</leafValues></_>
        <_>
          <internalNodes>
            0 -1 84 5.1379774231463671e-04</internalNodes>
          <leafValues>
            2.7252712845802307e-01 -5.1798874139785767e-01</leafValues></_>
        <_>
          <internalNodes>
            0 -1 220 2.7229962870478630e-04</internalNodes>
          <leafValues>
            2.8276216983795166e-01 -4.8324334621429443e-01</leafValues></_>
        <_>
          <internalNodes>
            0 -1 97 8.1078673247247934e-04</internalNodes>
          <leafValues>
            1.9460204243659973e-01 -6.2882053852081299e-01</leafValues></_>
        <_>
          <internalNodes>
            0 -1 115 1.0116376914083958e-02</internalNodes>
          <leafValues>
            7.7502466738224030e-02 -8.9727640151977539e-01</leafValues></_>
        <_>
          <internalNodes>
            0 -1 134 4.1494004428386688e-02</internalNodes>
          <leafValues>
            -2.1611171960830688e-01 5.8034133911132812e-01</leafValues></_>
        <_>
          <internalNodes>
            0 -1 221 -1.3151522725820541e-03</internalNodes>
          <leafValues>
            -6.1444699764251709e-01 2.1092830598354340e-01</leafValues></_>
        <_>
          <internalNodes>
            0 -1 55 -3.8275033235549927e-02</internalNodes>
          <leafValues>
            6.9895797967910767e-01 -2.1411609649658203e-01</leafValues></_>
        <_>
          <internalNodes>
            0 -1 210 6.4800062682479620e-04</internalNodes>
          <leafValues>
            2.7096959948539734e-01 -5.3245526552200317e-01</leafValues></_>
        <_>
          <internalNodes>
            0 -1 58 5.1112426444888115e-04</internalNodes>
          <leafValues>
            1.9877856969833374e-01 -5.4740107059478760e-01</leafValues></_></weakClassifiers></_>
    <!-- stage 13 -->
    <_>
      <maxWeakCount>11</maxWeakCount>
      <stageThreshold>-8.0696499347686768e-01</stageThreshold>
      <weakClassifiers>
        <_>
          <internalNodes>
            0 -1 213 3.7540821358561516e-04</internalNodes>
          <leafValues>
            5.5693584680557251e-01 -3.0985915660858154e-01</leafValues></_>
        <_>
          <internalNodes>
            0 -1 7 7.1003891527652740e-02</internalNodes>
          <leafValues>
            -3.1281760334968567e-01 5.6229549646377563e-01</leafValues></_>
        <_>
          <internalNodes>
            0 -1 45 -5.5623449385166168e-02</internalNodes>
          <leafValues>
            7.2653925418853760e-01 -1.8207465112209320e-01</leafValues></_>
        <_>
          <internalNodes>
            0 -1 57 6.8248137831687927e-02</internalNodes>
          <leafValues>
            -2.3305021226406097e-01 6.6701906919479370e-01</leafValues></_>
        <_>
          <internalNodes>
            0 -1 217 -5.6261755526065826e-02</internalNodes>
          <leafValues>
            8.2939451932907104e-01 -1.1767584830522537e-01</leafValues></_>
        <_>
          <internalNodes>
            0 -1 203 3.7679061293601990e-02</internalNodes>
          <leafValues>
            -1.7823693156242371e-01 6.4239126443862915e-01</leafValues></_>
        <_>
          <internalNodes>
            0 -1 204 -3.3578701317310333e-02</internalNodes>
          <leafValues>
            6.9855701923370361e-01 -1.6685798764228821e-01</leafValues></_>
        <_>
          <internalNodes>
            0 -1 245 -5.6131591554731131e-04</internalNodes>
          <leafValues>
            -4.5612549781799316e-01 3.0615285038948059e-01</leafValues></_>
        <_>
          <internalNodes>
            0 -1 91 4.9276801291853189e-04</internalNodes>
          <leafValues>
            3.0949923396110535e-01 -4.9063640832901001e-01</leafValues></_>
        <_>
          <internalNodes>
            0 -1 230 9.6264405874535441e-04</internalNodes>
          <leafValues>
            1.8515899777412415e-01 -5.8845859766006470e-01</leafValues></_>
        <_>
          <internalNodes>
            0 -1 179 1.5083395410329103e-03</internalNodes>
          <leafValues>
            2.4738749861717224e-01 -4.5045244693756104e-01</leafValues></_></weakClassifiers></_>
    <!-- stage 14 -->
    <_>
      <maxWeakCount>12</maxWeakCount>
      <stageThreshold>-6.6485029458999634e-01</stageThreshold>
      <weakClassifiers>
        <_>
          <internalNodes>
            0 -1 81 1.0518229100853205e-03</internalNodes>
          <leafValues>
            5.5982905626296997e-01 -2.3566879332065582e-01</leafValues></_>
        <_>
          <internalNodes>
            0 -1 112 -7.0221358910202980e-03</internalNodes>
          <leafValues>
            3.4631964564323425e-01 -4.2767605185508728e-01</leafValues></_>
        <_>
          <internalNodes>
            0 -1 222 -8.4418215556070209e-04</internalNodes>
          <leafValues>
            -6.3449835777282715e-01 2.5090765953063965e-01</leafValues></_>
        <_>
          <internalNodes>
            0 -1 237 5.5026990594342351e-04</internalNodes>
          <leafValues>
            1.7096956074237823e-01 -6.5421122312545776e-01</leafValues></_>
        <_>
          <internalNodes>
            0 -1 8 1.4638708531856537e-01</internalNodes>
          <leafValues>
            -1.6571347415447235e-01 8.0278533697128296e-01</leafValues></_>
        <_>
          <internalNodes>
            0 -1 62 -5.7694047689437866e-02</internalNodes>
          <leafValues>
            7.1305114030838013e-01 -2.3054373264312744e-01</leafValues></_>
        <_>
          <internalNodes>
            0 -1 171 7.7395285479724407e-03</internalNodes>
          <leafValues>
            2.2022482752799988e-01 -7.0609176158905029e-01</leafValues></_>
        <_>
          <internalNodes>
            0 -1 238 -1.0467851534485817e-03</internalNodes>
          <leafValues>
            -5.2418291568756104e-01 2.4808432161808014e-01</leafValues></_>
        <_>
          <internalNodes>
            0 -1 26 -1.0373231023550034e-01</internalNodes>
          <leafValues>
            9.2392271757125854e-01 -1.4411629736423492e-01</leafValues></_>
        <_>
          <internalNodes>
            0 -1 129 8.5690533742308617e-03</internalNodes>
          <leafValues>
            1.3191379606723785e-01 -9.5933169126510620e-01</leafValues></_>
        <_>
          <internalNodes>
            0 -1 140 -3.9840871468186378e-03</internalNodes>
          <leafValues>
            -7.5869184732437134e-01 1.3083730638027191e-01</leafValues></_>
        <_>
          <internalNodes>
            0 -1 28 5.4237531003309414e-05</internalNodes>
          <leafValues>
            -4.4394904375076294e-01 2.4810597300529480e-01</leafValues></_></weakClassifiers></_>
    <!-- stage 15 -->
    <_>
      <maxWeakCount>11</maxWeakCount>
      <stageThreshold>-7.1074211597442627e-01</stageThreshold>
      <weakClassifiers>
        <_>
          <internalNodes>
            0 -1 235 9.6328661311417818e-04</internalNodes>
          <leafValues>
            4.8736461997032166e-01 -6.3380283117294312e-01</leafValues></_>
        <_>
          <internalNodes>
            0 -1 235 -1.0722361039370298e-03</internalNodes>
          <leafValues>
            -4.8409828543663025e-01 3.1994393467903137e-01</leafValues></_>
        <_>
          <internalNodes>
            0 -1 69 3.4362513571977615e-02</internalNodes>
          <leafValues>
            -2.9252234101295471e-01 5.4069024324417114e-01</leafValues></_>
        <_>
          <internalNodes>
            0 -1 150 1.0643221903592348e-03</internalNodes>
          <leafValues>
            2.3276308178901672e-01 -5.6988310813903809e-01</leafValues></_>
        <_>
          <internalNodes>
            0 -1 229 6.7445606691762805e-04</internalNodes>
          <leafValues>
            2.2640299797058105e-01 -6.0032373666763306e-01</leafValues></_>
        <_>
          <internalNodes>
            0 -1 168 7.3963333852589130e-03</internalNodes>
          <leafValues>
            1.2948971986770630e-01 -7.7633452415466309e-01</leafValues></_>
        <_>
          <internalNodes>
            0 -1 155 -4.7304283827543259e-02</internalNodes>
          <leafValues>
            8.9691478013992310e-01 -1.9458466768264771e-01</leafValues></_>
        <_>
          <internalNodes>
            0 -1 164 2.8474074788391590e-03</internalNodes>
          <leafValues>
            -4.6875858306884766e-01 3.5724774003028870e-01</leafValues></_>
        <_>
          <internalNodes>
            0 -1 151 -2.7486972510814667e-02</internalNodes>
          <leafValues>
            4.2702084779739380e-01 -3.3943697810173035e-01</leafValues></_>
        <_>
          <internalNodes>
            0 -1 244 6.9319515023380518e-04</internalNodes>
          <leafValues>
            2.4356715381145477e-01 -5.6926667690277100e-01</leafValues></_>
        <_>
          <internalNodes>
            0 -1 224 2.2963926196098328e-02</internalNodes>
          <leafValues>
            -2.0594890415668488e-01 5.6572759151458740e-01</leafValues></_></weakClassifiers></_>
    <!-- stage 16 -->
    <_>
      <maxWeakCount>12</maxWeakCount>
      <stageThreshold>-5.3875106573104858e-01</stageThreshold>
      <weakClassifiers>
        <_>
          <internalNodes>
            0 -1 145 1.7457067966461182e-02</internalNodes>
          <leafValues>
            4.5454546809196472e-01 -6.6037738323211670e-01</leafValues></_>
        <_>
          <internalNodes>
            0 -1 32 8.3771988749504089e-02</internalNodes>
          <leafValues>
            -9.2211835086345673e-02 7.9995769262313843e-01</leafValues></_>
        <_>
          <internalNodes>
            0 -1 27 8.4174960851669312e-02</internalNodes>
          <leafValues>
            -2.4242733418941498e-01 4.5296463370323181e-01</leafValues></_>
        <_>
          <internalNodes>
            0 -1 35 -1.5195146203041077e-01</internalNodes>
          <leafValues>
            6.1142432689666748e-01 -1.8671302497386932e-01</leafValues></_>
        <_>
          <internalNodes>
            0 -1 167 -4.4084962457418442e-02</internalNodes>
          <leafValues>
            6.2438839673995972e-01 -1.7687585949897766e-01</leafValues></_>
        <_>
          <internalNodes>
            0 -1 101 6.6614195704460144e-02</internalNodes>
          <leafValues>
            -1.2009291350841522e-01 6.9242733716964722e-01</leafValues></_>
        <_>
          <internalNodes>
            0 -1 82 -1.5719950199127197e-02</internalNodes>
          <leafValues>
            4.3530738353729248e-01 -2.0649172365665436e-01</leafValues></_>
        <_>
          <internalNodes>
            0 -1 31 1.4927014708518982e-02</internalNodes>
          <leafValues>
            -3.4158903360366821e-01 4.6744960546493530e-01</leafValues></_>
        <_>
          <internalNodes>
            0 -1 89 -7.2828494012355804e-02</internalNodes>
          <leafValues>
            5.3428077697753906e-01 -1.9914308190345764e-01</leafValues></_>
        <_>
          <internalNodes>
            0 -1 212 -4.8288248479366302e-02</internalNodes>
          <leafValues>
            5.9434157609939575e-01 -1.8639156222343445e-01</leafValues></_>
        <_>
          <internalNodes>
            0 -1 211 1.8423583358526230e-02</internalNodes>
          <leafValues>
            -1.5263614058494568e-01 6.2516564130783081e-01</leafValues></_>
        <_>
          <internalNodes>
            0 -1 3 4.9746716395020485e-03</internalNodes>
          <leafValues>
            -2.0592235028743744e-01 4.5526021718978882e-01</leafValues></_></weakClassifiers></_>
    <!-- stage 17 -->
    <_>
      <maxWeakCount>19</maxWeakCount>
      <stageThreshold>-8.4920781850814819e-01</stageThreshold>
      <weakClassifiers>
        <_>
          <internalNodes>
            0 -1 239 2.9745674692094326e-04</internalNodes>
          <leafValues>
            5.5172413587570190e-01 -1.9254659116268158e-01</leafValues></_>
        <_>
          <internalNodes>
            0 -1 38 -3.9521515369415283e-02</internalNodes>
          <leafValues>
            -5.4088938236236572e-01 2.3585377633571625e-01</leafValues></_>
        <_>
          <internalNodes>
            0 -1 102 1.1028335988521576e-01</internalNodes>
          <leafValues>
            -1.3173776865005493e-01 7.3968964815139771e-01</leafValues></_>
        <_>
          <internalNodes>
            0 -1 104 -3.4182749688625336e-02</internalNodes>
          <leafValues>
            2.8760552406311035e-01 -3.9903602004051208e-01</leafValues></_>
        <_>
          <internalNodes>
            0 -1 51 1.0160330682992935e-02</internalNodes>
          <leafValues>
            3.1586155295372009e-01 -3.1476578116416931e-01</leafValues></_>
        <_>
          <internalNodes>
            0 -1 234 3.1764287268742919e-04</internalNodes>
          <leafValues>
            1.0242939740419388e-01 -5.9866189956665039e-01</leafValues></_>
        <_>
          <internalNodes>
            0 -1 226 1.7241543158888817e-02</internalNodes>
          <leafValues>
            -1.5354637801647186e-01 6.3799709081649780e-01</leafValues></_>
        <_>
          <internalNodes>
            0 -1 207 8.3160883514210582e-04</internalNodes>
          <leafValues>
            2.9902091622352600e-01 -3.3110916614532471e-01</leafValues></_>
        <_>
          <internalNodes>
            0 -1 76 -4.6890355646610260e-02</internalNodes>
          <leafValues>
            -8.1683665513992310e-01 1.3681221008300781e-01</leafValues></_>
        <_>
          <internalNodes>
            0 -1 152 -7.6220417395234108e-03</internalNodes>
          <leafValues>
            -6.6323119401931763e-01 1.0925759375095367e-01</leafValues></_>
        <_>
          <internalNodes>
            0 -1 86 9.7084167646244168e-04</internalNodes>
          <leafValues>
            1.3552001118659973e-01 -6.3679730892181396e-01</leafValues></_>
        <_>
          <internalNodes>
            0 -1 232 1.9540011999197304e-04</internalNodes>
          <leafValues>
            2.2632287442684174e-01 -5.1169514656066895e-01</leafValues></_>
        <_>
          <internalNodes>
            0 -1 124 -2.8842024505138397e-02</internalNodes>
          <leafValues>
            -7.1118575334548950e-01 1.2603814899921417e-01</leafValues></_>
        <_>
          <internalNodes>
            0 -1 66 3.4991579013876617e-04</internalNodes>
          <leafValues>
            1.9079442322254181e-01 -4.2779162526130676e-01</leafValues></_>
        <_>
          <internalNodes>
            0 -1 43 -5.9554342180490494e-02</internalNodes>
          <leafValues>
            -6.0441076755523682e-01 1.6344277560710907e-01</leafValues></_>
        <_>
          <internalNodes>
            0 -1 220 -1.3974346220493317e-03</internalNodes>
          <leafValues>
            -6.5831041336059570e-01 1.1853857338428497e-01</leafValues></_>
        <_>
          <internalNodes>
            0 -1 206 -1.2184767983853817e-03</internalNodes>
          <leafValues>
            -4.6037292480468750e-01 1.9154903292655945e-01</leafValues></_>
        <_>
          <internalNodes>
            0 -1 197 1.1531223356723785e-01</internalNodes>
          <leafValues>
            -1.3886708021163940e-01 7.7682429552078247e-01</leafValues></_>
        <_>
          <internalNodes>
            0 -1 205 -7.2487853467464447e-03</internalNodes>
          <leafValues>
            5.9866183996200562e-01 -1.3516657054424286e-01</leafValues></_></weakClassifiers></_>
    <!-- stage 18 -->
    <_>
      <maxWeakCount>15</maxWeakCount>
      <stageThreshold>-5.2182322740554810e-01</stageThreshold>
      <weakClassifiers>
        <_>
          <internalNodes>
            0 -1 80 -1.8849207088351250e-02</internalNodes>
          <leafValues>
            6.5656566619873047e-01 9.1463416814804077e-02</leafValues></_>
        <_>
          <internalNodes>
            0 -1 95 6.9428082497324795e-05</internalNodes>
          <leafValues>
            2.6578590273857117e-01 -3.3883079886436462e-01</leafValues></_>
        <_>
          <internalNodes>
            0 -1 128 -6.6646084189414978e-02</internalNodes>
          <leafValues>
            -7.3139631748199463e-01 9.7892418503761292e-02</leafValues></_>
        <_>
          <internalNodes>
            0 -1 240 -1.7977848649024963e-02</internalNodes>
          <leafValues>
            3.5638225078582764e-01 -2.2676391899585724e-01</leafValues></_>
        <_>
          <internalNodes>
            0 -1 169 -8.4207544568926096e-04</internalNodes>
          <leafValues>
            3.3381795883178711e-01 -2.3671370744705200e-01</leafValues></_>
        <_>
          <internalNodes>
            0 -1 11 -2.0905700325965881e-01</internalNodes>
          <leafValues>
            -7.9584771394729614e-01 8.3620764315128326e-02</leafValues></_>
        <_>
          <internalNodes>
            0 -1 15 4.8711895942687988e-02</internalNodes>
          <leafValues>
            9.8635487258434296e-02 -6.9323605298995972e-01</leafValues></_>
        <_>
          <internalNodes>
            0 -1 218 -3.8032623706385493e-04</internalNodes>
          <leafValues>
            -5.8167034387588501e-01 1.5175367891788483e-01</leafValues></_>
        <_>
          <internalNodes>
            0 -1 50 6.9845570251345634e-03</internalNodes>
          <leafValues>
            -1.9886514544487000e-01 5.5214804410934448e-01</leafValues></_>
        <_>
          <internalNodes>
            0 -1 70 -6.1579924076795578e-03</internalNodes>
          <leafValues>
            3.5744449496269226e-01 -2.7826780080795288e-01</leafValues></_>
        <_>
          <internalNodes>
            0 -1 85 8.3637803792953491e-02</internalNodes>
          <leafValues>
            -8.5868433117866516e-02 7.8890514373779297e-01</leafValues></_>
        <_>
          <internalNodes>
            0 -1 192 1.0897542815655470e-03</internalNodes>
          <leafValues>
            -3.1022867560386658e-01 2.7119845151901245e-01</leafValues></_>
        <_>
          <internalNodes>
            0 -1 2 -7.1903122588992119e-03</internalNodes>
          <leafValues>
            5.6207227706909180e-01 -1.7411115765571594e-01</leafValues></_>
        <_>
          <internalNodes>
            0 -1 144 7.5642387382686138e-03</internalNodes>
          <leafValues>
            1.2248940765857697e-01 -8.2276213169097900e-01</leafValues></_>
        <_>
          <internalNodes>
            0 -1 23 4.3594762682914734e-03</internalNodes>
          <leafValues>
            -1.4217437803745270e-01 6.9565367698669434e-01</leafValues></_></weakClassifiers></_>
    <!-- stage 19 -->
    <_>
      <maxWeakCount>18</maxWeakCount>
      <stageThreshold>-4.7534823417663574e-01</stageThreshold>
      <weakClassifiers>
        <_>
          <internalNodes>
            0 -1 4 -1.1604722589254379e-01</internalNodes>
          <leafValues>
            -2.5252524018287659e-01 4.7528517246246338e-01</leafValues></_>
        <_>
          <internalNodes>
            0 -1 78 -2.8603122336789966e-04</internalNodes>
          <leafValues>
            -3.2833865284919739e-01 2.4293664097785950e-01</leafValues></_>
        <_>
          <internalNodes>
            0 -1 193 -2.6760419132187963e-04</internalNodes>
          <leafValues>
            3.4808522462844849e-01 -2.0204737782478333e-01</leafValues></_>
        <_>
          <internalNodes>
            0 -1 63 -1.0918581858277321e-02</internalNodes>
          <leafValues>
            2.0755550265312195e-01 -3.4343016147613525e-01</leafValues></_>
        <_>
          <internalNodes>
            0 -1 146 2.7623819187283516e-03</internalNodes>
          <leafValues>
            -1.1513304710388184e-01 6.9706708192825317e-01</leafValues></_>
        <_>
          <internalNodes>
            0 -1 107 -6.4053028821945190e-02</internalNodes>
          <leafValues>
            -5.2104073762893677e-01 1.2739656865596771e-01</leafValues></_>
        <_>
          <internalNodes>
            0 -1 75 6.5930575132369995e-02</internalNodes>
          <leafValues>
            8.3942033350467682e-02 -8.6792927980422974e-01</leafValues></_>
        <_>
          <internalNodes>
            0 -1 110 -4.0475213900208473e-03</internalNodes>
          <leafValues>
            8.2499390840530396e-01 -1.0636473447084427e-01</leafValues></_>
        <_>
          <internalNodes>
            0 -1 176 8.4243953227996826e-02</internalNodes>
          <leafValues>
            -1.1111188679933548e-01 6.8453592061996460e-01</leafValues></_>
        <_>
          <internalNodes>
            0 -1 48 8.6724355816841125e-02</internalNodes>
          <leafValues>
            -1.1161244660615921e-01 6.0643595457077026e-01</leafValues></_>
        <_>
          <internalNodes>
            0 -1 12 5.7280644774436951e-02</internalNodes>
          <leafValues>
            -2.0301260054111481e-01 3.5133868455886841e-01</leafValues></_>
        <_>
          <internalNodes>
            0 -1 243 1.6818646341562271e-02</internalNodes>
          <leafValues>
            -9.6403993666172028e-02 8.4771656990051270e-01</leafValues></_>
        <_>
          <internalNodes>
            0 -1 148 7.9644916695542634e-05</internalNodes>
          <leafValues>
            -2.5451225042343140e-01 3.3027639985084534e-01</leafValues></_>
        <_>
          <internalNodes>
            0 -1 173 -1.7585023306310177e-04</internalNodes>
          <leafValues>
            3.1448101997375488e-01 -2.5605931878089905e-01</leafValues></_>
        <_>
          <internalNodes>
            0 -1 163 1.5932321548461914e-02</internalNodes>
          <leafValues>
            1.6958995163440704e-01 -5.1184946298599243e-01</leafValues></_>
        <_>
          <internalNodes>
            0 -1 194 2.7332156896591187e-02</internalNodes>
          <leafValues>
            -1.1484657973051071e-01 6.8755531311035156e-01</leafValues></_>
        <_>
          <internalNodes>
            0 -1 77 -3.1814278918318450e-04</internalNodes>
          <leafValues>
            -4.2103090882301331e-01 1.9129991531372070e-01</leafValues></_>
        <_>
          <internalNodes>
            0 -1 65 -2.2434600396081805e-04</internalNodes>
          <leafValues>
            3.6860534548759460e-01 -2.2080317139625549e-01</leafValues></_></weakClassifiers></_></stages>
  <features>
    <_>
      <rects>
        <_>
          0 0 19 4 -1.</_>
        <_>
          0 2 19 2 2.</_></rects>
      <tilted>0</tilted></_>
    <_>
      <rects>
        <_>
          0 0 19 16 -1.</_>
        <_>
          0 8 19 8 2.</_></rects>
      <tilted>0</tilted></_>
    <_>
      <rects>
        <_>
          0 3 2 12 -1.</_>
        <_>
          0 3 1 6 2.</_>
        <_>
          1 9 1 6 2.</_></rects>
      <tilted>0</tilted></_>
    <_>
      <rects>
        <_>
          0 3 12 1 -1.</_>
        <_>
          4 3 4 1 3.</_></rects>
      <tilted>0</tilted></_>
    <_>
      <rects>
        <_>
          0 3 18 8 -1.</_>
        <_>
          9 3 9 8 2.</_></rects>
      <tilted>0</tilted></_>
    <_>
      <rects>
        <_>
          0 5 3 2 -1.</_>
        <_>
          1 5 1 2 3.</_></rects>
      <tilted>0</tilted></_>
    <_>
      <rects>
        <_>
          0 5 2 3 -1.</_>
        <_>
          1 5 1 3 2.</_></rects>
      <tilted>0</tilted></_>
    <_>
      <rects>
        <_>
          0 5 12 11 -1.</_>
        <_>
          4 5 4 11 3.</_></rects>
      <tilted>0</tilted></_>
    <_>
      <rects>
        <_>
          0 5 12 10 -1.</_>
        <_>
          6 5 6 10 2.</_></rects>
      <tilted>0</tilted></_>
    <_>
      <rects>
        <_>
          0 5 18 7 -1.</_>
        <_>
          9 5 9 7 2.</_></rects>
      <tilted>0</tilted></_>
    <_>
      <rects>
        <_>
          0 5 18 12 -1.</_>
        <_>
          0 9 18 4 3.</_></rects>
      <tilted>0</tilted></_>
    <_>
      <rects>
        <_>
          0 5 19 10 -1.</_>
        <_>
          0 10 19 5 2.</_></rects>
      <tilted>0</tilted></_>
    <_>
      <rects>
        <_>
          0 7 9 7 -1.</_>
        <_>
          3 7 3 7 3.</_></rects>
      <tilted>0</tilted></_>
    <_>
      <rects>
        <_>
          0 7 12 7 -1.</_>
        <_>
          6 7 6 7 2.</_></rects>
      <tilted>0</tilted></_>
    <_>
      <rects>
        <_>
          0 7 14 6 -1.</_>
        <_>
          7 7 7 6 2.</_></rects>
      <tilted>0</tilted></_>
    <_>
      <rects>
        <_>
          0 7 18 3 -1.</_>
        <_>
          9 7 9 3 2.</_></rects>
      <tilted>0</tilted></_>
    <_>
      <rects>
        <_>
          0 8 6 4 -1.</_>
        <_>
          3 8 3 4 2.</_></rects>
      <tilted>0</tilted></_>
    <_>
      <rects>
        <_>
          0 8 12 6 -1.</_>
        <_>
          4 8 4 6 3.</_></rects>
      <tilted>0</tilted></_>
    <_>
      <rects>
        <_>
          0 9 3 3 -1.</_>
        <_>
          1 9 1 3 3.</_></rects>
      <tilted>0</tilted></_>
    <_>
      <rects>
        <_>
          0 9 9 3 -1.</_>
        <_>
          3 9 3 3 3.</_></rects>
      <tilted>0</tilted></_>
    <_>
      <rects>
        <_>
          0 9 12 4 -1.</_>
        <_>
          4 9 4 4 3.</_></rects>
      <tilted>0</tilted></_>
    <_>
      <rects>
        <_>
          0 11 3 1 -1.</_>
        <_>
          1 11 1 1 3.</_></rects>
      <tilted>0</tilted></_>
    <_>
      <rects>
        <_>
          0 11 2 2 -1.</_>
        <_>
          0 11 1 1 2.</_>
        <_>
          1 12 1 1 2.</_></rects>
      <tilted>0</tilted></_>
    <_>
      <rects>
        <_>
          0 11 2 4 -1.</_>
        <_>
          0 11 1 2 2.</_>
        <_>
          1 13 1 2 2.</_></rects>
      <tilted>0</tilted></_>
    <_>
      <rects>
        <_>
          0 11 14 8 -1.</_>
        <_>
          7 11 7 8 2.</_></rects>
      <tilted>0</tilted></_>
    <_>
      <rects>
        <_>
          0 13 11 6 -1.</_>
        <_>
          0 15 11 2 3.</_></rects>
      <tilted>0</tilted></_>
    <_>
      <rects>
        <_>
          0 15 18 4 -1.</_>
        <_>
          6 15 6 4 3.</_></rects>
      <tilted>0</tilted></_>
    <_>
      <rects>
        <_>
          1 0 17 12 -1.</_>
        <_>
          1 6 17 6 2.</_></rects>
      <tilted>0</tilted></_>
    <_>
      <rects>
        <_>
          1 0 18 4 -1.</_>
        <_>
          1 2 18 2 2.</_></rects>
      <tilted>0</tilted></_>
    <_>
      <rects>
        <_>
          1 1 18 9 -1.</_>
        <_>
          10 1 9 9 2.</_></rects>
      <tilted>0</tilted></_>
    <_>
      <rects>
        <_>
          1 1 18 18 -1.</_>
        <_>
          10 1 9 18 2.</_></rects>
      <tilted>0</tilted></_>
    <_>
      <rects>
        <_>
          1 4 15 5 -1.</_>
        <_>
          6 4 5 5 3.</_></rects>
      <tilted>0</tilted></_>
    <_>
      <rects>
        <_>
          1 6 9 6 -1.</_>
        <_>
          4 6 3 6 3.</_></rects>
      <tilted>0</tilted></_>
    <_>
      <rects>
        <_>
          1 6 18 8 -1.</_>
        <_>
          10 6 9 8 2.</_></rects>
      <tilted>0</tilted></_>
    <_>
      <rects>
        <_>
          1 8 9 1 -1.</_>
        <_>
          4 8 3 1 3.</_></rects>
      <tilted>0</tilted></_>
    <_>
      <rects>
        <_>
          1 8 18 5 -1.</_>
        <_>
          7 8 6 5 3.</_></rects>
      <tilted>0</tilted></_>
    <_>
      <rects>
        <_>
          1 9 12 4 -1.</_>
        <_>
          5 9 4 4 3.</_></rects>
      <tilted>0</tilted></_>
    <_>
      <rects>
        <_>
          1 9 8 3 -1.</_>
        <_>
          1 10 8 1 3.</_></rects>
      <tilted>0</tilted></_>
    <_>
      <rects>
        <_>
          1 9 16 6 -1.</_>
        <_>
          1 11 16 2 3.</_></rects>
      <tilted>0</tilted></_>
    <_>
      <rects>
        <_>
          1 11 6 1 -1.</_>
        <_>
          3 11 2 1 3.</_></rects>
      <tilted>0</tilted></_>
    <_>
      <rects>
        <_>
          2 0 16 14 -1.</_>
        <_>
          10 0 8 14 2.</_></rects>
      <tilted>0</tilted></_>
    <_>
      <rects>
        <_>
          2 1 10 10 -1.</_>
        <_>
          2 1 5 5 2.</_>
        <_>
          7 6 5 5 2.</_></rects>
      <tilted>0</tilted></_>
    <_>
      <rects>
        <_>
          2 2 9 16 -1.</_>
        <_>
          5 2 3 16 3.</_></rects>
      <tilted>0</tilted></_>
    <_>
      <rects>
        <_>
          2 5 9 9 -1.</_>
        <_>
          2 8 9 3 3.</_></rects>
      <tilted>0</tilted></_>
    <_>
      <rects>
        <_>
          2 8 8 2 -1.</_>
        <_>
          2 8 4 1 2.</_>
        <_>
          6 9 4 1 2.</_></rects>
      <tilted>0</tilted></_>
    <_>
      <rects>
        <_>
          2 8 8 7 -1.</_>
        <_>
          6 8 4 7 2.</_></rects>
      <tilted>0</tilted></_>
    <_>
      <rects>
        <_>
          2 8 15 3 -1.</_>
        <_>
          7 8 5 3 3.</_></rects>
      <tilted>0</tilted></_>
    <_>
      <rects>
        <_>
          2 9 2 1 -1.</_>
        <_>
          3 9 1 1 2.</_></rects>
      <tilted>0</tilted></_>
    <_>
      <rects>
        <_>
          2 9 15 6 -1.</_>
        <_>
          7 9 5 6 3.</_></rects>
      <tilted>0</tilted></_>
    <_>
      <rects>
        <_>
          2 11 2 2 -1.</_>
        <_>
          3 11 1 2 2.</_></rects>
      <tilted>0</tilted></_>
    <_>
      <rects>
        <_>
          2 12 10 1 -1.</_>
        <_>
          7 12 5 1 2.</_></rects>
      <tilted>0</tilted></_>
    <_>
      <rects>
        <_>
          2 13 15 6 -1.</_>
        <_>
          2 16 15 3 2.</_></rects>
      <tilted>0</tilted></_>
    <_>
      <rects>
        <_>
          3 0 12 2 -1.</_>
        <_>
          3 1 12 1 2.</_></rects>
      <tilted>0</tilted></_>
    <_>
      <rects>
        <_>
          3 1 14 16 -1.</_>
        <_>
          10 1 7 16 2.</_></rects>
      <tilted>0</tilted></_>
    <_>
      <rects>
        <_>
          3 2 14 13 -1.</_>
        <_>
          10 2 7 13 2.</_></rects>
      <tilted>0</tilted></_>
    <_>
      <rects>
        <_>
          3 4 6 8 -1.</_>
        <_>
          3 4 3 4 2.</_>
        <_>
          6 8 3 4 2.</_></rects>
      <tilted>0</tilted></_>
    <_>
      <rects>
        <_>
          3 6 1 2 -1.</_>
        <_>
          3 7 1 1 2.</_></rects>
      <tilted>0</tilted></_>
    <_>
      <rects>
        <_>
          3 6 15 4 -1.</_>
        <_>
          8 6 5 4 3.</_></rects>
      <tilted>0</tilted></_>
    <_>
      <rects>
        <_>
          3 7 2 1 -1.</_>
        <_>
          4 7 1 1 2.</_></rects>
      <tilted>0</tilted></_>
    <_>
      <rects>
        <_>
          3 7 15 5 -1.</_>
        <_>
          8 7 5 5 3.</_></rects>
      <tilted>0</tilted></_>
    <_>
      <rects>
        <_>
          3 7 15 7 -1.</_>
        <_>
          8 7 5 7 3.</_></rects>
      <tilted>0</tilted></_>
    <_>
      <rects>
        <_>
          3 8 6 2 -1.</_>
        <_>
          3 8 3 1 2.</_>
        <_>
          6 9 3 1 2.</_></rects>
      <tilted>0</tilted></_>
    <_>
      <rects>
        <_>
          3 8 8 4 -1.</_>
        <_>
          7 8 4 4 2.</_></rects>
      <tilted>0</tilted></_>
    <_>
      <rects>
        <_>
          3 8 12 6 -1.</_>
        <_>
          7 8 4 6 3.</_></rects>
      <tilted>0</tilted></_>
    <_>
      <rects>
        <_>
          3 9 6 10 -1.</_>
        <_>
          3 14 6 5 2.</_></rects>
      <tilted>0</tilted></_>
    <_>
      <rects>
        <_>
          3 11 2 4 -1.</_>
        <_>
          4 11 1 4 2.</_></rects>
      <tilted>0</tilted></_>
    <_>
      <rects>
        <_>
          3 12 2 1 -1.</_>
        <_>
          4 12 1 1 2.</_></rects>
      <tilted>0</tilted></_>
    <_>
      <rects>
        <_>
          3 13 5 4 -1.</_>
        <_>
          3 15 5 2 2.</_></rects>
      <tilted>0</tilted></_>
    <_>
      <rects>
        <_>
          3 15 10 4 -1.</_>
        <_>
          3 17 10 2 2.</_></rects>
      <tilted>0</tilted></_>
    <_>
      <rects>
        <_>
          4 0 3 15 -1.</_>
        <_>
          4 5 3 5 3.</_></rects>
      <tilted>0</tilted></_>
    <_>
      <rects>
        <_>
          4 2 4 12 -1.</_>
        <_>
          4 2 2 6 2.</_>
        <_>
          6 8 2 6 2.</_></rects>
      <tilted>0</tilted></_>
    <_>
      <rects>
        <_>
          4 2 14 12 -1.</_>
        <_>
          4 8 14 6 2.</_></rects>
      <tilted>0</tilted></_>
    <_>
      <rects>
        <_>
          4 3 1 3 -1.</_>
        <_>
          4 4 1 1 3.</_></rects>
      <tilted>0</tilted></_>
    <_>
      <rects>
        <_>
          4 3 2 3 -1.</_>
        <_>
          4 4 2 1 3.</_></rects>
      <tilted>0</tilted></_>
    <_>
      <rects>
        <_>
          4 3 6 12 -1.</_>
        <_>
          4 3 3 6 2.</_>
        <_>
          7 9 3 6 2.</_></rects>
      <tilted>0</tilted></_>
    <_>
      <rects>
        <_>
          4 4 10 7 -1.</_>
        <_>
          9 4 5 7 2.</_></rects>
      <tilted>0</tilted></_>
    <_>
      <rects>
        <_>
          4 5 6 11 -1.</_>
        <_>
          6 5 2 11 3.</_></rects>
      <tilted>0</tilted></_>
    <_>
      <rects>
        <_>
          4 6 2 1 -1.</_>
        <_>
          5 6 1 1 2.</_></rects>
      <tilted>0</tilted></_>
    <_>
      <rects>
        <_>
          4 6 2 2 -1.</_>
        <_>
          4 6 1 1 2.</_>
        <_>
          5 7 1 1 2.</_></rects>
      <tilted>0</tilted></_>
    <_>
      <rects>
        <_>
          4 6 12 3 -1.</_>
        <_>
          10 6 6 3 2.</_></rects>
      <tilted>0</tilted></_>
    <_>
      <rects>
        <_>
          4 6 9 6 -1.</_>
        <_>
          4 9 9 3 2.</_></rects>
      <tilted>0</tilted></_>
    <_>
      <rects>
        <_>
          4 7 1 2 -1.</_>
        <_>
          4 8 1 1 2.</_></rects>
      <tilted>0</tilted></_>
    <_>
      <rects>
        <_>
          4 7 4 7 -1.</_>
        <_>
          6 7 2 7 2.</_></rects>
      <tilted>0</tilted></_>
    <_>
      <rects>
        <_>
          4 7 10 9 -1.</_>
        <_>
          9 7 5 9 2.</_></rects>
      <tilted>0</tilted></_>
    <_>
      <rects>
        <_>
          4 8 2 1 -1.</_>
        <_>
          5 8 1 1 2.</_></rects>
      <tilted>0</tilted></_>
    <_>
      <rects>
        <_>
          4 8 12 4 -1.</_>
        <_>
          8 8 4 4 3.</_></rects>
      <tilted>0</tilted></_>
    <_>
      <rects>
        <_>
          4 12 1 2 -1.</_>
        <_>
          4 13 1 1 2.</_></rects>
      <tilted>0</tilted></_>
    <_>
      <rects>
        <_>
          4 13 2 2 -1.</_>
        <_>
          5 13 1 2 2.</_></rects>
      <tilted>0</tilted></_>
    <_>
      <rects>
        <_>
          4 13 2 3 -1.</_>
        <_>
          5 13 1 3 2.</_></rects>
      <tilted>0</tilted></_>
    <_>
      <rects>
        <_>
          5 1 10 16 -1.</_>
        <_>
          5 1 5 8 2.</_>
        <_>
          10 9 5 8 2.</_></rects>
      <tilted>0</tilted></_>
    <_>
      <rects>
        <_>
          5 2 12 4 -1.</_>
        <_>
          11 2 6 4 2.</_></rects>
      <tilted>0</tilted></_>
    <_>
      <rects>
        <_>
          5 4 2 1 -1.</_>
        <_>
          6 4 1 1 2.</_></rects>
      <tilted>0</tilted></_>
    <_>
      <rects>
        <_>
          5 5 2 1 -1.</_>
        <_>
          6 5 1 1 2.</_></rects>
      <tilted>0</tilted></_>
    <_>
      <rects>
        <_>
          5 5 1 2 -1.</_>
        <_>
          5 6 1 1 2.</_></rects>
      <tilted>0</tilted></_>
    <_>
      <rects>
        <_>
          5 6 2 1 -1.</_>
        <_>
          6 6 1 1 2.</_></rects>
      <tilted>0</tilted></_>
    <_>
      <rects>
        <_>
          5 6 1 2 -1.</_>
        <_>
          5 7 1 1 2.</_></rects>
      <tilted>0</tilted></_>
    <_>
      <rects>
        <_>
          5 7 2 1 -1.</_>
        <_>
          6 7 1 1 2.</_></rects>
      <tilted>0</tilted></_>
    <_>
      <rects>
        <_>
          5 7 2 2 -1.</_>
        <_>
          6 7 1 2 2.</_></rects>
      <tilted>0</tilted></_>
    <_>
      <rects>
        <_>
          5 7 12 3 -1.</_>
        <_>
          9 7 4 3 3.</_></rects>
      <tilted>0</tilted></_>
    <_>
      <rects>
        <_>
          5 7 7 6 -1.</_>
        <_>
          5 9 7 2 3.</_></rects>
      <tilted>0</tilted></_>
    <_>
      <rects>
        <_>
          5 9 1 2 -1.</_>
        <_>
          5 10 1 1 2.</_></rects>
      <tilted>0</tilted></_>
    <_>
      <rects>
        <_>
          5 10 10 9 -1.</_>
        <_>
          10 10 5 9 2.</_></rects>
      <tilted>0</tilted></_>
    <_>
      <rects>
        <_>
          6 0 7 14 -1.</_>
        <_>
          6 7 7 7 2.</_></rects>
      <tilted>0</tilted></_>
    <_>
      <rects>
        <_>
          6 0 10 16 -1.</_>
        <_>
          6 8 10 8 2.</_></rects>
      <tilted>0</tilted></_>
    <_>
      <rects>
        <_>
          6 2 7 10 -1.</_>
        <_>
          6 7 7 5 2.</_></rects>
      <tilted>0</tilted></_>
    <_>
      <rects>
        <_>
          6 4 3 8 -1.</_>
        <_>
          6 8 3 4 2.</_></rects>
      <tilted>0</tilted></_>
    <_>
      <rects>
        <_>
          6 6 2 2 -1.</_>
        <_>
          7 6 1 2 2.</_></rects>
      <tilted>0</tilted></_>
    <_>
      <rects>
        <_>
          6 6 6 10 -1.</_>
        <_>
          9 6 3 10 2.</_></rects>
      <tilted>0</tilted></_>
    <_>
      <rects>
        <_>
          6 7 2 6 -1.</_>
        <_>
          7 7 1 6 2.</_></rects>
      <tilted>0</tilted></_>
    <_>
      <rects>
        <_>
          6 8 1 3 -1.</_>
        <_>
          6 9 1 1 3.</_></rects>
      <tilted>0</tilted></_>
    <_>
      <rects>
        <_>
          6 8 2 2 -1.</_>
        <_>
          6 8 1 1 2.</_>
        <_>
          7 9 1 1 2.</_></rects>
      <tilted>0</tilted></_>
    <_>
      <rects>
        <_>
          6 8 2 4 -1.</_>
        <_>
          7 8 1 4 2.</_></rects>
      <tilted>0</tilted></_>
    <_>
      <rects>
        <_>
          6 8 9 3 -1.</_>
        <_>
          9 8 3 3 3.</_></rects>
      <tilted>0</tilted></_>
    <_>
      <rects>
        <_>
          6 9 3 3 -1.</_>
        <_>
          7 9 1 3 3.</_></rects>
      <tilted>0</tilted></_>
    <_>
      <rects>
        <_>
          6 9 6 2 -1.</_>
        <_>
          6 9 3 1 2.</_>
        <_>
          9 10 3 1 2.</_></rects>
      <tilted>0</tilted></_>
    <_>
      <rects>
        <_>
          6 10 10 2 -1.</_>
        <_>
          6 10 5 1 2.</_>
        <_>
          11 11 5 1 2.</_></rects>
      <tilted>0</tilted></_>
    <_>
      <rects>
        <_>
          6 16 2 2 -1.</_>
        <_>
          6 16 1 1 2.</_>
        <_>
          7 17 1 1 2.</_></rects>
      <tilted>0</tilted></_>
    <_>
      <rects>
        <_>
          7 0 12 7 -1.</_>
        <_>
          13 0 6 7 2.</_></rects>
      <tilted>0</tilted></_>
    <_>
      <rects>
        <_>
          7 1 6 12 -1.</_>
        <_>
          7 7 6 6 2.</_></rects>
      <tilted>0</tilted></_>
    <_>
      <rects>
        <_>
          7 5 2 9 -1.</_>
        <_>
          7 8 2 3 3.</_></rects>
      <tilted>0</tilted></_>
    <_>
      <rects>
        <_>
          7 5 5 6 -1.</_>
        <_>
          7 8 5 3 2.</_></rects>
      <tilted>0</tilted></_>
    <_>
      <rects>
        <_>
          7 6 1 4 -1.</_>
        <_>
          7 8 1 2 2.</_></rects>
      <tilted>0</tilted></_>
    <_>
      <rects>
        <_>
          7 6 3 6 -1.</_>
        <_>
          7 8 3 2 3.</_></rects>
      <tilted>0</tilted></_>
    <_>
      <rects>
        <_>
          7 7 2 4 -1.</_>
        <_>
          7 7 1 2 2.</_>
        <_>
          8 9 1 2 2.</_></rects>
      <tilted>0</tilted></_>
    <_>
      <rects>
        <_>
          7 7 5 6 -1.</_>
        <_>
          7 10 5 3 2.</_></rects>
      <tilted>0</tilted></_>
    <_>
      <rects>
        <_>
          7 8 4 3 -1.</_>
        <_>
          9 8 2 3 2.</_></rects>
      <tilted>0</tilted></_>
    <_>
      <rects>
        <_>
          7 8 6 5 -1.</_>
        <_>
          10 8 3 5 2.</_></rects>
      <tilted>0</tilted></_>
    <_>
      <rects>
        <_>
          7 9 3 2 -1.</_>
        <_>
          8 9 1 2 3.</_></rects>
      <tilted>0</tilted></_>
    <_>
      <rects>
        <_>
          7 9 6 8 -1.</_>
        <_>
          9 9 2 8 3.</_></rects>
      <tilted>0</tilted></_>
    <_>
      <rects>
        <_>
          7 9 3 2 -1.</_>
        <_>
          7 10 3 1 2.</_></rects>
      <tilted>0</tilted></_>
    <_>
      <rects>
        <_>
          7 10 3 1 -1.</_>
        <_>
          8 10 1 1 3.</_></rects>
      <tilted>0</tilted></_>
    <_>
      <rects>
        <_>
          7 10 4 2 -1.</_>
        <_>
          7 10 2 1 2.</_>
        <_>
          9 11 2 1 2.</_></rects>
      <tilted>0</tilted></_>
    <_>
      <rects>
        <_>
          7 11 2 3 -1.</_>
        <_>
          7 12 2 1 3.</_></rects>
      <tilted>0</tilted></_>
    <_>
      <rects>
        <_>
          8 0 8 2 -1.</_>
        <_>
          8 0 4 1 2.</_>
        <_>
          12 1 4 1 2.</_></rects>
      <tilted>0</tilted></_>
    <_>
      <rects>
        <_>
          8 2 9 6 -1.</_>
        <_>
          11 2 3 6 3.</_></rects>
      <tilted>0</tilted></_>
    <_>
      <rects>
        <_>
          8 4 2 10 -1.</_>
        <_>
          8 9 2 5 2.</_></rects>
      <tilted>0</tilted></_>
    <_>
      <rects>
        <_>
          8 4 5 6 -1.</_>
        <_>
          8 6 5 2 3.</_></rects>
      <tilted>0</tilted></_>
    <_>
      <rects>
        <_>
          8 5 4 4 -1.</_>
        <_>
          8 7 4 2 2.</_></rects>
      <tilted>0</tilted></_>
    <_>
      <rects>
        <_>
          8 7 2 6 -1.</_>
        <_>
          8 10 2 3 2.</_></rects>
      <tilted>0</tilted></_>
    <_>
      <rects>
        <_>
          8 8 1 3 -1.</_>
        <_>
          8 9 1 1 3.</_></rects>
      <tilted>0</tilted></_>
    <_>
      <rects>
        <_>
          8 8 1 4 -1.</_>
        <_>
          8 10 1 2 2.</_></rects>
      <tilted>0</tilted></_>
    <_>
      <rects>
        <_>
          8 8 2 3 -1.</_>
        <_>
          8 9 2 1 3.</_></rects>
      <tilted>0</tilted></_>
    <_>
      <rects>
        <_>
          8 9 3 1 -1.</_>
        <_>
          9 9 1 1 3.</_></rects>
      <tilted>0</tilted></_>
    <_>
      <rects>
        <_>
          8 9 3 3 -1.</_>
        <_>
          9 9 1 3 3.</_></rects>
      <tilted>0</tilted></_>
    <_>
      <rects>
        <_>
          8 9 2 6 -1.</_>
        <_>
          9 9 1 6 2.</_></rects>
      <tilted>0</tilted></_>
    <_>
      <rects>
        <_>
          8 9 4 4 -1.</_>
        <_>
          8 11 4 2 2.</_></rects>
      <tilted>0</tilted></_>
    <_>
      <rects>
        <_>
          8 10 1 3 -1.</_>
        <_>
          8 11 1 1 3.</_></rects>
      <tilted>0</tilted></_>
    <_>
      <rects>
        <_>
          8 10 2 2 -1.</_>
        <_>
          8 10 1 1 2.</_>
        <_>
          9 11 1 1 2.</_></rects>
      <tilted>0</tilted></_>
    <_>
      <rects>
        <_>
          8 11 3 1 -1.</_>
        <_>
          9 11 1 1 3.</_></rects>
      <tilted>0</tilted></_>
    <_>
      <rects>
        <_>
          8 12 1 3 -1.</_>
        <_>
          8 13 1 1 3.</_></rects>
      <tilted>0</tilted></_>
    <_>
      <rects>
        <_>
          9 0 2 1 -1.</_>
        <_>
          10 0 1 1 2.</_></rects>
      <tilted>0</tilted></_>
    <_>
      <rects>
        <_>
          9 0 10 8 -1.</_>
        <_>
          14 0 5 8 2.</_></rects>
      <tilted>0</tilted></_>
    <_>
      <rects>
        <_>
          9 0 10 2 -1.</_>
        <_>
          9 1 10 1 2.</_></rects>
      <tilted>0</tilted></_>
    <_>
      <rects>
        <_>
          9 1 2 18 -1.</_>
        <_>
          9 10 2 9 2.</_></rects>
      <tilted>0</tilted></_>
    <_>
      <rects>
        <_>
          9 1 4 10 -1.</_>
        <_>
          9 6 4 5 2.</_></rects>
      <tilted>0</tilted></_>
    <_>
      <rects>
        <_>
          9 2 6 11 -1.</_>
        <_>
          12 2 3 11 2.</_></rects>
      <tilted>0</tilted></_>
    <_>
      <rects>
        <_>
          9 2 9 12 -1.</_>
        <_>
          12 2 3 12 3.</_></rects>
      <tilted>0</tilted></_>
    <_>
      <rects>
        <_>
          9 4 6 4 -1.</_>
        <_>
          9 4 3 2 2.</_>
        <_>
          12 6 3 2 2.</_></rects>
      <tilted>0</tilted></_>
    <_>
      <rects>
        <_>
          9 5 2 4 -1.</_>
        <_>
          9 5 1 2 2.</_>
        <_>
          10 7 1 2 2.</_></rects>
      <tilted>0</tilted></_>
    <_>
      <rects>
        <_>
          9 5 2 9 -1.</_>
        <_>
          9 8 2 3 3.</_></rects>
      <tilted>0</tilted></_>
    <_>
      <rects>
        <_>
          9 5 3 9 -1.</_>
        <_>
          9 8 3 3 3.</_></rects>
      <tilted>0</tilted></_>
    <_>
      <rects>
        <_>
          9 5 5 12 -1.</_>
        <_>
          9 11 5 6 2.</_></rects>
      <tilted>0</tilted></_>
    <_>
      <rects>
        <_>
          9 6 2 3 -1.</_>
        <_>
          9 7 2 1 3.</_></rects>
      <tilted>0</tilted></_>
    <_>
      <rects>
        <_>
          9 6 6 6 -1.</_>
        <_>
          9 6 3 3 2.</_>
        <_>
          12 9 3 3 2.</_></rects>
      <tilted>0</tilted></_>
    <_>
      <rects>
        <_>
          9 6 6 5 -1.</_>
        <_>
          12 6 3 5 2.</_></rects>
      <tilted>0</tilted></_>
    <_>
      <rects>
        <_>
          9 7 9 4 -1.</_>
        <_>
          12 7 3 4 3.</_></rects>
      <tilted>0</tilted></_>
    <_>
      <rects>
        <_>
          9 7 10 4 -1.</_>
        <_>
          9 9 10 2 2.</_></rects>
      <tilted>0</tilted></_>
    <_>
      <rects>
        <_>
          9 8 8 6 -1.</_>
        <_>
          13 8 4 6 2.</_></rects>
      <tilted>0</tilted></_>
    <_>
      <rects>
        <_>
          9 9 2 4 -1.</_>
        <_>
          10 9 1 4 2.</_></rects>
      <tilted>0</tilted></_>
    <_>
      <rects>
        <_>
          9 9 2 2 -1.</_>
        <_>
          9 10 2 1 2.</_></rects>
      <tilted>0</tilted></_>
    <_>
      <rects>
        <_>
          9 9 6 2 -1.</_>
        <_>
          12 9 3 2 2.</_></rects>
      <tilted>0</tilted></_>
    <_>
      <rects>
        <_>
          9 10 4 1 -1.</_>
        <_>
          11 10 2 1 2.</_></rects>
      <tilted>0</tilted></_>
    <_>
      <rects>
        <_>
          9 11 3 1 -1.</_>
        <_>
          10 11 1 1 3.</_></rects>
      <tilted>0</tilted></_>
    <_>
      <rects>
        <_>
          9 11 2 2 -1.</_>
        <_>
          9 11 1 1 2.</_>
        <_>
          10 12 1 1 2.</_></rects>
      <tilted>0</tilted></_>
    <_>
      <rects>
        <_>
          9 12 2 2 -1.</_>
        <_>
          9 12 1 1 2.</_>
        <_>
          10 13 1 1 2.</_></rects>
      <tilted>0</tilted></_>
    <_>
      <rects>
        <_>
          9 15 5 3 -1.</_>
        <_>
          9 16 5 1 3.</_></rects>
      <tilted>0</tilted></_>
    <_>
      <rects>
        <_>
          10 0 6 14 -1.</_>
        <_>
          10 0 3 7 2.</_>
        <_>
          13 7 3 7 2.</_></rects>
      <tilted>0</tilted></_>
    <_>
      <rects>
        <_>
          10 0 4 2 -1.</_>
        <_>
          10 1 4 1 2.</_></rects>
      <tilted>0</tilted></_>
    <_>
      <rects>
        <_>
          10 1 4 18 -1.</_>
        <_>
          10 7 4 6 3.</_></rects>
      <tilted>0</tilted></_>
    <_>
      <rects>
        <_>
          10 3 4 2 -1.</_>
        <_>
          10 3 2 1 2.</_>
        <_>
          12 4 2 1 2.</_></rects>
      <tilted>0</tilted></_>
    <_>
      <rects>
        <_>
          10 4 1 6 -1.</_>
        <_>
          10 6 1 2 3.</_></rects>
      <tilted>0</tilted></_>
    <_>
      <rects>
        <_>
          10 5 1 3 -1.</_>
        <_>
          10 6 1 1 3.</_></rects>
      <tilted>0</tilted></_>
    <_>
      <rects>
        <_>
          10 6 1 3 -1.</_>
        <_>
          10 7 1 1 3.</_></rects>
      <tilted>0</tilted></_>
    <_>
      <rects>
        <_>
          10 6 9 7 -1.</_>
        <_>
          13 6 3 7 3.</_></rects>
      <tilted>0</tilted></_>
    <_>
      <rects>
        <_>
          10 7 1 2 -1.</_>
        <_>
          10 8 1 1 2.</_></rects>
      <tilted>0</tilted></_>
    <_>
      <rects>
        <_>
          10 7 2 2 -1.</_>
        <_>
          10 7 1 1 2.</_>
        <_>
          11 8 1 1 2.</_></rects>
      <tilted>0</tilted></_>
    <_>
      <rects>
        <_>
          10 8 2 3 -1.</_>
        <_>
          11 8 1 3 2.</_></rects>
      <tilted>0</tilted></_>
    <_>
      <rects>
        <_>
          10 9 1 3 -1.</_>
        <_>
          10 10 1 1 3.</_></rects>
      <tilted>0</tilted></_>
    <_>
      <rects>
        <_>
          10 9 2 2 -1.</_>
        <_>
          10 9 1 1 2.</_>
        <_>
          11 10 1 1 2.</_></rects>
      <tilted>0</tilted></_>
    <_>
      <rects>
        <_>
          10 9 2 2 -1.</_>
        <_>
          11 9 1 2 2.</_></rects>
      <tilted>0</tilted></_>
    <_>
      <rects>
        <_>
          10 9 2 3 -1.</_>
        <_>
          11 9 1 3 2.</_></rects>
      <tilted>0</tilted></_>
    <_>
      <rects>
        <_>
          10 10 1 3 -1.</_>
        <_>
          10 11 1 1 3.</_></rects>
      <tilted>0</tilted></_>
    <_>
      <rects>
        <_>
          10 10 4 1 -1.</_>
        <_>
          12 10 2 1 2.</_></rects>
      <tilted>0</tilted></_>
    <_>
      <rects>
        <_>
          10 12 1 2 -1.</_>
        <_>
          10 13 1 1 2.</_></rects>
      <tilted>0</tilted></_>
    <_>
      <rects>
        <_>
          10 13 8 6 -1.</_>
        <_>
          10 13 4 3 2.</_>
        <_>
          14 16 4 3 2.</_></rects>
      <tilted>0</tilted></_>
    <_>
      <rects>
        <_>
          11 0 3 1 -1.</_>
        <_>
          12 0 1 1 3.</_></rects>
      <tilted>0</tilted></_>
    <_>
      <rects>
        <_>
          11 0 3 6 -1.</_>
        <_>
          12 0 1 6 3.</_></rects>
      <tilted>0</tilted></_>
    <_>
      <rects>
        <_>
          11 1 8 16 -1.</_>
        <_>
          11 1 4 8 2.</_>
        <_>
          15 9 4 8 2.</_></rects>
      <tilted>0</tilted></_>
    <_>
      <rects>
        <_>
          11 6 1 3 -1.</_>
        <_>
          11 7 1 1 3.</_></rects>
      <tilted>0</tilted></_>
    <_>
      <rects>
        <_>
          11 6 8 2 -1.</_>
        <_>
          11 6 4 1 2.</_>
        <_>
          15 7 4 1 2.</_></rects>
      <tilted>0</tilted></_>
    <_>
      <rects>
        <_>
          11 7 1 3 -1.</_>
        <_>
          11 8 1 1 3.</_></rects>
      <tilted>0</tilted></_>
    <_>
      <rects>
        <_>
          11 7 2 2 -1.</_>
        <_>
          11 7 1 1 2.</_>
        <_>
          12 8 1 1 2.</_></rects>
      <tilted>0</tilted></_>
    <_>
      <rects>
        <_>
          11 7 4 2 -1.</_>
        <_>
          11 7 2 1 2.</_>
        <_>
          13 8 2 1 2.</_></rects>
      <tilted>0</tilted></_>
    <_>
      <rects>
        <_>
          11 8 6 9 -1.</_>
        <_>
          14 8 3 9 2.</_></rects>
      <tilted>0</tilted></_>
    <_>
      <rects>
        <_>
          11 12 6 7 -1.</_>
        <_>
          14 12 3 7 2.</_></rects>
      <tilted>0</tilted></_>
    <_>
      <rects>
        <_>
          12 7 6 4 -1.</_>
        <_>
          12 7 3 2 2.</_>
        <_>
          15 9 3 2 2.</_></rects>
      <tilted>0</tilted></_>
    <_>
      <rects>
        <_>
          12 12 2 2 -1.</_>
        <_>
          12 13 2 1 2.</_></rects>
      <tilted>0</tilted></_>
    <_>
      <rects>
        <_>
          12 12 6 1 -1.</_>
        <_>
          14 12 2 1 3.</_></rects>
      <tilted>0</tilted></_>
    <_>
      <rects>
        <_>
          13 3 2 1 -1.</_>
        <_>
          14 3 1 1 2.</_></rects>
      <tilted>0</tilted></_>
    <_>
      <rects>
        <_>
          13 3 6 5 -1.</_>
        <_>
          16 3 3 5 2.</_></rects>
      <tilted>0</tilted></_>
    <_>
      <rects>
        <_>
          13 4 1 2 -1.</_>
        <_>
          13 5 1 1 2.</_></rects>
      <tilted>0</tilted></_>
    <_>
      <rects>
        <_>
          13 8 6 4 -1.</_>
        <_>
          16 8 3 4 2.</_></rects>
      <tilted>0</tilted></_>
    <_>
      <rects>
        <_>
          13 8 6 8 -1.</_>
        <_>
          16 8 3 8 2.</_></rects>
      <tilted>0</tilted></_>
    <_>
      <rects>
        <_>
          13 9 1 2 -1.</_>
        <_>
          13 10 1 1 2.</_></rects>
      <tilted>0</tilted></_>
    <_>
      <rects>
        <_>
          13 9 3 1 -1.</_>
        <_>
          14 9 1 1 3.</_></rects>
      <tilted>0</tilted></_>
    <_>
      <rects>
        <_>
          13 9 3 2 -1.</_>
        <_>
          14 9 1 2 3.</_></rects>
      <tilted>0</tilted></_>
    <_>
      <rects>
        <_>
          13 9 6 2 -1.</_>
        <_>
          15 9 2 2 3.</_></rects>
      <tilted>0</tilted></_>
    <_>
      <rects>
        <_>
          13 9 6 7 -1.</_>
        <_>
          16 9 3 7 2.</_></rects>
      <tilted>0</tilted></_>
    <_>
      <rects>
        <_>
          13 10 2 1 -1.</_>
        <_>
          14 10 1 1 2.</_></rects>
      <tilted>0</tilted></_>
    <_>
      <rects>
        <_>
          13 10 2 2 -1.</_>
        <_>
          14 10 1 2 2.</_></rects>
      <tilted>0</tilted></_>
    <_>
      <rects>
        <_>
          13 11 1 2 -1.</_>
        <_>
          13 12 1 1 2.</_></rects>
      <tilted>0</tilted></_>
    <_>
      <rects>
        <_>
          13 11 1 3 -1.</_>
        <_>
          13 12 1 1 3.</_></rects>
      <tilted>0</tilted></_>
    <_>
      <rects>
        <_>
          13 12 1 2 -1.</_>
        <_>
          13 13 1 1 2.</_></rects>
      <tilted>0</tilted></_>
    <_>
      <rects>
        <_>
          14 0 1 6 -1.</_>
        <_>
          14 2 1 2 3.</_></rects>
      <tilted>0</tilted></_>
    <_>
      <rects>
        <_>
          14 0 4 6 -1.</_>
        <_>
          14 3 4 3 2.</_></rects>
      <tilted>0</tilted></_>
    <_>
      <rects>
        <_>
          14 1 2 10 -1.</_>
        <_>
          14 1 1 5 2.</_>
        <_>
          15 6 1 5 2.</_></rects>
      <tilted>0</tilted></_>
    <_>
      <rects>
        <_>
          14 4 2 12 -1.</_>
        <_>
          14 10 2 6 2.</_></rects>
      <tilted>0</tilted></_>
    <_>
      <rects>
        <_>
          14 5 2 6 -1.</_>
        <_>
          14 5 1 3 2.</_>
        <_>
          15 8 1 3 2.</_></rects>
      <tilted>0</tilted></_>
    <_>
      <rects>
        <_>
          14 6 2 1 -1.</_>
        <_>
          15 6 1 1 2.</_></rects>
      <tilted>0</tilted></_>
    <_>
      <rects>
        <_>
          14 6 1 2 -1.</_>
        <_>
          14 7 1 1 2.</_></rects>
      <tilted>0</tilted></_>
    <_>
      <rects>
        <_>
          14 7 1 2 -1.</_>
        <_>
          14 8 1 1 2.</_></rects>
      <tilted>0</tilted></_>
    <_>
      <rects>
        <_>
          14 7 2 4 -1.</_>
        <_>
          14 7 1 2 2.</_>
        <_>
          15 9 1 2 2.</_></rects>
      <tilted>0</tilted></_>
    <_>
      <rects>
        <_>
          14 8 1 2 -1.</_>
        <_>
          14 9 1 1 2.</_></rects>
      <tilted>0</tilted></_>
    <_>
      <rects>
        <_>
          14 8 1 4 -1.</_>
        <_>
          14 10 1 2 2.</_></rects>
      <tilted>0</tilted></_>
    <_>
      <rects>
        <_>
          14 9 1 2 -1.</_>
        <_>
          14 10 1 1 2.</_></rects>
      <tilted>0</tilted></_>
    <_>
      <rects>
        <_>
          14 10 1 2 -1.</_>
        <_>
          14 11 1 1 2.</_></rects>
      <tilted>0</tilted></_>
    <_>
      <rects>
        <_>
          14 10 3 1 -1.</_>
        <_>
          15 10 1 1 3.</_></rects>
      <tilted>0</tilted></_>
    <_>
      <rects>
        <_>
          14 11 1 2 -1.</_>
        <_>
          14 12 1 1 2.</_></rects>
      <tilted>0</tilted></_>
    <_>
      <rects>
        <_>
          14 11 1 3 -1.</_>
        <_>
          14 12 1 1 3.</_></rects>
      <tilted>0</tilted></_>
    <_>
      <rects>
        <_>
          14 13 1 2 -1.</_>
        <_>
          14 14 1 1 2.</_></rects>
      <tilted>0</tilted></_>
    <_>
      <rects>
        <_>
          15 0 4 19 -1.</_>
        <_>
          17 0 2 19 2.</_></rects>
      <tilted>0</tilted></_>
    <_>
      <rects>
        <_>
          15 4 1 12 -1.</_>
        <_>
          15 10 1 6 2.</_></rects>
      <tilted>0</tilted></_>
    <_>
      <rects>
        <_>
          15 5 2 1 -1.</_>
        <_>
          16 5 1 1 2.</_></rects>
      <tilted>0</tilted></_>
    <_>
      <rects>
        <_>
          15 5 1 10 -1.</_>
        <_>
          15 10 1 5 2.</_></rects>
      <tilted>0</tilted></_>
    <_>
      <rects>
        <_>
          15 8 1 2 -1.</_>
        <_>
          15 9 1 1 2.</_></rects>
      <tilted>0</tilted></_>
    <_>
      <rects>
        <_>
          15 10 2 2 -1.</_>
        <_>
          16 10 1 2 2.</_></rects>
      <tilted>0</tilted></_>
    <_>
      <rects>
        <_>
          15 11 1 2 -1.</_>
        <_>
          15 12 1 1 2.</_></rects>
      <tilted>0</tilted></_>
    <_>
      <rects>
        <_>
          16 0 2 2 -1.</_>
        <_>
          17 0 1 2 2.</_></rects>
      <tilted>0</tilted></_>
    <_>
      <rects>
        <_>
          16 1 3 14 -1.</_>
        <_>
          17 1 1 14 3.</_></rects>
      <tilted>0</tilted></_>
    <_>
      <rects>
        <_>
          17 17 2 2 -1.</_>
        <_>
          17 17 1 1 2.</_>
        <_>
          18 18 1 1 2.</_></rects>
      <tilted>0</tilted></_></features></cascade>
</opencv_storage>
