<?xml version="1.0"?>
<opencv_storage>
<cascade>
  <stageType>BOOST</stageType>
  <featureType>HAAR</featureType>
  <height>34</height>
  <width>29</width>
  <stageParams>
    <boostType>GAB</boostType>
    <minHitRate>9.9900001287460327e-01</minHitRate>
    <maxFalseAlarm>5.0000000000000000e-01</maxFalseAlarm>
    <weightTrimRate>9.4999999999999996e-01</weightTrimRate>
    <maxDepth>1</maxDepth>
    <maxWeakCount>100</maxWeakCount></stageParams>
  <featureParams>
    <maxCatCount>0</maxCatCount>
    <featSize>1</featSize>
    <mode>BASIC</mode></featureParams>
  <stageNum>20</stageNum>
  <stages>
    <!-- stage 0 -->
    <_>
      <maxWeakCount>8</maxWeakCount>
      <stageThreshold>-1.2319481372833252e+00</stageThreshold>
      <weakClassifiers>
        <_>
          <internalNodes>
            0 -1 143 2.4114209227263927e-03</internalNodes>
          <leafValues>
            -1.3804714381694794e-01 8.1097561120986938e-01</leafValues></_>
        <_>
          <internalNodes>
            0 -1 6 1.9283571746200323e-03</internalNodes>
          <leafValues>
            -2.2742703557014465e-01 7.1925354003906250e-01</leafValues></_>
        <_>
          <internalNodes>
            0 -1 134 1.4022333780303597e-03</internalNodes>
          <leafValues>
            -2.0871418714523315e-01 9.2276483774185181e-01</leafValues></_>
        <_>
          <internalNodes>
            0 -1 116 -1.4860851224511862e-03</internalNodes>
          <leafValues>
            8.5039091110229492e-01 -2.0061869919300079e-01</leafValues></_>
        <_>
          <internalNodes>
            0 -1 170 1.6640380490571260e-03</internalNodes>
          <leafValues>
            -3.5455256700515747e-01 6.6305375099182129e-01</leafValues></_>
        <_>
          <internalNodes>
            0 -1 86 -2.2071818821132183e-03</internalNodes>
          <leafValues>
            7.6879882812500000e-01 -2.7090242505073547e-01</leafValues></_>
        <_>
          <internalNodes>
            0 -1 102 -5.4282968631014228e-04</internalNodes>
          <leafValues>
            6.9704341888427734e-01 -3.0990198254585266e-01</leafValues></_>
        <_>
          <internalNodes>
            0 -1 186 1.4440708037000149e-04</internalNodes>
          <leafValues>
            3.8696146011352539e-01 -5.6148540973663330e-01</leafValues></_></weakClassifiers></_>
    <!-- stage 1 -->
    <_>
      <maxWeakCount>8</maxWeakCount>
      <stageThreshold>-7.0215344429016113e-01</stageThreshold>
      <weakClassifiers>
        <_>
          <internalNodes>
            0 -1 187 -1.2588550453074276e-04</internalNodes>
          <leafValues>
            -6.5909093618392944e-01 5.2700185775756836e-01</leafValues></_>
        <_>
          <internalNodes>
            0 -1 140 -6.5067233517765999e-03</internalNodes>
          <leafValues>
            5.7093381881713867e-01 -3.3445420861244202e-01</leafValues></_>
        <_>
          <internalNodes>
            0 -1 187 3.0785402486799285e-05</internalNodes>
          <leafValues>
            3.5119438171386719e-01 -6.4158445596694946e-01</leafValues></_>
        <_>
          <internalNodes>
            0 -1 121 -1.6238882672041655e-03</internalNodes>
          <leafValues>
            7.3331034183502197e-01 -2.4902775883674622e-01</leafValues></_>
        <_>
          <internalNodes>
            0 -1 119 8.5182819748297334e-04</internalNodes>
          <leafValues>
            -2.2715528309345245e-01 7.6558786630630493e-01</leafValues></_>
        <_>
          <internalNodes>
            0 -1 162 -1.3011061819270253e-03</internalNodes>
          <leafValues>
            3.7324279546737671e-01 -5.4129350185394287e-01</leafValues></_>
        <_>
          <internalNodes>
            0 -1 113 5.1079452037811279e-02</internalNodes>
          <leafValues>
            2.2509267926216125e-01 -8.5415160655975342e-01</leafValues></_>
        <_>
          <internalNodes>
            0 -1 65 2.4630199186503887e-04</internalNodes>
          <leafValues>
            -2.6016202569007874e-01 8.3329766988754272e-01</leafValues></_></weakClassifiers></_>
    <!-- stage 2 -->
    <_>
      <maxWeakCount>8</maxWeakCount>
      <stageThreshold>-5.5089783668518066e-01</stageThreshold>
      <weakClassifiers>
        <_>
          <internalNodes>
            0 -1 205 -7.4037496233358979e-05</internalNodes>
          <leafValues>
            -7.1739131212234497e-01 5.4596620798110962e-01</leafValues></_>
        <_>
          <internalNodes>
            0 -1 1 5.7787526398897171e-02</internalNodes>
          <leafValues>
            -2.9665398597717285e-01 6.8062758445739746e-01</leafValues></_>
        <_>
          <internalNodes>
            0 -1 118 -1.7756937071681023e-02</internalNodes>
          <leafValues>
            -9.5722532272338867e-01 2.1309854090213776e-01</leafValues></_>
        <_>
          <internalNodes>
            0 -1 156 6.4625684171915054e-04</internalNodes>
          <leafValues>
            -2.4491815268993378e-01 8.1461501121520996e-01</leafValues></_>
        <_>
          <internalNodes>
            0 -1 152 -1.2438783887773752e-03</internalNodes>
          <leafValues>
            6.8523949384689331e-01 -2.5967013835906982e-01</leafValues></_>
        <_>
          <internalNodes>
            0 -1 75 -4.2791529267560691e-05</internalNodes>
          <leafValues>
            -5.4089510440826416e-01 3.3940070867538452e-01</leafValues></_>
        <_>
          <internalNodes>
            0 -1 95 -4.2046997696161270e-03</internalNodes>
          <leafValues>
            8.5840272903442383e-01 -2.4570040404796600e-01</leafValues></_>
        <_>
          <internalNodes>
            0 -1 77 -1.8664592877030373e-02</internalNodes>
          <leafValues>
            -8.3270382881164551e-01 2.7787518501281738e-01</leafValues></_></weakClassifiers></_>
    <!-- stage 3 -->
    <_>
      <maxWeakCount>8</maxWeakCount>
      <stageThreshold>-7.4620205163955688e-01</stageThreshold>
      <weakClassifiers>
        <_>
          <internalNodes>
            0 -1 108 -2.7556592249311507e-04</internalNodes>
          <leafValues>
            7.1072322130203247e-01 -2.6785713434219360e-01</leafValues></_>
        <_>
          <internalNodes>
            0 -1 155 5.8218900812789798e-04</internalNodes>
          <leafValues>
            -1.7535105347633362e-01 8.7860292196273804e-01</leafValues></_>
        <_>
          <internalNodes>
            0 -1 142 9.6912274602800608e-04</internalNodes>
          <leafValues>
            -4.2973360419273376e-01 4.9782761931419373e-01</leafValues></_>
        <_>
          <internalNodes>
            0 -1 8 1.7070269212126732e-02</internalNodes>
          <leafValues>
            -3.6406210064888000e-01 7.0750677585601807e-01</leafValues></_>
        <_>
          <internalNodes>
            0 -1 110 -9.1892841737717390e-04</internalNodes>
          <leafValues>
            7.4614137411117554e-01 -2.9918211698532104e-01</leafValues></_>
        <_>
          <internalNodes>
            0 -1 167 1.1841084342449903e-03</internalNodes>
          <leafValues>
            -2.9920598864555359e-01 6.7661899328231812e-01</leafValues></_>
        <_>
          <internalNodes>
            0 -1 130 -1.0769824730232358e-03</internalNodes>
          <leafValues>
            8.9993351697921753e-01 -2.1491394937038422e-01</leafValues></_>
        <_>
          <internalNodes>
            0 -1 29 1.0443806648254395e-01</internalNodes>
          <leafValues>
            3.2552352547645569e-01 -8.5244792699813843e-01</leafValues></_></weakClassifiers></_>
    <!-- stage 4 -->
    <_>
      <maxWeakCount>10</maxWeakCount>
      <stageThreshold>-4.5530578494071960e-01</stageThreshold>
      <weakClassifiers>
        <_>
          <internalNodes>
            0 -1 194 -7.6920201536267996e-05</internalNodes>
          <leafValues>
            -5.7499998807907104e-01 4.9724769592285156e-01</leafValues></_>
        <_>
          <internalNodes>
            0 -1 71 3.8091950118541718e-03</internalNodes>
          <leafValues>
            -2.0252563059329987e-01 7.4365621805191040e-01</leafValues></_>
        <_>
          <internalNodes>
            0 -1 139 -1.5801463276147842e-02</internalNodes>
          <leafValues>
            7.7654558420181274e-01 -1.7364595830440521e-01</leafValues></_>
        <_>
          <internalNodes>
            0 -1 153 -2.4386267177760601e-03</internalNodes>
          <leafValues>
            7.2207331657409668e-01 -1.8418000638484955e-01</leafValues></_>
        <_>
          <internalNodes>
            0 -1 38 -4.3056182563304901e-02</internalNodes>
          <leafValues>
            -8.0082601308822632e-01 1.9083051383495331e-01</leafValues></_>
        <_>
          <internalNodes>
            0 -1 49 -1.9855061545968056e-02</internalNodes>
          <leafValues>
            4.5211172103881836e-01 -3.4567356109619141e-01</leafValues></_>
        <_>
          <internalNodes>
            0 -1 133 6.0172996018081903e-04</internalNodes>
          <leafValues>
            -2.6557719707489014e-01 6.4982014894485474e-01</leafValues></_>
        <_>
          <internalNodes>
            0 -1 229 -5.5213263258337975e-03</internalNodes>
          <leafValues>
            6.7046773433685303e-01 -2.0953059196472168e-01</leafValues></_>
        <_>
          <internalNodes>
            0 -1 25 -1.2081993743777275e-02</internalNodes>
          <leafValues>
            6.3608962297439575e-01 -2.4936062097549438e-01</leafValues></_>
        <_>
          <internalNodes>
            0 -1 23 -2.3273748811334372e-03</internalNodes>
          <leafValues>
            8.6487847566604614e-01 -1.8460990488529205e-01</leafValues></_></weakClassifiers></_>
    <!-- stage 5 -->
    <_>
      <maxWeakCount>10</maxWeakCount>
      <stageThreshold>-5.8052456378936768e-01</stageThreshold>
      <weakClassifiers>
        <_>
          <internalNodes>
            0 -1 211 1.7731559637468308e-04</internalNodes>
          <leafValues>
            5.4890221357345581e-01 -4.0322580933570862e-01</leafValues></_>
        <_>
          <internalNodes>
            0 -1 80 -1.2131324037909508e-02</internalNodes>
          <leafValues>
            7.0776015520095825e-01 -1.5183667838573456e-01</leafValues></_>
        <_>
          <internalNodes>
            0 -1 27 4.4055342674255371e-02</internalNodes>
          <leafValues>
            -2.3423165082931519e-01 5.7282769680023193e-01</leafValues></_>
        <_>
          <internalNodes>
            0 -1 85 -4.8342248192057014e-05</internalNodes>
          <leafValues>
            -5.9352052211761475e-01 2.6340892910957336e-01</leafValues></_>
        <_>
          <internalNodes>
            0 -1 103 -1.7710276879370213e-03</internalNodes>
          <leafValues>
            7.3406076431274414e-01 -1.7736060917377472e-01</leafValues></_>
        <_>
          <internalNodes>
            0 -1 225 -7.1204092819243670e-05</internalNodes>
          <leafValues>
            3.4377908706665039e-01 -4.6371260285377502e-01</leafValues></_>
        <_>
          <internalNodes>
            0 -1 90 -3.3812655601650476e-03</internalNodes>
          <leafValues>
            3.7504956126213074e-01 -4.0665194392204285e-01</leafValues></_>
        <_>
          <internalNodes>
            0 -1 148 -1.0085105895996094e-03</internalNodes>
          <leafValues>
            4.5950546860694885e-01 -3.5840860009193420e-01</leafValues></_>
        <_>
          <internalNodes>
            0 -1 195 1.2410020281095058e-04</internalNodes>
          <leafValues>
            3.2942444086074829e-01 -5.5641037225723267e-01</leafValues></_>
        <_>
          <internalNodes>
            0 -1 91 -4.4824220240116119e-03</internalNodes>
          <leafValues>
            3.6858162283897400e-01 -4.3922373652458191e-01</leafValues></_></weakClassifiers></_>
    <!-- stage 6 -->
    <_>
      <maxWeakCount>14</maxWeakCount>
      <stageThreshold>-1.0555255413055420e+00</stageThreshold>
      <weakClassifiers>
        <_>
          <internalNodes>
            0 -1 11 -2.4057490751147270e-02</internalNodes>
          <leafValues>
            -9.5555555820465088e-01 4.6206897497177124e-01</leafValues></_>
        <_>
          <internalNodes>
            0 -1 145 1.1630093213170767e-03</internalNodes>
          <leafValues>
            -1.3168744742870331e-01 7.5138300657272339e-01</leafValues></_>
        <_>
          <internalNodes>
            0 -1 78 5.0766713684424758e-04</internalNodes>
          <leafValues>
            -1.9818882644176483e-01 6.3476032018661499e-01</leafValues></_>
        <_>
          <internalNodes>
            0 -1 69 -1.0528733022511005e-02</internalNodes>
          <leafValues>
            7.4394786357879639e-01 -1.6411925852298737e-01</leafValues></_>
        <_>
          <internalNodes>
            0 -1 178 -8.3154309540987015e-03</internalNodes>
          <leafValues>
            2.9919365048408508e-01 -4.5296201109886169e-01</leafValues></_>
        <_>
          <internalNodes>
            0 -1 188 1.0394613491371274e-04</internalNodes>
          <leafValues>
            1.8546946346759796e-01 -7.4942290782928467e-01</leafValues></_>
        <_>
          <internalNodes>
            0 -1 52 -1.6833028057590127e-03</internalNodes>
          <leafValues>
            4.8529422283172607e-01 -3.0876854062080383e-01</leafValues></_>
        <_>
          <internalNodes>
            0 -1 136 -1.1144019663333893e-03</internalNodes>
          <leafValues>
            5.4861682653427124e-01 -2.7320381999015808e-01</leafValues></_>
        <_>
          <internalNodes>
            0 -1 54 -1.3564799446612597e-03</internalNodes>
          <leafValues>
            7.4269711971282959e-01 -1.6505612432956696e-01</leafValues></_>
        <_>
          <internalNodes>
            0 -1 57 1.7401471734046936e-02</internalNodes>
          <leafValues>
            2.1406748890876770e-01 -7.6221662759780884e-01</leafValues></_>
        <_>
          <internalNodes>
            0 -1 66 1.0180773679167032e-03</internalNodes>
          <leafValues>
            -1.9635115563869476e-01 7.0060563087463379e-01</leafValues></_>
        <_>
          <internalNodes>
            0 -1 190 4.0141476347343996e-05</internalNodes>
          <leafValues>
            2.9099404811859131e-01 -5.1758700609207153e-01</leafValues></_>
        <_>
          <internalNodes>
            0 -1 141 -3.5072600003331900e-03</internalNodes>
          <leafValues>
            3.2723397016525269e-01 -4.7892457246780396e-01</leafValues></_>
        <_>
          <internalNodes>
            0 -1 122 2.4320663884282112e-02</internalNodes>
          <leafValues>
            1.6113628447055817e-01 -9.3051528930664062e-01</leafValues></_></weakClassifiers></_>
    <!-- stage 7 -->
    <_>
      <maxWeakCount>13</maxWeakCount>
      <stageThreshold>-5.9236609935760498e-01</stageThreshold>
      <weakClassifiers>
        <_>
          <internalNodes>
            0 -1 201 -2.8573104646056890e-04</internalNodes>
          <leafValues>
            -4.3750000000000000e-01 5.0472587347030640e-01</leafValues></_>
        <_>
          <internalNodes>
            0 -1 226 -4.8261539632221684e-05</internalNodes>
          <leafValues>
            -4.1968858242034912e-01 2.8925409913063049e-01</leafValues></_>
        <_>
          <internalNodes>
            0 -1 129 -6.9827651605010033e-03</internalNodes>
          <leafValues>
            -7.9186171293258667e-01 1.8093079328536987e-01</leafValues></_>
        <_>
          <internalNodes>
            0 -1 131 -9.3179050600156188e-04</internalNodes>
          <leafValues>
            7.5728607177734375e-01 -2.0897576212882996e-01</leafValues></_>
        <_>
          <internalNodes>
            0 -1 197 5.5497779976576567e-04</internalNodes>
          <leafValues>
            -1.7501385509967804e-01 7.5383186340332031e-01</leafValues></_>
        <_>
          <internalNodes>
            0 -1 26 1.0474126320332289e-03</internalNodes>
          <leafValues>
            -1.5495781600475311e-01 6.5372824668884277e-01</leafValues></_>
        <_>
          <internalNodes>
            0 -1 43 9.7329801064915955e-05</internalNodes>
          <leafValues>
            2.3825441300868988e-01 -6.1166220903396606e-01</leafValues></_>
        <_>
          <internalNodes>
            0 -1 106 -4.0761692798696458e-04</internalNodes>
          <leafValues>
            5.3834843635559082e-01 -2.6316544413566589e-01</leafValues></_>
        <_>
          <internalNodes>
            0 -1 164 -2.7461830177344382e-04</internalNodes>
          <leafValues>
            5.5256628990173340e-01 -2.6045772433280945e-01</leafValues></_>
        <_>
          <internalNodes>
            0 -1 165 -9.1699924087151885e-04</internalNodes>
          <leafValues>
            7.1952819824218750e-01 -1.8829636275768280e-01</leafValues></_>
        <_>
          <internalNodes>
            0 -1 181 7.2982488200068474e-03</internalNodes>
          <leafValues>
            -1.9730739295482635e-01 6.1387401819229126e-01</leafValues></_>
        <_>
          <internalNodes>
            0 -1 93 -5.0642433052416891e-05</internalNodes>
          <leafValues>
            -5.6467831134796143e-01 2.5240698456764221e-01</leafValues></_>
        <_>
          <internalNodes>
            0 -1 64 -8.4600467234849930e-03</internalNodes>
          <leafValues>
            3.6893248558044434e-01 -3.6062964797019958e-01</leafValues></_></weakClassifiers></_>
    <!-- stage 8 -->
    <_>
      <maxWeakCount>8</maxWeakCount>
      <stageThreshold>-1.1721727848052979e+00</stageThreshold>
      <weakClassifiers>
        <_>
          <internalNodes>
            0 -1 196 -9.6688840130809695e-05</internalNodes>
          <leafValues>
            -6.4601767063140869e-01 5.8203125000000000e-01</leafValues></_>
        <_>
          <internalNodes>
            0 -1 196 2.8713984647765756e-05</internalNodes>
          <leafValues>
            4.1313245892524719e-01 -6.4656758308410645e-01</leafValues></_>
        <_>
          <internalNodes>
            0 -1 168 -2.0554153248667717e-02</internalNodes>
          <leafValues>
            5.5012238025665283e-01 -4.0205004811286926e-01</leafValues></_>
        <_>
          <internalNodes>
            0 -1 192 4.3441989691928029e-04</internalNodes>
          <leafValues>
            2.7118724584579468e-01 -7.2147661447525024e-01</leafValues></_>
        <_>
          <internalNodes>
            0 -1 48 2.4693572777323425e-04</internalNodes>
          <leafValues>
            2.5285559892654419e-01 -6.0833525657653809e-01</leafValues></_>
        <_>
          <internalNodes>
            0 -1 230 1.4924728311598301e-02</internalNodes>
          <leafValues>
            -2.7193588018417358e-01 6.9809573888778687e-01</leafValues></_>
        <_>
          <internalNodes>
            0 -1 227 -2.7456801035441458e-05</internalNodes>
          <leafValues>
            -5.6835764646530151e-01 2.9400250315666199e-01</leafValues></_>
        <_>
          <internalNodes>
            0 -1 126 5.5326018482446671e-03</internalNodes>
          <leafValues>
            -3.8933569192886353e-01 4.3924266099929810e-01</leafValues></_></weakClassifiers></_>
    <!-- stage 9 -->
    <_>
      <maxWeakCount>8</maxWeakCount>
      <stageThreshold>-5.7255041599273682e-01</stageThreshold>
      <weakClassifiers>
        <_>
          <internalNodes>
            0 -1 224 8.1238202983513474e-04</internalNodes>
          <leafValues>
            6.1460447311401367e-01 -5.9090906381607056e-01</leafValues></_>
        <_>
          <internalNodes>
            0 -1 51 -1.2604339281097054e-04</internalNodes>
          <leafValues>
            -7.2507029771804810e-01 3.6926811933517456e-01</leafValues></_>
        <_>
          <internalNodes>
            0 -1 193 -1.8562361947260797e-04</internalNodes>
          <leafValues>
            -7.2035658359527588e-01 3.2581564784049988e-01</leafValues></_>
        <_>
          <internalNodes>
            0 -1 39 -2.2443552734330297e-04</internalNodes>
          <leafValues>
            -6.6445642709732056e-01 3.1021043658256531e-01</leafValues></_>
        <_>
          <internalNodes>
            0 -1 18 -5.3643167484551668e-04</internalNodes>
          <leafValues>
            -7.5773805379867554e-01 2.4379263818264008e-01</leafValues></_>
        <_>
          <internalNodes>
            0 -1 208 -2.8198410291224718e-04</internalNodes>
          <leafValues>
            -7.8229933977127075e-01 2.3727701604366302e-01</leafValues></_>
        <_>
          <internalNodes>
            0 -1 182 -3.2913387985900044e-04</internalNodes>
          <leafValues>
            -7.0246261358261108e-01 2.7850097417831421e-01</leafValues></_>
        <_>
          <internalNodes>
            0 -1 189 6.6046766005456448e-04</internalNodes>
          <leafValues>
            2.5403380393981934e-01 -8.2050824165344238e-01</leafValues></_></weakClassifiers></_>
    <!-- stage 10 -->
    <_>
      <maxWeakCount>14</maxWeakCount>
      <stageThreshold>-5.4944765567779541e-01</stageThreshold>
      <weakClassifiers>
        <_>
          <internalNodes>
            0 -1 209 -8.9538501924835145e-05</internalNodes>
          <leafValues>
            -5.0000000000000000e-01 5.2380955219268799e-01</leafValues></_>
        <_>
          <internalNodes>
            0 -1 222 -2.3013811558485031e-02</internalNodes>
          <leafValues>
            5.4456782341003418e-01 -2.3835623264312744e-01</leafValues></_>
        <_>
          <internalNodes>
            0 -1 157 -5.1639880985021591e-03</internalNodes>
          <leafValues>
            5.2745580673217773e-01 -2.3145827651023865e-01</leafValues></_>
        <_>
          <internalNodes>
            0 -1 185 -1.6474137373734266e-04</internalNodes>
          <leafValues>
            -7.5880968570709229e-01 1.4141303300857544e-01</leafValues></_>
        <_>
          <internalNodes>
            0 -1 172 9.6357380971312523e-03</internalNodes>
          <leafValues>
            -2.0962797105312347e-01 6.0290795564651489e-01</leafValues></_>
        <_>
          <internalNodes>
            0 -1 5 7.2996425442397594e-03</internalNodes>
          <leafValues>
            -2.0567218959331512e-01 5.4791903495788574e-01</leafValues></_>
        <_>
          <internalNodes>
            0 -1 16 1.5638982877135277e-02</internalNodes>
          <leafValues>
            -2.7964833378791809e-01 4.5920848846435547e-01</leafValues></_>
        <_>
          <internalNodes>
            0 -1 84 -7.8958080848678946e-05</internalNodes>
          <leafValues>
            -6.0710376501083374e-01 2.1314433217048645e-01</leafValues></_>
        <_>
          <internalNodes>
            0 -1 82 -8.3037084550596774e-05</internalNodes>
          <leafValues>
            -7.3645937442779541e-01 1.6543093323707581e-01</leafValues></_>
        <_>
          <internalNodes>
            0 -1 58 -1.1737400200217962e-03</internalNodes>
          <leafValues>
            4.7354891896247864e-01 -2.8856226801872253e-01</leafValues></_>
        <_>
          <internalNodes>
            0 -1 137 -4.9674757756292820e-03</internalNodes>
          <leafValues>
            -6.6099238395690918e-01 2.0566751062870026e-01</leafValues></_>
        <_>
          <internalNodes>
            0 -1 161 -2.8767685871571302e-03</internalNodes>
          <leafValues>
            5.8055871725082397e-01 -2.4413947761058807e-01</leafValues></_>
        <_>
          <internalNodes>
            0 -1 160 2.6284784544259310e-03</internalNodes>
          <leafValues>
            -3.5208618640899658e-01 4.2233413457870483e-01</leafValues></_>
        <_>
          <internalNodes>
            0 -1 45 -1.1098809540271759e-02</internalNodes>
          <leafValues>
            5.6669199466705322e-01 -2.2023172676563263e-01</leafValues></_></weakClassifiers></_>
    <!-- stage 11 -->
    <_>
      <maxWeakCount>11</maxWeakCount>
      <stageThreshold>-5.6978023052215576e-01</stageThreshold>
      <weakClassifiers>
        <_>
          <internalNodes>
            0 -1 184 1.1618538701441139e-04</internalNodes>
          <leafValues>
            5.3100776672363281e-01 -4.4954127073287964e-01</leafValues></_>
        <_>
          <internalNodes>
            0 -1 19 1.6459820792078972e-02</internalNodes>
          <leafValues>
            -2.4564029276371002e-01 5.3453618288040161e-01</leafValues></_>
        <_>
          <internalNodes>
            0 -1 212 -8.8597400463186204e-05</internalNodes>
          <leafValues>
            -6.8871510028839111e-01 1.9116166234016418e-01</leafValues></_>
        <_>
          <internalNodes>
            0 -1 7 -9.0814195573329926e-03</internalNodes>
          <leafValues>
            6.2568372488021851e-01 -2.1471008658409119e-01</leafValues></_>
        <_>
          <internalNodes>
            0 -1 213 -6.1289570294320583e-04</internalNodes>
          <leafValues>
            3.5893154144287109e-01 -3.4882202744483948e-01</leafValues></_>
        <_>
          <internalNodes>
            0 -1 53 -7.7029777457937598e-05</internalNodes>
          <leafValues>
            -6.5430659055709839e-01 1.9907791912555695e-01</leafValues></_>
        <_>
          <internalNodes>
            0 -1 173 1.4081104658544064e-02</internalNodes>
          <leafValues>
            -2.5259122252464294e-01 4.9878850579261780e-01</leafValues></_>
        <_>
          <internalNodes>
            0 -1 128 4.5821396633982658e-04</internalNodes>
          <leafValues>
            -2.3927697539329529e-01 5.4406476020812988e-01</leafValues></_>
        <_>
          <internalNodes>
            0 -1 218 7.1017740992829204e-05</internalNodes>
          <leafValues>
            2.0492872595787048e-01 -6.4356178045272827e-01</leafValues></_>
        <_>
          <internalNodes>
            0 -1 223 -9.5768254250288010e-03</internalNodes>
          <leafValues>
            4.9371692538261414e-01 -2.9098388552665710e-01</leafValues></_>
        <_>
          <internalNodes>
            0 -1 220 -1.4085335715208203e-04</internalNodes>
          <leafValues>
            -6.1447805166244507e-01 2.2582699358463287e-01</leafValues></_></weakClassifiers></_>
    <!-- stage 12 -->
    <_>
      <maxWeakCount>12</maxWeakCount>
      <stageThreshold>-5.9879404306411743e-01</stageThreshold>
      <weakClassifiers>
        <_>
          <internalNodes>
            0 -1 203 -1.5664921374991536e-04</internalNodes>
          <leafValues>
            -3.0000001192092896e-01 5.5051547288894653e-01</leafValues></_>
        <_>
          <internalNodes>
            0 -1 219 -2.4641916388645768e-04</internalNodes>
          <leafValues>
            -6.9948279857635498e-01 2.2184696793556213e-01</leafValues></_>
        <_>
          <internalNodes>
            0 -1 171 -9.0590128675103188e-03</internalNodes>
          <leafValues>
            4.3901237845420837e-01 -2.4652588367462158e-01</leafValues></_>
        <_>
          <internalNodes>
            0 -1 135 -1.4342319220304489e-02</internalNodes>
          <leafValues>
            -6.4409816265106201e-01 1.5859445929527283e-01</leafValues></_>
        <_>
          <internalNodes>
            0 -1 98 1.4006874989718199e-03</internalNodes>
          <leafValues>
            -3.7156724929809570e-01 3.0474212765693665e-01</leafValues></_>
        <_>
          <internalNodes>
            0 -1 0 2.3966794833540916e-02</internalNodes>
          <leafValues>
            -3.2160645723342896e-01 4.6066609025001526e-01</leafValues></_>
        <_>
          <internalNodes>
            0 -1 46 1.3728821068070829e-04</internalNodes>
          <leafValues>
            2.3398424685001373e-01 -6.3849312067031860e-01</leafValues></_>
        <_>
          <internalNodes>
            0 -1 17 -1.7587472684681416e-03</internalNodes>
          <leafValues>
            4.3991348147392273e-01 -2.9753851890563965e-01</leafValues></_>
        <_>
          <internalNodes>
            0 -1 228 7.0536965504288673e-03</internalNodes>
          <leafValues>
            -1.9168037176132202e-01 7.2552293539047241e-01</leafValues></_>
        <_>
          <internalNodes>
            0 -1 34 5.5079050362110138e-02</internalNodes>
          <leafValues>
            -1.8172295391559601e-01 6.9353950023651123e-01</leafValues></_>
        <_>
          <internalNodes>
            0 -1 88 -8.9259922970086336e-04</internalNodes>
          <leafValues>
            3.9202028512954712e-01 -3.1059905886650085e-01</leafValues></_>
        <_>
          <internalNodes>
            0 -1 61 5.5793351493775845e-03</internalNodes>
          <leafValues>
            -2.3588252067565918e-01 5.8191132545471191e-01</leafValues></_></weakClassifiers></_>
    <!-- stage 13 -->
    <_>
      <maxWeakCount>16</maxWeakCount>
      <stageThreshold>-6.3666617870330811e-01</stageThreshold>
      <weakClassifiers>
        <_>
          <internalNodes>
            0 -1 53 1.6895908629521728e-04</internalNodes>
          <leafValues>
            4.8785045742988586e-01 -4.0000000596046448e-01</leafValues></_>
        <_>
          <internalNodes>
            0 -1 37 -9.2755809426307678e-02</internalNodes>
          <leafValues>
            6.4983475208282471e-01 -1.3626654446125031e-01</leafValues></_>
        <_>
          <internalNodes>
            0 -1 76 -5.8777399361133575e-02</internalNodes>
          <leafValues>
            -8.3791887760162354e-01 1.4443111419677734e-01</leafValues></_>
        <_>
          <internalNodes>
            0 -1 150 -1.1686617508530617e-03</internalNodes>
          <leafValues>
            3.5830968618392944e-01 -3.0691379308700562e-01</leafValues></_>
        <_>
          <internalNodes>
            0 -1 104 -7.8872945159673691e-03</internalNodes>
          <leafValues>
            -5.1611107587814331e-01 2.3328603804111481e-01</leafValues></_>
        <_>
          <internalNodes>
            0 -1 47 -2.5414582341909409e-04</internalNodes>
          <leafValues>
            -5.7415342330932617e-01 1.9116201996803284e-01</leafValues></_>
        <_>
          <internalNodes>
            0 -1 31 9.7998622804880142e-03</internalNodes>
          <leafValues>
            -2.6239597797393799e-01 3.7505820393562317e-01</leafValues></_>
        <_>
          <internalNodes>
            0 -1 158 -1.2500113807618618e-03</internalNodes>
          <leafValues>
            2.2810500860214233e-01 -4.5501878857612610e-01</leafValues></_>
        <_>
          <internalNodes>
            0 -1 99 5.4496296797879040e-05</internalNodes>
          <leafValues>
            -2.4310015141963959e-01 4.8468312621116638e-01</leafValues></_>
        <_>
          <internalNodes>
            0 -1 206 -1.9786371558438987e-04</internalNodes>
          <leafValues>
            -7.6770603656768799e-01 1.3709890842437744e-01</leafValues></_>
        <_>
          <internalNodes>
            0 -1 215 -1.3568102149292827e-03</internalNodes>
          <leafValues>
            5.3093570470809937e-01 -2.3468334972858429e-01</leafValues></_>
        <_>
          <internalNodes>
            0 -1 81 1.9998631905764341e-03</internalNodes>
          <leafValues>
            -2.2785311937332153e-01 5.3398919105529785e-01</leafValues></_>
        <_>
          <internalNodes>
            0 -1 144 4.5236863195896149e-02</internalNodes>
          <leafValues>
            -2.3228795826435089e-01 5.0588500499725342e-01</leafValues></_>
        <_>
          <internalNodes>
            0 -1 216 -4.7037182375788689e-03</internalNodes>
          <leafValues>
            5.7348239421844482e-01 -2.3363104462623596e-01</leafValues></_>
        <_>
          <internalNodes>
            0 -1 14 3.5164505243301392e-02</internalNodes>
          <leafValues>
            -2.2674900293350220e-01 4.8321112990379333e-01</leafValues></_>
        <_>
          <internalNodes>
            0 -1 120 -1.4356923929881305e-04</internalNodes>
          <leafValues>
            4.0146797895431519e-01 -3.1419068574905396e-01</leafValues></_></weakClassifiers></_>
    <!-- stage 14 -->
    <_>
      <maxWeakCount>15</maxWeakCount>
      <stageThreshold>-7.2452950477600098e-01</stageThreshold>
      <weakClassifiers>
        <_>
          <internalNodes>
            0 -1 42 -9.5263843832071871e-05</internalNodes>
          <leafValues>
            -3.4426230192184448e-01 5.3081512451171875e-01</leafValues></_>
        <_>
          <internalNodes>
            0 -1 202 -2.0707669318653643e-04</internalNodes>
          <leafValues>
            -5.8320564031600952e-01 2.1292139589786530e-01</leafValues></_>
        <_>
          <internalNodes>
            0 -1 74 7.0517137646675110e-04</internalNodes>
          <leafValues>
            -2.0853014290332794e-01 5.0198709964752197e-01</leafValues></_>
        <_>
          <internalNodes>
            0 -1 151 1.0814486071467400e-02</internalNodes>
          <leafValues>
            -2.3617668449878693e-01 4.6439918875694275e-01</leafValues></_>
        <_>
          <internalNodes>
            0 -1 163 -3.4516933374106884e-04</internalNodes>
          <leafValues>
            4.7665789723396301e-01 -2.3291923105716705e-01</leafValues></_>
        <_>
          <internalNodes>
            0 -1 70 1.0000509209930897e-02</internalNodes>
          <leafValues>
            -3.5034829378128052e-01 3.5071158409118652e-01</leafValues></_>
        <_>
          <internalNodes>
            0 -1 28 3.4318119287490845e-04</internalNodes>
          <leafValues>
            2.4311891198158264e-01 -5.7320559024810791e-01</leafValues></_>
        <_>
          <internalNodes>
            0 -1 92 1.1722258932422847e-04</internalNodes>
          <leafValues>
            -3.3111432194709778e-01 3.2433670759201050e-01</leafValues></_>
        <_>
          <internalNodes>
            0 -1 10 -4.1490364819765091e-03</internalNodes>
          <leafValues>
            6.4035242795944214e-01 -1.5446923673152924e-01</leafValues></_>
        <_>
          <internalNodes>
            0 -1 166 -1.8400984117761254e-04</internalNodes>
          <leafValues>
            -4.4768217206001282e-01 2.8514197468757629e-01</leafValues></_>
        <_>
          <internalNodes>
            0 -1 33 -3.7881233729422092e-03</internalNodes>
          <leafValues>
            5.9566062688827515e-01 -1.8708212673664093e-01</leafValues></_>
        <_>
          <internalNodes>
            0 -1 207 -6.9341112975962460e-05</internalNodes>
          <leafValues>
            -7.0812028646469116e-01 1.8467117846012115e-01</leafValues></_>
        <_>
          <internalNodes>
            0 -1 96 1.1885951971635222e-03</internalNodes>
          <leafValues>
            -2.5563290715217590e-01 4.4030794501304626e-01</leafValues></_>
        <_>
          <internalNodes>
            0 -1 109 2.6248764246702194e-02</internalNodes>
          <leafValues>
            1.9369436800479889e-01 -7.4413794279098511e-01</leafValues></_>
        <_>
          <internalNodes>
            0 -1 198 -1.6834265552461147e-03</internalNodes>
          <leafValues>
            4.5645794272422791e-01 -2.5944826006889343e-01</leafValues></_></weakClassifiers></_>
    <!-- stage 15 -->
    <_>
      <maxWeakCount>15</maxWeakCount>
      <stageThreshold>-4.9061807990074158e-01</stageThreshold>
      <weakClassifiers>
        <_>
          <internalNodes>
            0 -1 35 1.0117672383785248e-01</internalNodes>
          <leafValues>
            4.3338954448699951e-01 -1.</leafValues></_>
        <_>
          <internalNodes>
            0 -1 179 9.0058783825952560e-05</internalNodes>
          <leafValues>
            2.5278165936470032e-01 -4.9429267644882202e-01</leafValues></_>
        <_>
          <internalNodes>
            0 -1 169 1.7481179384049028e-04</internalNodes>
          <leafValues>
            -4.1050046682357788e-01 2.9063478112220764e-01</leafValues></_>
        <_>
          <internalNodes>
            0 -1 59 4.9285858869552612e-02</internalNodes>
          <leafValues>
            -1.4675964415073395e-01 7.7850562334060669e-01</leafValues></_>
        <_>
          <internalNodes>
            0 -1 13 5.8051653206348419e-02</internalNodes>
          <leafValues>
            -2.9255929589271545e-01 4.7103500366210938e-01</leafValues></_>
        <_>
          <internalNodes>
            0 -1 138 4.0181286749430001e-05</internalNodes>
          <leafValues>
            -3.4336984157562256e-01 2.9947167634963989e-01</leafValues></_>
        <_>
          <internalNodes>
            0 -1 132 -1.5462949522770941e-04</internalNodes>
          <leafValues>
            3.7532967329025269e-01 -2.9088437557220459e-01</leafValues></_>
        <_>
          <internalNodes>
            0 -1 117 1.0633631609380245e-03</internalNodes>
          <leafValues>
            -2.9012146592140198e-01 4.9098518490791321e-01</leafValues></_>
        <_>
          <internalNodes>
            0 -1 24 4.7832489013671875e-02</internalNodes>
          <leafValues>
            -2.3977835476398468e-01 5.9152799844741821e-01</leafValues></_>
        <_>
          <internalNodes>
            0 -1 30 7.6005773735232651e-05</internalNodes>
          <leafValues>
            2.4280549585819244e-01 -5.2853679656982422e-01</leafValues></_>
        <_>
          <internalNodes>
            0 -1 9 5.9613594785332680e-03</internalNodes>
          <leafValues>
            -3.1187501549720764e-01 4.3264544010162354e-01</leafValues></_>
        <_>
          <internalNodes>
            0 -1 12 3.7529501132667065e-03</internalNodes>
          <leafValues>
            -1.9174088537693024e-01 5.6788229942321777e-01</leafValues></_>
        <_>
          <internalNodes>
            0 -1 105 -1.5602976782247424e-03</internalNodes>
          <leafValues>
            2.9654645919799805e-01 -4.5173063874244690e-01</leafValues></_>
        <_>
          <internalNodes>
            0 -1 68 2.6123386342078447e-03</internalNodes>
          <leafValues>
            -2.1774193644523621e-01 5.8982878923416138e-01</leafValues></_>
        <_>
          <internalNodes>
            0 -1 89 1.2843473814427853e-03</internalNodes>
          <leafValues>
            -2.4272365868091583e-01 4.4454574584960938e-01</leafValues></_></weakClassifiers></_>
    <!-- stage 16 -->
    <_>
      <maxWeakCount>12</maxWeakCount>
      <stageThreshold>-5.8149045705795288e-01</stageThreshold>
      <weakClassifiers>
        <_>
          <internalNodes>
            0 -1 20 1.3649868196807802e-04</internalNodes>
          <leafValues>
            5.2822577953338623e-01 -2.8682169318199158e-01</leafValues></_>
        <_>
          <internalNodes>
            0 -1 3 1.5160552226006985e-02</internalNodes>
          <leafValues>
            -1.3990747928619385e-01 6.1733502149581909e-01</leafValues></_>
        <_>
          <internalNodes>
            0 -1 124 -1.6669873148202896e-03</internalNodes>
          <leafValues>
            5.9019035100936890e-01 -1.7163585126399994e-01</leafValues></_>
        <_>
          <internalNodes>
            0 -1 183 -8.6800903081893921e-03</internalNodes>
          <leafValues>
            2.9708689451217651e-01 -4.5524159073829651e-01</leafValues></_>
        <_>
          <internalNodes>
            0 -1 97 4.3209753930568695e-02</internalNodes>
          <leafValues>
            8.9269287884235382e-02 -8.5812687873840332e-01</leafValues></_>
        <_>
          <internalNodes>
            0 -1 191 9.7541589639149606e-05</internalNodes>
          <leafValues>
            2.5424018502235413e-01 -4.3400603532791138e-01</leafValues></_>
        <_>
          <internalNodes>
            0 -1 63 -3.3994650584645569e-04</internalNodes>
          <leafValues>
            3.4840559959411621e-01 -2.8081431984901428e-01</leafValues></_>
        <_>
          <internalNodes>
            0 -1 87 -4.7668091952800751e-02</internalNodes>
          <leafValues>
            -9.0213435888290405e-01 1.1114449054002762e-01</leafValues></_>
        <_>
          <internalNodes>
            0 -1 94 -6.1266892589628696e-04</internalNodes>
          <leafValues>
            4.2168694734573364e-01 -2.9461202025413513e-01</leafValues></_>
        <_>
          <internalNodes>
            0 -1 67 -6.6401250660419464e-03</internalNodes>
          <leafValues>
            6.1269885301589966e-01 -1.8774132430553436e-01</leafValues></_>
        <_>
          <internalNodes>
            0 -1 21 -1.0437712073326111e-02</internalNodes>
          <leafValues>
            -8.8959079980850220e-01 1.4978022873401642e-01</leafValues></_>
        <_>
          <internalNodes>
            0 -1 32 1.0376997292041779e-01</internalNodes>
          <leafValues>
            -1.8419785797595978e-01 6.9351971149444580e-01</leafValues></_></weakClassifiers></_>
    <!-- stage 17 -->
    <_>
      <maxWeakCount>16</maxWeakCount>
      <stageThreshold>-7.2717022895812988e-01</stageThreshold>
      <weakClassifiers>
        <_>
          <internalNodes>
            0 -1 40 -1.7226500436663628e-02</internalNodes>
          <leafValues>
            -6.2500000000000000e-01 4.7237077355384827e-01</leafValues></_>
        <_>
          <internalNodes>
            0 -1 50 1.2105195492040366e-04</internalNodes>
          <leafValues>
            2.2538703680038452e-01 -6.0017263889312744e-01</leafValues></_>
        <_>
          <internalNodes>
            0 -1 79 8.0014187842607498e-03</internalNodes>
          <leafValues>
            1.3007426261901855e-01 -7.2561323642730713e-01</leafValues></_>
        <_>
          <internalNodes>
            0 -1 55 -3.0098663643002510e-02</internalNodes>
          <leafValues>
            -7.5257539749145508e-01 1.3393074274063110e-01</leafValues></_>
        <_>
          <internalNodes>
            0 -1 204 -9.8265809356234968e-05</internalNodes>
          <leafValues>
            -6.6039931774139404e-01 1.3884705305099487e-01</leafValues></_>
        <_>
          <internalNodes>
            0 -1 180 1.0979743674397469e-03</internalNodes>
          <leafValues>
            1.2491928786039352e-01 -6.4031070470809937e-01</leafValues></_>
        <_>
          <internalNodes>
            0 -1 73 7.3530107736587524e-02</internalNodes>
          <leafValues>
            -2.1467569470405579e-01 5.3951108455657959e-01</leafValues></_>
        <_>
          <internalNodes>
            0 -1 44 -5.7954017393058166e-05</internalNodes>
          <leafValues>
            -6.5260028839111328e-01 1.7075721919536591e-01</leafValues></_>
        <_>
          <internalNodes>
            0 -1 221 8.3648394793272018e-03</internalNodes>
          <leafValues>
            -1.8792662024497986e-01 5.6755179166793823e-01</leafValues></_>
        <_>
          <internalNodes>
            0 -1 149 -3.7207440473139286e-03</internalNodes>
          <leafValues>
            5.7052063941955566e-01 -2.2450204193592072e-01</leafValues></_>
        <_>
          <internalNodes>
            0 -1 56 -3.2475432381033897e-03</internalNodes>
          <leafValues>
            3.5622692108154297e-01 -3.3130270242691040e-01</leafValues></_>
        <_>
          <internalNodes>
            0 -1 154 1.6794953262433410e-04</internalNodes>
          <leafValues>
            1.2833538651466370e-01 -7.3045140504837036e-01</leafValues></_>
        <_>
          <internalNodes>
            0 -1 127 -1.8829135224223137e-02</internalNodes>
          <leafValues>
            6.4773654937744141e-01 -2.0740827918052673e-01</leafValues></_>
        <_>
          <internalNodes>
            0 -1 199 6.3688638620078564e-03</internalNodes>
          <leafValues>
            1.8494355678558350e-01 -7.6408636569976807e-01</leafValues></_>
        <_>
          <internalNodes>
            0 -1 125 7.9348290455527604e-05</internalNodes>
          <leafValues>
            -3.0913528800010681e-01 4.0172246098518372e-01</leafValues></_>
        <_>
          <internalNodes>
            0 -1 22 1.4383970992639661e-03</internalNodes>
          <leafValues>
            -2.9127994179725647e-01 3.8655459880828857e-01</leafValues></_></weakClassifiers></_>
    <!-- stage 18 -->
    <_>
      <maxWeakCount>15</maxWeakCount>
      <stageThreshold>-5.9629976749420166e-01</stageThreshold>
      <weakClassifiers>
        <_>
          <internalNodes>
            0 -1 101 3.8465537130832672e-02</internalNodes>
          <leafValues>
            4.5296168327331543e-01 -6.8627452850341797e-01</leafValues></_>
        <_>
          <internalNodes>
            0 -1 36 -1.1017342330887914e-04</internalNodes>
          <leafValues>
            -4.5219662785530090e-01 2.9416429996490479e-01</leafValues></_>
        <_>
          <internalNodes>
            0 -1 146 -1.4014481566846371e-03</internalNodes>
          <leafValues>
            6.1886858940124512e-01 -1.8746571242809296e-01</leafValues></_>
        <_>
          <internalNodes>
            0 -1 112 6.2083145603537560e-03</internalNodes>
          <leafValues>
            -2.8021863102912903e-01 4.1945561766624451e-01</leafValues></_>
        <_>
          <internalNodes>
            0 -1 214 -1.6784780018497258e-04</internalNodes>
          <leafValues>
            -6.0753154754638672e-01 1.6359074413776398e-01</leafValues></_>
        <_>
          <internalNodes>
            0 -1 123 -3.0844059074297547e-04</internalNodes>
          <leafValues>
            2.4583896994590759e-01 -3.9438435435295105e-01</leafValues></_>
        <_>
          <internalNodes>
            0 -1 15 1.4067545533180237e-02</internalNodes>
          <leafValues>
            -1.7416840791702271e-01 6.6711831092834473e-01</leafValues></_>
        <_>
          <internalNodes>
            0 -1 175 5.4747415706515312e-03</internalNodes>
          <leafValues>
            -1.7448478937149048e-01 6.0953742265701294e-01</leafValues></_>
        <_>
          <internalNodes>
            0 -1 176 -5.0149803428212181e-05</internalNodes>
          <leafValues>
            -3.9078617095947266e-01 2.7302551269531250e-01</leafValues></_>
        <_>
          <internalNodes>
            0 -1 111 -3.7676858482882380e-05</internalNodes>
          <leafValues>
            3.9361920952796936e-01 -3.0208525061607361e-01</leafValues></_>
        <_>
          <internalNodes>
            0 -1 231 2.3844190873205662e-03</internalNodes>
          <leafValues>
            -1.1585135012865067e-01 9.6896189451217651e-01</leafValues></_>
        <_>
          <internalNodes>
            0 -1 114 -1.4296749141067266e-03</internalNodes>
          <leafValues>
            6.1204499006271362e-01 -1.5055526793003082e-01</leafValues></_>
        <_>
          <internalNodes>
            0 -1 159 3.0621779151260853e-03</internalNodes>
          <leafValues>
            1.6490729153156281e-01 -7.5515800714492798e-01</leafValues></_>
        <_>
          <internalNodes>
            0 -1 115 -4.7454959712922573e-04</internalNodes>
          <leafValues>
            3.9543861150741577e-01 -2.7540412545204163e-01</leafValues></_>
        <_>
          <internalNodes>
            0 -1 60 -4.6786510210949928e-05</internalNodes>
          <leafValues>
            -5.6244748830795288e-01 2.1409431099891663e-01</leafValues></_></weakClassifiers></_>
    <!-- stage 19 -->
    <_>
      <maxWeakCount>14</maxWeakCount>
      <stageThreshold>-5.2488219738006592e-01</stageThreshold>
      <weakClassifiers>
        <_>
          <internalNodes>
            0 -1 41 4.8546411097049713e-02</internalNodes>
          <leafValues>
            4.5840707421302795e-01 -5.6666666269302368e-01</leafValues></_>
        <_>
          <internalNodes>
            0 -1 83 4.8293843865394592e-02</internalNodes>
          <leafValues>
            -1.3918304443359375e-01 6.8241584300994873e-01</leafValues></_>
        <_>
          <internalNodes>
            0 -1 100 2.3107230663299561e-04</internalNodes>
          <leafValues>
            -3.2133418321609497e-01 3.0298867821693420e-01</leafValues></_>
        <_>
          <internalNodes>
            0 -1 147 -3.3801400568336248e-03</internalNodes>
          <leafValues>
            3.9576470851898193e-01 -2.9936230182647705e-01</leafValues></_>
        <_>
          <internalNodes>
            0 -1 217 1.7051087343133986e-04</internalNodes>
          <leafValues>
            3.5274833440780640e-01 -3.3316880464553833e-01</leafValues></_>
        <_>
          <internalNodes>
            0 -1 107 -4.4484920799732208e-03</internalNodes>
          <leafValues>
            -7.7073049545288086e-01 1.3330163061618805e-01</leafValues></_>
        <_>
          <internalNodes>
            0 -1 62 -8.7662264704704285e-03</internalNodes>
          <leafValues>
            -5.9399813413619995e-01 1.8494416773319244e-01</leafValues></_>
        <_>
          <internalNodes>
            0 -1 177 -5.8143213391304016e-03</internalNodes>
          <leafValues>
            -7.7925282716751099e-01 1.2962092459201813e-01</leafValues></_>
        <_>
          <internalNodes>
            0 -1 4 -2.4948671460151672e-02</internalNodes>
          <leafValues>
            7.4578779935836792e-01 -1.6581988334655762e-01</leafValues></_>
        <_>
          <internalNodes>
            0 -1 200 -1.1129925027489662e-02</internalNodes>
          <leafValues>
            7.9169017076492310e-01 -1.4633055031299591e-01</leafValues></_>
        <_>
          <internalNodes>
            0 -1 174 1.5299789083655924e-04</internalNodes>
          <leafValues>
            2.4370783567428589e-01 -4.8551023006439209e-01</leafValues></_>
        <_>
          <internalNodes>
            0 -1 210 2.5979920756071806e-03</internalNodes>
          <leafValues>
            -1.8642681837081909e-01 5.4937219619750977e-01</leafValues></_>
        <_>
          <internalNodes>
            0 -1 2 8.4672003984451294e-02</internalNodes>
          <leafValues>
            -1.7035640776157379e-01 6.3862860202789307e-01</leafValues></_>
        <_>
          <internalNodes>
            0 -1 72 -4.7889817506074905e-03</internalNodes>
          <leafValues>
            4.4521242380142212e-01 -2.7110102772712708e-01</leafValues></_></weakClassifiers></_></stages>
  <features>
    <_>
      <rects>
        <_>
          0 0 6 32 -1.</_>
        <_>
          3 0 3 32 2.</_></rects>
      <tilted>0</tilted></_>
    <_>
      <rects>
        <_>
          0 0 27 10 -1.</_>
        <_>
          0 5 27 5 2.</_></rects>
      <tilted>0</tilted></_>
    <_>
      <rects>
        <_>
          0 2 27 10 -1.</_>
        <_>
          9 2 9 10 3.</_></rects>
      <tilted>0</tilted></_>
    <_>
      <rects>
        <_>
          0 4 8 6 -1.</_>
        <_>
          4 4 4 6 2.</_></rects>
      <tilted>0</tilted></_>
    <_>
      <rects>
        <_>
          0 5 6 18 -1.</_>
        <_>
          0 5 3 9 2.</_>
        <_>
          3 14 3 9 2.</_></rects>
      <tilted>0</tilted></_>
    <_>
      <rects>
        <_>
          0 6 10 3 -1.</_>
        <_>
          5 6 5 3 2.</_></rects>
      <tilted>0</tilted></_>
    <_>
      <rects>
        <_>
          0 8 2 18 -1.</_>
        <_>
          1 8 1 18 2.</_></rects>
      <tilted>0</tilted></_>
    <_>
      <rects>
        <_>
          0 8 6 10 -1.</_>
        <_>
          0 8 3 5 2.</_>
        <_>
          3 13 3 5 2.</_></rects>
      <tilted>0</tilted></_>
    <_>
      <rects>
        <_>
          0 8 6 19 -1.</_>
        <_>
          3 8 3 19 2.</_></rects>
      <tilted>0</tilted></_>
    <_>
      <rects>
        <_>
          0 10 12 4 -1.</_>
        <_>
          4 10 4 4 3.</_></rects>
      <tilted>0</tilted></_>
    <_>
      <rects>
        <_>
          0 12 4 8 -1.</_>
        <_>
          0 12 2 4 2.</_>
        <_>
          2 16 2 4 2.</_></rects>
      <tilted>0</tilted></_>
    <_>
      <rects>
        <_>
          0 12 24 2 -1.</_>
        <_>
          12 12 12 2 2.</_></rects>
      <tilted>0</tilted></_>
    <_>
      <rects>
        <_>
          0 14 4 10 -1.</_>
        <_>
          0 14 2 5 2.</_>
        <_>
          2 19 2 5 2.</_></rects>
      <tilted>0</tilted></_>
    <_>
      <rects>
        <_>
          1 0 26 10 -1.</_>
        <_>
          1 5 26 5 2.</_></rects>
      <tilted>0</tilted></_>
    <_>
      <rects>
        <_>
          1 0 27 8 -1.</_>
        <_>
          1 4 27 4 2.</_></rects>
      <tilted>0</tilted></_>
    <_>
      <rects>
        <_>
          1 4 1 21 -1.</_>
        <_>
          1 11 1 7 3.</_></rects>
      <tilted>0</tilted></_>
    <_>
      <rects>
        <_>
          1 11 10 22 -1.</_>
        <_>
          1 11 5 11 2.</_>
        <_>
          6 22 5 11 2.</_></rects>
      <tilted>0</tilted></_>
    <_>
      <rects>
        <_>
          1 13 4 10 -1.</_>
        <_>
          3 13 2 10 2.</_></rects>
      <tilted>0</tilted></_>
    <_>
      <rects>
        <_>
          2 0 2 4 -1.</_>
        <_>
          2 0 1 2 2.</_>
        <_>
          3 2 1 2 2.</_></rects>
      <tilted>0</tilted></_>
    <_>
      <rects>
        <_>
          2 1 24 6 -1.</_>
        <_>
          2 4 24 3 2.</_></rects>
      <tilted>0</tilted></_>
    <_>
      <rects>
        <_>
          2 9 2 1 -1.</_>
        <_>
          3 9 1 1 2.</_></rects>
      <tilted>0</tilted></_>
    <_>
      <rects>
        <_>
          2 12 24 1 -1.</_>
        <_>
          14 12 12 1 2.</_></rects>
      <tilted>0</tilted></_>
    <_>
      <rects>
        <_>
          2 13 4 14 -1.</_>
        <_>
          2 13 2 7 2.</_>
        <_>
          4 20 2 7 2.</_></rects>
      <tilted>0</tilted></_>
    <_>
      <rects>
        <_>
          2 14 3 11 -1.</_>
        <_>
          3 14 1 11 3.</_></rects>
      <tilted>0</tilted></_>
    <_>
      <rects>
        <_>
          2 15 14 19 -1.</_>
        <_>
          9 15 7 19 2.</_></rects>
      <tilted>0</tilted></_>
    <_>
      <rects>
        <_>
          2 16 2 16 -1.</_>
        <_>
          2 24 2 8 2.</_></rects>
      <tilted>0</tilted></_>
    <_>
      <rects>
        <_>
          2 17 3 5 -1.</_>
        <_>
          3 17 1 5 3.</_></rects>
      <tilted>0</tilted></_>
    <_>
      <rects>
        <_>
          3 0 6 21 -1.</_>
        <_>
          3 7 6 7 3.</_></rects>
      <tilted>0</tilted></_>
    <_>
      <rects>
        <_>
          3 3 2 2 -1.</_>
        <_>
          3 4 2 1 2.</_></rects>
      <tilted>0</tilted></_>
    <_>
      <rects>
        <_>
          3 4 22 14 -1.</_>
        <_>
          14 4 11 14 2.</_></rects>
      <tilted>0</tilted></_>
    <_>
      <rects>
        <_>
          3 12 2 1 -1.</_>
        <_>
          4 12 1 1 2.</_></rects>
      <tilted>0</tilted></_>
    <_>
      <rects>
        <_>
          3 13 5 18 -1.</_>
        <_>
          3 19 5 6 3.</_></rects>
      <tilted>0</tilted></_>
    <_>
      <rects>
        <_>
          3 13 16 21 -1.</_>
        <_>
          3 20 16 7 3.</_></rects>
      <tilted>0</tilted></_>
    <_>
      <rects>
        <_>
          3 18 4 8 -1.</_>
        <_>
          5 18 2 8 2.</_></rects>
      <tilted>0</tilted></_>
    <_>
      <rects>
        <_>
          4 3 21 17 -1.</_>
        <_>
          11 3 7 17 3.</_></rects>
      <tilted>0</tilted></_>
    <_>
      <rects>
        <_>
          4 5 18 12 -1.</_>
        <_>
          13 5 9 12 2.</_></rects>
      <tilted>0</tilted></_>
    <_>
      <rects>
        <_>
          4 6 4 2 -1.</_>
        <_>
          4 7 4 1 2.</_></rects>
      <tilted>0</tilted></_>
    <_>
      <rects>
        <_>
          4 6 16 18 -1.</_>
        <_>
          4 15 16 9 2.</_></rects>
      <tilted>0</tilted></_>
    <_>
      <rects>
        <_>
          4 7 20 7 -1.</_>
        <_>
          14 7 10 7 2.</_></rects>
      <tilted>0</tilted></_>
    <_>
      <rects>
        <_>
          4 8 2 3 -1.</_>
        <_>
          5 8 1 3 2.</_></rects>
      <tilted>0</tilted></_>
    <_>
      <rects>
        <_>
          4 14 20 6 -1.</_>
        <_>
          4 16 20 2 3.</_></rects>
      <tilted>0</tilted></_>
    <_>
      <rects>
        <_>
          5 7 24 6 -1.</_>
        <_>
          17 7 12 6 2.</_></rects>
      <tilted>0</tilted></_>
    <_>
      <rects>
        <_>
          5 8 2 2 -1.</_>
        <_>
          5 9 2 1 2.</_></rects>
      <tilted>0</tilted></_>
    <_>
      <rects>
        <_>
          5 10 1 3 -1.</_>
        <_>
          5 11 1 1 3.</_></rects>
      <tilted>0</tilted></_>
    <_>
      <rects>
        <_>
          5 12 1 2 -1.</_>
        <_>
          5 13 1 1 2.</_></rects>
      <tilted>0</tilted></_>
    <_>
      <rects>
        <_>
          6 0 16 6 -1.</_>
        <_>
          6 0 8 3 2.</_>
        <_>
          14 3 8 3 2.</_></rects>
      <tilted>0</tilted></_>
    <_>
      <rects>
        <_>
          6 6 2 1 -1.</_>
        <_>
          7 6 1 1 2.</_></rects>
      <tilted>0</tilted></_>
    <_>
      <rects>
        <_>
          6 6 2 3 -1.</_>
        <_>
          7 6 1 3 2.</_></rects>
      <tilted>0</tilted></_>
    <_>
      <rects>
        <_>
          6 8 3 3 -1.</_>
        <_>
          6 9 3 1 3.</_></rects>
      <tilted>0</tilted></_>
    <_>
      <rects>
        <_>
          6 8 11 12 -1.</_>
        <_>
          6 14 11 6 2.</_></rects>
      <tilted>0</tilted></_>
    <_>
      <rects>
        <_>
          6 9 2 1 -1.</_>
        <_>
          7 9 1 1 2.</_></rects>
      <tilted>0</tilted></_>
    <_>
      <rects>
        <_>
          6 10 1 2 -1.</_>
        <_>
          6 11 1 1 2.</_></rects>
      <tilted>0</tilted></_>
    <_>
      <rects>
        <_>
          6 10 18 1 -1.</_>
        <_>
          12 10 6 1 3.</_></rects>
      <tilted>0</tilted></_>
    <_>
      <rects>
        <_>
          6 11 1 2 -1.</_>
        <_>
          6 12 1 1 2.</_></rects>
      <tilted>0</tilted></_>
    <_>
      <rects>
        <_>
          6 14 6 3 -1.</_>
        <_>
          6 15 6 1 3.</_></rects>
      <tilted>0</tilted></_>
    <_>
      <rects>
        <_>
          6 15 9 17 -1.</_>
        <_>
          9 15 3 17 3.</_></rects>
      <tilted>0</tilted></_>
    <_>
      <rects>
        <_>
          6 17 12 3 -1.</_>
        <_>
          10 17 4 3 3.</_></rects>
      <tilted>0</tilted></_>
    <_>
      <rects>
        <_>
          6 19 8 7 -1.</_>
        <_>
          10 19 4 7 2.</_></rects>
      <tilted>0</tilted></_>
    <_>
      <rects>
        <_>
          6 21 9 6 -1.</_>
        <_>
          6 23 9 2 3.</_></rects>
      <tilted>0</tilted></_>
    <_>
      <rects>
        <_>
          7 6 6 20 -1.</_>
        <_>
          7 16 6 10 2.</_></rects>
      <tilted>0</tilted></_>
    <_>
      <rects>
        <_>
          7 11 2 1 -1.</_>
        <_>
          8 11 1 1 2.</_></rects>
      <tilted>0</tilted></_>
    <_>
      <rects>
        <_>
          7 11 9 10 -1.</_>
        <_>
          7 16 9 5 2.</_></rects>
      <tilted>0</tilted></_>
    <_>
      <rects>
        <_>
          7 14 9 6 -1.</_>
        <_>
          10 14 3 6 3.</_></rects>
      <tilted>0</tilted></_>
    <_>
      <rects>
        <_>
          7 18 4 4 -1.</_>
        <_>
          7 20 4 2 2.</_></rects>
      <tilted>0</tilted></_>
    <_>
      <rects>
        <_>
          7 18 12 4 -1.</_>
        <_>
          11 18 4 4 3.</_></rects>
      <tilted>0</tilted></_>
    <_>
      <rects>
        <_>
          7 20 2 2 -1.</_>
        <_>
          7 20 1 1 2.</_>
        <_>
          8 21 1 1 2.</_></rects>
      <tilted>0</tilted></_>
    <_>
      <rects>
        <_>
          7 21 3 3 -1.</_>
        <_>
          7 22 3 1 3.</_></rects>
      <tilted>0</tilted></_>
    <_>
      <rects>
        <_>
          7 23 8 6 -1.</_>
        <_>
          7 25 8 2 3.</_></rects>
      <tilted>0</tilted></_>
    <_>
      <rects>
        <_>
          7 25 7 6 -1.</_>
        <_>
          7 27 7 2 3.</_></rects>
      <tilted>0</tilted></_>
    <_>
      <rects>
        <_>
          8 0 14 6 -1.</_>
        <_>
          8 0 7 3 2.</_>
        <_>
          15 3 7 3 2.</_></rects>
      <tilted>0</tilted></_>
    <_>
      <rects>
        <_>
          8 0 14 15 -1.</_>
        <_>
          8 5 14 5 3.</_></rects>
      <tilted>0</tilted></_>
    <_>
      <rects>
        <_>
          8 0 20 2 -1.</_>
        <_>
          8 1 20 1 2.</_></rects>
      <tilted>0</tilted></_>
    <_>
      <rects>
        <_>
          8 1 13 9 -1.</_>
        <_>
          8 4 13 3 3.</_></rects>
      <tilted>0</tilted></_>
    <_>
      <rects>
        <_>
          8 2 20 22 -1.</_>
        <_>
          8 2 10 11 2.</_>
        <_>
          18 13 10 11 2.</_></rects>
      <tilted>0</tilted></_>
    <_>
      <rects>
        <_>
          8 6 2 14 -1.</_>
        <_>
          8 6 1 7 2.</_>
        <_>
          9 13 1 7 2.</_></rects>
      <tilted>0</tilted></_>
    <_>
      <rects>
        <_>
          8 8 2 2 -1.</_>
        <_>
          8 9 2 1 2.</_></rects>
      <tilted>0</tilted></_>
    <_>
      <rects>
        <_>
          8 9 20 15 -1.</_>
        <_>
          8 14 20 5 3.</_></rects>
      <tilted>0</tilted></_>
    <_>
      <rects>
        <_>
          8 18 18 8 -1.</_>
        <_>
          14 18 6 8 3.</_></rects>
      <tilted>0</tilted></_>
    <_>
      <rects>
        <_>
          8 19 2 3 -1.</_>
        <_>
          8 20 2 1 3.</_></rects>
      <tilted>0</tilted></_>
    <_>
      <rects>
        <_>
          8 21 6 9 -1.</_>
        <_>
          10 21 2 9 3.</_></rects>
      <tilted>0</tilted></_>
    <_>
      <rects>
        <_>
          8 21 12 6 -1.</_>
        <_>
          8 21 6 3 2.</_>
        <_>
          14 24 6 3 2.</_></rects>
      <tilted>0</tilted></_>
    <_>
      <rects>
        <_>
          8 28 8 6 -1.</_>
        <_>
          8 30 8 2 3.</_></rects>
      <tilted>0</tilted></_>
    <_>
      <rects>
        <_>
          9 7 1 2 -1.</_>
        <_>
          9 8 1 1 2.</_></rects>
      <tilted>0</tilted></_>
    <_>
      <rects>
        <_>
          9 9 14 12 -1.</_>
        <_>
          16 9 7 12 2.</_></rects>
      <tilted>0</tilted></_>
    <_>
      <rects>
        <_>
          9 10 1 2 -1.</_>
        <_>
          9 11 1 1 2.</_></rects>
      <tilted>0</tilted></_>
    <_>
      <rects>
        <_>
          9 11 1 2 -1.</_>
        <_>
          9 12 1 1 2.</_></rects>
      <tilted>0</tilted></_>
    <_>
      <rects>
        <_>
          9 12 1 8 -1.</_>
        <_>
          9 16 1 4 2.</_></rects>
      <tilted>0</tilted></_>
    <_>
      <rects>
        <_>
          9 12 7 15 -1.</_>
        <_>
          9 17 7 5 3.</_></rects>
      <tilted>0</tilted></_>
    <_>
      <rects>
        <_>
          9 13 2 6 -1.</_>
        <_>
          9 16 2 3 2.</_></rects>
      <tilted>0</tilted></_>
    <_>
      <rects>
        <_>
          9 14 9 2 -1.</_>
        <_>
          12 14 3 2 3.</_></rects>
      <tilted>0</tilted></_>
    <_>
      <rects>
        <_>
          9 14 7 9 -1.</_>
        <_>
          9 17 7 3 3.</_></rects>
      <tilted>0</tilted></_>
    <_>
      <rects>
        <_>
          9 16 12 4 -1.</_>
        <_>
          13 16 4 4 3.</_></rects>
      <tilted>0</tilted></_>
    <_>
      <rects>
        <_>
          10 5 16 2 -1.</_>
        <_>
          10 5 8 1 2.</_>
        <_>
          18 6 8 1 2.</_></rects>
      <tilted>0</tilted></_>
    <_>
      <rects>
        <_>
          10 9 1 2 -1.</_>
        <_>
          10 10 1 1 2.</_></rects>
      <tilted>0</tilted></_>
    <_>
      <rects>
        <_>
          10 11 1 6 -1.</_>
        <_>
          10 14 1 3 2.</_></rects>
      <tilted>0</tilted></_>
    <_>
      <rects>
        <_>
          10 12 4 6 -1.</_>
        <_>
          10 12 2 3 2.</_>
        <_>
          12 15 2 3 2.</_></rects>
      <tilted>0</tilted></_>
    <_>
      <rects>
        <_>
          10 14 6 2 -1.</_>
        <_>
          12 14 2 2 3.</_></rects>
      <tilted>0</tilted></_>
    <_>
      <rects>
        <_>
          10 15 12 15 -1.</_>
        <_>
          14 15 4 15 3.</_></rects>
      <tilted>0</tilted></_>
    <_>
      <rects>
        <_>
          10 15 12 4 -1.</_>
        <_>
          10 15 6 2 2.</_>
        <_>
          16 17 6 2 2.</_></rects>
      <tilted>0</tilted></_>
    <_>
      <rects>
        <_>
          10 20 2 1 -1.</_>
        <_>
          11 20 1 1 2.</_></rects>
      <tilted>0</tilted></_>
    <_>
      <rects>
        <_>
          10 20 6 2 -1.</_>
        <_>
          10 20 3 1 2.</_>
        <_>
          13 21 3 1 2.</_></rects>
      <tilted>0</tilted></_>
    <_>
      <rects>
        <_>
          11 9 12 18 -1.</_>
        <_>
          11 9 6 9 2.</_>
        <_>
          17 18 6 9 2.</_></rects>
      <tilted>0</tilted></_>
    <_>
      <rects>
        <_>
          11 10 2 6 -1.</_>
        <_>
          11 12 2 2 3.</_></rects>
      <tilted>0</tilted></_>
    <_>
      <rects>
        <_>
          11 11 3 5 -1.</_>
        <_>
          12 11 1 5 3.</_></rects>
      <tilted>0</tilted></_>
    <_>
      <rects>
        <_>
          11 11 6 19 -1.</_>
        <_>
          14 11 3 19 2.</_></rects>
      <tilted>0</tilted></_>
    <_>
      <rects>
        <_>
          11 13 6 12 -1.</_>
        <_>
          11 17 6 4 3.</_></rects>
      <tilted>0</tilted></_>
    <_>
      <rects>
        <_>
          11 14 2 4 -1.</_>
        <_>
          11 14 1 2 2.</_>
        <_>
          12 16 1 2 2.</_></rects>
      <tilted>0</tilted></_>
    <_>
      <rects>
        <_>
          11 15 6 4 -1.</_>
        <_>
          14 15 3 4 2.</_></rects>
      <tilted>0</tilted></_>
    <_>
      <rects>
        <_>
          11 15 4 4 -1.</_>
        <_>
          11 17 4 2 2.</_></rects>
      <tilted>0</tilted></_>
    <_>
      <rects>
        <_>
          11 15 6 18 -1.</_>
        <_>
          11 24 6 9 2.</_></rects>
      <tilted>0</tilted></_>
    <_>
      <rects>
        <_>
          11 17 2 4 -1.</_>
        <_>
          11 19 2 2 2.</_></rects>
      <tilted>0</tilted></_>
    <_>
      <rects>
        <_>
          11 20 2 6 -1.</_>
        <_>
          11 20 1 3 2.</_>
        <_>
          12 23 1 3 2.</_></rects>
      <tilted>0</tilted></_>
    <_>
      <rects>
        <_>
          11 21 12 2 -1.</_>
        <_>
          15 21 4 2 3.</_></rects>
      <tilted>0</tilted></_>
    <_>
      <rects>
        <_>
          12 7 7 21 -1.</_>
        <_>
          12 14 7 7 3.</_></rects>
      <tilted>0</tilted></_>
    <_>
      <rects>
        <_>
          12 12 3 3 -1.</_>
        <_>
          13 12 1 3 3.</_></rects>
      <tilted>0</tilted></_>
    <_>
      <rects>
        <_>
          12 12 2 6 -1.</_>
        <_>
          12 12 1 3 2.</_>
        <_>
          13 15 1 3 2.</_></rects>
      <tilted>0</tilted></_>
    <_>
      <rects>
        <_>
          12 12 3 6 -1.</_>
        <_>
          13 12 1 6 3.</_></rects>
      <tilted>0</tilted></_>
    <_>
      <rects>
        <_>
          12 12 6 1 -1.</_>
        <_>
          15 12 3 1 2.</_></rects>
      <tilted>0</tilted></_>
    <_>
      <rects>
        <_>
          12 12 3 14 -1.</_>
        <_>
          12 19 3 7 2.</_></rects>
      <tilted>0</tilted></_>
    <_>
      <rects>
        <_>
          12 13 3 2 -1.</_>
        <_>
          13 13 1 2 3.</_></rects>
      <tilted>0</tilted></_>
    <_>
      <rects>
        <_>
          12 13 2 4 -1.</_>
        <_>
          12 13 1 2 2.</_>
        <_>
          13 15 1 2 2.</_></rects>
      <tilted>0</tilted></_>
    <_>
      <rects>
        <_>
          12 13 3 5 -1.</_>
        <_>
          13 13 1 5 3.</_></rects>
      <tilted>0</tilted></_>
    <_>
      <rects>
        <_>
          12 13 4 16 -1.</_>
        <_>
          12 21 4 8 2.</_></rects>
      <tilted>0</tilted></_>
    <_>
      <rects>
        <_>
          12 15 2 4 -1.</_>
        <_>
          12 17 2 2 2.</_></rects>
      <tilted>0</tilted></_>
    <_>
      <rects>
        <_>
          12 16 8 1 -1.</_>
        <_>
          16 16 4 1 2.</_></rects>
      <tilted>0</tilted></_>
    <_>
      <rects>
        <_>
          12 18 3 3 -1.</_>
        <_>
          13 18 1 3 3.</_></rects>
      <tilted>0</tilted></_>
    <_>
      <rects>
        <_>
          12 20 12 2 -1.</_>
        <_>
          16 20 4 2 3.</_></rects>
      <tilted>0</tilted></_>
    <_>
      <rects>
        <_>
          13 5 15 11 -1.</_>
        <_>
          18 5 5 11 3.</_></rects>
      <tilted>0</tilted></_>
    <_>
      <rects>
        <_>
          13 9 2 6 -1.</_>
        <_>
          13 9 1 3 2.</_>
        <_>
          14 12 1 3 2.</_></rects>
      <tilted>0</tilted></_>
    <_>
      <rects>
        <_>
          13 11 1 16 -1.</_>
        <_>
          13 19 1 8 2.</_></rects>
      <tilted>0</tilted></_>
    <_>
      <rects>
        <_>
          13 12 2 4 -1.</_>
        <_>
          14 12 1 4 2.</_></rects>
      <tilted>0</tilted></_>
    <_>
      <rects>
        <_>
          13 13 3 1 -1.</_>
        <_>
          14 13 1 1 3.</_></rects>
      <tilted>0</tilted></_>
    <_>
      <rects>
        <_>
          13 13 2 2 -1.</_>
        <_>
          14 13 1 2 2.</_></rects>
      <tilted>0</tilted></_>
    <_>
      <rects>
        <_>
          13 14 2 4 -1.</_>
        <_>
          13 14 1 2 2.</_>
        <_>
          14 16 1 2 2.</_></rects>
      <tilted>0</tilted></_>
    <_>
      <rects>
        <_>
          13 14 4 4 -1.</_>
        <_>
          13 14 2 2 2.</_>
        <_>
          15 16 2 2 2.</_></rects>
      <tilted>0</tilted></_>
    <_>
      <rects>
        <_>
          13 14 6 19 -1.</_>
        <_>
          15 14 2 19 3.</_></rects>
      <tilted>0</tilted></_>
    <_>
      <rects>
        <_>
          13 14 6 1 -1.</_>
        <_>
          16 14 3 1 2.</_></rects>
      <tilted>0</tilted></_>
    <_>
      <rects>
        <_>
          13 15 2 12 -1.</_>
        <_>
          13 21 2 6 2.</_></rects>
      <tilted>0</tilted></_>
    <_>
      <rects>
        <_>
          13 16 2 3 -1.</_>
        <_>
          14 16 1 3 2.</_></rects>
      <tilted>0</tilted></_>
    <_>
      <rects>
        <_>
          13 17 6 12 -1.</_>
        <_>
          13 17 3 6 2.</_>
        <_>
          16 23 3 6 2.</_></rects>
      <tilted>0</tilted></_>
    <_>
      <rects>
        <_>
          13 17 8 8 -1.</_>
        <_>
          13 17 4 4 2.</_>
        <_>
          17 21 4 4 2.</_></rects>
      <tilted>0</tilted></_>
    <_>
      <rects>
        <_>
          13 17 10 8 -1.</_>
        <_>
          13 17 5 4 2.</_>
        <_>
          18 21 5 4 2.</_></rects>
      <tilted>0</tilted></_>
    <_>
      <rects>
        <_>
          13 19 8 1 -1.</_>
        <_>
          17 19 4 1 2.</_></rects>
      <tilted>0</tilted></_>
    <_>
      <rects>
        <_>
          13 19 12 1 -1.</_>
        <_>
          17 19 4 1 3.</_></rects>
      <tilted>0</tilted></_>
    <_>
      <rects>
        <_>
          14 5 15 26 -1.</_>
        <_>
          19 5 5 26 3.</_></rects>
      <tilted>0</tilted></_>
    <_>
      <rects>
        <_>
          14 11 2 6 -1.</_>
        <_>
          14 11 1 3 2.</_>
        <_>
          15 14 1 3 2.</_></rects>
      <tilted>0</tilted></_>
    <_>
      <rects>
        <_>
          14 13 2 8 -1.</_>
        <_>
          14 13 1 4 2.</_>
        <_>
          15 17 1 4 2.</_></rects>
      <tilted>0</tilted></_>
    <_>
      <rects>
        <_>
          14 13 9 7 -1.</_>
        <_>
          17 13 3 7 3.</_></rects>
      <tilted>0</tilted></_>
    <_>
      <rects>
        <_>
          14 14 4 4 -1.</_>
        <_>
          16 14 2 4 2.</_></rects>
      <tilted>0</tilted></_>
    <_>
      <rects>
        <_>
          14 14 4 5 -1.</_>
        <_>
          16 14 2 5 2.</_></rects>
      <tilted>0</tilted></_>
    <_>
      <rects>
        <_>
          14 15 6 4 -1.</_>
        <_>
          16 15 2 4 3.</_></rects>
      <tilted>0</tilted></_>
    <_>
      <rects>
        <_>
          14 15 9 4 -1.</_>
        <_>
          17 15 3 4 3.</_></rects>
      <tilted>0</tilted></_>
    <_>
      <rects>
        <_>
          14 16 3 6 -1.</_>
        <_>
          15 16 1 6 3.</_></rects>
      <tilted>0</tilted></_>
    <_>
      <rects>
        <_>
          14 16 4 2 -1.</_>
        <_>
          16 16 2 2 2.</_></rects>
      <tilted>0</tilted></_>
    <_>
      <rects>
        <_>
          14 17 1 2 -1.</_>
        <_>
          14 18 1 1 2.</_></rects>
      <tilted>0</tilted></_>
    <_>
      <rects>
        <_>
          14 18 3 2 -1.</_>
        <_>
          15 18 1 2 3.</_></rects>
      <tilted>0</tilted></_>
    <_>
      <rects>
        <_>
          14 19 3 1 -1.</_>
        <_>
          15 19 1 1 3.</_></rects>
      <tilted>0</tilted></_>
    <_>
      <rects>
        <_>
          14 19 6 6 -1.</_>
        <_>
          14 19 3 3 2.</_>
        <_>
          17 22 3 3 2.</_></rects>
      <tilted>0</tilted></_>
    <_>
      <rects>
        <_>
          14 19 6 8 -1.</_>
        <_>
          14 19 3 4 2.</_>
        <_>
          17 23 3 4 2.</_></rects>
      <tilted>0</tilted></_>
    <_>
      <rects>
        <_>
          14 23 3 7 -1.</_>
        <_>
          15 23 1 7 3.</_></rects>
      <tilted>0</tilted></_>
    <_>
      <rects>
        <_>
          15 7 4 27 -1.</_>
        <_>
          17 7 2 27 2.</_></rects>
      <tilted>0</tilted></_>
    <_>
      <rects>
        <_>
          15 13 4 6 -1.</_>
        <_>
          17 13 2 6 2.</_></rects>
      <tilted>0</tilted></_>
    <_>
      <rects>
        <_>
          15 14 6 20 -1.</_>
        <_>
          15 24 6 10 2.</_></rects>
      <tilted>0</tilted></_>
    <_>
      <rects>
        <_>
          15 16 4 1 -1.</_>
        <_>
          17 16 2 1 2.</_></rects>
      <tilted>0</tilted></_>
    <_>
      <rects>
        <_>
          15 17 3 1 -1.</_>
        <_>
          16 17 1 1 3.</_></rects>
      <tilted>0</tilted></_>
    <_>
      <rects>
        <_>
          15 17 2 4 -1.</_>
        <_>
          15 17 1 2 2.</_>
        <_>
          16 19 1 2 2.</_></rects>
      <tilted>0</tilted></_>
    <_>
      <rects>
        <_>
          16 9 3 6 -1.</_>
        <_>
          17 9 1 6 3.</_></rects>
      <tilted>0</tilted></_>
    <_>
      <rects>
        <_>
          16 10 2 12 -1.</_>
        <_>
          16 10 1 6 2.</_>
        <_>
          17 16 1 6 2.</_></rects>
      <tilted>0</tilted></_>
    <_>
      <rects>
        <_>
          16 13 5 20 -1.</_>
        <_>
          16 23 5 10 2.</_></rects>
      <tilted>0</tilted></_>
    <_>
      <rects>
        <_>
          16 15 4 7 -1.</_>
        <_>
          18 15 2 7 2.</_></rects>
      <tilted>0</tilted></_>
    <_>
      <rects>
        <_>
          16 19 2 6 -1.</_>
        <_>
          16 21 2 2 3.</_></rects>
      <tilted>0</tilted></_>
    <_>
      <rects>
        <_>
          16 21 3 12 -1.</_>
        <_>
          16 27 3 6 2.</_></rects>
      <tilted>0</tilted></_>
    <_>
      <rects>
        <_>
          16 21 8 8 -1.</_>
        <_>
          16 21 4 4 2.</_>
        <_>
          20 25 4 4 2.</_></rects>
      <tilted>0</tilted></_>
    <_>
      <rects>
        <_>
          17 2 12 13 -1.</_>
        <_>
          21 2 4 13 3.</_></rects>
      <tilted>0</tilted></_>
    <_>
      <rects>
        <_>
          17 3 3 2 -1.</_>
        <_>
          18 3 1 2 3.</_></rects>
      <tilted>0</tilted></_>
    <_>
      <rects>
        <_>
          17 3 12 7 -1.</_>
        <_>
          23 3 6 7 2.</_></rects>
      <tilted>0</tilted></_>
    <_>
      <rects>
        <_>
          17 9 2 6 -1.</_>
        <_>
          17 11 2 2 3.</_></rects>
      <tilted>0</tilted></_>
    <_>
      <rects>
        <_>
          17 14 6 12 -1.</_>
        <_>
          19 14 2 12 3.</_></rects>
      <tilted>0</tilted></_>
    <_>
      <rects>
        <_>
          17 16 3 16 -1.</_>
        <_>
          17 24 3 8 2.</_></rects>
      <tilted>0</tilted></_>
    <_>
      <rects>
        <_>
          17 17 2 1 -1.</_>
        <_>
          18 17 1 1 2.</_></rects>
      <tilted>0</tilted></_>
    <_>
      <rects>
        <_>
          17 21 2 6 -1.</_>
        <_>
          18 21 1 6 2.</_></rects>
      <tilted>0</tilted></_>
    <_>
      <rects>
        <_>
          18 3 10 14 -1.</_>
        <_>
          18 3 5 7 2.</_>
        <_>
          23 10 5 7 2.</_></rects>
      <tilted>0</tilted></_>
    <_>
      <rects>
        <_>
          18 14 1 4 -1.</_>
        <_>
          18 16 1 2 2.</_></rects>
      <tilted>0</tilted></_>
    <_>
      <rects>
        <_>
          18 14 4 20 -1.</_>
        <_>
          18 24 4 10 2.</_></rects>
      <tilted>0</tilted></_>
    <_>
      <rects>
        <_>
          18 15 1 2 -1.</_>
        <_>
          18 16 1 1 2.</_></rects>
      <tilted>0</tilted></_>
    <_>
      <rects>
        <_>
          18 15 1 3 -1.</_>
        <_>
          18 16 1 1 3.</_></rects>
      <tilted>0</tilted></_>
    <_>
      <rects>
        <_>
          18 15 8 1 -1.</_>
        <_>
          22 15 4 1 2.</_></rects>
      <tilted>0</tilted></_>
    <_>
      <rects>
        <_>
          18 16 2 1 -1.</_>
        <_>
          19 16 1 1 2.</_></rects>
      <tilted>0</tilted></_>
    <_>
      <rects>
        <_>
          18 16 1 2 -1.</_>
        <_>
          18 17 1 1 2.</_></rects>
      <tilted>0</tilted></_>
    <_>
      <rects>
        <_>
          18 16 2 3 -1.</_>
        <_>
          18 17 2 1 3.</_></rects>
      <tilted>0</tilted></_>
    <_>
      <rects>
        <_>
          18 17 2 1 -1.</_>
        <_>
          19 17 1 1 2.</_></rects>
      <tilted>0</tilted></_>
    <_>
      <rects>
        <_>
          19 4 1 6 -1.</_>
        <_>
          19 6 1 2 3.</_></rects>
      <tilted>0</tilted></_>
    <_>
      <rects>
        <_>
          19 9 1 6 -1.</_>
        <_>
          19 11 1 2 3.</_></rects>
      <tilted>0</tilted></_>
    <_>
      <rects>
        <_>
          19 11 3 1 -1.</_>
        <_>
          20 11 1 1 3.</_></rects>
      <tilted>0</tilted></_>
    <_>
      <rects>
        <_>
          19 14 1 2 -1.</_>
        <_>
          19 15 1 1 2.</_></rects>
      <tilted>0</tilted></_>
    <_>
      <rects>
        <_>
          19 14 4 1 -1.</_>
        <_>
          21 14 2 1 2.</_></rects>
      <tilted>0</tilted></_>
    <_>
      <rects>
        <_>
          19 15 1 2 -1.</_>
        <_>
          19 16 1 1 2.</_></rects>
      <tilted>0</tilted></_>
    <_>
      <rects>
        <_>
          19 20 1 3 -1.</_>
        <_>
          19 21 1 1 3.</_></rects>
      <tilted>0</tilted></_>
    <_>
      <rects>
        <_>
          19 21 2 6 -1.</_>
        <_>
          19 23 2 2 3.</_></rects>
      <tilted>0</tilted></_>
    <_>
      <rects>
        <_>
          20 1 4 24 -1.</_>
        <_>
          22 1 2 24 2.</_></rects>
      <tilted>0</tilted></_>
    <_>
      <rects>
        <_>
          20 7 4 18 -1.</_>
        <_>
          20 13 4 6 3.</_></rects>
      <tilted>0</tilted></_>
    <_>
      <rects>
        <_>
          20 8 1 6 -1.</_>
        <_>
          20 11 1 3 2.</_></rects>
      <tilted>0</tilted></_>
    <_>
      <rects>
        <_>
          20 10 3 2 -1.</_>
        <_>
          21 10 1 2 3.</_></rects>
      <tilted>0</tilted></_>
    <_>
      <rects>
        <_>
          20 10 1 6 -1.</_>
        <_>
          20 12 1 2 3.</_></rects>
      <tilted>0</tilted></_>
    <_>
      <rects>
        <_>
          20 11 1 3 -1.</_>
        <_>
          20 12 1 1 3.</_></rects>
      <tilted>0</tilted></_>
    <_>
      <rects>
        <_>
          20 12 1 2 -1.</_>
        <_>
          20 13 1 1 2.</_></rects>
      <tilted>0</tilted></_>
    <_>
      <rects>
        <_>
          20 13 2 1 -1.</_>
        <_>
          21 13 1 1 2.</_></rects>
      <tilted>0</tilted></_>
    <_>
      <rects>
        <_>
          20 13 1 3 -1.</_>
        <_>
          20 14 1 1 3.</_></rects>
      <tilted>0</tilted></_>
    <_>
      <rects>
        <_>
          20 13 2 3 -1.</_>
        <_>
          20 14 2 1 3.</_></rects>
      <tilted>0</tilted></_>
    <_>
      <rects>
        <_>
          20 14 1 2 -1.</_>
        <_>
          20 15 1 1 2.</_></rects>
      <tilted>0</tilted></_>
    <_>
      <rects>
        <_>
          20 14 1 9 -1.</_>
        <_>
          20 17 1 3 3.</_></rects>
      <tilted>0</tilted></_>
    <_>
      <rects>
        <_>
          21 11 4 2 -1.</_>
        <_>
          23 11 2 2 2.</_></rects>
      <tilted>0</tilted></_>
    <_>
      <rects>
        <_>
          21 13 1 2 -1.</_>
        <_>
          21 14 1 1 2.</_></rects>
      <tilted>0</tilted></_>
    <_>
      <rects>
        <_>
          21 13 2 11 -1.</_>
        <_>
          22 13 1 11 2.</_></rects>
      <tilted>0</tilted></_>
    <_>
      <rects>
        <_>
          21 14 2 1 -1.</_>
        <_>
          22 14 1 1 2.</_></rects>
      <tilted>0</tilted></_>
    <_>
      <rects>
        <_>
          21 16 1 9 -1.</_>
        <_>
          21 19 1 3 3.</_></rects>
      <tilted>0</tilted></_>
    <_>
      <rects>
        <_>
          22 0 1 21 -1.</_>
        <_>
          22 7 1 7 3.</_></rects>
      <tilted>0</tilted></_>
    <_>
      <rects>
        <_>
          22 7 2 4 -1.</_>
        <_>
          22 9 2 2 2.</_></rects>
      <tilted>0</tilted></_>
    <_>
      <rects>
        <_>
          22 12 2 2 -1.</_>
        <_>
          23 12 1 2 2.</_></rects>
      <tilted>0</tilted></_>
    <_>
      <rects>
        <_>
          22 26 2 1 -1.</_>
        <_>
          23 26 1 1 2.</_></rects>
      <tilted>0</tilted></_>
    <_>
      <rects>
        <_>
          22 28 1 2 -1.</_>
        <_>
          22 29 1 1 2.</_></rects>
      <tilted>0</tilted></_>
    <_>
      <rects>
        <_>
          23 1 6 22 -1.</_>
        <_>
          23 1 3 11 2.</_>
        <_>
          26 12 3 11 2.</_></rects>
      <tilted>0</tilted></_>
    <_>
      <rects>
        <_>
          23 1 6 31 -1.</_>
        <_>
          26 1 3 31 2.</_></rects>
      <tilted>0</tilted></_>
    <_>
      <rects>
        <_>
          23 5 6 26 -1.</_>
        <_>
          23 5 3 13 2.</_>
        <_>
          26 18 3 13 2.</_></rects>
      <tilted>0</tilted></_>
    <_>
      <rects>
        <_>
          23 10 2 8 -1.</_>
        <_>
          24 10 1 8 2.</_></rects>
      <tilted>0</tilted></_>
    <_>
      <rects>
        <_>
          23 10 3 14 -1.</_>
        <_>
          23 17 3 7 2.</_></rects>
      <tilted>0</tilted></_>
    <_>
      <rects>
        <_>
          23 11 2 1 -1.</_>
        <_>
          24 11 1 1 2.</_></rects>
      <tilted>0</tilted></_>
    <_>
      <rects>
        <_>
          23 13 1 2 -1.</_>
        <_>
          23 14 1 1 2.</_></rects>
      <tilted>0</tilted></_>
    <_>
      <rects>
        <_>
          25 9 4 12 -1.</_>
        <_>
          25 9 2 6 2.</_>
        <_>
          27 15 2 6 2.</_></rects>
      <tilted>0</tilted></_>
    <_>
      <rects>
        <_>
          25 14 4 14 -1.</_>
        <_>
          25 14 2 7 2.</_>
        <_>
          27 21 2 7 2.</_></rects>
      <tilted>0</tilted></_>
    <_>
      <rects>
        <_>
          27 1 2 20 -1.</_>
        <_>
          27 11 2 10 2.</_></rects>
      <tilted>0</tilted></_>
    <_>
      <rects>
        <_>
          27 21 2 6 -1.</_>
        <_>
          27 21 1 3 2.</_>
        <_>
          28 24 1 3 2.</_></rects>
      <tilted>0</tilted></_></features></cascade>
</opencv_storage>
