<?xml version="1.0"?>
<opencv_storage>
<cascade>
  <stageType>BOOST</stageType>
  <featureType>HAAR</featureType>
  <height>20</height>
  <width>15</width>
  <stageParams>
    <boostType>GAB</boostType>
    <minHitRate>9.9900001287460327e-01</minHitRate>
    <maxFalseAlarm>5.0000000000000000e-01</maxFalseAlarm>
    <weightTrimRate>9.4999999999999996e-01</weightTrimRate>
    <maxDepth>1</maxDepth>
    <maxWeakCount>100</maxWeakCount></stageParams>
  <featureParams>
    <maxCatCount>0</maxCatCount>
    <featSize>1</featSize>
    <mode>BASIC</mode></featureParams>
  <stageNum>20</stageNum>
  <stages>
    <!-- stage 0 -->
    <_>
      <maxWeakCount>6</maxWeakCount>
      <stageThreshold>-5.8810192346572876e-01</stageThreshold>
      <weakClassifiers>
        <_>
          <internalNodes>
            0 -1 97 -2.3781659081578255e-02</internalNodes>
          <leafValues>
            7.6960784196853638e-01 -4.1013824939727783e-01</leafValues></_>
        <_>
          <internalNodes>
            0 -1 77 1.1318951845169067e-02</internalNodes>
          <leafValues>
            3.9545556902885437e-01 -8.3844763040542603e-01</leafValues></_>
        <_>
          <internalNodes>
            0 -1 23 1.2050379067659378e-02</internalNodes>
          <leafValues>
            -2.8382861614227295e-01 8.7495350837707520e-01</leafValues></_>
        <_>
          <internalNodes>
            0 -1 80 3.0203415080904961e-03</internalNodes>
          <leafValues>
            -5.8068770170211792e-01 4.0319129824638367e-01</leafValues></_>
        <_>
          <internalNodes>
            0 -1 92 1.9211834669113159e-01</internalNodes>
          <leafValues>
            2.9880118370056152e-01 -9.5899605751037598e-01</leafValues></_>
        <_>
          <internalNodes>
            0 -1 22 -1.5559920668601990e-01</internalNodes>
          <leafValues>
            -8.3049821853637695e-01 2.4232009053230286e-01</leafValues></_></weakClassifiers></_>
    <!-- stage 1 -->
    <_>
      <maxWeakCount>8</maxWeakCount>
      <stageThreshold>-6.5753173828125000e-01</stageThreshold>
      <weakClassifiers>
        <_>
          <internalNodes>
            0 -1 55 9.1842845082283020e-02</internalNodes>
          <leafValues>
            4.9295774102210999e-01 -9.6491229534149170e-01</leafValues></_>
        <_>
          <internalNodes>
            0 -1 133 -3.0780173838138580e-03</internalNodes>
          <leafValues>
            7.1507155895233154e-01 -2.9970312118530273e-01</leafValues></_>
        <_>
          <internalNodes>
            0 -1 215 -3.3376333303749561e-03</internalNodes>
          <leafValues>
            9.5016604661941528e-01 -2.3313306272029877e-01</leafValues></_>
        <_>
          <internalNodes>
            0 -1 216 5.7776244357228279e-03</internalNodes>
          <leafValues>
            -2.8133907914161682e-01 8.4898114204406738e-01</leafValues></_>
        <_>
          <internalNodes>
            0 -1 108 -7.5206775218248367e-03</internalNodes>
          <leafValues>
            7.4040305614471436e-01 -2.6566329598426819e-01</leafValues></_>
        <_>
          <internalNodes>
            0 -1 145 -7.1027101948857307e-03</internalNodes>
          <leafValues>
            9.0809535980224609e-01 -1.7153654992580414e-01</leafValues></_>
        <_>
          <internalNodes>
            0 -1 13 -9.9129611626267433e-03</internalNodes>
          <leafValues>
            9.0722876787185669e-01 -2.3055809736251831e-01</leafValues></_>
        <_>
          <internalNodes>
            0 -1 6 -3.1952604651451111e-01</internalNodes>
          <leafValues>
            -8.0917656421661377e-01 3.3144378662109375e-01</leafValues></_></weakClassifiers></_>
    <!-- stage 2 -->
    <_>
      <maxWeakCount>8</maxWeakCount>
      <stageThreshold>-6.5954017639160156e-01</stageThreshold>
      <weakClassifiers>
        <_>
          <internalNodes>
            0 -1 139 -9.5141390338540077e-03</internalNodes>
          <leafValues>
            6.7804878950119019e-01 -2.4651162326335907e-01</leafValues></_>
        <_>
          <internalNodes>
            0 -1 211 -7.7368775382637978e-03</internalNodes>
          <leafValues>
            8.0497485399246216e-01 -1.7647409439086914e-01</leafValues></_>
        <_>
          <internalNodes>
            0 -1 216 6.8026692606508732e-03</internalNodes>
          <leafValues>
            -1.7638936638832092e-01 9.3716198205947876e-01</leafValues></_>
        <_>
          <internalNodes>
            0 -1 167 3.3673150464892387e-03</internalNodes>
          <leafValues>
            -2.7585157752037048e-01 6.9990575313568115e-01</leafValues></_>
        <_>
          <internalNodes>
            0 -1 207 1.3381258584558964e-02</internalNodes>
          <leafValues>
            -2.3020869493484497e-01 8.5635560750961304e-01</leafValues></_>
        <_>
          <internalNodes>
            0 -1 67 -4.9864440225064754e-03</internalNodes>
          <leafValues>
            3.4434661269187927e-01 -6.2395137548446655e-01</leafValues></_>
        <_>
          <internalNodes>
            0 -1 135 -1.9034083932638168e-02</internalNodes>
          <leafValues>
            4.4536301493644714e-01 -4.5516955852508545e-01</leafValues></_>
        <_>
          <internalNodes>
            0 -1 206 -5.6144837290048599e-03</internalNodes>
          <leafValues>
            6.3437026739120483e-01 -3.0007684230804443e-01</leafValues></_></weakClassifiers></_>
    <!-- stage 3 -->
    <_>
      <maxWeakCount>7</maxWeakCount>
      <stageThreshold>-3.1663349270820618e-01</stageThreshold>
      <weakClassifiers>
        <_>
          <internalNodes>
            0 -1 109 -8.8010780746117234e-04</internalNodes>
          <leafValues>
            -4.3089431524276733e-01 5.5378484725952148e-01</leafValues></_>
        <_>
          <internalNodes>
            0 -1 213 -4.0996335446834564e-03</internalNodes>
          <leafValues>
            9.0655976533889771e-01 -1.6740387678146362e-01</leafValues></_>
        <_>
          <internalNodes>
            0 -1 116 7.7017895877361298e-02</internalNodes>
          <leafValues>
            2.7487835288047791e-01 -7.9720664024353027e-01</leafValues></_>
        <_>
          <internalNodes>
            0 -1 14 1.0460239835083485e-02</internalNodes>
          <leafValues>
            -2.9057651758193970e-01 7.1620279550552368e-01</leafValues></_>
        <_>
          <internalNodes>
            0 -1 33 -4.1453363373875618e-03</internalNodes>
          <leafValues>
            9.2443948984146118e-01 -2.3525927960872650e-01</leafValues></_>
        <_>
          <internalNodes>
            0 -1 164 2.8486223891377449e-03</internalNodes>
          <leafValues>
            -1.9250062108039856e-01 8.3600312471389771e-01</leafValues></_>
        <_>
          <internalNodes>
            0 -1 217 4.6994918957352638e-03</internalNodes>
          <leafValues>
            -1.9425074756145477e-01 8.8451075553894043e-01</leafValues></_></weakClassifiers></_>
    <!-- stage 4 -->
    <_>
      <maxWeakCount>10</maxWeakCount>
      <stageThreshold>-4.7380352020263672e-01</stageThreshold>
      <weakClassifiers>
        <_>
          <internalNodes>
            0 -1 189 -1.9282513856887817e-01</internalNodes>
          <leafValues>
            -7.8378379344940186e-01 5.1361161470413208e-01</leafValues></_>
        <_>
          <internalNodes>
            0 -1 148 2.0811660215258598e-03</internalNodes>
          <leafValues>
            -2.1351553499698639e-01 8.8687115907669067e-01</leafValues></_>
        <_>
          <internalNodes>
            0 -1 170 2.0482908003032207e-03</internalNodes>
          <leafValues>
            -2.5688764452934265e-01 7.6162797212600708e-01</leafValues></_>
        <_>
          <internalNodes>
            0 -1 34 -5.1879277452826500e-03</internalNodes>
          <leafValues>
            8.2807594537734985e-01 -2.1212586760520935e-01</leafValues></_>
        <_>
          <internalNodes>
            0 -1 10 1.3173671439290047e-02</internalNodes>
          <leafValues>
            -2.5407466292381287e-01 7.0318669080734253e-01</leafValues></_>
        <_>
          <internalNodes>
            0 -1 117 -4.1992031037807465e-03</internalNodes>
          <leafValues>
            8.2674646377563477e-01 -1.4499376714229584e-01</leafValues></_>
        <_>
          <internalNodes>
            0 -1 190 -6.3692242838442326e-03</internalNodes>
          <leafValues>
            7.9663980007171631e-01 -2.3308925330638885e-01</leafValues></_>
        <_>
          <internalNodes>
            0 -1 217 4.6485196799039841e-03</internalNodes>
          <leafValues>
            -1.9781710207462311e-01 8.4942150115966797e-01</leafValues></_>
        <_>
          <internalNodes>
            0 -1 177 -2.7483769226819277e-03</internalNodes>
          <leafValues>
            8.4930062294006348e-01 -1.4787140488624573e-01</leafValues></_>
        <_>
          <internalNodes>
            0 -1 224 -2.5795039255172014e-03</internalNodes>
          <leafValues>
            8.8774907588958740e-01 -1.5976025164127350e-01</leafValues></_></weakClassifiers></_>
    <!-- stage 5 -->
    <_>
      <maxWeakCount>6</maxWeakCount>
      <stageThreshold>-3.6192259192466736e-01</stageThreshold>
      <weakClassifiers>
        <_>
          <internalNodes>
            0 -1 94 -7.6610296964645386e-02</internalNodes>
          <leafValues>
            -8.4615385532379150e-01 5.3199267387390137e-01</leafValues></_>
        <_>
          <internalNodes>
            0 -1 96 -2.0226256921887398e-02</internalNodes>
          <leafValues>
            4.3467959761619568e-01 -4.3223121762275696e-01</leafValues></_>
        <_>
          <internalNodes>
            0 -1 89 3.1548619270324707e-02</internalNodes>
          <leafValues>
            3.0731534957885742e-01 -5.8026647567749023e-01</leafValues></_>
        <_>
          <internalNodes>
            0 -1 180 -1.0677697136998177e-03</internalNodes>
          <leafValues>
            -6.9763857126235962e-01 1.8483088910579681e-01</leafValues></_>
        <_>
          <internalNodes>
            0 -1 29 -9.0604908764362335e-03</internalNodes>
          <leafValues>
            8.5498708486557007e-01 -2.2195971012115479e-01</leafValues></_>
        <_>
          <internalNodes>
            0 -1 83 4.3105144053697586e-02</internalNodes>
          <leafValues>
            1.7126983404159546e-01 -9.8836845159530640e-01</leafValues></_></weakClassifiers></_>
    <!-- stage 6 -->
    <_>
      <maxWeakCount>12</maxWeakCount>
      <stageThreshold>-6.2163686752319336e-01</stageThreshold>
      <weakClassifiers>
        <_>
          <internalNodes>
            0 -1 12 2.4508693814277649e-01</internalNodes>
          <leafValues>
            4.6782609820365906e-01 -8.7999999523162842e-01</leafValues></_>
        <_>
          <internalNodes>
            0 -1 105 6.9121532142162323e-03</internalNodes>
          <leafValues>
            -4.9080419540405273e-01 3.4947249293327332e-01</leafValues></_>
        <_>
          <internalNodes>
            0 -1 217 7.2097484953701496e-03</internalNodes>
          <leafValues>
            -2.0799331367015839e-01 8.2552939653396606e-01</leafValues></_>
        <_>
          <internalNodes>
            0 -1 39 -5.2680810913443565e-03</internalNodes>
          <leafValues>
            8.4917330741882324e-01 -1.7565812170505524e-01</leafValues></_>
        <_>
          <internalNodes>
            0 -1 161 3.0609702225774527e-03</internalNodes>
          <leafValues>
            -2.5968229770660400e-01 5.9967404603958130e-01</leafValues></_>
        <_>
          <internalNodes>
            0 -1 148 1.1803107336163521e-03</internalNodes>
          <leafValues>
            -2.4683353304862976e-01 5.7577133178710938e-01</leafValues></_>
        <_>
          <internalNodes>
            0 -1 144 -1.4434809563681483e-03</internalNodes>
          <leafValues>
            6.4947438240051270e-01 -2.1523359417915344e-01</leafValues></_>
        <_>
          <internalNodes>
            0 -1 101 3.0248574912548065e-02</internalNodes>
          <leafValues>
            2.3982468247413635e-01 -7.3914015293121338e-01</leafValues></_>
        <_>
          <internalNodes>
            0 -1 221 1.0002445429563522e-02</internalNodes>
          <leafValues>
            -2.5600790977478027e-01 6.6446161270141602e-01</leafValues></_>
        <_>
          <internalNodes>
            0 -1 82 -2.2930009290575981e-02</internalNodes>
          <leafValues>
            -6.3383966684341431e-01 2.3557080328464508e-01</leafValues></_>
        <_>
          <internalNodes>
            0 -1 11 -2.9711030423641205e-02</internalNodes>
          <leafValues>
            3.1739389896392822e-01 -4.1986271739006042e-01</leafValues></_>
        <_>
          <internalNodes>
            0 -1 27 -3.9147064089775085e-02</internalNodes>
          <leafValues>
            -8.5183662176132202e-01 1.5545441210269928e-01</leafValues></_></weakClassifiers></_>
    <!-- stage 7 -->
    <_>
      <maxWeakCount>12</maxWeakCount>
      <stageThreshold>-5.9175848960876465e-01</stageThreshold>
      <weakClassifiers>
        <_>
          <internalNodes>
            0 -1 182 -5.0896918401122093e-03</internalNodes>
          <leafValues>
            -6.5217393636703491e-01 4.8561149835586548e-01</leafValues></_>
        <_>
          <internalNodes>
            0 -1 76 -8.3413392305374146e-02</internalNodes>
          <leafValues>
            4.2302435636520386e-01 -3.2386106252670288e-01</leafValues></_>
        <_>
          <internalNodes>
            0 -1 42 -1.9387315958738327e-02</internalNodes>
          <leafValues>
            3.3006143569946289e-01 -3.6705711483955383e-01</leafValues></_>
        <_>
          <internalNodes>
            0 -1 132 7.2669485234655440e-05</internalNodes>
          <leafValues>
            -2.9437547922134399e-01 4.5696723461151123e-01</leafValues></_>
        <_>
          <internalNodes>
            0 -1 141 2.4202450731536373e-05</internalNodes>
          <leafValues>
            -4.0628364682197571e-01 3.6935406923294067e-01</leafValues></_>
        <_>
          <internalNodes>
            0 -1 104 5.3885993547737598e-03</internalNodes>
          <leafValues>
            2.1976590156555176e-01 -5.8719646930694580e-01</leafValues></_>
        <_>
          <internalNodes>
            0 -1 197 6.6580590792000294e-03</internalNodes>
          <leafValues>
            -1.4432778954505920e-01 8.4788525104522705e-01</leafValues></_>
        <_>
          <internalNodes>
            0 -1 99 6.9581577554345131e-03</internalNodes>
          <leafValues>
            2.1006378531455994e-01 -6.0625469684600830e-01</leafValues></_>
        <_>
          <internalNodes>
            0 -1 191 2.3847958073019981e-03</internalNodes>
          <leafValues>
            1.0684814304113388e-01 -9.0422600507736206e-01</leafValues></_>
        <_>
          <internalNodes>
            0 -1 168 9.5881921879481524e-05</internalNodes>
          <leafValues>
            -5.7038372755050659e-01 1.9229137897491455e-01</leafValues></_>
        <_>
          <internalNodes>
            0 -1 165 4.6837357804179192e-03</internalNodes>
          <leafValues>
            -1.4953574538230896e-01 8.3203661441802979e-01</leafValues></_>
        <_>
          <internalNodes>
            0 -1 147 -2.1110598027007654e-05</internalNodes>
          <leafValues>
            3.6044925451278687e-01 -3.5091289877891541e-01</leafValues></_></weakClassifiers></_>
    <!-- stage 8 -->
    <_>
      <maxWeakCount>14</maxWeakCount>
      <stageThreshold>-6.4812463521957397e-01</stageThreshold>
      <weakClassifiers>
        <_>
          <internalNodes>
            0 -1 56 2.6897799968719482e-01</internalNodes>
          <leafValues>
            4.5077720284461975e-01 -7.8260868787765503e-01</leafValues></_>
        <_>
          <internalNodes>
            0 -1 152 1.8429649062454700e-03</internalNodes>
          <leafValues>
            2.6571080088615417e-01 -5.1106029748916626e-01</leafValues></_>
        <_>
          <internalNodes>
            0 -1 91 4.0184989571571350e-02</internalNodes>
          <leafValues>
            -1.8142306804656982e-01 8.5819315910339355e-01</leafValues></_>
        <_>
          <internalNodes>
            0 -1 146 4.5898482203483582e-03</internalNodes>
          <leafValues>
            -4.5297837257385254e-01 2.6829704642295837e-01</leafValues></_>
        <_>
          <internalNodes>
            0 -1 202 -1.0000104084610939e-02</internalNodes>
          <leafValues>
            8.2510757446289062e-01 -1.4158348739147186e-01</leafValues></_>
        <_>
          <internalNodes>
            0 -1 126 -2.1604679524898529e-02</internalNodes>
          <leafValues>
            -6.9447368383407593e-01 1.6911895573139191e-01</leafValues></_>
        <_>
          <internalNodes>
            0 -1 102 1.1646982282400131e-02</internalNodes>
          <leafValues>
            1.6064511239528656e-01 -6.7196559906005859e-01</leafValues></_>
        <_>
          <internalNodes>
            0 -1 37 8.7761804461479187e-03</internalNodes>
          <leafValues>
            -1.4166009426116943e-01 7.8820943832397461e-01</leafValues></_>
        <_>
          <internalNodes>
            0 -1 35 -5.4111252538859844e-03</internalNodes>
          <leafValues>
            4.8354780673980713e-01 -2.6838564872741699e-01</leafValues></_>
        <_>
          <internalNodes>
            0 -1 113 -1.2785261496901512e-03</internalNodes>
          <leafValues>
            3.7840890884399414e-01 -3.2817754149436951e-01</leafValues></_>
        <_>
          <internalNodes>
            0 -1 223 -8.2653798162937164e-03</internalNodes>
          <leafValues>
            6.5833091735839844e-01 -1.8417868018150330e-01</leafValues></_>
        <_>
          <internalNodes>
            0 -1 88 3.6777700297534466e-03</internalNodes>
          <leafValues>
            1.9913800060749054e-01 -5.9892481565475464e-01</leafValues></_>
        <_>
          <internalNodes>
            0 -1 79 -6.2777847051620483e-02</internalNodes>
          <leafValues>
            -9.1928583383560181e-01 1.0430888831615448e-01</leafValues></_>
        <_>
          <internalNodes>
            0 -1 208 7.8987125307321548e-03</internalNodes>
          <leafValues>
            -1.6236352920532227e-01 7.9610669612884521e-01</leafValues></_></weakClassifiers></_>
    <!-- stage 9 -->
    <_>
      <maxWeakCount>14</maxWeakCount>
      <stageThreshold>-4.2620727419853210e-01</stageThreshold>
      <weakClassifiers>
        <_>
          <internalNodes>
            0 -1 157 -2.9381182044744492e-02</internalNodes>
          <leafValues>
            -8.3783781528472900e-01 4.3537414073944092e-01</leafValues></_>
        <_>
          <internalNodes>
            0 -1 179 -8.7989610619843006e-04</internalNodes>
          <leafValues>
            3.3532145619392395e-01 -4.2306414246559143e-01</leafValues></_>
        <_>
          <internalNodes>
            0 -1 9 -2.3919023573398590e-02</internalNodes>
          <leafValues>
            8.2726663351058960e-01 -1.8992866575717926e-01</leafValues></_>
        <_>
          <internalNodes>
            0 -1 103 5.2825297461822629e-04</internalNodes>
          <leafValues>
            -2.5193241238594055e-01 5.3458786010742188e-01</leafValues></_>
        <_>
          <internalNodes>
            0 -1 212 -5.8325584977865219e-03</internalNodes>
          <leafValues>
            6.8368852138519287e-01 -2.1079352498054504e-01</leafValues></_>
        <_>
          <internalNodes>
            0 -1 132 1.6136778285726905e-03</internalNodes>
          <leafValues>
            -2.0425295829772949e-01 6.5221220254898071e-01</leafValues></_>
        <_>
          <internalNodes>
            0 -1 166 -3.7381756555987522e-05</internalNodes>
          <leafValues>
            4.5902669429779053e-01 -2.5603398680686951e-01</leafValues></_>
        <_>
          <internalNodes>
            0 -1 143 -4.6542547643184662e-03</internalNodes>
          <leafValues>
            3.1225416064262390e-01 -4.5376655459403992e-01</leafValues></_>
        <_>
          <internalNodes>
            0 -1 75 9.6658039838075638e-03</internalNodes>
          <leafValues>
            -2.2113080322742462e-01 6.7179179191589355e-01</leafValues></_>
        <_>
          <internalNodes>
            0 -1 210 1.0010781697928905e-02</internalNodes>
          <leafValues>
            -1.5766914188861847e-01 6.2014275789260864e-01</leafValues></_>
        <_>
          <internalNodes>
            0 -1 200 4.0656384080648422e-03</internalNodes>
          <leafValues>
            2.1518500149250031e-01 -5.7520461082458496e-01</leafValues></_>
        <_>
          <internalNodes>
            0 -1 169 3.8596881495323032e-05</internalNodes>
          <leafValues>
            -5.2837401628494263e-01 2.3200893402099609e-01</leafValues></_>
        <_>
          <internalNodes>
            0 -1 220 4.5029958710074425e-03</internalNodes>
          <leafValues>
            -1.8977354466915131e-01 6.8035352230072021e-01</leafValues></_>
        <_>
          <internalNodes>
            0 -1 175 3.0408599413931370e-03</internalNodes>
          <leafValues>
            -2.1225781738758087e-01 5.5887860059738159e-01</leafValues></_></weakClassifiers></_>
    <!-- stage 10 -->
    <_>
      <maxWeakCount>12</maxWeakCount>
      <stageThreshold>-4.5891538262367249e-01</stageThreshold>
      <weakClassifiers>
        <_>
          <internalNodes>
            0 -1 68 -1.6621300019323826e-03</internalNodes>
          <leafValues>
            5.3131312131881714e-01 -2.9230770468711853e-01</leafValues></_>
        <_>
          <internalNodes>
            0 -1 122 -5.9253297746181488e-02</internalNodes>
          <leafValues>
            -6.9542002677917480e-01 1.8565024435520172e-01</leafValues></_>
        <_>
          <internalNodes>
            0 -1 43 7.6573109254240990e-03</internalNodes>
          <leafValues>
            -1.2760195136070251e-01 8.3910983800888062e-01</leafValues></_>
        <_>
          <internalNodes>
            0 -1 163 -3.0087591148912907e-03</internalNodes>
          <leafValues>
            5.9222716093063354e-01 -1.8315589427947998e-01</leafValues></_>
        <_>
          <internalNodes>
            0 -1 48 -1.4198491349816322e-02</internalNodes>
          <leafValues>
            5.0372040271759033e-01 -1.9169838726520538e-01</leafValues></_>
        <_>
          <internalNodes>
            0 -1 118 5.6543936952948570e-03</internalNodes>
          <leafValues>
            -9.6706084907054901e-02 8.0602645874023438e-01</leafValues></_>
        <_>
          <internalNodes>
            0 -1 198 4.5369099825620651e-03</internalNodes>
          <leafValues>
            1.4795283973217010e-01 -6.6185218095779419e-01</leafValues></_>
        <_>
          <internalNodes>
            0 -1 144 2.6195095852017403e-03</internalNodes>
          <leafValues>
            -1.9044959545135498e-01 5.8340728282928467e-01</leafValues></_>
        <_>
          <internalNodes>
            0 -1 209 -5.2868742495775223e-03</internalNodes>
          <leafValues>
            6.3226801156997681e-01 -1.4083775877952576e-01</leafValues></_>
        <_>
          <internalNodes>
            0 -1 171 -1.2742586433887482e-02</internalNodes>
          <leafValues>
            -5.4869210720062256e-01 1.8940685689449310e-01</leafValues></_>
        <_>
          <internalNodes>
            0 -1 49 -6.6001699306070805e-03</internalNodes>
          <leafValues>
            4.1666895151138306e-01 -2.5822567939758301e-01</leafValues></_>
        <_>
          <internalNodes>
            0 -1 93 -2.7489630505442619e-02</internalNodes>
          <leafValues>
            5.4083365201950073e-01 -1.7583690583705902e-01</leafValues></_></weakClassifiers></_>
    <!-- stage 11 -->
    <_>
      <maxWeakCount>15</maxWeakCount>
      <stageThreshold>-4.9024853110313416e-01</stageThreshold>
      <weakClassifiers>
        <_>
          <internalNodes>
            0 -1 54 2.3030448704957962e-02</internalNodes>
          <leafValues>
            4.7858473658561707e-01 -3.6363637447357178e-01</leafValues></_>
        <_>
          <internalNodes>
            0 -1 100 2.2544514387845993e-02</internalNodes>
          <leafValues>
            1.4740440249443054e-01 -7.1246713399887085e-01</leafValues></_>
        <_>
          <internalNodes>
            0 -1 128 -6.8197948858141899e-03</internalNodes>
          <leafValues>
            7.6335006952285767e-01 -1.3424786925315857e-01</leafValues></_>
        <_>
          <internalNodes>
            0 -1 162 -1.1287618428468704e-02</internalNodes>
          <leafValues>
            -6.6666185855865479e-01 1.2060861289501190e-01</leafValues></_>
        <_>
          <internalNodes>
            0 -1 136 7.8000966459512711e-04</internalNodes>
          <leafValues>
            2.4530896544456482e-01 -3.9013126492500305e-01</leafValues></_>
        <_>
          <internalNodes>
            0 -1 0 5.8438675478100777e-04</internalNodes>
          <leafValues>
            1.8712635338306427e-01 -5.2500772476196289e-01</leafValues></_>
        <_>
          <internalNodes>
            0 -1 3 -1.5779668465256691e-02</internalNodes>
          <leafValues>
            6.6936761140823364e-01 -1.8554781377315521e-01</leafValues></_>
        <_>
          <internalNodes>
            0 -1 199 -3.3014189451932907e-02</internalNodes>
          <leafValues>
            5.1289319992065430e-01 -1.9326616823673248e-01</leafValues></_>
        <_>
          <internalNodes>
            0 -1 218 -1.5031446237117052e-03</internalNodes>
          <leafValues>
            -5.7464039325714111e-01 2.2866220772266388e-01</leafValues></_>
        <_>
          <internalNodes>
            0 -1 33 7.2885192930698395e-03</internalNodes>
          <leafValues>
            -1.6223670542240143e-01 7.5727415084838867e-01</leafValues></_>
        <_>
          <internalNodes>
            0 -1 21 1.8861243501305580e-02</internalNodes>
          <leafValues>
            -1.2321621924638748e-01 6.2317937612533569e-01</leafValues></_>
        <_>
          <internalNodes>
            0 -1 142 -8.4628071635961533e-03</internalNodes>
          <leafValues>
            -6.0444444417953491e-01 1.7773655056953430e-01</leafValues></_>
        <_>
          <internalNodes>
            0 -1 50 -3.4462311305105686e-04</internalNodes>
          <leafValues>
            -5.0300741195678711e-01 1.8496298789978027e-01</leafValues></_>
        <_>
          <internalNodes>
            0 -1 130 7.7669778838753700e-03</internalNodes>
          <leafValues>
            -1.3438250124454498e-01 7.8329777717590332e-01</leafValues></_>
        <_>
          <internalNodes>
            0 -1 45 4.1902298107743263e-04</internalNodes>
          <leafValues>
            2.4759402871131897e-01 -4.0950331091880798e-01</leafValues></_></weakClassifiers></_>
    <!-- stage 12 -->
    <_>
      <maxWeakCount>12</maxWeakCount>
      <stageThreshold>-6.4233213663101196e-01</stageThreshold>
      <weakClassifiers>
        <_>
          <internalNodes>
            0 -1 38 7.6790004968643188e-02</internalNodes>
          <leafValues>
            4.8201438784599304e-01 -6.2318837642669678e-01</leafValues></_>
        <_>
          <internalNodes>
            0 -1 58 -2.1260291337966919e-02</internalNodes>
          <leafValues>
            4.5901677012443542e-01 -2.9207813739776611e-01</leafValues></_>
        <_>
          <internalNodes>
            0 -1 153 1.5550970565527678e-03</internalNodes>
          <leafValues>
            2.2357392311096191e-01 -5.3860032558441162e-01</leafValues></_>
        <_>
          <internalNodes>
            0 -1 149 -1.4410316362045705e-04</internalNodes>
          <leafValues>
            -5.0217020511627197e-01 2.3998197913169861e-01</leafValues></_>
        <_>
          <internalNodes>
            0 -1 5 3.5849183797836304e-02</internalNodes>
          <leafValues>
            -2.2405315935611725e-01 5.8015811443328857e-01</leafValues></_>
        <_>
          <internalNodes>
            0 -1 110 2.3403231054544449e-02</internalNodes>
          <leafValues>
            1.6995795071125031e-01 -6.5855115652084351e-01</leafValues></_>
        <_>
          <internalNodes>
            0 -1 31 -4.1046626865863800e-02</internalNodes>
          <leafValues>
            7.2026920318603516e-01 -2.0173050463199615e-01</leafValues></_>
        <_>
          <internalNodes>
            0 -1 47 3.4610789269208908e-02</internalNodes>
          <leafValues>
            -6.7066095769405365e-02 9.0560322999954224e-01</leafValues></_>
        <_>
          <internalNodes>
            0 -1 214 -2.3009970784187317e-02</internalNodes>
          <leafValues>
            9.8689687252044678e-01 -9.4094879925251007e-02</leafValues></_>
        <_>
          <internalNodes>
            0 -1 73 -1.9812209066003561e-03</internalNodes>
          <leafValues>
            -4.4502615928649902e-01 2.4586005508899689e-01</leafValues></_>
        <_>
          <internalNodes>
            0 -1 188 5.5020018480718136e-03</internalNodes>
          <leafValues>
            -2.4367076158523560e-01 4.5459234714508057e-01</leafValues></_>
        <_>
          <internalNodes>
            0 -1 158 -3.4250006079673767e-02</internalNodes>
          <leafValues>
            -8.0361264944076538e-01 1.4693443477153778e-01</leafValues></_></weakClassifiers></_>
    <!-- stage 13 -->
    <_>
      <maxWeakCount>21</maxWeakCount>
      <stageThreshold>-7.1678882837295532e-01</stageThreshold>
      <weakClassifiers>
        <_>
          <internalNodes>
            0 -1 81 7.8948633745312691e-03</internalNodes>
          <leafValues>
            4.5648312568664551e-01 -5.1612901687622070e-01</leafValues></_>
        <_>
          <internalNodes>
            0 -1 181 -4.0856185369193554e-03</internalNodes>
          <leafValues>
            3.7606251239776611e-01 -2.6004406809806824e-01</leafValues></_>
        <_>
          <internalNodes>
            0 -1 129 -2.1295803599059582e-03</internalNodes>
          <leafValues>
            1.8793541193008423e-01 -4.3113538622856140e-01</leafValues></_>
        <_>
          <internalNodes>
            0 -1 15 -7.5083263218402863e-03</internalNodes>
          <leafValues>
            5.3559833765029907e-01 -1.7258608341217041e-01</leafValues></_>
        <_>
          <internalNodes>
            0 -1 46 -2.6498726219870150e-04</internalNodes>
          <leafValues>
            -4.4578123092651367e-01 2.2437304258346558e-01</leafValues></_>
        <_>
          <internalNodes>
            0 -1 64 7.6609421521425247e-03</internalNodes>
          <leafValues>
            -1.5213701128959656e-01 7.5303024053573608e-01</leafValues></_>
        <_>
          <internalNodes>
            0 -1 8 5.5806398391723633e-02</internalNodes>
          <leafValues>
            -8.1508308649063110e-02 8.9890486001968384e-01</leafValues></_>
        <_>
          <internalNodes>
            0 -1 115 -1.7558705061674118e-02</internalNodes>
          <leafValues>
            5.0043350458145142e-01 -1.6690115630626678e-01</leafValues></_>
        <_>
          <internalNodes>
            0 -1 0 -3.9465201552957296e-04</internalNodes>
          <leafValues>
            -5.0053161382675171e-01 2.1745368838310242e-01</leafValues></_>
        <_>
          <internalNodes>
            0 -1 215 -4.0214844048023224e-03</internalNodes>
          <leafValues>
            5.3278118371963501e-01 -2.0766848325729370e-01</leafValues></_>
        <_>
          <internalNodes>
            0 -1 59 1.7105881124734879e-02</internalNodes>
          <leafValues>
            -3.2397359609603882e-01 3.5890731215476990e-01</leafValues></_>
        <_>
          <internalNodes>
            0 -1 156 -3.1186046078801155e-02</internalNodes>
          <leafValues>
            -9.0651279687881470e-01 1.0488442331552505e-01</leafValues></_>
        <_>
          <internalNodes>
            0 -1 36 -5.6172618642449379e-03</internalNodes>
          <leafValues>
            5.2834242582321167e-01 -1.8632739782333374e-01</leafValues></_>
        <_>
          <internalNodes>
            0 -1 112 3.3233568072319031e-02</internalNodes>
          <leafValues>
            1.1052142083644867e-01 -9.7015422582626343e-01</leafValues></_>
        <_>
          <internalNodes>
            0 -1 150 4.9817584455013275e-02</internalNodes>
          <leafValues>
            -2.0986546576023102e-01 5.2082526683807373e-01</leafValues></_>
        <_>
          <internalNodes>
            0 -1 30 1.4481262303888798e-02</internalNodes>
          <leafValues>
            -1.4798916876316071e-01 5.8281153440475464e-01</leafValues></_>
        <_>
          <internalNodes>
            0 -1 25 -6.7190378904342651e-03</internalNodes>
          <leafValues>
            3.0183842778205872e-01 -3.2381847500801086e-01</leafValues></_>
        <_>
          <internalNodes>
            0 -1 119 4.0126888779923320e-04</internalNodes>
          <leafValues>
            2.4312961101531982e-01 -3.9599174261093140e-01</leafValues></_>
        <_>
          <internalNodes>
            0 -1 107 -9.0274392277933657e-05</internalNodes>
          <leafValues>
            2.3674742877483368e-01 -3.8478544354438782e-01</leafValues></_>
        <_>
          <internalNodes>
            0 -1 62 5.6707359850406647e-02</internalNodes>
          <leafValues>
            -1.2612050771713257e-01 7.6950252056121826e-01</leafValues></_>
        <_>
          <internalNodes>
            0 -1 215 6.2632458284497261e-03</internalNodes>
          <leafValues>
            -1.4596335589885712e-01 6.7589730024337769e-01</leafValues></_></weakClassifiers></_>
    <!-- stage 14 -->
    <_>
      <maxWeakCount>13</maxWeakCount>
      <stageThreshold>-7.6103788614273071e-01</stageThreshold>
      <weakClassifiers>
        <_>
          <internalNodes>
            0 -1 86 -4.4491617009043694e-03</internalNodes>
          <leafValues>
            -2.9914531111717224e-01 5.1181101799011230e-01</leafValues></_>
        <_>
          <internalNodes>
            0 -1 134 1.0551260784268379e-03</internalNodes>
          <leafValues>
            2.4674348533153534e-01 -5.4094076156616211e-01</leafValues></_>
        <_>
          <internalNodes>
            0 -1 191 1.3951265718787909e-03</internalNodes>
          <leafValues>
            1.6109536588191986e-01 -6.7546927928924561e-01</leafValues></_>
        <_>
          <internalNodes>
            0 -1 70 -1.8679380416870117e-02</internalNodes>
          <leafValues>
            4.0812832117080688e-01 -2.6788294315338135e-01</leafValues></_>
        <_>
          <internalNodes>
            0 -1 72 5.1823153626173735e-04</internalNodes>
          <leafValues>
            2.6193287968635559e-01 -4.4844537973403931e-01</leafValues></_>
        <_>
          <internalNodes>
            0 -1 72 -3.2309017842635512e-04</internalNodes>
          <leafValues>
            -4.7256398200988770e-01 2.2662891447544098e-01</leafValues></_>
        <_>
          <internalNodes>
            0 -1 183 4.9188983393833041e-04</internalNodes>
          <leafValues>
            2.0282618701457977e-01 -4.6764099597930908e-01</leafValues></_>
        <_>
          <internalNodes>
            0 -1 2 4.8061817884445190e-02</internalNodes>
          <leafValues>
            -1.8570189177989960e-01 6.1137908697128296e-01</leafValues></_>
        <_>
          <internalNodes>
            0 -1 174 -5.5235989391803741e-02</internalNodes>
          <leafValues>
            -7.5692194700241089e-01 1.3813400268554688e-01</leafValues></_>
        <_>
          <internalNodes>
            0 -1 71 4.5371439773589373e-04</internalNodes>
          <leafValues>
            2.0494571328163147e-01 -4.7814747691154480e-01</leafValues></_>
        <_>
          <internalNodes>
            0 -1 114 8.8105723261833191e-04</internalNodes>
          <leafValues>
            2.0310778915882111e-01 -5.5888140201568604e-01</leafValues></_>
        <_>
          <internalNodes>
            0 -1 178 -1.0830482642631978e-04</internalNodes>
          <leafValues>
            -5.1189321279525757e-01 2.0412744581699371e-01</leafValues></_>
        <_>
          <internalNodes>
            0 -1 78 -1.2425693683326244e-02</internalNodes>
          <leafValues>
            -6.4907556772232056e-01 1.7886412143707275e-01</leafValues></_></weakClassifiers></_>
    <!-- stage 15 -->
    <_>
      <maxWeakCount>11</maxWeakCount>
      <stageThreshold>-9.1569685935974121e-01</stageThreshold>
      <weakClassifiers>
        <_>
          <internalNodes>
            0 -1 138 -3.2756295055150986e-02</internalNodes>
          <leafValues>
            7.6744186878204346e-01 -1.3879004120826721e-01</leafValues></_>
        <_>
          <internalNodes>
            0 -1 111 1.1658763978630304e-03</internalNodes>
          <leafValues>
            3.6094751954078674e-01 -6.8051141500473022e-01</leafValues></_>
        <_>
          <internalNodes>
            0 -1 1 -6.8441790062934160e-04</internalNodes>
          <leafValues>
            -5.1591980457305908e-01 3.0038163065910339e-01</leafValues></_>
        <_>
          <internalNodes>
            0 -1 84 1.1267769150435925e-03</internalNodes>
          <leafValues>
            2.2963732481002808e-01 -7.1575266122817993e-01</leafValues></_>
        <_>
          <internalNodes>
            0 -1 124 -2.0054776221513748e-02</internalNodes>
          <leafValues>
            5.2242833375930786e-01 -3.4700274467468262e-01</leafValues></_>
        <_>
          <internalNodes>
            0 -1 87 -1.1494875652715564e-03</internalNodes>
          <leafValues>
            -5.2870088815689087e-01 3.0877181887626648e-01</leafValues></_>
        <_>
          <internalNodes>
            0 -1 192 -1.3361868914216757e-03</internalNodes>
          <leafValues>
            -6.4591801166534424e-01 2.2910849750041962e-01</leafValues></_>
        <_>
          <internalNodes>
            0 -1 186 1.1050654575228691e-03</internalNodes>
          <leafValues>
            2.2795625030994415e-01 -6.6125088930130005e-01</leafValues></_>
        <_>
          <internalNodes>
            0 -1 61 -3.3048738259822130e-04</internalNodes>
          <leafValues>
            -5.4938566684722900e-01 2.9867652058601379e-01</leafValues></_>
        <_>
          <internalNodes>
            0 -1 173 2.5408593937754631e-03</internalNodes>
          <leafValues>
            2.0949347317218781e-01 -6.8287605047225952e-01</leafValues></_>
        <_>
          <internalNodes>
            0 -1 187 9.1096991673111916e-04</internalNodes>
          <leafValues>
            2.4003398418426514e-01 -6.3227099180221558e-01</leafValues></_></weakClassifiers></_>
    <!-- stage 16 -->
    <_>
      <maxWeakCount>12</maxWeakCount>
      <stageThreshold>-9.9454772472381592e-01</stageThreshold>
      <weakClassifiers>
        <_>
          <internalNodes>
            0 -1 95 -3.1815297901630402e-02</internalNodes>
          <leafValues>
            7.3177844285964966e-01 -9.2198580503463745e-02</leafValues></_>
        <_>
          <internalNodes>
            0 -1 60 1.1020568199455738e-03</internalNodes>
          <leafValues>
            3.6206710338592529e-01 -5.4947018623352051e-01</leafValues></_>
        <_>
          <internalNodes>
            0 -1 184 1.2439466081559658e-03</internalNodes>
          <leafValues>
            2.7124240994453430e-01 -6.1019039154052734e-01</leafValues></_>
        <_>
          <internalNodes>
            0 -1 201 -1.4456271892413497e-03</internalNodes>
          <leafValues>
            -6.8593859672546387e-01 2.4003010988235474e-01</leafValues></_>
        <_>
          <internalNodes>
            0 -1 154 1.0297012049704790e-03</internalNodes>
          <leafValues>
            2.5197300314903259e-01 -6.1953252553939819e-01</leafValues></_>
        <_>
          <internalNodes>
            0 -1 203 2.5598527863621712e-03</internalNodes>
          <leafValues>
            2.6142594218254089e-01 -5.6688165664672852e-01</leafValues></_>
        <_>
          <internalNodes>
            0 -1 41 -8.8011488318443298e-02</internalNodes>
          <leafValues>
            9.0938788652420044e-01 -1.7077322304248810e-01</leafValues></_>
        <_>
          <internalNodes>
            0 -1 90 5.2433058619499207e-02</internalNodes>
          <leafValues>
            -2.1389620006084442e-01 7.5046879053115845e-01</leafValues></_>
        <_>
          <internalNodes>
            0 -1 185 -1.2193680740892887e-03</internalNodes>
          <leafValues>
            -5.8350729942321777e-01 3.2120570540428162e-01</leafValues></_>
        <_>
          <internalNodes>
            0 -1 69 1.2846464524045587e-03</internalNodes>
          <leafValues>
            2.6741841435432434e-01 -6.2511491775512695e-01</leafValues></_>
        <_>
          <internalNodes>
            0 -1 225 1.2849263148382306e-03</internalNodes>
          <leafValues>
            2.9748487472534180e-01 -5.8374601602554321e-01</leafValues></_>
        <_>
          <internalNodes>
            0 -1 16 6.7367076873779297e-02</internalNodes>
          <leafValues>
            -2.0928137004375458e-01 7.6889014244079590e-01</leafValues></_></weakClassifiers></_>
    <!-- stage 17 -->
    <_>
      <maxWeakCount>14</maxWeakCount>
      <stageThreshold>-3.7318438291549683e-01</stageThreshold>
      <weakClassifiers>
        <_>
          <internalNodes>
            0 -1 28 1.0744567960500717e-01</internalNodes>
          <leafValues>
            4.5423144102096558e-01 -8.2608693838119507e-01</leafValues></_>
        <_>
          <internalNodes>
            0 -1 66 -2.4558650329709053e-03</internalNodes>
          <leafValues>
            3.8060799241065979e-01 -2.3225563764572144e-01</leafValues></_>
        <_>
          <internalNodes>
            0 -1 17 7.6897501945495605e-02</internalNodes>
          <leafValues>
            -1.7075063288211823e-01 7.2383189201354980e-01</leafValues></_>
        <_>
          <internalNodes>
            0 -1 85 -4.4174576178193092e-03</internalNodes>
          <leafValues>
            3.0720025300979614e-01 -2.8638425469398499e-01</leafValues></_>
        <_>
          <internalNodes>
            0 -1 24 -2.8489034622907639e-02</internalNodes>
          <leafValues>
            4.8513540625572205e-01 -2.2443497180938721e-01</leafValues></_>
        <_>
          <internalNodes>
            0 -1 32 -4.5408818870782852e-02</internalNodes>
          <leafValues>
            7.9997289180755615e-01 -1.0280951112508774e-01</leafValues></_>
        <_>
          <internalNodes>
            0 -1 53 3.5521931946277618e-02</internalNodes>
          <leafValues>
            1.7010232806205750e-01 -6.2058931589126587e-01</leafValues></_>
        <_>
          <internalNodes>
            0 -1 194 -7.5856205075979233e-03</internalNodes>
          <leafValues>
            4.9776306748390198e-01 -1.9754560291767120e-01</leafValues></_>
        <_>
          <internalNodes>
            0 -1 196 9.3038035556674004e-03</internalNodes>
          <leafValues>
            -1.6389046609401703e-01 6.2703514099121094e-01</leafValues></_>
        <_>
          <internalNodes>
            0 -1 120 -3.0233532190322876e-02</internalNodes>
          <leafValues>
            -8.1517869234085083e-01 1.4424322545528412e-01</leafValues></_>
        <_>
          <internalNodes>
            0 -1 219 2.8671611100435257e-02</internalNodes>
          <leafValues>
            -1.3072767853736877e-01 8.5671716928482056e-01</leafValues></_>
        <_>
          <internalNodes>
            0 -1 26 -9.0968191623687744e-02</internalNodes>
          <leafValues>
            -9.6260720491409302e-01 1.3051910698413849e-01</leafValues></_>
        <_>
          <internalNodes>
            0 -1 140 -1.0307507589459419e-02</internalNodes>
          <leafValues>
            2.5645846128463745e-01 -3.6539983749389648e-01</leafValues></_>
        <_>
          <internalNodes>
            0 -1 151 5.5764697026461363e-04</internalNodes>
          <leafValues>
            2.3459795117378235e-01 -5.4868537187576294e-01</leafValues></_></weakClassifiers></_>
    <!-- stage 18 -->
    <_>
      <maxWeakCount>19</maxWeakCount>
      <stageThreshold>-4.2688828706741333e-01</stageThreshold>
      <weakClassifiers>
        <_>
          <internalNodes>
            0 -1 106 -1.4797426760196686e-02</internalNodes>
          <leafValues>
            -7.0212763547897339e-01 4.4636678695678711e-01</leafValues></_>
        <_>
          <internalNodes>
            0 -1 131 8.6556021124124527e-03</internalNodes>
          <leafValues>
            -3.5642790794372559e-01 2.8870999813079834e-01</leafValues></_>
        <_>
          <internalNodes>
            0 -1 172 1.1536683887243271e-03</internalNodes>
          <leafValues>
            1.0967345535755157e-01 -5.4634577035903931e-01</leafValues></_>
        <_>
          <internalNodes>
            0 -1 51 5.5618607439100742e-04</internalNodes>
          <leafValues>
            1.9099988043308258e-01 -4.3052339553833008e-01</leafValues></_>
        <_>
          <internalNodes>
            0 -1 98 -6.3465507701039314e-03</internalNodes>
          <leafValues>
            3.1732419133186340e-01 -2.6902759075164795e-01</leafValues></_>
        <_>
          <internalNodes>
            0 -1 7 5.3745968034490943e-04</internalNodes>
          <leafValues>
            2.5316706299781799e-01 -3.1070992350578308e-01</leafValues></_>
        <_>
          <internalNodes>
            0 -1 125 1.8651923164725304e-02</internalNodes>
          <leafValues>
            9.3340225517749786e-02 -7.1908545494079590e-01</leafValues></_>
        <_>
          <internalNodes>
            0 -1 121 -3.3730179071426392e-02</internalNodes>
          <leafValues>
            -8.9355200529098511e-01 7.4733436107635498e-02</leafValues></_>
        <_>
          <internalNodes>
            0 -1 205 3.5653304308652878e-02</internalNodes>
          <leafValues>
            -1.9264675676822662e-01 4.6626344323158264e-01</leafValues></_>
        <_>
          <internalNodes>
            0 -1 57 -8.2930866628885269e-03</internalNodes>
          <leafValues>
            3.1674599647521973e-01 -2.9110455513000488e-01</leafValues></_>
        <_>
          <internalNodes>
            0 -1 123 6.9100707769393921e-02</internalNodes>
          <leafValues>
            1.0315658152103424e-01 -7.7417844533920288e-01</leafValues></_>
        <_>
          <internalNodes>
            0 -1 159 -4.1060857474803925e-03</internalNodes>
          <leafValues>
            5.1088297367095947e-01 -1.8431377410888672e-01</leafValues></_>
        <_>
          <internalNodes>
            0 -1 155 6.6146440804004669e-03</internalNodes>
          <leafValues>
            -2.0286765694618225e-01 4.7129988670349121e-01</leafValues></_>
        <_>
          <internalNodes>
            0 -1 204 -1.1954498477280140e-03</internalNodes>
          <leafValues>
            -4.5427137613296509e-01 1.7843475937843323e-01</leafValues></_>
        <_>
          <internalNodes>
            0 -1 19 -6.2431134283542633e-03</internalNodes>
          <leafValues>
            5.2442592382431030e-01 -1.6923707723617554e-01</leafValues></_>
        <_>
          <internalNodes>
            0 -1 18 6.3144258456304669e-04</internalNodes>
          <leafValues>
            2.4499429762363434e-01 -3.9627075195312500e-01</leafValues></_>
        <_>
          <internalNodes>
            0 -1 4 1.8008276820182800e-02</internalNodes>
          <leafValues>
            -2.0098441839218140e-01 4.9232783913612366e-01</leafValues></_>
        <_>
          <internalNodes>
            0 -1 74 -1.4298201538622379e-02</internalNodes>
          <leafValues>
            5.7669216394424438e-01 -1.3988679647445679e-01</leafValues></_>
        <_>
          <internalNodes>
            0 -1 193 4.9064729362726212e-02</internalNodes>
          <leafValues>
            -7.9521343111991882e-02 8.7609815597534180e-01</leafValues></_></weakClassifiers></_>
    <!-- stage 19 -->
    <_>
      <maxWeakCount>15</maxWeakCount>
      <stageThreshold>-6.1948263645172119e-01</stageThreshold>
      <weakClassifiers>
        <_>
          <internalNodes>
            0 -1 65 6.7296408116817474e-02</internalNodes>
          <leafValues>
            4.1903170943260193e-01 -1.</leafValues></_>
        <_>
          <internalNodes>
            0 -1 20 -9.0379063040018082e-03</internalNodes>
          <leafValues>
            5.6276577711105347e-01 -1.4423784613609314e-01</leafValues></_>
        <_>
          <internalNodes>
            0 -1 163 -3.1164684332907200e-03</internalNodes>
          <leafValues>
            6.1812931299209595e-01 -1.3417631387710571e-01</leafValues></_>
        <_>
          <internalNodes>
            0 -1 144 1.8657961627468467e-03</internalNodes>
          <leafValues>
            -2.0663817226886749e-01 4.7207552194595337e-01</leafValues></_>
        <_>
          <internalNodes>
            0 -1 195 7.2006415575742722e-03</internalNodes>
          <leafValues>
            -1.2008980661630630e-01 7.0381981134414673e-01</leafValues></_>
        <_>
          <internalNodes>
            0 -1 63 1.7417073249816895e-02</internalNodes>
          <leafValues>
            -1.3318426907062531e-01 6.9627958536148071e-01</leafValues></_>
        <_>
          <internalNodes>
            0 -1 52 -1.7798926681280136e-02</internalNodes>
          <leafValues>
            6.2870866060256958e-01 -1.3173609972000122e-01</leafValues></_>
        <_>
          <internalNodes>
            0 -1 176 2.3108467459678650e-02</internalNodes>
          <leafValues>
            -2.8659942746162415e-01 3.2038378715515137e-01</leafValues></_>
        <_>
          <internalNodes>
            0 -1 222 6.7218760959804058e-03</internalNodes>
          <leafValues>
            -1.2384339421987534e-01 6.2778258323669434e-01</leafValues></_>
        <_>
          <internalNodes>
            0 -1 40 1.1963462457060814e-02</internalNodes>
          <leafValues>
            -1.2381763756275177e-01 6.2228566408157349e-01</leafValues></_>
        <_>
          <internalNodes>
            0 -1 137 5.9485947713255882e-03</internalNodes>
          <leafValues>
            -1.2236794829368591e-01 6.7307686805725098e-01</leafValues></_>
        <_>
          <internalNodes>
            0 -1 127 2.1799758076667786e-02</internalNodes>
          <leafValues>
            1.6738688945770264e-01 -5.8225309848785400e-01</leafValues></_>
        <_>
          <internalNodes>
            0 -1 44 -2.8303153812885284e-02</internalNodes>
          <leafValues>
            -7.6651388406753540e-01 1.0579551011323929e-01</leafValues></_>
        <_>
          <internalNodes>
            0 -1 167 1.0074052261188626e-03</internalNodes>
          <leafValues>
            -2.8311726450920105e-01 3.2698068022727966e-01</leafValues></_>
        <_>
          <internalNodes>
            0 -1 160 -6.0500751715153456e-04</internalNodes>
          <leafValues>
            3.6745586991310120e-01 -2.5351452827453613e-01</leafValues></_></weakClassifiers></_></stages>
  <features>
    <_>
      <rects>
        <_>
          0 0 2 1 -1.</_>
        <_>
          1 0 1 1 2.</_></rects>
      <tilted>0</tilted></_>
    <_>
      <rects>
        <_>
          0 0 3 1 -1.</_>
        <_>
          1 0 1 1 3.</_></rects>
      <tilted>0</tilted></_>
    <_>
      <rects>
        <_>
          0 0 1 18 -1.</_>
        <_>
          0 6 1 6 3.</_></rects>
      <tilted>0</tilted></_>
    <_>
      <rects>
        <_>
          0 0 2 12 -1.</_>
        <_>
          0 0 1 6 2.</_>
        <_>
          1 6 1 6 2.</_></rects>
      <tilted>0</tilted></_>
    <_>
      <rects>
        <_>
          0 0 2 18 -1.</_>
        <_>
          1 0 1 18 2.</_></rects>
      <tilted>0</tilted></_>
    <_>
      <rects>
        <_>
          0 0 8 6 -1.</_>
        <_>
          4 0 4 6 2.</_></rects>
      <tilted>0</tilted></_>
    <_>
      <rects>
        <_>
          0 0 14 17 -1.</_>
        <_>
          7 0 7 17 2.</_></rects>
      <tilted>0</tilted></_>
    <_>
      <rects>
        <_>
          0 2 2 2 -1.</_>
        <_>
          1 2 1 2 2.</_></rects>
      <tilted>0</tilted></_>
    <_>
      <rects>
        <_>
          0 2 1 15 -1.</_>
        <_>
          0 7 1 5 3.</_></rects>
      <tilted>0</tilted></_>
    <_>
      <rects>
        <_>
          0 2 2 10 -1.</_>
        <_>
          0 2 1 5 2.</_>
        <_>
          1 7 1 5 2.</_></rects>
      <tilted>0</tilted></_>
    <_>
      <rects>
        <_>
          0 2 3 17 -1.</_>
        <_>
          1 2 1 17 3.</_></rects>
      <tilted>0</tilted></_>
    <_>
      <rects>
        <_>
          0 2 8 10 -1.</_>
        <_>
          0 2 4 5 2.</_>
        <_>
          4 7 4 5 2.</_></rects>
      <tilted>0</tilted></_>
    <_>
      <rects>
        <_>
          0 2 12 18 -1.</_>
        <_>
          0 11 12 9 2.</_></rects>
      <tilted>0</tilted></_>
    <_>
      <rects>
        <_>
          0 3 2 8 -1.</_>
        <_>
          0 3 1 4 2.</_>
        <_>
          1 7 1 4 2.</_></rects>
      <tilted>0</tilted></_>
    <_>
      <rects>
        <_>
          0 3 3 16 -1.</_>
        <_>
          1 3 1 16 3.</_></rects>
      <tilted>0</tilted></_>
    <_>
      <rects>
        <_>
          0 3 8 2 -1.</_>
        <_>
          0 3 4 1 2.</_>
        <_>
          4 4 4 1 2.</_></rects>
      <tilted>0</tilted></_>
    <_>
      <rects>
        <_>
          0 4 6 11 -1.</_>
        <_>
          3 4 3 11 2.</_></rects>
      <tilted>0</tilted></_>
    <_>
      <rects>
        <_>
          0 4 15 4 -1.</_>
        <_>
          5 4 5 4 3.</_></rects>
      <tilted>0</tilted></_>
    <_>
      <rects>
        <_>
          0 5 2 1 -1.</_>
        <_>
          1 5 1 1 2.</_></rects>
      <tilted>0</tilted></_>
    <_>
      <rects>
        <_>
          0 5 2 4 -1.</_>
        <_>
          0 5 1 2 2.</_>
        <_>
          1 7 1 2 2.</_></rects>
      <tilted>0</tilted></_>
    <_>
      <rects>
        <_>
          0 5 2 6 -1.</_>
        <_>
          0 5 1 3 2.</_>
        <_>
          1 8 1 3 2.</_></rects>
      <tilted>0</tilted></_>
    <_>
      <rects>
        <_>
          0 5 2 12 -1.</_>
        <_>
          0 5 1 6 2.</_>
        <_>
          1 11 1 6 2.</_></rects>
      <tilted>0</tilted></_>
    <_>
      <rects>
        <_>
          0 5 15 10 -1.</_>
        <_>
          0 10 15 5 2.</_></rects>
      <tilted>0</tilted></_>
    <_>
      <rects>
        <_>
          0 6 2 12 -1.</_>
        <_>
          0 6 1 6 2.</_>
        <_>
          1 12 1 6 2.</_></rects>
      <tilted>0</tilted></_>
    <_>
      <rects>
        <_>
          0 6 1 14 -1.</_>
        <_>
          0 13 1 7 2.</_></rects>
      <tilted>0</tilted></_>
    <_>
      <rects>
        <_>
          0 6 7 6 -1.</_>
        <_>
          0 8 7 2 3.</_></rects>
      <tilted>0</tilted></_>
    <_>
      <rects>
        <_>
          0 6 13 4 -1.</_>
        <_>
          0 8 13 2 2.</_></rects>
      <tilted>0</tilted></_>
    <_>
      <rects>
        <_>
          0 7 5 6 -1.</_>
        <_>
          0 10 5 3 2.</_></rects>
      <tilted>0</tilted></_>
    <_>
      <rects>
        <_>
          0 7 14 6 -1.</_>
        <_>
          0 10 14 3 2.</_></rects>
      <tilted>0</tilted></_>
    <_>
      <rects>
        <_>
          0 8 3 2 -1.</_>
        <_>
          1 8 1 2 3.</_></rects>
      <tilted>0</tilted></_>
    <_>
      <rects>
        <_>
          0 8 3 9 -1.</_>
        <_>
          1 8 1 9 3.</_></rects>
      <tilted>0</tilted></_>
    <_>
      <rects>
        <_>
          0 8 2 10 -1.</_>
        <_>
          0 13 2 5 2.</_></rects>
      <tilted>0</tilted></_>
    <_>
      <rects>
        <_>
          0 8 4 12 -1.</_>
        <_>
          0 8 2 6 2.</_>
        <_>
          2 14 2 6 2.</_></rects>
      <tilted>0</tilted></_>
    <_>
      <rects>
        <_>
          0 9 3 1 -1.</_>
        <_>
          1 9 1 1 3.</_></rects>
      <tilted>0</tilted></_>
    <_>
      <rects>
        <_>
          0 9 3 2 -1.</_>
        <_>
          1 9 1 2 3.</_></rects>
      <tilted>0</tilted></_>
    <_>
      <rects>
        <_>
          0 9 3 3 -1.</_>
        <_>
          1 9 1 3 3.</_></rects>
      <tilted>0</tilted></_>
    <_>
      <rects>
        <_>
          0 10 3 1 -1.</_>
        <_>
          1 10 1 1 3.</_></rects>
      <tilted>0</tilted></_>
    <_>
      <rects>
        <_>
          0 10 3 2 -1.</_>
        <_>
          1 10 1 2 3.</_></rects>
      <tilted>0</tilted></_>
    <_>
      <rects>
        <_>
          0 10 14 4 -1.</_>
        <_>
          0 12 14 2 2.</_></rects>
      <tilted>0</tilted></_>
    <_>
      <rects>
        <_>
          0 11 3 1 -1.</_>
        <_>
          1 11 1 1 3.</_></rects>
      <tilted>0</tilted></_>
    <_>
      <rects>
        <_>
          0 11 2 4 -1.</_>
        <_>
          1 11 1 4 2.</_></rects>
      <tilted>0</tilted></_>
    <_>
      <rects>
        <_>
          0 11 15 6 -1.</_>
        <_>
          5 11 5 6 3.</_></rects>
      <tilted>0</tilted></_>
    <_>
      <rects>
        <_>
          0 12 12 8 -1.</_>
        <_>
          0 16 12 4 2.</_></rects>
      <tilted>0</tilted></_>
    <_>
      <rects>
        <_>
          0 13 3 1 -1.</_>
        <_>
          1 13 1 1 3.</_></rects>
      <tilted>0</tilted></_>
    <_>
      <rects>
        <_>
          0 13 14 1 -1.</_>
        <_>
          7 13 7 1 2.</_></rects>
      <tilted>0</tilted></_>
    <_>
      <rects>
        <_>
          0 18 1 2 -1.</_>
        <_>
          0 19 1 1 2.</_></rects>
      <tilted>0</tilted></_>
    <_>
      <rects>
        <_>
          1 0 1 2 -1.</_>
        <_>
          1 1 1 1 2.</_></rects>
      <tilted>0</tilted></_>
    <_>
      <rects>
        <_>
          1 0 12 4 -1.</_>
        <_>
          1 0 6 2 2.</_>
        <_>
          7 2 6 2 2.</_></rects>
      <tilted>0</tilted></_>
    <_>
      <rects>
        <_>
          1 2 1 16 -1.</_>
        <_>
          1 10 1 8 2.</_></rects>
      <tilted>0</tilted></_>
    <_>
      <rects>
        <_>
          1 2 8 3 -1.</_>
        <_>
          1 3 8 1 3.</_></rects>
      <tilted>0</tilted></_>
    <_>
      <rects>
        <_>
          1 3 2 1 -1.</_>
        <_>
          2 3 1 1 2.</_></rects>
      <tilted>0</tilted></_>
    <_>
      <rects>
        <_>
          1 4 2 2 -1.</_>
        <_>
          1 4 1 1 2.</_>
        <_>
          2 5 1 1 2.</_></rects>
      <tilted>0</tilted></_>
    <_>
      <rects>
        <_>
          1 4 12 1 -1.</_>
        <_>
          5 4 4 1 3.</_></rects>
      <tilted>0</tilted></_>
    <_>
      <rects>
        <_>
          1 4 13 9 -1.</_>
        <_>
          1 7 13 3 3.</_></rects>
      <tilted>0</tilted></_>
    <_>
      <rects>
        <_>
          1 5 14 9 -1.</_>
        <_>
          1 8 14 3 3.</_></rects>
      <tilted>0</tilted></_>
    <_>
      <rects>
        <_>
          1 6 12 6 -1.</_>
        <_>
          7 6 6 6 2.</_></rects>
      <tilted>0</tilted></_>
    <_>
      <rects>
        <_>
          1 6 14 14 -1.</_>
        <_>
          8 6 7 14 2.</_></rects>
      <tilted>0</tilted></_>
    <_>
      <rects>
        <_>
          1 8 6 2 -1.</_>
        <_>
          4 8 3 2 2.</_></rects>
      <tilted>0</tilted></_>
    <_>
      <rects>
        <_>
          1 9 6 4 -1.</_>
        <_>
          4 9 3 4 2.</_></rects>
      <tilted>0</tilted></_>
    <_>
      <rects>
        <_>
          1 9 8 10 -1.</_>
        <_>
          1 9 4 5 2.</_>
        <_>
          5 14 4 5 2.</_></rects>
      <tilted>0</tilted></_>
    <_>
      <rects>
        <_>
          1 16 1 2 -1.</_>
        <_>
          1 17 1 1 2.</_></rects>
      <tilted>0</tilted></_>
    <_>
      <rects>
        <_>
          2 1 2 1 -1.</_>
        <_>
          3 1 1 1 2.</_></rects>
      <tilted>0</tilted></_>
    <_>
      <rects>
        <_>
          2 1 5 10 -1.</_>
        <_>
          2 6 5 5 2.</_></rects>
      <tilted>0</tilted></_>
    <_>
      <rects>
        <_>
          2 2 9 2 -1.</_>
        <_>
          2 3 9 1 2.</_></rects>
      <tilted>0</tilted></_>
    <_>
      <rects>
        <_>
          2 3 6 2 -1.</_>
        <_>
          2 3 3 1 2.</_>
        <_>
          5 4 3 1 2.</_></rects>
      <tilted>0</tilted></_>
    <_>
      <rects>
        <_>
          2 6 8 8 -1.</_>
        <_>
          2 6 4 4 2.</_>
        <_>
          6 10 4 4 2.</_></rects>
      <tilted>0</tilted></_>
    <_>
      <rects>
        <_>
          2 6 5 2 -1.</_>
        <_>
          2 7 5 1 2.</_></rects>
      <tilted>0</tilted></_>
    <_>
      <rects>
        <_>
          2 7 8 4 -1.</_>
        <_>
          6 7 4 4 2.</_></rects>
      <tilted>0</tilted></_>
    <_>
      <rects>
        <_>
          2 9 8 2 -1.</_>
        <_>
          6 9 4 2 2.</_></rects>
      <tilted>0</tilted></_>
    <_>
      <rects>
        <_>
          2 10 2 1 -1.</_>
        <_>
          3 10 1 1 2.</_></rects>
      <tilted>0</tilted></_>
    <_>
      <rects>
        <_>
          2 12 2 8 -1.</_>
        <_>
          2 16 2 4 2.</_></rects>
      <tilted>0</tilted></_>
    <_>
      <rects>
        <_>
          2 17 1 2 -1.</_>
        <_>
          2 18 1 1 2.</_></rects>
      <tilted>0</tilted></_>
    <_>
      <rects>
        <_>
          3 0 2 1 -1.</_>
        <_>
          4 0 1 1 2.</_></rects>
      <tilted>0</tilted></_>
    <_>
      <rects>
        <_>
          3 0 3 2 -1.</_>
        <_>
          3 1 3 1 2.</_></rects>
      <tilted>0</tilted></_>
    <_>
      <rects>
        <_>
          3 0 6 4 -1.</_>
        <_>
          3 0 3 2 2.</_>
        <_>
          6 2 3 2 2.</_></rects>
      <tilted>0</tilted></_>
    <_>
      <rects>
        <_>
          3 2 1 6 -1.</_>
        <_>
          3 4 1 2 3.</_></rects>
      <tilted>0</tilted></_>
    <_>
      <rects>
        <_>
          3 3 8 12 -1.</_>
        <_>
          3 7 8 4 3.</_></rects>
      <tilted>0</tilted></_>
    <_>
      <rects>
        <_>
          3 6 6 6 -1.</_>
        <_>
          6 6 3 6 2.</_></rects>
      <tilted>0</tilted></_>
    <_>
      <rects>
        <_>
          3 6 5 3 -1.</_>
        <_>
          3 7 5 1 3.</_></rects>
      <tilted>0</tilted></_>
    <_>
      <rects>
        <_>
          3 7 8 7 -1.</_>
        <_>
          7 7 4 7 2.</_></rects>
      <tilted>0</tilted></_>
    <_>
      <rects>
        <_>
          3 8 8 6 -1.</_>
        <_>
          3 11 8 3 2.</_></rects>
      <tilted>0</tilted></_>
    <_>
      <rects>
        <_>
          3 10 9 3 -1.</_>
        <_>
          6 10 3 3 3.</_></rects>
      <tilted>0</tilted></_>
    <_>
      <rects>
        <_>
          3 10 8 4 -1.</_>
        <_>
          7 10 4 4 2.</_></rects>
      <tilted>0</tilted></_>
    <_>
      <rects>
        <_>
          3 10 8 5 -1.</_>
        <_>
          7 10 4 5 2.</_></rects>
      <tilted>0</tilted></_>
    <_>
      <rects>
        <_>
          3 11 2 1 -1.</_>
        <_>
          4 11 1 1 2.</_></rects>
      <tilted>0</tilted></_>
    <_>
      <rects>
        <_>
          3 11 4 4 -1.</_>
        <_>
          5 11 2 4 2.</_></rects>
      <tilted>0</tilted></_>
    <_>
      <rects>
        <_>
          3 11 11 2 -1.</_>
        <_>
          3 12 11 1 2.</_></rects>
      <tilted>0</tilted></_>
    <_>
      <rects>
        <_>
          3 12 1 3 -1.</_>
        <_>
          3 13 1 1 3.</_></rects>
      <tilted>0</tilted></_>
    <_>
      <rects>
        <_>
          3 12 6 1 -1.</_>
        <_>
          6 12 3 1 2.</_></rects>
      <tilted>0</tilted></_>
    <_>
      <rects>
        <_>
          3 12 12 3 -1.</_>
        <_>
          9 12 6 3 2.</_></rects>
      <tilted>0</tilted></_>
    <_>
      <rects>
        <_>
          4 0 9 6 -1.</_>
        <_>
          4 3 9 3 2.</_></rects>
      <tilted>0</tilted></_>
    <_>
      <rects>
        <_>
          4 2 10 4 -1.</_>
        <_>
          4 4 10 2 2.</_></rects>
      <tilted>0</tilted></_>
    <_>
      <rects>
        <_>
          4 2 11 18 -1.</_>
        <_>
          4 11 11 9 2.</_></rects>
      <tilted>0</tilted></_>
    <_>
      <rects>
        <_>
          4 3 8 4 -1.</_>
        <_>
          4 5 8 2 2.</_></rects>
      <tilted>0</tilted></_>
    <_>
      <rects>
        <_>
          4 4 8 10 -1.</_>
        <_>
          8 4 4 10 2.</_></rects>
      <tilted>0</tilted></_>
    <_>
      <rects>
        <_>
          4 4 7 6 -1.</_>
        <_>
          4 7 7 3 2.</_></rects>
      <tilted>0</tilted></_>
    <_>
      <rects>
        <_>
          4 5 5 6 -1.</_>
        <_>
          4 8 5 3 2.</_></rects>
      <tilted>0</tilted></_>
    <_>
      <rects>
        <_>
          4 5 6 9 -1.</_>
        <_>
          4 8 6 3 3.</_></rects>
      <tilted>0</tilted></_>
    <_>
      <rects>
        <_>
          4 5 9 2 -1.</_>
        <_>
          4 6 9 1 2.</_></rects>
      <tilted>0</tilted></_>
    <_>
      <rects>
        <_>
          4 6 2 6 -1.</_>
        <_>
          4 9 2 3 2.</_></rects>
      <tilted>0</tilted></_>
    <_>
      <rects>
        <_>
          4 6 9 2 -1.</_>
        <_>
          7 6 3 2 3.</_></rects>
      <tilted>0</tilted></_>
    <_>
      <rects>
        <_>
          4 6 9 8 -1.</_>
        <_>
          7 6 3 8 3.</_></rects>
      <tilted>0</tilted></_>
    <_>
      <rects>
        <_>
          4 7 1 8 -1.</_>
        <_>
          4 11 1 4 2.</_></rects>
      <tilted>0</tilted></_>
    <_>
      <rects>
        <_>
          4 8 2 2 -1.</_>
        <_>
          4 8 1 1 2.</_>
        <_>
          5 9 1 1 2.</_></rects>
      <tilted>0</tilted></_>
    <_>
      <rects>
        <_>
          4 8 6 4 -1.</_>
        <_>
          6 8 2 4 3.</_></rects>
      <tilted>0</tilted></_>
    <_>
      <rects>
        <_>
          4 8 7 6 -1.</_>
        <_>
          4 11 7 3 2.</_></rects>
      <tilted>0</tilted></_>
    <_>
      <rects>
        <_>
          4 9 2 4 -1.</_>
        <_>
          5 9 1 4 2.</_></rects>
      <tilted>0</tilted></_>
    <_>
      <rects>
        <_>
          4 9 4 1 -1.</_>
        <_>
          6 9 2 1 2.</_></rects>
      <tilted>0</tilted></_>
    <_>
      <rects>
        <_>
          4 9 7 3 -1.</_>
        <_>
          4 10 7 1 3.</_></rects>
      <tilted>0</tilted></_>
    <_>
      <rects>
        <_>
          4 10 6 4 -1.</_>
        <_>
          4 12 6 2 2.</_></rects>
      <tilted>0</tilted></_>
    <_>
      <rects>
        <_>
          4 11 11 3 -1.</_>
        <_>
          4 12 11 1 3.</_></rects>
      <tilted>0</tilted></_>
    <_>
      <rects>
        <_>
          4 12 2 1 -1.</_>
        <_>
          5 12 1 1 2.</_></rects>
      <tilted>0</tilted></_>
    <_>
      <rects>
        <_>
          4 12 6 4 -1.</_>
        <_>
          7 12 3 4 2.</_></rects>
      <tilted>0</tilted></_>
    <_>
      <rects>
        <_>
          4 13 4 4 -1.</_>
        <_>
          6 13 2 4 2.</_></rects>
      <tilted>0</tilted></_>
    <_>
      <rects>
        <_>
          4 15 1 2 -1.</_>
        <_>
          4 16 1 1 2.</_></rects>
      <tilted>0</tilted></_>
    <_>
      <rects>
        <_>
          4 16 9 3 -1.</_>
        <_>
          7 16 3 3 3.</_></rects>
      <tilted>0</tilted></_>
    <_>
      <rects>
        <_>
          5 0 4 20 -1.</_>
        <_>
          5 10 4 10 2.</_></rects>
      <tilted>0</tilted></_>
    <_>
      <rects>
        <_>
          5 1 3 4 -1.</_>
        <_>
          6 1 1 4 3.</_></rects>
      <tilted>0</tilted></_>
    <_>
      <rects>
        <_>
          5 2 1 3 -1.</_>
        <_>
          5 3 1 1 3.</_></rects>
      <tilted>0</tilted></_>
    <_>
      <rects>
        <_>
          5 3 1 2 -1.</_>
        <_>
          5 4 1 1 2.</_></rects>
      <tilted>0</tilted></_>
    <_>
      <rects>
        <_>
          5 3 2 16 -1.</_>
        <_>
          6 3 1 16 2.</_></rects>
      <tilted>0</tilted></_>
    <_>
      <rects>
        <_>
          5 3 4 8 -1.</_>
        <_>
          7 3 2 8 2.</_></rects>
      <tilted>0</tilted></_>
    <_>
      <rects>
        <_>
          5 3 6 12 -1.</_>
        <_>
          7 3 2 12 3.</_></rects>
      <tilted>0</tilted></_>
    <_>
      <rects>
        <_>
          5 3 6 14 -1.</_>
        <_>
          8 3 3 14 2.</_></rects>
      <tilted>0</tilted></_>
    <_>
      <rects>
        <_>
          5 4 4 10 -1.</_>
        <_>
          5 9 4 5 2.</_></rects>
      <tilted>0</tilted></_>
    <_>
      <rects>
        <_>
          5 5 1 12 -1.</_>
        <_>
          5 11 1 6 2.</_></rects>
      <tilted>0</tilted></_>
    <_>
      <rects>
        <_>
          5 5 6 9 -1.</_>
        <_>
          8 5 3 9 2.</_></rects>
      <tilted>0</tilted></_>
    <_>
      <rects>
        <_>
          5 5 4 10 -1.</_>
        <_>
          5 10 4 5 2.</_></rects>
      <tilted>0</tilted></_>
    <_>
      <rects>
        <_>
          5 6 2 4 -1.</_>
        <_>
          5 6 1 2 2.</_>
        <_>
          6 8 1 2 2.</_></rects>
      <tilted>0</tilted></_>
    <_>
      <rects>
        <_>
          5 6 2 4 -1.</_>
        <_>
          5 8 2 2 2.</_></rects>
      <tilted>0</tilted></_>
    <_>
      <rects>
        <_>
          5 7 3 3 -1.</_>
        <_>
          6 7 1 3 3.</_></rects>
      <tilted>0</tilted></_>
    <_>
      <rects>
        <_>
          5 7 5 8 -1.</_>
        <_>
          5 11 5 4 2.</_></rects>
      <tilted>0</tilted></_>
    <_>
      <rects>
        <_>
          5 8 3 1 -1.</_>
        <_>
          6 8 1 1 3.</_></rects>
      <tilted>0</tilted></_>
    <_>
      <rects>
        <_>
          5 9 3 3 -1.</_>
        <_>
          6 9 1 3 3.</_></rects>
      <tilted>0</tilted></_>
    <_>
      <rects>
        <_>
          5 13 2 1 -1.</_>
        <_>
          6 13 1 1 2.</_></rects>
      <tilted>0</tilted></_>
    <_>
      <rects>
        <_>
          5 14 10 6 -1.</_>
        <_>
          5 17 10 3 2.</_></rects>
      <tilted>0</tilted></_>
    <_>
      <rects>
        <_>
          5 15 4 1 -1.</_>
        <_>
          7 15 2 1 2.</_></rects>
      <tilted>0</tilted></_>
    <_>
      <rects>
        <_>
          6 1 1 3 -1.</_>
        <_>
          6 2 1 1 3.</_></rects>
      <tilted>0</tilted></_>
    <_>
      <rects>
        <_>
          6 3 4 8 -1.</_>
        <_>
          6 7 4 4 2.</_></rects>
      <tilted>0</tilted></_>
    <_>
      <rects>
        <_>
          6 5 5 6 -1.</_>
        <_>
          6 8 5 3 2.</_></rects>
      <tilted>0</tilted></_>
    <_>
      <rects>
        <_>
          6 6 3 6 -1.</_>
        <_>
          6 9 3 3 2.</_></rects>
      <tilted>0</tilted></_>
    <_>
      <rects>
        <_>
          6 7 3 2 -1.</_>
        <_>
          7 7 1 2 3.</_></rects>
      <tilted>0</tilted></_>
    <_>
      <rects>
        <_>
          6 7 8 1 -1.</_>
        <_>
          10 7 4 1 2.</_></rects>
      <tilted>0</tilted></_>
    <_>
      <rects>
        <_>
          6 8 2 6 -1.</_>
        <_>
          6 10 2 2 3.</_></rects>
      <tilted>0</tilted></_>
    <_>
      <rects>
        <_>
          6 9 2 2 -1.</_>
        <_>
          6 9 1 1 2.</_>
        <_>
          7 10 1 1 2.</_></rects>
      <tilted>0</tilted></_>
    <_>
      <rects>
        <_>
          6 9 3 4 -1.</_>
        <_>
          7 9 1 4 3.</_></rects>
      <tilted>0</tilted></_>
    <_>
      <rects>
        <_>
          6 9 2 6 -1.</_>
        <_>
          6 12 2 3 2.</_></rects>
      <tilted>0</tilted></_>
    <_>
      <rects>
        <_>
          6 9 3 2 -1.</_>
        <_>
          6 10 3 1 2.</_></rects>
      <tilted>0</tilted></_>
    <_>
      <rects>
        <_>
          6 10 3 1 -1.</_>
        <_>
          7 10 1 1 3.</_></rects>
      <tilted>0</tilted></_>
    <_>
      <rects>
        <_>
          6 11 2 2 -1.</_>
        <_>
          6 12 2 1 2.</_></rects>
      <tilted>0</tilted></_>
    <_>
      <rects>
        <_>
          6 12 9 7 -1.</_>
        <_>
          9 12 3 7 3.</_></rects>
      <tilted>0</tilted></_>
    <_>
      <rects>
        <_>
          6 14 2 1 -1.</_>
        <_>
          7 14 1 1 2.</_></rects>
      <tilted>0</tilted></_>
    <_>
      <rects>
        <_>
          6 15 4 1 -1.</_>
        <_>
          8 15 2 1 2.</_></rects>
      <tilted>0</tilted></_>
    <_>
      <rects>
        <_>
          6 16 2 2 -1.</_>
        <_>
          6 17 2 1 2.</_></rects>
      <tilted>0</tilted></_>
    <_>
      <rects>
        <_>
          7 0 2 1 -1.</_>
        <_>
          8 0 1 1 2.</_></rects>
      <tilted>0</tilted></_>
    <_>
      <rects>
        <_>
          7 6 1 12 -1.</_>
        <_>
          7 10 1 4 3.</_></rects>
      <tilted>0</tilted></_>
    <_>
      <rects>
        <_>
          7 6 3 9 -1.</_>
        <_>
          8 6 1 9 3.</_></rects>
      <tilted>0</tilted></_>
    <_>
      <rects>
        <_>
          7 6 2 6 -1.</_>
        <_>
          7 9 2 3 2.</_></rects>
      <tilted>0</tilted></_>
    <_>
      <rects>
        <_>
          7 7 6 6 -1.</_>
        <_>
          9 7 2 6 3.</_></rects>
      <tilted>0</tilted></_>
    <_>
      <rects>
        <_>
          7 8 1 4 -1.</_>
        <_>
          7 10 1 2 2.</_></rects>
      <tilted>0</tilted></_>
    <_>
      <rects>
        <_>
          7 8 2 3 -1.</_>
        <_>
          8 8 1 3 2.</_></rects>
      <tilted>0</tilted></_>
    <_>
      <rects>
        <_>
          7 8 3 3 -1.</_>
        <_>
          8 8 1 3 3.</_></rects>
      <tilted>0</tilted></_>
    <_>
      <rects>
        <_>
          7 8 5 4 -1.</_>
        <_>
          7 10 5 2 2.</_></rects>
      <tilted>0</tilted></_>
    <_>
      <rects>
        <_>
          7 9 1 2 -1.</_>
        <_>
          7 10 1 1 2.</_></rects>
      <tilted>0</tilted></_>
    <_>
      <rects>
        <_>
          7 9 3 1 -1.</_>
        <_>
          8 9 1 1 3.</_></rects>
      <tilted>0</tilted></_>
    <_>
      <rects>
        <_>
          7 9 1 3 -1.</_>
        <_>
          7 10 1 1 3.</_></rects>
      <tilted>0</tilted></_>
    <_>
      <rects>
        <_>
          7 9 2 2 -1.</_>
        <_>
          7 9 1 1 2.</_>
        <_>
          8 10 1 1 2.</_></rects>
      <tilted>0</tilted></_>
    <_>
      <rects>
        <_>
          7 9 3 3 -1.</_>
        <_>
          8 9 1 3 3.</_></rects>
      <tilted>0</tilted></_>
    <_>
      <rects>
        <_>
          7 9 5 4 -1.</_>
        <_>
          7 11 5 2 2.</_></rects>
      <tilted>0</tilted></_>
    <_>
      <rects>
        <_>
          7 9 7 4 -1.</_>
        <_>
          7 11 7 2 2.</_></rects>
      <tilted>0</tilted></_>
    <_>
      <rects>
        <_>
          7 10 2 2 -1.</_>
        <_>
          8 10 1 2 2.</_></rects>
      <tilted>0</tilted></_>
    <_>
      <rects>
        <_>
          7 10 6 3 -1.</_>
        <_>
          9 10 2 3 3.</_></rects>
      <tilted>0</tilted></_>
    <_>
      <rects>
        <_>
          7 17 2 1 -1.</_>
        <_>
          8 17 1 1 2.</_></rects>
      <tilted>0</tilted></_>
    <_>
      <rects>
        <_>
          7 17 2 2 -1.</_>
        <_>
          7 17 1 1 2.</_>
        <_>
          8 18 1 1 2.</_></rects>
      <tilted>0</tilted></_>
    <_>
      <rects>
        <_>
          8 2 2 16 -1.</_>
        <_>
          8 10 2 8 2.</_></rects>
      <tilted>0</tilted></_>
    <_>
      <rects>
        <_>
          8 5 3 2 -1.</_>
        <_>
          9 5 1 2 3.</_></rects>
      <tilted>0</tilted></_>
    <_>
      <rects>
        <_>
          8 8 3 12 -1.</_>
        <_>
          8 12 3 4 3.</_></rects>
      <tilted>0</tilted></_>
    <_>
      <rects>
        <_>
          8 9 3 1 -1.</_>
        <_>
          9 9 1 1 3.</_></rects>
      <tilted>0</tilted></_>
    <_>
      <rects>
        <_>
          8 9 4 1 -1.</_>
        <_>
          10 9 2 1 2.</_></rects>
      <tilted>0</tilted></_>
    <_>
      <rects>
        <_>
          8 9 4 6 -1.</_>
        <_>
          8 9 2 3 2.</_>
        <_>
          10 12 2 3 2.</_></rects>
      <tilted>0</tilted></_>
    <_>
      <rects>
        <_>
          8 9 3 4 -1.</_>
        <_>
          8 11 3 2 2.</_></rects>
      <tilted>0</tilted></_>
    <_>
      <rects>
        <_>
          8 9 6 4 -1.</_>
        <_>
          8 9 3 2 2.</_>
        <_>
          11 11 3 2 2.</_></rects>
      <tilted>0</tilted></_>
    <_>
      <rects>
        <_>
          8 10 4 2 -1.</_>
        <_>
          10 10 2 2 2.</_></rects>
      <tilted>0</tilted></_>
    <_>
      <rects>
        <_>
          8 14 2 1 -1.</_>
        <_>
          9 14 1 1 2.</_></rects>
      <tilted>0</tilted></_>
    <_>
      <rects>
        <_>
          8 15 1 2 -1.</_>
        <_>
          8 16 1 1 2.</_></rects>
      <tilted>0</tilted></_>
    <_>
      <rects>
        <_>
          8 15 1 3 -1.</_>
        <_>
          8 16 1 1 3.</_></rects>
      <tilted>0</tilted></_>
    <_>
      <rects>
        <_>
          8 16 1 2 -1.</_>
        <_>
          8 17 1 1 2.</_></rects>
      <tilted>0</tilted></_>
    <_>
      <rects>
        <_>
          9 0 2 1 -1.</_>
        <_>
          10 0 1 1 2.</_></rects>
      <tilted>0</tilted></_>
    <_>
      <rects>
        <_>
          9 1 6 3 -1.</_>
        <_>
          11 1 2 3 3.</_></rects>
      <tilted>0</tilted></_>
    <_>
      <rects>
        <_>
          9 2 6 12 -1.</_>
        <_>
          9 8 6 6 2.</_></rects>
      <tilted>0</tilted></_>
    <_>
      <rects>
        <_>
          9 3 3 4 -1.</_>
        <_>
          10 3 1 4 3.</_></rects>
      <tilted>0</tilted></_>
    <_>
      <rects>
        <_>
          9 12 2 1 -1.</_>
        <_>
          10 12 1 1 2.</_></rects>
      <tilted>0</tilted></_>
    <_>
      <rects>
        <_>
          9 12 3 1 -1.</_>
        <_>
          10 12 1 1 3.</_></rects>
      <tilted>0</tilted></_>
    <_>
      <rects>
        <_>
          9 12 6 4 -1.</_>
        <_>
          12 12 3 4 2.</_></rects>
      <tilted>0</tilted></_>
    <_>
      <rects>
        <_>
          9 14 4 2 -1.</_>
        <_>
          11 14 2 2 2.</_></rects>
      <tilted>0</tilted></_>
    <_>
      <rects>
        <_>
          9 15 4 1 -1.</_>
        <_>
          11 15 2 1 2.</_></rects>
      <tilted>0</tilted></_>
    <_>
      <rects>
        <_>
          9 15 4 2 -1.</_>
        <_>
          11 15 2 2 2.</_></rects>
      <tilted>0</tilted></_>
    <_>
      <rects>
        <_>
          10 3 1 3 -1.</_>
        <_>
          10 4 1 1 3.</_></rects>
      <tilted>0</tilted></_>
    <_>
      <rects>
        <_>
          10 7 1 4 -1.</_>
        <_>
          10 9 1 2 2.</_></rects>
      <tilted>0</tilted></_>
    <_>
      <rects>
        <_>
          11 6 4 13 -1.</_>
        <_>
          13 6 2 13 2.</_></rects>
      <tilted>0</tilted></_>
    <_>
      <rects>
        <_>
          11 9 1 4 -1.</_>
        <_>
          11 11 1 2 2.</_></rects>
      <tilted>0</tilted></_>
    <_>
      <rects>
        <_>
          11 10 1 2 -1.</_>
        <_>
          11 11 1 1 2.</_></rects>
      <tilted>0</tilted></_>
    <_>
      <rects>
        <_>
          11 13 3 3 -1.</_>
        <_>
          12 13 1 3 3.</_></rects>
      <tilted>0</tilted></_>
    <_>
      <rects>
        <_>
          11 19 3 1 -1.</_>
        <_>
          12 19 1 1 3.</_></rects>
      <tilted>0</tilted></_>
    <_>
      <rects>
        <_>
          12 0 2 1 -1.</_>
        <_>
          13 0 1 1 2.</_></rects>
      <tilted>0</tilted></_>
    <_>
      <rects>
        <_>
          12 2 2 18 -1.</_>
        <_>
          12 8 2 6 3.</_></rects>
      <tilted>0</tilted></_>
    <_>
      <rects>
        <_>
          12 3 3 7 -1.</_>
        <_>
          13 3 1 7 3.</_></rects>
      <tilted>0</tilted></_>
    <_>
      <rects>
        <_>
          12 4 3 6 -1.</_>
        <_>
          13 4 1 6 3.</_></rects>
      <tilted>0</tilted></_>
    <_>
      <rects>
        <_>
          12 7 3 1 -1.</_>
        <_>
          13 7 1 1 3.</_></rects>
      <tilted>0</tilted></_>
    <_>
      <rects>
        <_>
          12 8 3 1 -1.</_>
        <_>
          13 8 1 1 3.</_></rects>
      <tilted>0</tilted></_>
    <_>
      <rects>
        <_>
          12 8 3 3 -1.</_>
        <_>
          13 8 1 3 3.</_></rects>
      <tilted>0</tilted></_>
    <_>
      <rects>
        <_>
          12 8 3 4 -1.</_>
        <_>
          13 8 1 4 3.</_></rects>
      <tilted>0</tilted></_>
    <_>
      <rects>
        <_>
          12 9 3 2 -1.</_>
        <_>
          13 9 1 2 3.</_></rects>
      <tilted>0</tilted></_>
    <_>
      <rects>
        <_>
          12 10 3 1 -1.</_>
        <_>
          13 10 1 1 3.</_></rects>
      <tilted>0</tilted></_>
    <_>
      <rects>
        <_>
          12 10 2 10 -1.</_>
        <_>
          12 10 1 5 2.</_>
        <_>
          13 15 1 5 2.</_></rects>
      <tilted>0</tilted></_>
    <_>
      <rects>
        <_>
          12 11 3 1 -1.</_>
        <_>
          13 11 1 1 3.</_></rects>
      <tilted>0</tilted></_>
    <_>
      <rects>
        <_>
          12 11 3 2 -1.</_>
        <_>
          13 11 1 2 3.</_></rects>
      <tilted>0</tilted></_>
    <_>
      <rects>
        <_>
          12 12 3 1 -1.</_>
        <_>
          13 12 1 1 3.</_></rects>
      <tilted>0</tilted></_>
    <_>
      <rects>
        <_>
          13 0 2 1 -1.</_>
        <_>
          14 0 1 1 2.</_></rects>
      <tilted>0</tilted></_>
    <_>
      <rects>
        <_>
          13 4 2 10 -1.</_>
        <_>
          13 4 1 5 2.</_>
        <_>
          14 9 1 5 2.</_></rects>
      <tilted>0</tilted></_>
    <_>
      <rects>
        <_>
          13 5 2 4 -1.</_>
        <_>
          13 5 1 2 2.</_>
        <_>
          14 7 1 2 2.</_></rects>
      <tilted>0</tilted></_>
    <_>
      <rects>
        <_>
          13 5 2 8 -1.</_>
        <_>
          13 5 1 4 2.</_>
        <_>
          14 9 1 4 2.</_></rects>
      <tilted>0</tilted></_>
    <_>
      <rects>
        <_>
          13 10 1 4 -1.</_>
        <_>
          13 12 1 2 2.</_></rects>
      <tilted>0</tilted></_>
    <_>
      <rects>
        <_>
          13 10 2 4 -1.</_>
        <_>
          13 10 1 2 2.</_>
        <_>
          14 12 1 2 2.</_></rects>
      <tilted>0</tilted></_>
    <_>
      <rects>
        <_>
          13 12 2 2 -1.</_>
        <_>
          13 12 1 1 2.</_>
        <_>
          14 13 1 1 2.</_></rects>
      <tilted>0</tilted></_>
    <_>
      <rects>
        <_>
          14 17 1 3 -1.</_>
        <_>
          14 18 1 1 3.</_></rects>
      <tilted>0</tilted></_></features></cascade>
</opencv_storage>
