<?xml version="1.0"?>
<opencv_storage>
<cascade>
  <stageType>BOOST</stageType>
  <featureType>HAAR</featureType>
  <height>66</height>
  <width>45</width>
  <stageParams>
    <boostType>GAB</boostType>
    <minHitRate>9.9900001287460327e-01</minHitRate>
    <maxFalseAlarm>5.0000000000000000e-01</maxFalseAlarm>
    <weightTrimRate>9.4999999999999996e-01</weightTrimRate>
    <maxDepth>1</maxDepth>
    <maxWeakCount>100</maxWeakCount></stageParams>
  <featureParams>
    <maxCatCount>0</maxCatCount>
    <featSize>1</featSize>
    <mode>BASIC</mode></featureParams>
  <stageNum>20</stageNum>
  <stages>
    <!-- stage 0 -->
    <_>
      <maxWeakCount>6</maxWeakCount>
      <stageThreshold>-4.0795677900314331e-01</stageThreshold>
      <weakClassifiers>
        <_>
          <internalNodes>
            0 -1 62 2.9434289317578077e-03</internalNodes>
          <leafValues>
            5.8724200725555420e-01 -9.5652174949645996e-01</leafValues></_>
        <_>
          <internalNodes>
            0 -1 136 2.4816853692755103e-04</internalNodes>
          <leafValues>
            -5.3684413433074951e-01 6.2323379516601562e-01</leafValues></_>
        <_>
          <internalNodes>
            0 -1 2 8.7689753854647279e-04</internalNodes>
          <leafValues>
            -4.3367317318916321e-01 6.9308114051818848e-01</leafValues></_>
        <_>
          <internalNodes>
            0 -1 151 -4.6332413330674171e-04</internalNodes>
          <leafValues>
            4.7429811954498291e-01 -5.7582026720046997e-01</leafValues></_>
        <_>
          <internalNodes>
            0 -1 51 8.7169170379638672e-02</internalNodes>
          <leafValues>
            3.8743239641189575e-01 -8.1704485416412354e-01</leafValues></_>
        <_>
          <internalNodes>
            0 -1 67 -1.5802840935066342e-03</internalNodes>
          <leafValues>
            3.1806519627571106e-01 -7.0990997552871704e-01</leafValues></_></weakClassifiers></_>
    <!-- stage 1 -->
    <_>
      <maxWeakCount>6</maxWeakCount>
      <stageThreshold>-6.6228652000427246e-01</stageThreshold>
      <weakClassifiers>
        <_>
          <internalNodes>
            0 -1 54 -3.3975453698076308e-04</internalNodes>
          <leafValues>
            6.0079050064086914e-01 -6.6386556625366211e-01</leafValues></_>
        <_>
          <internalNodes>
            0 -1 75 -8.3067687228322029e-03</internalNodes>
          <leafValues>
            5.9097892045974731e-01 -4.2207288742065430e-01</leafValues></_>
        <_>
          <internalNodes>
            0 -1 25 -1.5573096461594105e-03</internalNodes>
          <leafValues>
            7.7967298030853271e-01 -2.9276457428932190e-01</leafValues></_>
        <_>
          <internalNodes>
            0 -1 183 -7.3554012924432755e-03</internalNodes>
          <leafValues>
            6.5357655286788940e-01 -3.3618423342704773e-01</leafValues></_>
        <_>
          <internalNodes>
            0 -1 131 -2.0600389689207077e-03</internalNodes>
          <leafValues>
            5.7602930068969727e-01 -3.9912682771682739e-01</leafValues></_>
        <_>
          <internalNodes>
            0 -1 61 6.4430474303662777e-03</internalNodes>
          <leafValues>
            -5.3648042678833008e-01 4.8134866356849670e-01</leafValues></_></weakClassifiers></_>
    <!-- stage 2 -->
    <_>
      <maxWeakCount>4</maxWeakCount>
      <stageThreshold>-1.3907301472499967e-03</stageThreshold>
      <weakClassifiers>
        <_>
          <internalNodes>
            0 -1 85 -7.5290584936738014e-03</internalNodes>
          <leafValues>
            -9.2405062913894653e-01 5.4578757286071777e-01</leafValues></_>
        <_>
          <internalNodes>
            0 -1 101 3.0544870533049107e-03</internalNodes>
          <leafValues>
            -5.9050494432449341e-01 4.1870978474617004e-01</leafValues></_>
        <_>
          <internalNodes>
            0 -1 117 1.5359536744654179e-02</internalNodes>
          <leafValues>
            2.7104204893112183e-01 -1.</leafValues></_>
        <_>
          <internalNodes>
            0 -1 93 4.3851695954799652e-02</internalNodes>
          <leafValues>
            2.3290805518627167e-01 -9.5525085926055908e-01</leafValues></_></weakClassifiers></_>
    <!-- stage 3 -->
    <_>
      <maxWeakCount>6</maxWeakCount>
      <stageThreshold>-7.3778051137924194e-01</stageThreshold>
      <weakClassifiers>
        <_>
          <internalNodes>
            0 -1 35 -2.0896820351481438e-02</internalNodes>
          <leafValues>
            -9.2592591047286987e-01 4.8161122202873230e-01</leafValues></_>
        <_>
          <internalNodes>
            0 -1 10 1.2508125510066748e-03</internalNodes>
          <leafValues>
            -2.3945078253746033e-01 8.1535965204238892e-01</leafValues></_>
        <_>
          <internalNodes>
            0 -1 124 1.6874897992238402e-03</internalNodes>
          <leafValues>
            -3.6224722862243652e-01 5.6413424015045166e-01</leafValues></_>
        <_>
          <internalNodes>
            0 -1 146 1.7689904780127108e-04</internalNodes>
          <leafValues>
            -4.7484758496284485e-01 4.5786088705062866e-01</leafValues></_>
        <_>
          <internalNodes>
            0 -1 44 -1.7561782151460648e-02</internalNodes>
          <leafValues>
            6.4745306968688965e-01 -3.0378291010856628e-01</leafValues></_>
        <_>
          <internalNodes>
            0 -1 141 5.1989078201586381e-05</internalNodes>
          <leafValues>
            -3.1547051668167114e-01 6.2340801954269409e-01</leafValues></_></weakClassifiers></_>
    <!-- stage 4 -->
    <_>
      <maxWeakCount>7</maxWeakCount>
      <stageThreshold>-7.6425623893737793e-01</stageThreshold>
      <weakClassifiers>
        <_>
          <internalNodes>
            0 -1 105 6.4919460564851761e-03</internalNodes>
          <leafValues>
            4.9110320210456848e-01 -8.0952382087707520e-01</leafValues></_>
        <_>
          <internalNodes>
            0 -1 129 -1.4239655807614326e-02</internalNodes>
          <leafValues>
            -9.0222603082656860e-01 2.7711912989616394e-01</leafValues></_>
        <_>
          <internalNodes>
            0 -1 13 -2.4739294312894344e-03</internalNodes>
          <leafValues>
            9.5288544893264771e-01 -3.2055026292800903e-01</leafValues></_>
        <_>
          <internalNodes>
            0 -1 119 8.7567360606044531e-04</internalNodes>
          <leafValues>
            -4.6057164669036865e-01 4.2880454659461975e-01</leafValues></_>
        <_>
          <internalNodes>
            0 -1 37 6.5720682032406330e-03</internalNodes>
          <leafValues>
            -4.7801545262336731e-01 4.4198656082153320e-01</leafValues></_>
        <_>
          <internalNodes>
            0 -1 122 1.0774242400657386e-04</internalNodes>
          <leafValues>
            -3.0008342862129211e-01 6.7464989423751831e-01</leafValues></_>
        <_>
          <internalNodes>
            0 -1 69 -6.6072761546820402e-04</internalNodes>
          <leafValues>
            3.1671118736267090e-01 -7.2673535346984863e-01</leafValues></_></weakClassifiers></_>
    <!-- stage 5 -->
    <_>
      <maxWeakCount>9</maxWeakCount>
      <stageThreshold>-4.8445814847946167e-01</stageThreshold>
      <weakClassifiers>
        <_>
          <internalNodes>
            0 -1 1 2.0399656146764755e-02</internalNodes>
          <leafValues>
            -2.2943723201751709e-01 7.0558375120162964e-01</leafValues></_>
        <_>
          <internalNodes>
            0 -1 134 8.1728200893849134e-04</internalNodes>
          <leafValues>
            -4.8315098881721497e-01 4.6341809630393982e-01</leafValues></_>
        <_>
          <internalNodes>
            0 -1 86 4.5856628275942057e-05</internalNodes>
          <leafValues>
            2.6127508282661438e-01 -6.8937307596206665e-01</leafValues></_>
        <_>
          <internalNodes>
            0 -1 48 3.1241376418620348e-03</internalNodes>
          <leafValues>
            -3.5990989208221436e-01 5.6201440095901489e-01</leafValues></_>
        <_>
          <internalNodes>
            0 -1 84 9.1223785420879722e-04</internalNodes>
          <leafValues>
            -5.2417832612991333e-01 3.8275966048240662e-01</leafValues></_>
        <_>
          <internalNodes>
            0 -1 46 -5.7192696258425713e-03</internalNodes>
          <leafValues>
            7.1537876129150391e-01 -2.8695595264434814e-01</leafValues></_>
        <_>
          <internalNodes>
            0 -1 188 -4.2231986299157143e-03</internalNodes>
          <leafValues>
            6.6144835948944092e-01 -2.9740336537361145e-01</leafValues></_>
        <_>
          <internalNodes>
            0 -1 89 3.9610508247278631e-04</internalNodes>
          <leafValues>
            3.7307456135749817e-01 -7.1446245908737183e-01</leafValues></_>
        <_>
          <internalNodes>
            0 -1 156 -5.4361535148927942e-05</internalNodes>
          <leafValues>
            -5.7562935352325439e-01 2.9625791311264038e-01</leafValues></_></weakClassifiers></_>
    <!-- stage 6 -->
    <_>
      <maxWeakCount>8</maxWeakCount>
      <stageThreshold>-4.1115522384643555e-01</stageThreshold>
      <weakClassifiers>
        <_>
          <internalNodes>
            0 -1 5 9.3364119529724121e-03</internalNodes>
          <leafValues>
            1.8666666001081467e-02 8.7199997901916504e-01</leafValues></_>
        <_>
          <internalNodes>
            0 -1 187 1.8971584737300873e-02</internalNodes>
          <leafValues>
            -1.5963473916053772e-01 8.2456731796264648e-01</leafValues></_>
        <_>
          <internalNodes>
            0 -1 31 -3.1886711716651917e-02</internalNodes>
          <leafValues>
            7.2912389039993286e-01 -2.9495158791542053e-01</leafValues></_>
        <_>
          <internalNodes>
            0 -1 3 3.4871906042098999e-02</internalNodes>
          <leafValues>
            -2.8772765398025513e-01 7.1747571229934692e-01</leafValues></_>
        <_>
          <internalNodes>
            0 -1 132 1.2833590153604746e-03</internalNodes>
          <leafValues>
            -3.4995287656784058e-01 5.2418005466461182e-01</leafValues></_>
        <_>
          <internalNodes>
            0 -1 98 -6.7442801082506776e-05</internalNodes>
          <leafValues>
            -6.8347823619842529e-01 2.9830914735794067e-01</leafValues></_>
        <_>
          <internalNodes>
            0 -1 127 -3.8303225301206112e-04</internalNodes>
          <leafValues>
            -6.7875319719314575e-01 2.7199187874794006e-01</leafValues></_>
        <_>
          <internalNodes>
            0 -1 158 -4.0724436985328794e-04</internalNodes>
          <leafValues>
            -7.0799320936203003e-01 2.5626975297927856e-01</leafValues></_></weakClassifiers></_>
    <!-- stage 7 -->
    <_>
      <maxWeakCount>8</maxWeakCount>
      <stageThreshold>-3.6503821611404419e-01</stageThreshold>
      <weakClassifiers>
        <_>
          <internalNodes>
            0 -1 110 -6.0244474298087880e-05</internalNodes>
          <leafValues>
            -5.2542370557785034e-01 5.6607496738433838e-01</leafValues></_>
        <_>
          <internalNodes>
            0 -1 27 2.2995835170149803e-02</internalNodes>
          <leafValues>
            -2.8325363993644714e-01 6.8923920392990112e-01</leafValues></_>
        <_>
          <internalNodes>
            0 -1 161 -3.2242376357316971e-02</internalNodes>
          <leafValues>
            7.5619781017303467e-01 -2.2628733515739441e-01</leafValues></_>
        <_>
          <internalNodes>
            0 -1 63 -2.7119102887809277e-03</internalNodes>
          <leafValues>
            3.2924234867095947e-01 -7.4233192205429077e-01</leafValues></_>
        <_>
          <internalNodes>
            0 -1 65 2.0853238311246969e-05</internalNodes>
          <leafValues>
            2.8678491711616516e-01 -6.8127989768981934e-01</leafValues></_>
        <_>
          <internalNodes>
            0 -1 76 6.1449989676475525e-02</internalNodes>
          <leafValues>
            -3.1295129656791687e-01 6.1823385953903198e-01</leafValues></_>
        <_>
          <internalNodes>
            0 -1 99 -1.6194098861888051e-04</internalNodes>
          <leafValues>
            -8.0960929393768311e-01 2.5572854280471802e-01</leafValues></_>
        <_>
          <internalNodes>
            0 -1 74 -2.2809364963904954e-05</internalNodes>
          <leafValues>
            -6.7497700452804565e-01 2.4084664881229401e-01</leafValues></_></weakClassifiers></_>
    <!-- stage 8 -->
    <_>
      <maxWeakCount>12</maxWeakCount>
      <stageThreshold>-8.0834466218948364e-01</stageThreshold>
      <weakClassifiers>
        <_>
          <internalNodes>
            0 -1 68 -1.9436888396739960e-02</internalNodes>
          <leafValues>
            -6.5853661298751831e-01 5.1381218433380127e-01</leafValues></_>
        <_>
          <internalNodes>
            0 -1 174 9.5013417303562164e-03</internalNodes>
          <leafValues>
            -1.7139044404029846e-01 8.7470191717147827e-01</leafValues></_>
        <_>
          <internalNodes>
            0 -1 4 4.6450048685073853e-03</internalNodes>
          <leafValues>
            -3.8663560152053833e-01 4.3476682901382446e-01</leafValues></_>
        <_>
          <internalNodes>
            0 -1 17 -1.9223596900701523e-03</internalNodes>
          <leafValues>
            6.0996240377426147e-01 -3.1435072422027588e-01</leafValues></_>
        <_>
          <internalNodes>
            0 -1 33 -7.2885081171989441e-03</internalNodes>
          <leafValues>
            4.1618973016738892e-01 -3.7160542607307434e-01</leafValues></_>
        <_>
          <internalNodes>
            0 -1 108 4.7032544389367104e-03</internalNodes>
          <leafValues>
            -5.7970291376113892e-01 3.0066749453544617e-01</leafValues></_>
        <_>
          <internalNodes>
            0 -1 114 4.6429056674242020e-02</internalNodes>
          <leafValues>
            2.3536671698093414e-01 -6.8354630470275879e-01</leafValues></_>
        <_>
          <internalNodes>
            0 -1 137 -1.0800219606608152e-03</internalNodes>
          <leafValues>
            4.7904756665229797e-01 -4.0083774924278259e-01</leafValues></_>
        <_>
          <internalNodes>
            0 -1 154 6.0505191795527935e-03</internalNodes>
          <leafValues>
            -4.2368826270103455e-01 4.1124418377876282e-01</leafValues></_>
        <_>
          <internalNodes>
            0 -1 12 1.5127072110772133e-03</internalNodes>
          <leafValues>
            -2.7049934864044189e-01 6.1669075489044189e-01</leafValues></_>
        <_>
          <internalNodes>
            0 -1 106 5.0749927759170532e-03</internalNodes>
          <leafValues>
            2.2041566669940948e-01 -8.9709210395812988e-01</leafValues></_>
        <_>
          <internalNodes>
            0 -1 118 -2.0357208268251270e-04</internalNodes>
          <leafValues>
            3.1936880946159363e-01 -5.5062425136566162e-01</leafValues></_></weakClassifiers></_>
    <!-- stage 9 -->
    <_>
      <maxWeakCount>8</maxWeakCount>
      <stageThreshold>-2.9623278975486755e-01</stageThreshold>
      <weakClassifiers>
        <_>
          <internalNodes>
            0 -1 80 -7.7019940363243222e-05</internalNodes>
          <leafValues>
            -4.7272726893424988e-01 5.3786408901214600e-01</leafValues></_>
        <_>
          <internalNodes>
            0 -1 38 1.0878449305891991e-02</internalNodes>
          <leafValues>
            -2.5595784187316895e-01 6.5276640653610229e-01</leafValues></_>
        <_>
          <internalNodes>
            0 -1 87 -2.9372551580308937e-05</internalNodes>
          <leafValues>
            -7.0999479293823242e-01 2.6642015576362610e-01</leafValues></_>
        <_>
          <internalNodes>
            0 -1 9 6.9591328501701355e-03</internalNodes>
          <leafValues>
            -2.6443389058113098e-01 6.4079129695892334e-01</leafValues></_>
        <_>
          <internalNodes>
            0 -1 55 -7.9793706536293030e-03</internalNodes>
          <leafValues>
            -8.3963555097579956e-01 2.2733131051063538e-01</leafValues></_>
        <_>
          <internalNodes>
            0 -1 128 -1.2973675620742142e-04</internalNodes>
          <leafValues>
            -6.6636401414871216e-01 2.3124860227108002e-01</leafValues></_>
        <_>
          <internalNodes>
            0 -1 8 6.2646772712469101e-03</internalNodes>
          <leafValues>
            -2.8879874944686890e-01 6.6886645555496216e-01</leafValues></_>
        <_>
          <internalNodes>
            0 -1 166 -2.5958741389331408e-05</internalNodes>
          <leafValues>
            -5.2231723070144653e-01 3.1706044077873230e-01</leafValues></_></weakClassifiers></_>
    <!-- stage 10 -->
    <_>
      <maxWeakCount>14</maxWeakCount>
      <stageThreshold>-8.8851833343505859e-01</stageThreshold>
      <weakClassifiers>
        <_>
          <internalNodes>
            0 -1 112 1.8949400633573532e-02</internalNodes>
          <leafValues>
            4.6596857905387878e-01 -8.0769228935241699e-01</leafValues></_>
        <_>
          <internalNodes>
            0 -1 73 -3.2711050153011456e-05</internalNodes>
          <leafValues>
            -5.5019396543502808e-01 3.2270914316177368e-01</leafValues></_>
        <_>
          <internalNodes>
            0 -1 172 1.7105550505220890e-03</internalNodes>
          <leafValues>
            -2.3355384171009064e-01 7.1909570693969727e-01</leafValues></_>
        <_>
          <internalNodes>
            0 -1 173 -1.1695754714310169e-02</internalNodes>
          <leafValues>
            6.6476911306381226e-01 -2.1881496906280518e-01</leafValues></_>
        <_>
          <internalNodes>
            0 -1 152 1.0758672142401338e-03</internalNodes>
          <leafValues>
            -4.8052582144737244e-01 3.1913229823112488e-01</leafValues></_>
        <_>
          <internalNodes>
            0 -1 155 1.2709358707070351e-02</internalNodes>
          <leafValues>
            1.6014806926250458e-01 -9.5839565992355347e-01</leafValues></_>
        <_>
          <internalNodes>
            0 -1 18 3.3778794109821320e-02</internalNodes>
          <leafValues>
            -3.5349613428115845e-01 4.5035472512245178e-01</leafValues></_>
        <_>
          <internalNodes>
            0 -1 30 -8.8069855701178312e-04</internalNodes>
          <leafValues>
            5.5090391635894775e-01 -2.8532925248146057e-01</leafValues></_>
        <_>
          <internalNodes>
            0 -1 135 1.0087362024933100e-03</internalNodes>
          <leafValues>
            -4.2196384072303772e-01 3.4701365232467651e-01</leafValues></_>
        <_>
          <internalNodes>
            0 -1 71 4.5986347831785679e-03</internalNodes>
          <leafValues>
            -2.7894884347915649e-01 6.1788171529769897e-01</leafValues></_>
        <_>
          <internalNodes>
            0 -1 123 2.3049264564178884e-04</internalNodes>
          <leafValues>
            -3.0160087347030640e-01 4.8126062750816345e-01</leafValues></_>
        <_>
          <internalNodes>
            0 -1 130 1.4217462739907205e-04</internalNodes>
          <leafValues>
            -2.9933005571365356e-01 6.1144655942916870e-01</leafValues></_>
        <_>
          <internalNodes>
            0 -1 56 1.7611304065212607e-03</internalNodes>
          <leafValues>
            2.6383057236671448e-01 -7.4825602769851685e-01</leafValues></_>
        <_>
          <internalNodes>
            0 -1 45 2.6021436497103423e-05</internalNodes>
          <leafValues>
            2.9479056596755981e-01 -5.5216181278228760e-01</leafValues></_></weakClassifiers></_>
    <!-- stage 11 -->
    <_>
      <maxWeakCount>11</maxWeakCount>
      <stageThreshold>-6.3203549385070801e-01</stageThreshold>
      <weakClassifiers>
        <_>
          <internalNodes>
            0 -1 91 -1.1699339374899864e-02</internalNodes>
          <leafValues>
            -8.2142859697341919e-01 4.7627416253089905e-01</leafValues></_>
        <_>
          <internalNodes>
            0 -1 186 2.0710475742816925e-02</internalNodes>
          <leafValues>
            -2.1025404334068298e-01 6.7443382740020752e-01</leafValues></_>
        <_>
          <internalNodes>
            0 -1 120 -1.9331674557179213e-03</internalNodes>
          <leafValues>
            4.5131748914718628e-01 -3.6251223087310791e-01</leafValues></_>
        <_>
          <internalNodes>
            0 -1 60 1.8198870122432709e-02</internalNodes>
          <leafValues>
            -4.2439937591552734e-01 4.0940788388252258e-01</leafValues></_>
        <_>
          <internalNodes>
            0 -1 57 -2.4018972180783749e-04</internalNodes>
          <leafValues>
            2.8110617399215698e-01 -5.5539655685424805e-01</leafValues></_>
        <_>
          <internalNodes>
            0 -1 167 -2.7473433874547482e-03</internalNodes>
          <leafValues>
            6.6471385955810547e-01 -2.3246127367019653e-01</leafValues></_>
        <_>
          <internalNodes>
            0 -1 184 9.8832398653030396e-03</internalNodes>
          <leafValues>
            -2.1974657475948334e-01 7.7077025175094604e-01</leafValues></_>
        <_>
          <internalNodes>
            0 -1 165 5.5515929125249386e-03</internalNodes>
          <leafValues>
            -2.4906678497791290e-01 6.8018597364425659e-01</leafValues></_>
        <_>
          <internalNodes>
            0 -1 100 1.6363523172913119e-05</internalNodes>
          <leafValues>
            3.4363344311714172e-01 -5.4567223787307739e-01</leafValues></_>
        <_>
          <internalNodes>
            0 -1 138 -1.2127684894949198e-03</internalNodes>
          <leafValues>
            4.6588170528411865e-01 -3.6374571919441223e-01</leafValues></_>
        <_>
          <internalNodes>
            0 -1 150 5.4465088760480285e-04</internalNodes>
          <leafValues>
            -5.5171740055084229e-01 3.3183223009109497e-01</leafValues></_></weakClassifiers></_>
    <!-- stage 12 -->
    <_>
      <maxWeakCount>11</maxWeakCount>
      <stageThreshold>-6.6726601123809814e-01</stageThreshold>
      <weakClassifiers>
        <_>
          <internalNodes>
            0 -1 0 1.8276818096637726e-02</internalNodes>
          <leafValues>
            -7.8740157186985016e-02 6.6037738323211670e-01</leafValues></_>
        <_>
          <internalNodes>
            0 -1 72 -2.4013403803110123e-02</internalNodes>
          <leafValues>
            -9.3204939365386963e-01 2.0164011418819427e-01</leafValues></_>
        <_>
          <internalNodes>
            0 -1 81 -2.7678397600539029e-05</internalNodes>
          <leafValues>
            -5.9042137861251831e-01 2.3442986607551575e-01</leafValues></_>
        <_>
          <internalNodes>
            0 -1 143 3.6809331504628062e-05</internalNodes>
          <leafValues>
            -3.1282627582550049e-01 4.1485169529914856e-01</leafValues></_>
        <_>
          <internalNodes>
            0 -1 111 -1.3410461542662233e-04</internalNodes>
          <leafValues>
            -5.4303056001663208e-01 2.6429107785224915e-01</leafValues></_>
        <_>
          <internalNodes>
            0 -1 182 -1.0787281207740307e-03</internalNodes>
          <leafValues>
            6.6036403179168701e-01 -2.2678299248218536e-01</leafValues></_>
        <_>
          <internalNodes>
            0 -1 148 3.3515635877847672e-03</internalNodes>
          <leafValues>
            1.5628351271152496e-01 -9.0671241283416748e-01</leafValues></_>
        <_>
          <internalNodes>
            0 -1 175 1.0146073997020721e-02</internalNodes>
          <leafValues>
            -2.8290471434593201e-01 6.0942888259887695e-01</leafValues></_>
        <_>
          <internalNodes>
            0 -1 83 -2.9206690378487110e-03</internalNodes>
          <leafValues>
            -5.7853209972381592e-01 3.1036713719367981e-01</leafValues></_>
        <_>
          <internalNodes>
            0 -1 169 -3.4019357990473509e-03</internalNodes>
          <leafValues>
            6.3674378395080566e-01 -2.6551905274391174e-01</leafValues></_>
        <_>
          <internalNodes>
            0 -1 59 -1.0922237561317161e-04</internalNodes>
          <leafValues>
            -5.1316481828689575e-01 3.1856799125671387e-01</leafValues></_></weakClassifiers></_>
    <!-- stage 13 -->
    <_>
      <maxWeakCount>13</maxWeakCount>
      <stageThreshold>-9.1523629426956177e-01</stageThreshold>
      <weakClassifiers>
        <_>
          <internalNodes>
            0 -1 78 -3.2259948056889698e-05</internalNodes>
          <leafValues>
            -2.3287671804428101e-01 5.4070979356765747e-01</leafValues></_>
        <_>
          <internalNodes>
            0 -1 20 3.4728227183222771e-03</internalNodes>
          <leafValues>
            -1.4505745470523834e-01 7.8212928771972656e-01</leafValues></_>
        <_>
          <internalNodes>
            0 -1 171 -1.0270116850733757e-02</internalNodes>
          <leafValues>
            6.5157860517501831e-01 -1.7777445912361145e-01</leafValues></_>
        <_>
          <internalNodes>
            0 -1 178 2.7438041288405657e-03</internalNodes>
          <leafValues>
            -2.3875202238559723e-01 5.5601257085800171e-01</leafValues></_>
        <_>
          <internalNodes>
            0 -1 153 1.6932671424001455e-03</internalNodes>
          <leafValues>
            -2.7767509222030640e-01 5.3515398502349854e-01</leafValues></_>
        <_>
          <internalNodes>
            0 -1 77 6.6745765507221222e-03</internalNodes>
          <leafValues>
            -2.6445162296295166e-01 5.2323806285858154e-01</leafValues></_>
        <_>
          <internalNodes>
            0 -1 133 -3.1241762917488813e-04</internalNodes>
          <leafValues>
            4.0661108493804932e-01 -4.5324188470840454e-01</leafValues></_>
        <_>
          <internalNodes>
            0 -1 49 1.5613470168318599e-05</internalNodes>
          <leafValues>
            3.6259478330612183e-01 -4.1253733634948730e-01</leafValues></_>
        <_>
          <internalNodes>
            0 -1 39 -2.1647866815328598e-02</internalNodes>
          <leafValues>
            6.0566198825836182e-01 -2.7006617188453674e-01</leafValues></_>
        <_>
          <internalNodes>
            0 -1 58 -5.7107135944534093e-05</internalNodes>
          <leafValues>
            -5.4725354909896851e-01 3.3283585309982300e-01</leafValues></_>
        <_>
          <internalNodes>
            0 -1 157 -5.2091507241129875e-03</internalNodes>
          <leafValues>
            6.8749994039535522e-01 -2.3495976626873016e-01</leafValues></_>
        <_>
          <internalNodes>
            0 -1 142 7.8422104706987739e-04</internalNodes>
          <leafValues>
            -3.5057234764099121e-01 4.5534810423851013e-01</leafValues></_>
        <_>
          <internalNodes>
            0 -1 147 8.5456755186896771e-05</internalNodes>
          <leafValues>
            2.4216797947883606e-01 -6.1982613801956177e-01</leafValues></_></weakClassifiers></_>
    <!-- stage 14 -->
    <_>
      <maxWeakCount>14</maxWeakCount>
      <stageThreshold>-7.6786279678344727e-01</stageThreshold>
      <weakClassifiers>
        <_>
          <internalNodes>
            0 -1 94 4.5575983822345734e-02</internalNodes>
          <leafValues>
            4.8318582773208618e-01 -8.0000001192092896e-01</leafValues></_>
        <_>
          <internalNodes>
            0 -1 181 1.2511075474321842e-03</internalNodes>
          <leafValues>
            -1.5132486820220947e-01 7.6210284233093262e-01</leafValues></_>
        <_>
          <internalNodes>
            0 -1 22 1.0467913001775742e-02</internalNodes>
          <leafValues>
            -4.5668807625770569e-01 2.9911452531814575e-01</leafValues></_>
        <_>
          <internalNodes>
            0 -1 50 6.2118994537740946e-04</internalNodes>
          <leafValues>
            -5.6086558103561401e-01 2.3303174972534180e-01</leafValues></_>
        <_>
          <internalNodes>
            0 -1 52 1.9506127500790171e-05</internalNodes>
          <leafValues>
            2.3351570963859558e-01 -4.8078906536102295e-01</leafValues></_>
        <_>
          <internalNodes>
            0 -1 191 -1.5988262603059411e-03</internalNodes>
          <leafValues>
            6.4962071180343628e-01 -1.8875710666179657e-01</leafValues></_>
        <_>
          <internalNodes>
            0 -1 113 2.1823376300744712e-05</internalNodes>
          <leafValues>
            -3.3364805579185486e-01 3.9994713664054871e-01</leafValues></_>
        <_>
          <internalNodes>
            0 -1 139 -6.4453517552465200e-05</internalNodes>
          <leafValues>
            3.4189927577972412e-01 -3.8315132260322571e-01</leafValues></_>
        <_>
          <internalNodes>
            0 -1 96 1.8162487074732780e-02</internalNodes>
          <leafValues>
            -2.1610659360885620e-01 6.5242880582809448e-01</leafValues></_>
        <_>
          <internalNodes>
            0 -1 193 -5.8306461141910404e-05</internalNodes>
          <leafValues>
            -7.7142935991287231e-01 2.1508808434009552e-01</leafValues></_>
        <_>
          <internalNodes>
            0 -1 7 4.4428445398807526e-03</internalNodes>
          <leafValues>
            -3.3883380889892578e-01 4.4737404584884644e-01</leafValues></_>
        <_>
          <internalNodes>
            0 -1 88 3.5322206094861031e-03</internalNodes>
          <leafValues>
            1.7810657620429993e-01 -7.8605192899703979e-01</leafValues></_>
        <_>
          <internalNodes>
            0 -1 194 2.9592220671474934e-03</internalNodes>
          <leafValues>
            -2.4960382282733917e-01 6.2544941902160645e-01</leafValues></_>
        <_>
          <internalNodes>
            0 -1 82 2.1631938579957932e-05</internalNodes>
          <leafValues>
            3.4377577900886536e-01 -4.6616932749748230e-01</leafValues></_></weakClassifiers></_>
    <!-- stage 15 -->
    <_>
      <maxWeakCount>10</maxWeakCount>
      <stageThreshold>-4.2732220888137817e-01</stageThreshold>
      <weakClassifiers>
        <_>
          <internalNodes>
            0 -1 90 1.3448812067508698e-02</internalNodes>
          <leafValues>
            4.5266780257225037e-01 -8.6363637447357178e-01</leafValues></_>
        <_>
          <internalNodes>
            0 -1 123 2.4751311866566539e-04</internalNodes>
          <leafValues>
            -2.4485780298709869e-01 4.8134580254554749e-01</leafValues></_>
        <_>
          <internalNodes>
            0 -1 64 -1.7923972336575389e-04</internalNodes>
          <leafValues>
            1.7230047285556793e-01 -7.1575504541397095e-01</leafValues></_>
        <_>
          <internalNodes>
            0 -1 70 -1.7129287123680115e-02</internalNodes>
          <leafValues>
            -8.2600235939025879e-01 1.4547029137611389e-01</leafValues></_>
        <_>
          <internalNodes>
            0 -1 163 5.6469067931175232e-04</internalNodes>
          <leafValues>
            -3.2081106305122375e-01 4.6599346399307251e-01</leafValues></_>
        <_>
          <internalNodes>
            0 -1 24 4.8057343519758433e-05</internalNodes>
          <leafValues>
            2.8068399429321289e-01 -4.7361153364181519e-01</leafValues></_>
        <_>
          <internalNodes>
            0 -1 102 -5.7190121879102662e-05</internalNodes>
          <leafValues>
            -5.4061222076416016e-01 2.7729603648185730e-01</leafValues></_>
        <_>
          <internalNodes>
            0 -1 115 -9.3084992840886116e-04</internalNodes>
          <leafValues>
            4.5552593469619751e-01 -3.0426388978958130e-01</leafValues></_>
        <_>
          <internalNodes>
            0 -1 145 1.0904157534241676e-04</internalNodes>
          <leafValues>
            -5.7779431343078613e-01 2.7260869741439819e-01</leafValues></_>
        <_>
          <internalNodes>
            0 -1 28 7.6681107282638550e-02</internalNodes>
          <leafValues>
            -2.4226929247379303e-01 6.3628143072128296e-01</leafValues></_></weakClassifiers></_>
    <!-- stage 16 -->
    <_>
      <maxWeakCount>14</maxWeakCount>
      <stageThreshold>-8.7418240308761597e-01</stageThreshold>
      <weakClassifiers>
        <_>
          <internalNodes>
            0 -1 116 -1.0736783966422081e-02</internalNodes>
          <leafValues>
            -8.1818181276321411e-01 4.7368422150611877e-01</leafValues></_>
        <_>
          <internalNodes>
            0 -1 29 -3.9860480464994907e-03</internalNodes>
          <leafValues>
            6.9987338781356812e-01 -1.5024256706237793e-01</leafValues></_>
        <_>
          <internalNodes>
            0 -1 42 9.0006651589646935e-06</internalNodes>
          <leafValues>
            2.8161242604255676e-01 -4.8813495039939880e-01</leafValues></_>
        <_>
          <internalNodes>
            0 -1 125 -2.3400911595672369e-03</internalNodes>
          <leafValues>
            5.4794788360595703e-01 -2.5869941711425781e-01</leafValues></_>
        <_>
          <internalNodes>
            0 -1 159 -5.9872405836358666e-04</internalNodes>
          <leafValues>
            7.1859598159790039e-01 -2.0425605773925781e-01</leafValues></_>
        <_>
          <internalNodes>
            0 -1 180 1.0599625966278836e-05</internalNodes>
          <leafValues>
            3.2270911335945129e-01 -4.8735833168029785e-01</leafValues></_>
        <_>
          <internalNodes>
            0 -1 6 -1.7772235441952944e-03</internalNodes>
          <leafValues>
            6.3688999414443970e-01 -2.1114294230937958e-01</leafValues></_>
        <_>
          <internalNodes>
            0 -1 140 8.7650434579700232e-05</internalNodes>
          <leafValues>
            -3.0515471100807190e-01 4.3772891163825989e-01</leafValues></_>
        <_>
          <internalNodes>
            0 -1 103 8.9172048319596797e-05</internalNodes>
          <leafValues>
            2.4891123175621033e-01 -5.9638875722885132e-01</leafValues></_>
        <_>
          <internalNodes>
            0 -1 192 6.2640861142426729e-04</internalNodes>
          <leafValues>
            -2.0825657248497009e-01 7.4542963504791260e-01</leafValues></_>
        <_>
          <internalNodes>
            0 -1 126 -3.6050257040187716e-04</internalNodes>
          <leafValues>
            5.9507358074188232e-01 -2.1839183568954468e-01</leafValues></_>
        <_>
          <internalNodes>
            0 -1 149 2.2790736693423241e-05</internalNodes>
          <leafValues>
            2.7376905083656311e-01 -5.5510646104812622e-01</leafValues></_>
        <_>
          <internalNodes>
            0 -1 107 -1.8944982439279556e-03</internalNodes>
          <leafValues>
            4.5694035291671753e-01 -3.3627128601074219e-01</leafValues></_>
        <_>
          <internalNodes>
            0 -1 23 -4.2244553333148360e-04</internalNodes>
          <leafValues>
            -7.1186077594757080e-01 2.2761437296867371e-01</leafValues></_></weakClassifiers></_>
    <!-- stage 17 -->
    <_>
      <maxWeakCount>11</maxWeakCount>
      <stageThreshold>-8.3740305900573730e-01</stageThreshold>
      <weakClassifiers>
        <_>
          <internalNodes>
            0 -1 53 -2.5154221802949905e-02</internalNodes>
          <leafValues>
            -8.3673471212387085e-01 4.6180555224418640e-01</leafValues></_>
        <_>
          <internalNodes>
            0 -1 168 -1.7894998192787170e-02</internalNodes>
          <leafValues>
            -9.0542370080947876e-01 1.9582076370716095e-01</leafValues></_>
        <_>
          <internalNodes>
            0 -1 32 3.0363682526513003e-05</internalNodes>
          <leafValues>
            2.0532409846782684e-01 -4.7455364465713501e-01</leafValues></_>
        <_>
          <internalNodes>
            0 -1 176 4.1454043239355087e-03</internalNodes>
          <leafValues>
            -1.5598563849925995e-01 7.5776457786560059e-01</leafValues></_>
        <_>
          <internalNodes>
            0 -1 179 -2.2170076146721840e-02</internalNodes>
          <leafValues>
            9.0101397037506104e-01 -2.0595486462116241e-01</leafValues></_>
        <_>
          <internalNodes>
            0 -1 79 4.1794475691858679e-05</internalNodes>
          <leafValues>
            2.5617748498916626e-01 -6.4354908466339111e-01</leafValues></_>
        <_>
          <internalNodes>
            0 -1 162 2.8349184431135654e-03</internalNodes>
          <leafValues>
            -2.1538046002388000e-01 6.0986685752868652e-01</leafValues></_>
        <_>
          <internalNodes>
            0 -1 160 1.6095887403935194e-03</internalNodes>
          <leafValues>
            2.0296093821525574e-01 -6.3053041696548462e-01</leafValues></_>
        <_>
          <internalNodes>
            0 -1 43 -8.2178730517625809e-03</internalNodes>
          <leafValues>
            3.5649117827415466e-01 -3.6763527989387512e-01</leafValues></_>
        <_>
          <internalNodes>
            0 -1 92 5.3782912436872721e-04</internalNodes>
          <leafValues>
            1.8524383008480072e-01 -7.5108206272125244e-01</leafValues></_>
        <_>
          <internalNodes>
            0 -1 41 1.5948038548231125e-02</internalNodes>
          <leafValues>
            1.7982479929924011e-01 -7.7865475416183472e-01</leafValues></_></weakClassifiers></_>
    <!-- stage 18 -->
    <_>
      <maxWeakCount>11</maxWeakCount>
      <stageThreshold>-6.6628617048263550e-01</stageThreshold>
      <weakClassifiers>
        <_>
          <internalNodes>
            0 -1 15 -1.8502160906791687e-02</internalNodes>
          <leafValues>
            -8.9743590354919434e-01 4.4368600845336914e-01</leafValues></_>
        <_>
          <internalNodes>
            0 -1 97 1.3552571181207895e-03</internalNodes>
          <leafValues>
            -3.2610243558883667e-01 3.9851367473602295e-01</leafValues></_>
        <_>
          <internalNodes>
            0 -1 164 -4.7803167253732681e-03</internalNodes>
          <leafValues>
            6.5693300962448120e-01 -2.2791214287281036e-01</leafValues></_>
        <_>
          <internalNodes>
            0 -1 185 -9.9612297490239143e-03</internalNodes>
          <leafValues>
            6.0250759124755859e-01 -2.1582871675491333e-01</leafValues></_>
        <_>
          <internalNodes>
            0 -1 34 5.4690875113010406e-03</internalNodes>
          <leafValues>
            1.8647295236587524e-01 -8.8695389032363892e-01</leafValues></_>
        <_>
          <internalNodes>
            0 -1 121 1.2587758246809244e-03</internalNodes>
          <leafValues>
            -3.3559268712997437e-01 3.4421607851982117e-01</leafValues></_>
        <_>
          <internalNodes>
            0 -1 104 5.9391424059867859e-02</internalNodes>
          <leafValues>
            -2.9663884639739990e-01 4.4590374827384949e-01</leafValues></_>
        <_>
          <internalNodes>
            0 -1 40 -3.1272869091480970e-03</internalNodes>
          <leafValues>
            5.7379251718521118e-01 -2.2202065587043762e-01</leafValues></_>
        <_>
          <internalNodes>
            0 -1 109 -1.7112668501795270e-05</internalNodes>
          <leafValues>
            -5.0759428739547729e-01 2.7300089597702026e-01</leafValues></_>
        <_>
          <internalNodes>
            0 -1 47 1.7804736271500587e-02</internalNodes>
          <leafValues>
            1.6725713014602661e-01 -8.0314552783966064e-01</leafValues></_>
        <_>
          <internalNodes>
            0 -1 14 -4.4301524758338928e-03</internalNodes>
          <leafValues>
            4.7417333722114563e-01 -3.1443822383880615e-01</leafValues></_></weakClassifiers></_>
    <!-- stage 19 -->
    <_>
      <maxWeakCount>13</maxWeakCount>
      <stageThreshold>-6.9095563888549805e-01</stageThreshold>
      <weakClassifiers>
        <_>
          <internalNodes>
            0 -1 16 -1.8457395955920219e-02</internalNodes>
          <leafValues>
            -9.4871795177459717e-01 4.4709897041320801e-01</leafValues></_>
        <_>
          <internalNodes>
            0 -1 36 1.0904036462306976e-03</internalNodes>
          <leafValues>
            -5.9382385015487671e-01 2.5735399127006531e-01</leafValues></_>
        <_>
          <internalNodes>
            0 -1 19 -1.1740026529878378e-03</internalNodes>
          <leafValues>
            9.1998457908630371e-01 -1.6504748165607452e-01</leafValues></_>
        <_>
          <internalNodes>
            0 -1 170 9.2345429584383965e-03</internalNodes>
          <leafValues>
            -2.0526418089866638e-01 5.5480432510375977e-01</leafValues></_>
        <_>
          <internalNodes>
            0 -1 190 -9.5028353825910017e-06</internalNodes>
          <leafValues>
            -4.0439018607139587e-01 2.8173604607582092e-01</leafValues></_>
        <_>
          <internalNodes>
            0 -1 11 2.0564261823892593e-02</internalNodes>
          <leafValues>
            -1.0944892466068268e-01 9.8250973224639893e-01</leafValues></_>
        <_>
          <internalNodes>
            0 -1 21 -3.4438788890838623e-02</internalNodes>
          <leafValues>
            7.6610690355300903e-01 -1.5811803936958313e-01</leafValues></_>
        <_>
          <internalNodes>
            0 -1 144 7.3636113665997982e-03</internalNodes>
          <leafValues>
            -2.0680795609951019e-01 5.8188533782958984e-01</leafValues></_>
        <_>
          <internalNodes>
            0 -1 26 1.6575364861637354e-04</internalNodes>
          <leafValues>
            -1.6367045044898987e-01 6.8743008375167847e-01</leafValues></_>
        <_>
          <internalNodes>
            0 -1 177 1.1202281340956688e-02</internalNodes>
          <leafValues>
            -1.5756016969680786e-01 7.0685744285583496e-01</leafValues></_>
        <_>
          <internalNodes>
            0 -1 95 6.3806772232055664e-05</internalNodes>
          <leafValues>
            1.9581770896911621e-01 -7.6482063531875610e-01</leafValues></_>
        <_>
          <internalNodes>
            0 -1 66 -1.9139107316732407e-03</internalNodes>
          <leafValues>
            5.3955262899398804e-01 -2.4744836986064911e-01</leafValues></_>
        <_>
          <internalNodes>
            0 -1 189 -2.3723732738289982e-05</internalNodes>
          <leafValues>
            -5.7641988992691040e-01 2.6026070117950439e-01</leafValues></_></weakClassifiers></_></stages>
  <features>
    <_>
      <rects>
        <_>
          0 0 12 28 -1.</_>
        <_>
          0 14 12 14 2.</_></rects>
      <tilted>0</tilted></_>
    <_>
      <rects>
        <_>
          0 0 41 22 -1.</_>
        <_>
          0 11 41 11 2.</_></rects>
      <tilted>0</tilted></_>
    <_>
      <rects>
        <_>
          0 1 2 49 -1.</_>
        <_>
          1 1 1 49 2.</_></rects>
      <tilted>0</tilted></_>
    <_>
      <rects>
        <_>
          0 2 14 51 -1.</_>
        <_>
          7 2 7 51 2.</_></rects>
      <tilted>0</tilted></_>
    <_>
      <rects>
        <_>
          0 12 8 41 -1.</_>
        <_>
          4 12 4 41 2.</_></rects>
      <tilted>0</tilted></_>
    <_>
      <rects>
        <_>
          0 13 6 38 -1.</_>
        <_>
          3 13 3 38 2.</_></rects>
      <tilted>0</tilted></_>
    <_>
      <rects>
        <_>
          0 18 2 46 -1.</_>
        <_>
          0 18 1 23 2.</_>
        <_>
          1 41 1 23 2.</_></rects>
      <tilted>0</tilted></_>
    <_>
      <rects>
        <_>
          0 18 4 38 -1.</_>
        <_>
          2 18 2 38 2.</_></rects>
      <tilted>0</tilted></_>
    <_>
      <rects>
        <_>
          0 19 8 24 -1.</_>
        <_>
          0 19 4 12 2.</_>
        <_>
          4 31 4 12 2.</_></rects>
      <tilted>0</tilted></_>
    <_>
      <rects>
        <_>
          0 20 12 8 -1.</_>
        <_>
          4 20 4 8 3.</_></rects>
      <tilted>0</tilted></_>
    <_>
      <rects>
        <_>
          0 23 2 18 -1.</_>
        <_>
          1 23 1 18 2.</_></rects>
      <tilted>0</tilted></_>
    <_>
      <rects>
        <_>
          0 23 18 7 -1.</_>
        <_>
          9 23 9 7 2.</_></rects>
      <tilted>0</tilted></_>
    <_>
      <rects>
        <_>
          0 24 6 6 -1.</_>
        <_>
          2 24 2 6 3.</_></rects>
      <tilted>0</tilted></_>
    <_>
      <rects>
        <_>
          0 25 4 12 -1.</_>
        <_>
          0 25 2 6 2.</_>
        <_>
          2 31 2 6 2.</_></rects>
      <tilted>0</tilted></_>
    <_>
      <rects>
        <_>
          0 25 4 18 -1.</_>
        <_>
          0 34 4 9 2.</_></rects>
      <tilted>0</tilted></_>
    <_>
      <rects>
        <_>
          0 30 32 16 -1.</_>
        <_>
          0 30 16 8 2.</_>
        <_>
          16 38 16 8 2.</_></rects>
      <tilted>0</tilted></_>
    <_>
      <rects>
        <_>
          0 30 45 8 -1.</_>
        <_>
          0 34 45 4 2.</_></rects>
      <tilted>0</tilted></_>
    <_>
      <rects>
        <_>
          0 31 9 8 -1.</_>
        <_>
          3 31 3 8 3.</_></rects>
      <tilted>0</tilted></_>
    <_>
      <rects>
        <_>
          0 39 45 20 -1.</_>
        <_>
          15 39 15 20 3.</_></rects>
      <tilted>0</tilted></_>
    <_>
      <rects>
        <_>
          0 41 3 6 -1.</_>
        <_>
          1 41 1 6 3.</_></rects>
      <tilted>0</tilted></_>
    <_>
      <rects>
        <_>
          0 41 6 4 -1.</_>
        <_>
          3 41 3 4 2.</_></rects>
      <tilted>0</tilted></_>
    <_>
      <rects>
        <_>
          1 0 16 30 -1.</_>
        <_>
          1 0 8 15 2.</_>
        <_>
          9 15 8 15 2.</_></rects>
      <tilted>0</tilted></_>
    <_>
      <rects>
        <_>
          1 0 11 26 -1.</_>
        <_>
          1 13 11 13 2.</_></rects>
      <tilted>0</tilted></_>
    <_>
      <rects>
        <_>
          1 10 8 2 -1.</_>
        <_>
          5 10 4 2 2.</_></rects>
      <tilted>0</tilted></_>
    <_>
      <rects>
        <_>
          1 13 5 2 -1.</_>
        <_>
          1 14 5 1 2.</_></rects>
      <tilted>0</tilted></_>
    <_>
      <rects>
        <_>
          1 15 4 20 -1.</_>
        <_>
          1 15 2 10 2.</_>
        <_>
          3 25 2 10 2.</_></rects>
      <tilted>0</tilted></_>
    <_>
      <rects>
        <_>
          1 29 3 1 -1.</_>
        <_>
          2 29 1 1 3.</_></rects>
      <tilted>0</tilted></_>
    <_>
      <rects>
        <_>
          2 0 2 66 -1.</_>
        <_>
          2 22 2 22 3.</_></rects>
      <tilted>0</tilted></_>
    <_>
      <rects>
        <_>
          2 2 26 24 -1.</_>
        <_>
          2 14 26 12 2.</_></rects>
      <tilted>0</tilted></_>
    <_>
      <rects>
        <_>
          2 11 4 30 -1.</_>
        <_>
          2 11 2 15 2.</_>
        <_>
          4 26 2 15 2.</_></rects>
      <tilted>0</tilted></_>
    <_>
      <rects>
        <_>
          2 22 4 12 -1.</_>
        <_>
          2 22 2 6 2.</_>
        <_>
          4 28 2 6 2.</_></rects>
      <tilted>0</tilted></_>
    <_>
      <rects>
        <_>
          2 22 18 23 -1.</_>
        <_>
          11 22 9 23 2.</_></rects>
      <tilted>0</tilted></_>
    <_>
      <rects>
        <_>
          2 31 2 3 -1.</_>
        <_>
          3 31 1 3 2.</_></rects>
      <tilted>0</tilted></_>
    <_>
      <rects>
        <_>
          2 31 5 32 -1.</_>
        <_>
          2 47 5 16 2.</_></rects>
      <tilted>0</tilted></_>
    <_>
      <rects>
        <_>
          2 31 16 9 -1.</_>
        <_>
          2 34 16 3 3.</_></rects>
      <tilted>0</tilted></_>
    <_>
      <rects>
        <_>
          2 31 41 12 -1.</_>
        <_>
          2 37 41 6 2.</_></rects>
      <tilted>0</tilted></_>
    <_>
      <rects>
        <_>
          2 32 24 20 -1.</_>
        <_>
          2 32 12 10 2.</_>
        <_>
          14 42 12 10 2.</_></rects>
      <tilted>0</tilted></_>
    <_>
      <rects>
        <_>
          3 0 34 8 -1.</_>
        <_>
          3 4 34 4 2.</_></rects>
      <tilted>0</tilted></_>
    <_>
      <rects>
        <_>
          3 2 1 63 -1.</_>
        <_>
          3 23 1 21 3.</_></rects>
      <tilted>0</tilted></_>
    <_>
      <rects>
        <_>
          3 6 16 24 -1.</_>
        <_>
          3 6 8 12 2.</_>
        <_>
          11 18 8 12 2.</_></rects>
      <tilted>0</tilted></_>
    <_>
      <rects>
        <_>
          3 12 22 8 -1.</_>
        <_>
          3 16 22 4 2.</_></rects>
      <tilted>0</tilted></_>
    <_>
      <rects>
        <_>
          3 21 31 15 -1.</_>
        <_>
          3 26 31 5 3.</_></rects>
      <tilted>0</tilted></_>
    <_>
      <rects>
        <_>
          3 22 2 1 -1.</_>
        <_>
          4 22 1 1 2.</_></rects>
      <tilted>0</tilted></_>
    <_>
      <rects>
        <_>
          3 32 3 34 -1.</_>
        <_>
          3 49 3 17 2.</_></rects>
      <tilted>0</tilted></_>
    <_>
      <rects>
        <_>
          3 54 37 12 -1.</_>
        <_>
          3 60 37 6 2.</_></rects>
      <tilted>0</tilted></_>
    <_>
      <rects>
        <_>
          4 5 2 2 -1.</_>
        <_>
          4 6 2 1 2.</_></rects>
      <tilted>0</tilted></_>
    <_>
      <rects>
        <_>
          4 6 8 20 -1.</_>
        <_>
          4 6 4 10 2.</_>
        <_>
          8 16 4 10 2.</_></rects>
      <tilted>0</tilted></_>
    <_>
      <rects>
        <_>
          4 27 34 14 -1.</_>
        <_>
          21 27 17 14 2.</_></rects>
      <tilted>0</tilted></_>
    <_>
      <rects>
        <_>
          5 0 1 40 -1.</_>
        <_>
          5 20 1 20 2.</_></rects>
      <tilted>0</tilted></_>
    <_>
      <rects>
        <_>
          5 20 1 4 -1.</_>
        <_>
          5 22 1 2 2.</_></rects>
      <tilted>0</tilted></_>
    <_>
      <rects>
        <_>
          5 36 18 14 -1.</_>
        <_>
          5 36 9 7 2.</_>
        <_>
          14 43 9 7 2.</_></rects>
      <tilted>0</tilted></_>
    <_>
      <rects>
        <_>
          6 14 37 52 -1.</_>
        <_>
          6 40 37 26 2.</_></rects>
      <tilted>0</tilted></_>
    <_>
      <rects>
        <_>
          6 17 2 2 -1.</_>
        <_>
          6 18 2 1 2.</_></rects>
      <tilted>0</tilted></_>
    <_>
      <rects>
        <_>
          6 28 38 16 -1.</_>
        <_>
          6 36 38 8 2.</_></rects>
      <tilted>0</tilted></_>
    <_>
      <rects>
        <_>
          6 34 27 7 -1.</_>
        <_>
          15 34 9 7 3.</_></rects>
      <tilted>0</tilted></_>
    <_>
      <rects>
        <_>
          7 20 9 33 -1.</_>
        <_>
          10 20 3 33 3.</_></rects>
      <tilted>0</tilted></_>
    <_>
      <rects>
        <_>
          7 23 24 18 -1.</_>
        <_>
          19 23 12 18 2.</_></rects>
      <tilted>0</tilted></_>
    <_>
      <rects>
        <_>
          7 37 14 3 -1.</_>
        <_>
          14 37 7 3 2.</_></rects>
      <tilted>0</tilted></_>
    <_>
      <rects>
        <_>
          7 38 1 4 -1.</_>
        <_>
          7 40 1 2 2.</_></rects>
      <tilted>0</tilted></_>
    <_>
      <rects>
        <_>
          8 0 22 2 -1.</_>
        <_>
          8 1 22 1 2.</_></rects>
      <tilted>0</tilted></_>
    <_>
      <rects>
        <_>
          8 0 31 10 -1.</_>
        <_>
          8 5 31 5 2.</_></rects>
      <tilted>0</tilted></_>
    <_>
      <rects>
        <_>
          8 0 33 8 -1.</_>
        <_>
          8 4 33 4 2.</_></rects>
      <tilted>0</tilted></_>
    <_>
      <rects>
        <_>
          8 27 22 6 -1.</_>
        <_>
          19 27 11 6 2.</_></rects>
      <tilted>0</tilted></_>
    <_>
      <rects>
        <_>
          8 30 36 3 -1.</_>
        <_>
          20 30 12 3 3.</_></rects>
      <tilted>0</tilted></_>
    <_>
      <rects>
        <_>
          8 34 24 11 -1.</_>
        <_>
          16 34 8 11 3.</_></rects>
      <tilted>0</tilted></_>
    <_>
      <rects>
        <_>
          9 13 1 2 -1.</_>
        <_>
          9 14 1 1 2.</_></rects>
      <tilted>0</tilted></_>
    <_>
      <rects>
        <_>
          9 14 8 8 -1.</_>
        <_>
          9 14 4 4 2.</_>
        <_>
          13 18 4 4 2.</_></rects>
      <tilted>0</tilted></_>
    <_>
      <rects>
        <_>
          9 21 24 24 -1.</_>
        <_>
          9 29 24 8 3.</_></rects>
      <tilted>0</tilted></_>
    <_>
      <rects>
        <_>
          9 32 20 12 -1.</_>
        <_>
          19 32 10 12 2.</_></rects>
      <tilted>0</tilted></_>
    <_>
      <rects>
        <_>
          9 33 12 12 -1.</_>
        <_>
          15 33 6 12 2.</_></rects>
      <tilted>0</tilted></_>
    <_>
      <rects>
        <_>
          9 33 27 4 -1.</_>
        <_>
          18 33 9 4 3.</_></rects>
      <tilted>0</tilted></_>
    <_>
      <rects>
        <_>
          10 1 35 4 -1.</_>
        <_>
          10 3 35 2 2.</_></rects>
      <tilted>0</tilted></_>
    <_>
      <rects>
        <_>
          10 22 20 7 -1.</_>
        <_>
          20 22 10 7 2.</_></rects>
      <tilted>0</tilted></_>
    <_>
      <rects>
        <_>
          10 38 1 4 -1.</_>
        <_>
          10 40 1 2 2.</_></rects>
      <tilted>0</tilted></_>
    <_>
      <rects>
        <_>
          10 41 1 2 -1.</_>
        <_>
          10 42 1 1 2.</_></rects>
      <tilted>0</tilted></_>
    <_>
      <rects>
        <_>
          10 44 15 22 -1.</_>
        <_>
          10 55 15 11 2.</_></rects>
      <tilted>0</tilted></_>
    <_>
      <rects>
        <_>
          11 0 30 24 -1.</_>
        <_>
          11 8 30 8 3.</_></rects>
      <tilted>0</tilted></_>
    <_>
      <rects>
        <_>
          11 8 34 10 -1.</_>
        <_>
          11 8 17 5 2.</_>
        <_>
          28 13 17 5 2.</_></rects>
      <tilted>0</tilted></_>
    <_>
      <rects>
        <_>
          11 38 1 4 -1.</_>
        <_>
          11 40 1 2 2.</_></rects>
      <tilted>0</tilted></_>
    <_>
      <rects>
        <_>
          11 39 2 3 -1.</_>
        <_>
          12 39 1 3 2.</_></rects>
      <tilted>0</tilted></_>
    <_>
      <rects>
        <_>
          11 40 3 2 -1.</_>
        <_>
          11 41 3 1 2.</_></rects>
      <tilted>0</tilted></_>
    <_>
      <rects>
        <_>
          11 44 1 2 -1.</_>
        <_>
          11 45 1 1 2.</_></rects>
      <tilted>0</tilted></_>
    <_>
      <rects>
        <_>
          12 9 2 2 -1.</_>
        <_>
          12 10 2 1 2.</_></rects>
      <tilted>0</tilted></_>
    <_>
      <rects>
        <_>
          12 22 28 20 -1.</_>
        <_>
          12 22 14 10 2.</_>
        <_>
          26 32 14 10 2.</_></rects>
      <tilted>0</tilted></_>
    <_>
      <rects>
        <_>
          12 32 5 20 -1.</_>
        <_>
          12 42 5 10 2.</_></rects>
      <tilted>0</tilted></_>
    <_>
      <rects>
        <_>
          12 34 24 6 -1.</_>
        <_>
          24 34 12 6 2.</_></rects>
      <tilted>0</tilted></_>
    <_>
      <rects>
        <_>
          12 38 2 4 -1.</_>
        <_>
          13 38 1 4 2.</_></rects>
      <tilted>0</tilted></_>
    <_>
      <rects>
        <_>
          12 42 1 2 -1.</_>
        <_>
          12 43 1 1 2.</_></rects>
      <tilted>0</tilted></_>
    <_>
      <rects>
        <_>
          13 25 14 20 -1.</_>
        <_>
          20 25 7 20 2.</_></rects>
      <tilted>0</tilted></_>
    <_>
      <rects>
        <_>
          13 26 12 21 -1.</_>
        <_>
          19 26 6 21 2.</_></rects>
      <tilted>0</tilted></_>
    <_>
      <rects>
        <_>
          13 28 32 8 -1.</_>
        <_>
          13 28 16 4 2.</_>
        <_>
          29 32 16 4 2.</_></rects>
      <tilted>0</tilted></_>
    <_>
      <rects>
        <_>
          13 30 14 7 -1.</_>
        <_>
          20 30 7 7 2.</_></rects>
      <tilted>0</tilted></_>
    <_>
      <rects>
        <_>
          13 31 24 2 -1.</_>
        <_>
          21 31 8 2 3.</_></rects>
      <tilted>0</tilted></_>
    <_>
      <rects>
        <_>
          13 33 24 18 -1.</_>
        <_>
          25 33 12 18 2.</_></rects>
      <tilted>0</tilted></_>
    <_>
      <rects>
        <_>
          13 35 28 18 -1.</_>
        <_>
          13 44 28 9 2.</_></rects>
      <tilted>0</tilted></_>
    <_>
      <rects>
        <_>
          13 40 2 2 -1.</_>
        <_>
          14 40 1 2 2.</_></rects>
      <tilted>0</tilted></_>
    <_>
      <rects>
        <_>
          13 43 28 22 -1.</_>
        <_>
          13 43 14 11 2.</_>
        <_>
          27 54 14 11 2.</_></rects>
      <tilted>0</tilted></_>
    <_>
      <rects>
        <_>
          13 43 18 15 -1.</_>
        <_>
          13 48 18 5 3.</_></rects>
      <tilted>0</tilted></_>
    <_>
      <rects>
        <_>
          13 46 1 3 -1.</_>
        <_>
          13 47 1 1 3.</_></rects>
      <tilted>0</tilted></_>
    <_>
      <rects>
        <_>
          14 0 3 2 -1.</_>
        <_>
          14 1 3 1 2.</_></rects>
      <tilted>0</tilted></_>
    <_>
      <rects>
        <_>
          14 12 1 2 -1.</_>
        <_>
          14 13 1 1 2.</_></rects>
      <tilted>0</tilted></_>
    <_>
      <rects>
        <_>
          14 32 10 18 -1.</_>
        <_>
          14 41 10 9 2.</_></rects>
      <tilted>0</tilted></_>
    <_>
      <rects>
        <_>
          14 45 5 3 -1.</_>
        <_>
          14 46 5 1 3.</_></rects>
      <tilted>0</tilted></_>
    <_>
      <rects>
        <_>
          14 47 4 1 -1.</_>
        <_>
          16 47 2 1 2.</_></rects>
      <tilted>0</tilted></_>
    <_>
      <rects>
        <_>
          15 0 30 22 -1.</_>
        <_>
          15 11 30 11 2.</_></rects>
      <tilted>0</tilted></_>
    <_>
      <rects>
        <_>
          15 21 11 20 -1.</_>
        <_>
          15 31 11 10 2.</_></rects>
      <tilted>0</tilted></_>
    <_>
      <rects>
        <_>
          15 23 10 27 -1.</_>
        <_>
          20 23 5 27 2.</_></rects>
      <tilted>0</tilted></_>
    <_>
      <rects>
        <_>
          15 30 13 12 -1.</_>
        <_>
          15 34 13 4 3.</_></rects>
      <tilted>0</tilted></_>
    <_>
      <rects>
        <_>
          15 31 17 20 -1.</_>
        <_>
          15 41 17 10 2.</_></rects>
      <tilted>0</tilted></_>
    <_>
      <rects>
        <_>
          15 40 2 4 -1.</_>
        <_>
          15 42 2 2 2.</_></rects>
      <tilted>0</tilted></_>
    <_>
      <rects>
        <_>
          15 43 1 3 -1.</_>
        <_>
          15 44 1 1 3.</_></rects>
      <tilted>0</tilted></_>
    <_>
      <rects>
        <_>
          15 43 3 6 -1.</_>
        <_>
          15 45 3 2 3.</_></rects>
      <tilted>0</tilted></_>
    <_>
      <rects>
        <_>
          16 21 28 12 -1.</_>
        <_>
          16 25 28 4 3.</_></rects>
      <tilted>0</tilted></_>
    <_>
      <rects>
        <_>
          16 30 3 5 -1.</_>
        <_>
          17 30 1 5 3.</_></rects>
      <tilted>0</tilted></_>
    <_>
      <rects>
        <_>
          17 8 13 58 -1.</_>
        <_>
          17 37 13 29 2.</_></rects>
      <tilted>0</tilted></_>
    <_>
      <rects>
        <_>
          17 33 9 2 -1.</_>
        <_>
          20 33 3 2 3.</_></rects>
      <tilted>0</tilted></_>
    <_>
      <rects>
        <_>
          17 34 12 21 -1.</_>
        <_>
          23 34 6 21 2.</_></rects>
      <tilted>0</tilted></_>
    <_>
      <rects>
        <_>
          18 16 3 40 -1.</_>
        <_>
          18 36 3 20 2.</_></rects>
      <tilted>0</tilted></_>
    <_>
      <rects>
        <_>
          18 24 1 20 -1.</_>
        <_>
          18 34 1 10 2.</_></rects>
      <tilted>0</tilted></_>
    <_>
      <rects>
        <_>
          18 29 10 8 -1.</_>
        <_>
          18 29 5 4 2.</_>
        <_>
          23 33 5 4 2.</_></rects>
      <tilted>0</tilted></_>
    <_>
      <rects>
        <_>
          18 30 9 5 -1.</_>
        <_>
          21 30 3 5 3.</_></rects>
      <tilted>0</tilted></_>
    <_>
      <rects>
        <_>
          18 31 8 8 -1.</_>
        <_>
          18 31 4 4 2.</_>
        <_>
          22 35 4 4 2.</_></rects>
      <tilted>0</tilted></_>
    <_>
      <rects>
        <_>
          18 32 3 3 -1.</_>
        <_>
          19 32 1 3 3.</_></rects>
      <tilted>0</tilted></_>
    <_>
      <rects>
        <_>
          18 32 6 3 -1.</_>
        <_>
          20 32 2 3 3.</_></rects>
      <tilted>0</tilted></_>
    <_>
      <rects>
        <_>
          19 29 8 10 -1.</_>
        <_>
          19 29 4 5 2.</_>
        <_>
          23 34 4 5 2.</_></rects>
      <tilted>0</tilted></_>
    <_>
      <rects>
        <_>
          19 32 4 12 -1.</_>
        <_>
          19 36 4 4 3.</_></rects>
      <tilted>0</tilted></_>
    <_>
      <rects>
        <_>
          19 33 6 1 -1.</_>
        <_>
          21 33 2 1 3.</_></rects>
      <tilted>0</tilted></_>
    <_>
      <rects>
        <_>
          19 37 12 4 -1.</_>
        <_>
          19 39 12 2 2.</_></rects>
      <tilted>0</tilted></_>
    <_>
      <rects>
        <_>
          19 49 6 1 -1.</_>
        <_>
          21 49 2 1 3.</_></rects>
      <tilted>0</tilted></_>
    <_>
      <rects>
        <_>
          20 22 7 24 -1.</_>
        <_>
          20 34 7 12 2.</_></rects>
      <tilted>0</tilted></_>
    <_>
      <rects>
        <_>
          20 33 6 1 -1.</_>
        <_>
          22 33 2 1 3.</_></rects>
      <tilted>0</tilted></_>
    <_>
      <rects>
        <_>
          21 23 8 10 -1.</_>
        <_>
          21 28 8 5 2.</_></rects>
      <tilted>0</tilted></_>
    <_>
      <rects>
        <_>
          21 28 6 8 -1.</_>
        <_>
          24 28 3 8 2.</_></rects>
      <tilted>0</tilted></_>
    <_>
      <rects>
        <_>
          21 28 7 4 -1.</_>
        <_>
          21 30 7 2 2.</_></rects>
      <tilted>0</tilted></_>
    <_>
      <rects>
        <_>
          21 30 16 3 -1.</_>
        <_>
          29 30 8 3 2.</_></rects>
      <tilted>0</tilted></_>
    <_>
      <rects>
        <_>
          21 33 6 7 -1.</_>
        <_>
          24 33 3 7 2.</_></rects>
      <tilted>0</tilted></_>
    <_>
      <rects>
        <_>
          21 35 6 2 -1.</_>
        <_>
          24 35 3 2 2.</_></rects>
      <tilted>0</tilted></_>
    <_>
      <rects>
        <_>
          22 28 16 6 -1.</_>
        <_>
          22 30 16 2 3.</_></rects>
      <tilted>0</tilted></_>
    <_>
      <rects>
        <_>
          22 35 6 14 -1.</_>
        <_>
          22 35 3 7 2.</_>
        <_>
          25 42 3 7 2.</_></rects>
      <tilted>0</tilted></_>
    <_>
      <rects>
        <_>
          22 36 6 4 -1.</_>
        <_>
          22 36 3 2 2.</_>
        <_>
          25 38 3 2 2.</_></rects>
      <tilted>0</tilted></_>
    <_>
      <rects>
        <_>
          23 28 3 6 -1.</_>
        <_>
          24 28 1 6 3.</_></rects>
      <tilted>0</tilted></_>
    <_>
      <rects>
        <_>
          23 31 2 3 -1.</_>
        <_>
          23 32 2 1 3.</_></rects>
      <tilted>0</tilted></_>
    <_>
      <rects>
        <_>
          23 32 6 10 -1.</_>
        <_>
          25 32 2 10 3.</_></rects>
      <tilted>0</tilted></_>
    <_>
      <rects>
        <_>
          23 33 3 1 -1.</_>
        <_>
          24 33 1 1 3.</_></rects>
      <tilted>0</tilted></_>
    <_>
      <rects>
        <_>
          24 0 3 54 -1.</_>
        <_>
          24 18 3 18 3.</_></rects>
      <tilted>0</tilted></_>
    <_>
      <rects>
        <_>
          24 20 12 15 -1.</_>
        <_>
          30 20 6 15 2.</_></rects>
      <tilted>0</tilted></_>
    <_>
      <rects>
        <_>
          24 32 6 4 -1.</_>
        <_>
          26 32 2 4 3.</_></rects>
      <tilted>0</tilted></_>
    <_>
      <rects>
        <_>
          24 53 3 2 -1.</_>
        <_>
          24 54 3 1 2.</_></rects>
      <tilted>0</tilted></_>
    <_>
      <rects>
        <_>
          25 37 14 2 -1.</_>
        <_>
          32 37 7 2 2.</_></rects>
      <tilted>0</tilted></_>
    <_>
      <rects>
        <_>
          26 4 1 2 -1.</_>
        <_>
          26 5 1 1 2.</_></rects>
      <tilted>0</tilted></_>
    <_>
      <rects>
        <_>
          26 27 10 6 -1.</_>
        <_>
          31 27 5 6 2.</_></rects>
      <tilted>0</tilted></_>
    <_>
      <rects>
        <_>
          27 14 2 33 -1.</_>
        <_>
          27 25 2 11 3.</_></rects>
      <tilted>0</tilted></_>
    <_>
      <rects>
        <_>
          27 23 10 13 -1.</_>
        <_>
          32 23 5 13 2.</_></rects>
      <tilted>0</tilted></_>
    <_>
      <rects>
        <_>
          27 28 6 5 -1.</_>
        <_>
          30 28 3 5 2.</_></rects>
      <tilted>0</tilted></_>
    <_>
      <rects>
        <_>
          28 0 5 30 -1.</_>
        <_>
          28 10 5 10 3.</_></rects>
      <tilted>0</tilted></_>
    <_>
      <rects>
        <_>
          29 23 11 14 -1.</_>
        <_>
          29 30 11 7 2.</_></rects>
      <tilted>0</tilted></_>
    <_>
      <rects>
        <_>
          30 29 1 18 -1.</_>
        <_>
          30 35 1 6 3.</_></rects>
      <tilted>0</tilted></_>
    <_>
      <rects>
        <_>
          31 13 12 11 -1.</_>
        <_>
          35 13 4 11 3.</_></rects>
      <tilted>0</tilted></_>
    <_>
      <rects>
        <_>
          31 54 8 2 -1.</_>
        <_>
          31 55 8 1 2.</_></rects>
      <tilted>0</tilted></_>
    <_>
      <rects>
        <_>
          32 11 2 20 -1.</_>
        <_>
          32 11 1 10 2.</_>
        <_>
          33 21 1 10 2.</_></rects>
      <tilted>0</tilted></_>
    <_>
      <rects>
        <_>
          32 38 12 6 -1.</_>
        <_>
          32 41 12 3 2.</_></rects>
      <tilted>0</tilted></_>
    <_>
      <rects>
        <_>
          33 14 12 45 -1.</_>
        <_>
          39 14 6 45 2.</_></rects>
      <tilted>0</tilted></_>
    <_>
      <rects>
        <_>
          33 22 9 4 -1.</_>
        <_>
          36 22 3 4 3.</_></rects>
      <tilted>0</tilted></_>
    <_>
      <rects>
        <_>
          33 22 6 5 -1.</_>
        <_>
          36 22 3 5 2.</_></rects>
      <tilted>0</tilted></_>
    <_>
      <rects>
        <_>
          33 31 12 7 -1.</_>
        <_>
          37 31 4 7 3.</_></rects>
      <tilted>0</tilted></_>
    <_>
      <rects>
        <_>
          33 41 12 8 -1.</_>
        <_>
          37 41 4 8 3.</_></rects>
      <tilted>0</tilted></_>
    <_>
      <rects>
        <_>
          33 56 2 2 -1.</_>
        <_>
          33 57 2 1 2.</_></rects>
      <tilted>0</tilted></_>
    <_>
      <rects>
        <_>
          34 15 6 11 -1.</_>
        <_>
          37 15 3 11 2.</_></rects>
      <tilted>0</tilted></_>
    <_>
      <rects>
        <_>
          34 24 11 18 -1.</_>
        <_>
          34 30 11 6 3.</_></rects>
      <tilted>0</tilted></_>
    <_>
      <rects>
        <_>
          34 33 9 7 -1.</_>
        <_>
          37 33 3 7 3.</_></rects>
      <tilted>0</tilted></_>
    <_>
      <rects>
        <_>
          34 39 4 27 -1.</_>
        <_>
          34 48 4 9 3.</_></rects>
      <tilted>0</tilted></_>
    <_>
      <rects>
        <_>
          34 48 5 18 -1.</_>
        <_>
          34 57 5 9 2.</_></rects>
      <tilted>0</tilted></_>
    <_>
      <rects>
        <_>
          36 23 6 5 -1.</_>
        <_>
          38 23 2 5 3.</_></rects>
      <tilted>0</tilted></_>
    <_>
      <rects>
        <_>
          36 26 8 40 -1.</_>
        <_>
          36 26 4 20 2.</_>
        <_>
          40 46 4 20 2.</_></rects>
      <tilted>0</tilted></_>
    <_>
      <rects>
        <_>
          36 28 8 22 -1.</_>
        <_>
          40 28 4 22 2.</_></rects>
      <tilted>0</tilted></_>
    <_>
      <rects>
        <_>
          37 2 2 42 -1.</_>
        <_>
          37 16 2 14 3.</_></rects>
      <tilted>0</tilted></_>
    <_>
      <rects>
        <_>
          37 13 4 22 -1.</_>
        <_>
          37 13 2 11 2.</_>
        <_>
          39 24 2 11 2.</_></rects>
      <tilted>0</tilted></_>
    <_>
      <rects>
        <_>
          37 14 8 25 -1.</_>
        <_>
          41 14 4 25 2.</_></rects>
      <tilted>0</tilted></_>
    <_>
      <rects>
        <_>
          37 17 6 16 -1.</_>
        <_>
          37 17 3 8 2.</_>
        <_>
          40 25 3 8 2.</_></rects>
      <tilted>0</tilted></_>
    <_>
      <rects>
        <_>
          37 18 8 42 -1.</_>
        <_>
          37 18 4 21 2.</_>
        <_>
          41 39 4 21 2.</_></rects>
      <tilted>0</tilted></_>
    <_>
      <rects>
        <_>
          38 7 1 2 -1.</_>
        <_>
          38 8 1 1 2.</_></rects>
      <tilted>0</tilted></_>
    <_>
      <rects>
        <_>
          38 22 4 8 -1.</_>
        <_>
          38 22 2 4 2.</_>
        <_>
          40 26 2 4 2.</_></rects>
      <tilted>0</tilted></_>
    <_>
      <rects>
        <_>
          38 23 6 2 -1.</_>
        <_>
          40 23 2 2 3.</_></rects>
      <tilted>0</tilted></_>
    <_>
      <rects>
        <_>
          39 0 6 57 -1.</_>
        <_>
          42 0 3 57 2.</_></rects>
      <tilted>0</tilted></_>
    <_>
      <rects>
        <_>
          39 10 6 44 -1.</_>
        <_>
          39 10 3 22 2.</_>
        <_>
          42 32 3 22 2.</_></rects>
      <tilted>0</tilted></_>
    <_>
      <rects>
        <_>
          39 33 6 17 -1.</_>
        <_>
          42 33 3 17 2.</_></rects>
      <tilted>0</tilted></_>
    <_>
      <rects>
        <_>
          40 0 2 66 -1.</_>
        <_>
          40 22 2 22 3.</_></rects>
      <tilted>0</tilted></_>
    <_>
      <rects>
        <_>
          40 2 2 60 -1.</_>
        <_>
          40 22 2 20 3.</_></rects>
      <tilted>0</tilted></_>
    <_>
      <rects>
        <_>
          40 9 4 45 -1.</_>
        <_>
          42 9 2 45 2.</_></rects>
      <tilted>0</tilted></_>
    <_>
      <rects>
        <_>
          42 38 1 2 -1.</_>
        <_>
          42 39 1 1 2.</_></rects>
      <tilted>0</tilted></_>
    <_>
      <rects>
        <_>
          42 47 2 1 -1.</_>
        <_>
          43 47 1 1 2.</_></rects>
      <tilted>0</tilted></_>
    <_>
      <rects>
        <_>
          43 22 2 25 -1.</_>
        <_>
          44 22 1 25 2.</_></rects>
      <tilted>0</tilted></_>
    <_>
      <rects>
        <_>
          43 27 2 12 -1.</_>
        <_>
          43 27 1 6 2.</_>
        <_>
          44 33 1 6 2.</_></rects>
      <tilted>0</tilted></_>
    <_>
      <rects>
        <_>
          43 38 1 2 -1.</_>
        <_>
          43 39 1 1 2.</_></rects>
      <tilted>0</tilted></_>
    <_>
      <rects>
        <_>
          44 22 1 24 -1.</_>
        <_>
          44 30 1 8 3.</_></rects>
      <tilted>0</tilted></_></features></cascade>
</opencv_storage>
