<?xml version="1.0"?>
<opencv_storage>
<cascade>
  <stageType>BOOST</stageType>
  <featureType>HAAR</featureType>
  <height>14</height>
  <width>12</width>
  <stageParams>
    <boostType>GAB</boostType>
    <minHitRate>9.9900001287460327e-01</minHitRate>
    <maxFalseAlarm>5.0000000000000000e-01</maxFalseAlarm>
    <weightTrimRate>9.4999999999999996e-01</weightTrimRate>
    <maxDepth>1</maxDepth>
    <maxWeakCount>100</maxWeakCount></stageParams>
  <featureParams>
    <maxCatCount>0</maxCatCount>
    <featSize>1</featSize>
    <mode>BASIC</mode></featureParams>
  <stageNum>20</stageNum>
  <stages>
    <!-- stage 0 -->
    <_>
      <maxWeakCount>7</maxWeakCount>
      <stageThreshold>-7.0500576496124268e-01</stageThreshold>
      <weakClassifiers>
        <_>
          <internalNodes>
            0 -1 131 -6.2559219077229500e-03</internalNodes>
          <leafValues>
            6.7816090583801270e-01 -3.6842104792594910e-01</leafValues></_>
        <_>
          <internalNodes>
            0 -1 113 -2.1276918705552816e-03</internalNodes>
          <leafValues>
            5.5942738056182861e-01 -4.4588631391525269e-01</leafValues></_>
        <_>
          <internalNodes>
            0 -1 147 8.9001860469579697e-03</internalNodes>
          <leafValues>
            -2.8528717160224915e-01 7.6465481519699097e-01</leafValues></_>
        <_>
          <internalNodes>
            0 -1 23 6.3958048820495605e-02</internalNodes>
          <leafValues>
            -3.2628622651100159e-01 6.6884738206863403e-01</leafValues></_>
        <_>
          <internalNodes>
            0 -1 201 -8.7527241557836533e-03</internalNodes>
          <leafValues>
            8.3254569768905640e-01 -2.4528113007545471e-01</leafValues></_>
        <_>
          <internalNodes>
            0 -1 181 3.9011789485812187e-03</internalNodes>
          <leafValues>
            -2.3894768953323364e-01 6.3469117879867554e-01</leafValues></_>
        <_>
          <internalNodes>
            0 -1 46 7.4113205075263977e-02</internalNodes>
          <leafValues>
            2.0997023582458496e-01 -9.5960390567779541e-01</leafValues></_></weakClassifiers></_>
    <!-- stage 1 -->
    <_>
      <maxWeakCount>5</maxWeakCount>
      <stageThreshold>-3.7958845496177673e-01</stageThreshold>
      <weakClassifiers>
        <_>
          <internalNodes>
            0 -1 36 3.5851588845252991e-01</internalNodes>
          <leafValues>
            5.1515150070190430e-01 -1.</leafValues></_>
        <_>
          <internalNodes>
            0 -1 95 -1.6804322600364685e-02</internalNodes>
          <leafValues>
            6.0146784782409668e-01 -4.3246936798095703e-01</leafValues></_>
        <_>
          <internalNodes>
            0 -1 24 -5.7179462164640427e-03</internalNodes>
          <leafValues>
            9.7591853141784668e-01 -2.7430963516235352e-01</leafValues></_>
        <_>
          <internalNodes>
            0 -1 160 -7.8195547685027122e-03</internalNodes>
          <leafValues>
            7.9498368501663208e-01 -3.7746864557266235e-01</leafValues></_>
        <_>
          <internalNodes>
            0 -1 5 -3.6149269342422485e-01</internalNodes>
          <leafValues>
            -8.4442955255508423e-01 3.5719922184944153e-01</leafValues></_></weakClassifiers></_>
    <!-- stage 2 -->
    <_>
      <maxWeakCount>5</maxWeakCount>
      <stageThreshold>-2.4570861458778381e-01</stageThreshold>
      <weakClassifiers>
        <_>
          <internalNodes>
            0 -1 149 7.0938644930720329e-03</internalNodes>
          <leafValues>
            -7.6923079788684845e-02 8.3333331346511841e-01</leafValues></_>
        <_>
          <internalNodes>
            0 -1 147 8.7284501641988754e-03</internalNodes>
          <leafValues>
            -1.6851122677326202e-01 9.6438306570053101e-01</leafValues></_>
        <_>
          <internalNodes>
            0 -1 132 5.9433453716337681e-03</internalNodes>
          <leafValues>
            -2.0610700547695160e-01 9.4739621877670288e-01</leafValues></_>
        <_>
          <internalNodes>
            0 -1 162 1.3617615331895649e-04</internalNodes>
          <leafValues>
            -4.1884100437164307e-01 5.1385229825973511e-01</leafValues></_>
        <_>
          <internalNodes>
            0 -1 122 3.5540631506592035e-03</internalNodes>
          <leafValues>
            -2.8558272123336792e-01 7.8415703773498535e-01</leafValues></_></weakClassifiers></_>
    <!-- stage 3 -->
    <_>
      <maxWeakCount>11</maxWeakCount>
      <stageThreshold>-5.6472289562225342e-01</stageThreshold>
      <weakClassifiers>
        <_>
          <internalNodes>
            0 -1 58 1.7157191038131714e-01</internalNodes>
          <leafValues>
            4.9110320210456848e-01 -8.0952382087707520e-01</leafValues></_>
        <_>
          <internalNodes>
            0 -1 147 1.0476071387529373e-02</internalNodes>
          <leafValues>
            -1.8142254650592804e-01 9.1567832231521606e-01</leafValues></_>
        <_>
          <internalNodes>
            0 -1 182 1.1074630543589592e-02</internalNodes>
          <leafValues>
            -2.0573984086513519e-01 8.8520300388336182e-01</leafValues></_>
        <_>
          <internalNodes>
            0 -1 192 7.3392442427575588e-03</internalNodes>
          <leafValues>
            -1.8165256083011627e-01 8.5676240921020508e-01</leafValues></_>
        <_>
          <internalNodes>
            0 -1 152 -5.9745525941252708e-03</internalNodes>
          <leafValues>
            9.6267706155776978e-01 -1.8747049570083618e-01</leafValues></_>
        <_>
          <internalNodes>
            0 -1 124 1.4034771593287587e-03</internalNodes>
          <leafValues>
            3.7088206410408020e-01 -5.9949302673339844e-01</leafValues></_>
        <_>
          <internalNodes>
            0 -1 52 -2.1737614646553993e-02</internalNodes>
          <leafValues>
            5.1573365926742554e-01 -4.4852140545845032e-01</leafValues></_>
        <_>
          <internalNodes>
            0 -1 201 -5.2189854905009270e-03</internalNodes>
          <leafValues>
            6.4121705293655396e-01 -2.6397144794464111e-01</leafValues></_>
        <_>
          <internalNodes>
            0 -1 43 1.0440705344080925e-02</internalNodes>
          <leafValues>
            -1.9602602720260620e-01 8.8209658861160278e-01</leafValues></_>
        <_>
          <internalNodes>
            0 -1 207 8.5850786417722702e-03</internalNodes>
          <leafValues>
            -1.7820070683956146e-01 8.8113266229629517e-01</leafValues></_>
        <_>
          <internalNodes>
            0 -1 179 5.2360771223902702e-03</internalNodes>
          <leafValues>
            -1.4798532426357269e-01 8.1173539161682129e-01</leafValues></_></weakClassifiers></_>
    <!-- stage 4 -->
    <_>
      <maxWeakCount>14</maxWeakCount>
      <stageThreshold>-4.8484584689140320e-01</stageThreshold>
      <weakClassifiers>
        <_>
          <internalNodes>
            0 -1 64 -1.6603823751211166e-02</internalNodes>
          <leafValues>
            7.5081968307495117e-01 -1.2500000186264515e-02</leafValues></_>
        <_>
          <internalNodes>
            0 -1 140 5.3780593589181080e-05</internalNodes>
          <leafValues>
            -3.8966551423072815e-01 3.6696058511734009e-01</leafValues></_>
        <_>
          <internalNodes>
            0 -1 147 1.2236952781677246e-02</internalNodes>
          <leafValues>
            -2.3887185752391815e-01 6.8977540731430054e-01</leafValues></_>
        <_>
          <internalNodes>
            0 -1 24 -1.0377614758908749e-02</internalNodes>
          <leafValues>
            7.9607546329498291e-01 -1.7135860025882721e-01</leafValues></_>
        <_>
          <internalNodes>
            0 -1 53 1.1635955888777971e-03</internalNodes>
          <leafValues>
            -3.4745171666145325e-01 4.1753253340721130e-01</leafValues></_>
        <_>
          <internalNodes>
            0 -1 182 1.5797011554241180e-02</internalNodes>
          <leafValues>
            -1.7696419358253479e-01 8.8332116603851318e-01</leafValues></_>
        <_>
          <internalNodes>
            0 -1 208 9.1656092554330826e-03</internalNodes>
          <leafValues>
            -1.4462664723396301e-01 6.7446458339691162e-01</leafValues></_>
        <_>
          <internalNodes>
            0 -1 85 -1.4113445580005646e-01</internalNodes>
          <leafValues>
            -8.8924282789230347e-01 1.5208628773689270e-01</leafValues></_>
        <_>
          <internalNodes>
            0 -1 55 -1.2782877311110497e-02</internalNodes>
          <leafValues>
            8.2308501005172729e-01 -1.6863231360912323e-01</leafValues></_>
        <_>
          <internalNodes>
            0 -1 223 2.0390134304761887e-02</internalNodes>
          <leafValues>
            -1.7885848879814148e-01 6.4351445436477661e-01</leafValues></_>
        <_>
          <internalNodes>
            0 -1 126 -2.3572024703025818e-01</internalNodes>
          <leafValues>
            -8.4544265270233154e-01 2.0123890042304993e-01</leafValues></_>
        <_>
          <internalNodes>
            0 -1 135 3.0822225380688906e-04</internalNodes>
          <leafValues>
            -4.7141563892364502e-01 2.7267745137214661e-01</leafValues></_>
        <_>
          <internalNodes>
            0 -1 109 4.3992094695568085e-02</internalNodes>
          <leafValues>
            2.6046803593635559e-01 -5.4571115970611572e-01</leafValues></_>
        <_>
          <internalNodes>
            0 -1 48 1.8152438104152679e-02</internalNodes>
          <leafValues>
            -2.4265308678150177e-01 6.5710794925689697e-01</leafValues></_></weakClassifiers></_>
    <!-- stage 5 -->
    <_>
      <maxWeakCount>14</maxWeakCount>
      <stageThreshold>-6.6615450382232666e-01</stageThreshold>
      <weakClassifiers>
        <_>
          <internalNodes>
            0 -1 123 -5.0076328217983246e-02</internalNodes>
          <leafValues>
            -6.6153848171234131e-01 4.7857141494750977e-01</leafValues></_>
        <_>
          <internalNodes>
            0 -1 216 1.1493198573589325e-02</internalNodes>
          <leafValues>
            -1.4624014496803284e-01 8.6223590373992920e-01</leafValues></_>
        <_>
          <internalNodes>
            0 -1 176 -6.7408373579382896e-03</internalNodes>
          <leafValues>
            6.2034493684768677e-01 -1.9542957842350006e-01</leafValues></_>
        <_>
          <internalNodes>
            0 -1 153 1.9107999280095100e-02</internalNodes>
          <leafValues>
            -1.8206150829792023e-01 7.2778397798538208e-01</leafValues></_>
        <_>
          <internalNodes>
            0 -1 129 -3.3947676420211792e-02</internalNodes>
          <leafValues>
            5.0929927825927734e-01 -3.3377960324287415e-01</leafValues></_>
        <_>
          <internalNodes>
            0 -1 19 -6.5796254202723503e-03</internalNodes>
          <leafValues>
            7.2895026206970215e-01 -1.3412761688232422e-01</leafValues></_>
        <_>
          <internalNodes>
            0 -1 82 1.7073057591915131e-02</internalNodes>
          <leafValues>
            -2.0450013875961304e-01 5.8356779813766479e-01</leafValues></_>
        <_>
          <internalNodes>
            0 -1 181 1.3495808467268944e-02</internalNodes>
          <leafValues>
            -1.3173133134841919e-01 8.8867759704589844e-01</leafValues></_>
        <_>
          <internalNodes>
            0 -1 183 8.0015258863568306e-03</internalNodes>
          <leafValues>
            -1.1272639781236649e-01 8.4684324264526367e-01</leafValues></_>
        <_>
          <internalNodes>
            0 -1 120 1.6668180469423532e-03</internalNodes>
          <leafValues>
            2.9971379041671753e-01 -4.4592967629432678e-01</leafValues></_>
        <_>
          <internalNodes>
            0 -1 222 5.7866787537932396e-03</internalNodes>
          <leafValues>
            -2.8220137953758240e-01 4.7329905629158020e-01</leafValues></_>
        <_>
          <internalNodes>
            0 -1 152 1.1601001955568790e-02</internalNodes>
          <leafValues>
            -1.2572517991065979e-01 8.2466274499893188e-01</leafValues></_>
        <_>
          <internalNodes>
            0 -1 209 -6.9243689067661762e-03</internalNodes>
          <leafValues>
            8.6915707588195801e-01 -1.1714854836463928e-01</leafValues></_>
        <_>
          <internalNodes>
            0 -1 10 -2.3806620389223099e-02</internalNodes>
          <leafValues>
            5.2123171091079712e-01 -1.9273507595062256e-01</leafValues></_></weakClassifiers></_>
    <!-- stage 6 -->
    <_>
      <maxWeakCount>14</maxWeakCount>
      <stageThreshold>-6.1339890956878662e-01</stageThreshold>
      <weakClassifiers>
        <_>
          <internalNodes>
            0 -1 63 -4.4555891305208206e-02</internalNodes>
          <leafValues>
            -6.6197180747985840e-01 4.9097472429275513e-01</leafValues></_>
        <_>
          <internalNodes>
            0 -1 113 -1.5941414982080460e-02</internalNodes>
          <leafValues>
            8.7246412038803101e-01 -1.4863339066505432e-01</leafValues></_>
        <_>
          <internalNodes>
            0 -1 34 5.6727940682321787e-04</internalNodes>
          <leafValues>
            -3.5962426662445068e-01 3.4957742691040039e-01</leafValues></_>
        <_>
          <internalNodes>
            0 -1 150 -1.2142227962613106e-02</internalNodes>
          <leafValues>
            7.4630862474441528e-01 -1.9985425472259521e-01</leafValues></_>
        <_>
          <internalNodes>
            0 -1 210 8.5496604442596436e-03</internalNodes>
          <leafValues>
            -1.5993361175060272e-01 6.5391808748245239e-01</leafValues></_>
        <_>
          <internalNodes>
            0 -1 185 -1.4858754351735115e-02</internalNodes>
          <leafValues>
            7.4838763475418091e-01 -1.2242537736892700e-01</leafValues></_>
        <_>
          <internalNodes>
            0 -1 186 -6.5272292122244835e-03</internalNodes>
          <leafValues>
            7.5575166940689087e-01 -1.1966332048177719e-01</leafValues></_>
        <_>
          <internalNodes>
            0 -1 68 3.6214303225278854e-02</internalNodes>
          <leafValues>
            1.6513139009475708e-01 -7.4383336305618286e-01</leafValues></_>
        <_>
          <internalNodes>
            0 -1 17 1.9729277119040489e-02</internalNodes>
          <leafValues>
            1.6639448702335358e-01 -5.8700966835021973e-01</leafValues></_>
        <_>
          <internalNodes>
            0 -1 61 4.8608325421810150e-02</internalNodes>
          <leafValues>
            1.3312059640884399e-01 -7.7878201007843018e-01</leafValues></_>
        <_>
          <internalNodes>
            0 -1 200 -1.2434156611561775e-02</internalNodes>
          <leafValues>
            7.0641571283340454e-01 -1.7912845313549042e-01</leafValues></_>
        <_>
          <internalNodes>
            0 -1 198 7.5033055618405342e-03</internalNodes>
          <leafValues>
            -1.5354919433593750e-01 6.4208531379699707e-01</leafValues></_>
        <_>
          <internalNodes>
            0 -1 196 -7.8034587204456329e-03</internalNodes>
          <leafValues>
            7.3390424251556396e-01 -1.5638263523578644e-01</leafValues></_>
        <_>
          <internalNodes>
            0 -1 103 -2.6739118620753288e-02</internalNodes>
          <leafValues>
            -8.1614232063293457e-01 1.6948992013931274e-01</leafValues></_></weakClassifiers></_>
    <!-- stage 7 -->
    <_>
      <maxWeakCount>18</maxWeakCount>
      <stageThreshold>-6.6165006160736084e-01</stageThreshold>
      <weakClassifiers>
        <_>
          <internalNodes>
            0 -1 115 -7.4643958359956741e-03</internalNodes>
          <leafValues>
            5.9249329566955566e-01 1.5873016789555550e-02</leafValues></_>
        <_>
          <internalNodes>
            0 -1 146 1.3613648712635040e-02</internalNodes>
          <leafValues>
            -8.4907971322536469e-02 8.9771437644958496e-01</leafValues></_>
        <_>
          <internalNodes>
            0 -1 195 -1.3416595757007599e-02</internalNodes>
          <leafValues>
            7.8507542610168457e-01 -1.3897585868835449e-01</leafValues></_>
        <_>
          <internalNodes>
            0 -1 177 6.6487211734056473e-03</internalNodes>
          <leafValues>
            -1.2303619831800461e-01 8.1490463018417358e-01</leafValues></_>
        <_>
          <internalNodes>
            0 -1 175 -1.2750314548611641e-02</internalNodes>
          <leafValues>
            5.8140832185745239e-01 -1.7456565797328949e-01</leafValues></_>
        <_>
          <internalNodes>
            0 -1 173 1.2578805908560753e-02</internalNodes>
          <leafValues>
            -1.5427593886852264e-01 7.2070878744125366e-01</leafValues></_>
        <_>
          <internalNodes>
            0 -1 131 -5.0542033277451992e-03</internalNodes>
          <leafValues>
            2.1155487000942230e-01 -6.1638695001602173e-01</leafValues></_>
        <_>
          <internalNodes>
            0 -1 151 -1.8681682646274567e-02</internalNodes>
          <leafValues>
            8.1547856330871582e-01 -1.5538635849952698e-01</leafValues></_>
        <_>
          <internalNodes>
            0 -1 89 8.4059959044679999e-04</internalNodes>
          <leafValues>
            -2.3136585950851440e-01 4.9078074097633362e-01</leafValues></_>
        <_>
          <internalNodes>
            0 -1 193 -5.6437216699123383e-03</internalNodes>
          <leafValues>
            7.1054995059967041e-01 -1.1563120782375336e-01</leafValues></_>
        <_>
          <internalNodes>
            0 -1 33 4.5959934592247009e-02</internalNodes>
          <leafValues>
            -2.7711266279220581e-01 3.6602383852005005e-01</leafValues></_>
        <_>
          <internalNodes>
            0 -1 43 8.3728777244687080e-03</internalNodes>
          <leafValues>
            -1.8582504987716675e-01 5.5889004468917847e-01</leafValues></_>
        <_>
          <internalNodes>
            0 -1 127 -5.5571901611983776e-05</internalNodes>
          <leafValues>
            4.3564131855964661e-01 -2.5076201558113098e-01</leafValues></_>
        <_>
          <internalNodes>
            0 -1 176 -1.3262916356325150e-02</internalNodes>
          <leafValues>
            7.6143085956573486e-01 -1.5236160159111023e-01</leafValues></_>
        <_>
          <internalNodes>
            0 -1 105 -9.5642790256533772e-05</internalNodes>
          <leafValues>
            3.1154498457908630e-01 -3.6772692203521729e-01</leafValues></_>
        <_>
          <internalNodes>
            0 -1 75 3.5297159105539322e-02</internalNodes>
          <leafValues>
            2.0598123967647552e-01 -5.6910514831542969e-01</leafValues></_>
        <_>
          <internalNodes>
            0 -1 26 8.3940592594444752e-04</internalNodes>
          <leafValues>
            -3.7982597947120667e-01 2.8863525390625000e-01</leafValues></_>
        <_>
          <internalNodes>
            0 -1 9 1.1056926101446152e-02</internalNodes>
          <leafValues>
            -1.1622537672519684e-01 8.6602813005447388e-01</leafValues></_></weakClassifiers></_>
    <!-- stage 8 -->
    <_>
      <maxWeakCount>14</maxWeakCount>
      <stageThreshold>-5.7874846458435059e-01</stageThreshold>
      <weakClassifiers>
        <_>
          <internalNodes>
            0 -1 92 -1.1763695627450943e-02</internalNodes>
          <leafValues>
            -5.5555558204650879e-01 4.7920432686805725e-01</leafValues></_>
        <_>
          <internalNodes>
            0 -1 180 2.2188737988471985e-02</internalNodes>
          <leafValues>
            -1.7806260287761688e-01 7.6634097099304199e-01</leafValues></_>
        <_>
          <internalNodes>
            0 -1 202 1.3520576991140842e-02</internalNodes>
          <leafValues>
            -9.7190357744693756e-02 8.4494519233703613e-01</leafValues></_>
        <_>
          <internalNodes>
            0 -1 152 1.2983485125005245e-02</internalNodes>
          <leafValues>
            -9.8433703184127808e-02 8.4109336137771606e-01</leafValues></_>
        <_>
          <internalNodes>
            0 -1 100 -6.0902498662471771e-03</internalNodes>
          <leafValues>
            -6.4019131660461426e-01 1.6643604636192322e-01</leafValues></_>
        <_>
          <internalNodes>
            0 -1 159 7.5769145041704178e-05</internalNodes>
          <leafValues>
            -2.2740246355533600e-01 4.4894653558731079e-01</leafValues></_>
        <_>
          <internalNodes>
            0 -1 134 -1.2604277580976486e-02</internalNodes>
          <leafValues>
            7.8853088617324829e-01 -1.6796830296516418e-01</leafValues></_>
        <_>
          <internalNodes>
            0 -1 88 -2.1634921431541443e-02</internalNodes>
          <leafValues>
            2.8310245275497437e-01 -3.8270995020866394e-01</leafValues></_>
        <_>
          <internalNodes>
            0 -1 174 -7.9877994721755385e-05</internalNodes>
          <leafValues>
            3.2289141416549683e-01 -3.0835309624671936e-01</leafValues></_>
        <_>
          <internalNodes>
            0 -1 113 -1.1434064945206046e-03</internalNodes>
          <leafValues>
            2.6281502842903137e-01 -3.8015803694725037e-01</leafValues></_>
        <_>
          <internalNodes>
            0 -1 108 2.0122842863202095e-02</internalNodes>
          <leafValues>
            -1.8059085309505463e-01 8.3753186464309692e-01</leafValues></_>
        <_>
          <internalNodes>
            0 -1 211 -5.8427511248737574e-05</internalNodes>
          <leafValues>
            3.7871411442756653e-01 -2.4303467571735382e-01</leafValues></_>
        <_>
          <internalNodes>
            0 -1 211 1.1880527250468731e-02</internalNodes>
          <leafValues>
            -1.0577399283647537e-01 8.3443576097488403e-01</leafValues></_>
        <_>
          <internalNodes>
            0 -1 12 9.0678483247756958e-03</internalNodes>
          <leafValues>
            -1.2563484907150269e-01 5.9110152721405029e-01</leafValues></_></weakClassifiers></_>
    <!-- stage 9 -->
    <_>
      <maxWeakCount>17</maxWeakCount>
      <stageThreshold>-6.4443093538284302e-01</stageThreshold>
      <weakClassifiers>
        <_>
          <internalNodes>
            0 -1 96 -9.0116336941719055e-03</internalNodes>
          <leafValues>
            -6.6101694107055664e-01 4.6643108129501343e-01</leafValues></_>
        <_>
          <internalNodes>
            0 -1 156 2.7139630168676376e-02</internalNodes>
          <leafValues>
            -1.8207025527954102e-01 5.3695160150527954e-01</leafValues></_>
        <_>
          <internalNodes>
            0 -1 0 -3.2690963707864285e-03</internalNodes>
          <leafValues>
            -5.6891745328903198e-01 1.4991596341133118e-01</leafValues></_>
        <_>
          <internalNodes>
            0 -1 98 -1.9830428063869476e-03</internalNodes>
          <leafValues>
            -5.5638605356216431e-01 1.5511520206928253e-01</leafValues></_>
        <_>
          <internalNodes>
            0 -1 14 3.2347489148378372e-02</internalNodes>
          <leafValues>
            -1.5466521680355072e-01 6.5121662616729736e-01</leafValues></_>
        <_>
          <internalNodes>
            0 -1 144 -9.5771970227360725e-03</internalNodes>
          <leafValues>
            5.7900875806808472e-01 -1.5766850113868713e-01</leafValues></_>
        <_>
          <internalNodes>
            0 -1 8 -2.6574546936899424e-03</internalNodes>
          <leafValues>
            -5.7495164871215820e-01 1.5527811646461487e-01</leafValues></_>
        <_>
          <internalNodes>
            0 -1 154 -1.0713985189795494e-02</internalNodes>
          <leafValues>
            6.6918349266052246e-01 -1.4913448691368103e-01</leafValues></_>
        <_>
          <internalNodes>
            0 -1 148 -1.3197856023907661e-02</internalNodes>
          <leafValues>
            3.5078585147857666e-01 -2.7674341201782227e-01</leafValues></_>
        <_>
          <internalNodes>
            0 -1 57 1.3727823970839381e-03</internalNodes>
          <leafValues>
            2.4591633677482605e-01 -3.8922578096389771e-01</leafValues></_>
        <_>
          <internalNodes>
            0 -1 0 1.9258341053500772e-03</internalNodes>
          <leafValues>
            2.0417517423629761e-01 -4.9015510082244873e-01</leafValues></_>
        <_>
          <internalNodes>
            0 -1 166 3.7605568766593933e-02</internalNodes>
          <leafValues>
            -1.7458707094192505e-01 5.3559792041778564e-01</leafValues></_>
        <_>
          <internalNodes>
            0 -1 30 -6.4442634582519531e-02</internalNodes>
          <leafValues>
            -8.3158987760543823e-01 1.4728917181491852e-01</leafValues></_>
        <_>
          <internalNodes>
            0 -1 145 -1.0835168883204460e-02</internalNodes>
          <leafValues>
            6.8627136945724487e-01 -1.3391461968421936e-01</leafValues></_>
        <_>
          <internalNodes>
            0 -1 66 -4.3928623199462891e-02</internalNodes>
          <leafValues>
            3.7749305367469788e-01 -2.1680928766727448e-01</leafValues></_>
        <_>
          <internalNodes>
            0 -1 213 2.5145981460809708e-02</internalNodes>
          <leafValues>
            -1.7534294724464417e-01 5.5250823497772217e-01</leafValues></_>
        <_>
          <internalNodes>
            0 -1 42 1.0714624077081680e-03</internalNodes>
          <leafValues>
            2.6391300559043884e-01 -3.5954257845878601e-01</leafValues></_></weakClassifiers></_>
    <!-- stage 10 -->
    <_>
      <maxWeakCount>19</maxWeakCount>
      <stageThreshold>-7.1291404962539673e-01</stageThreshold>
      <weakClassifiers>
        <_>
          <internalNodes>
            0 -1 99 -7.1126935072243214e-03</internalNodes>
          <leafValues>
            -5.8333331346511841e-01 4.3847486376762390e-01</leafValues></_>
        <_>
          <internalNodes>
            0 -1 134 -1.2546081095933914e-02</internalNodes>
          <leafValues>
            9.1145920753479004e-01 -6.2972500920295715e-02</leafValues></_>
        <_>
          <internalNodes>
            0 -1 150 -1.8197176977992058e-02</internalNodes>
          <leafValues>
            7.2376745939254761e-01 -2.1278716623783112e-01</leafValues></_>
        <_>
          <internalNodes>
            0 -1 1 3.2156236469745636e-02</internalNodes>
          <leafValues>
            -1.6347512602806091e-01 4.8559355735778809e-01</leafValues></_>
        <_>
          <internalNodes>
            0 -1 70 9.6423439681529999e-02</internalNodes>
          <leafValues>
            1.0257446765899658e-01 -8.1804597377777100e-01</leafValues></_>
        <_>
          <internalNodes>
            0 -1 182 1.2347852811217308e-02</internalNodes>
          <leafValues>
            -1.8159306049346924e-01 5.5229693651199341e-01</leafValues></_>
        <_>
          <internalNodes>
            0 -1 189 1.3210512697696686e-03</internalNodes>
          <leafValues>
            1.8703117966651917e-01 -5.2840864658355713e-01</leafValues></_>
        <_>
          <internalNodes>
            0 -1 216 -8.1163067370653152e-03</internalNodes>
          <leafValues>
            5.4107379913330078e-01 -1.3993863761425018e-01</leafValues></_>
        <_>
          <internalNodes>
            0 -1 229 -3.2655908726155758e-03</internalNodes>
          <leafValues>
            -4.7698912024497986e-01 1.7652422189712524e-01</leafValues></_>
        <_>
          <internalNodes>
            0 -1 230 2.6309301611036062e-03</internalNodes>
          <leafValues>
            1.6613674163818359e-01 -5.2388823032379150e-01</leafValues></_>
        <_>
          <internalNodes>
            0 -1 202 1.1772984638810158e-02</internalNodes>
          <leafValues>
            -1.3529570400714874e-01 7.1957927942276001e-01</leafValues></_>
        <_>
          <internalNodes>
            0 -1 168 1.2743147090077400e-03</internalNodes>
          <leafValues>
            2.1981406211853027e-01 -4.7979605197906494e-01</leafValues></_>
        <_>
          <internalNodes>
            0 -1 19 -6.8045286461710930e-03</internalNodes>
          <leafValues>
            5.6018507480621338e-01 -1.8428011238574982e-01</leafValues></_>
        <_>
          <internalNodes>
            0 -1 107 -5.3445786237716675e-02</internalNodes>
          <leafValues>
            -9.4943588972091675e-01 1.1001522839069366e-01</leafValues></_>
        <_>
          <internalNodes>
            0 -1 191 -1.1158970184624195e-02</internalNodes>
          <leafValues>
            6.2777024507522583e-01 -1.6224181652069092e-01</leafValues></_>
        <_>
          <internalNodes>
            0 -1 130 2.7923337183892727e-03</internalNodes>
          <leafValues>
            1.5968126058578491e-01 -5.8616209030151367e-01</leafValues></_>
        <_>
          <internalNodes>
            0 -1 20 1.8356598913669586e-02</internalNodes>
          <leafValues>
            -1.5698274970054626e-01 6.0461264848709106e-01</leafValues></_>
        <_>
          <internalNodes>
            0 -1 125 -1.4706139918416739e-03</internalNodes>
          <leafValues>
            3.1417465209960938e-01 -3.2500362396240234e-01</leafValues></_>
        <_>
          <internalNodes>
            0 -1 86 2.7985773049294949e-03</internalNodes>
          <leafValues>
            1.6684424877166748e-01 -5.2345716953277588e-01</leafValues></_></weakClassifiers></_>
    <!-- stage 11 -->
    <_>
      <maxWeakCount>19</maxWeakCount>
      <stageThreshold>-6.3527357578277588e-01</stageThreshold>
      <weakClassifiers>
        <_>
          <internalNodes>
            0 -1 95 -8.8472627103328705e-03</internalNodes>
          <leafValues>
            5.3679651021957397e-01 -1.4110429584980011e-01</leafValues></_>
        <_>
          <internalNodes>
            0 -1 184 1.4117779210209846e-02</internalNodes>
          <leafValues>
            -1.7461667954921722e-01 5.4779362678527832e-01</leafValues></_>
        <_>
          <internalNodes>
            0 -1 34 4.6735621988773346e-02</internalNodes>
          <leafValues>
            -1.6071540117263794e-01 5.7182580232620239e-01</leafValues></_>
        <_>
          <internalNodes>
            0 -1 59 -9.5425704494118690e-03</internalNodes>
          <leafValues>
            8.7953317165374756e-01 -1.2726043164730072e-01</leafValues></_>
        <_>
          <internalNodes>
            0 -1 74 1.7710767860990018e-04</internalNodes>
          <leafValues>
            -3.7293979525566101e-01 2.5340116024017334e-01</leafValues></_>
        <_>
          <internalNodes>
            0 -1 113 -1.4306466095149517e-02</internalNodes>
          <leafValues>
            5.6876671314239502e-01 -1.4902560412883759e-01</leafValues></_>
        <_>
          <internalNodes>
            0 -1 25 -1.2770765461027622e-02</internalNodes>
          <leafValues>
            5.4926747083663940e-01 -1.5170821547508240e-01</leafValues></_>
        <_>
          <internalNodes>
            0 -1 171 -1.2760220095515251e-02</internalNodes>
          <leafValues>
            8.6606717109680176e-01 -7.7544607222080231e-02</leafValues></_>
        <_>
          <internalNodes>
            0 -1 172 8.6534610018134117e-03</internalNodes>
          <leafValues>
            -1.1332724988460541e-01 6.4216285943984985e-01</leafValues></_>
        <_>
          <internalNodes>
            0 -1 16 1.2728691101074219e-01</internalNodes>
          <leafValues>
            1.0333964228630066e-01 -9.2068427801132202e-01</leafValues></_>
        <_>
          <internalNodes>
            0 -1 197 -1.6009662300348282e-02</internalNodes>
          <leafValues>
            3.7097522616386414e-01 -2.2534829378128052e-01</leafValues></_>
        <_>
          <internalNodes>
            0 -1 81 -1.8296951893717051e-03</internalNodes>
          <leafValues>
            -5.8189189434051514e-01 1.6429518163204193e-01</leafValues></_>
        <_>
          <internalNodes>
            0 -1 182 -1.3835274614393711e-02</internalNodes>
          <leafValues>
            7.5205230712890625e-01 -1.2910726666450500e-01</leafValues></_>
        <_>
          <internalNodes>
            0 -1 143 -2.2549131512641907e-01</internalNodes>
          <leafValues>
            -8.9379948377609253e-01 1.0952044278383255e-01</leafValues></_>
        <_>
          <internalNodes>
            0 -1 214 -1.5259794890880585e-02</internalNodes>
          <leafValues>
            5.3074729442596436e-01 -1.9927380979061127e-01</leafValues></_>
        <_>
          <internalNodes>
            0 -1 72 6.9678286090493202e-03</internalNodes>
          <leafValues>
            1.5677225589752197e-01 -5.9262949228286743e-01</leafValues></_>
        <_>
          <internalNodes>
            0 -1 44 -1.0253801941871643e-02</internalNodes>
          <leafValues>
            5.4739731550216675e-01 -1.6736572980880737e-01</leafValues></_>
        <_>
          <internalNodes>
            0 -1 38 1.7493605613708496e-02</internalNodes>
          <leafValues>
            -1.2460229545831680e-01 5.9769588708877563e-01</leafValues></_>
        <_>
          <internalNodes>
            0 -1 167 4.3739631772041321e-02</internalNodes>
          <leafValues>
            -1.2948574125766754e-01 6.0281831026077271e-01</leafValues></_></weakClassifiers></_>
    <!-- stage 12 -->
    <_>
      <maxWeakCount>18</maxWeakCount>
      <stageThreshold>-5.0977915525436401e-01</stageThreshold>
      <weakClassifiers>
        <_>
          <internalNodes>
            0 -1 111 1.1145927011966705e-02</internalNodes>
          <leafValues>
            4.2760941386222839e-01 -9.3548387289047241e-01</leafValues></_>
        <_>
          <internalNodes>
            0 -1 54 4.2097304016351700e-02</internalNodes>
          <leafValues>
            -1.5002748370170593e-01 5.4750216007232666e-01</leafValues></_>
        <_>
          <internalNodes>
            0 -1 62 -1.9026532769203186e-02</internalNodes>
          <leafValues>
            2.5382870435714722e-01 -3.5439530014991760e-01</leafValues></_>
        <_>
          <internalNodes>
            0 -1 227 1.7793846782296896e-03</internalNodes>
          <leafValues>
            1.5473555028438568e-01 -5.6343919038772583e-01</leafValues></_>
        <_>
          <internalNodes>
            0 -1 76 -2.8436034917831421e-03</internalNodes>
          <leafValues>
            -5.4572159051895142e-01 1.3851206004619598e-01</leafValues></_>
        <_>
          <internalNodes>
            0 -1 31 -1.0278674960136414e-01</internalNodes>
          <leafValues>
            4.7603219747543335e-01 -2.2538357973098755e-01</leafValues></_>
        <_>
          <internalNodes>
            0 -1 112 6.9074672646820545e-03</internalNodes>
          <leafValues>
            1.3034959137439728e-01 -8.9210289716720581e-01</leafValues></_>
        <_>
          <internalNodes>
            0 -1 91 -6.8889796733856201e-02</internalNodes>
          <leafValues>
            -6.5022605657577515e-01 8.8185466825962067e-02</leafValues></_>
        <_>
          <internalNodes>
            0 -1 106 -2.8206747025251389e-02</internalNodes>
          <leafValues>
            5.2393889427185059e-01 -1.7818759381771088e-01</leafValues></_>
        <_>
          <internalNodes>
            0 -1 90 1.0473113507032394e-02</internalNodes>
          <leafValues>
            3.2334935665130615e-01 -3.0255281925201416e-01</leafValues></_>
        <_>
          <internalNodes>
            0 -1 215 3.5375267267227173e-02</internalNodes>
          <leafValues>
            -1.3860571384429932e-01 6.6903167963027954e-01</leafValues></_>
        <_>
          <internalNodes>
            0 -1 158 -1.7048899084329605e-02</internalNodes>
          <leafValues>
            -7.3888230323791504e-01 1.2735202908515930e-01</leafValues></_>
        <_>
          <internalNodes>
            0 -1 84 3.5163991153240204e-02</internalNodes>
          <leafValues>
            -1.9827805459499359e-01 4.9727433919906616e-01</leafValues></_>
        <_>
          <internalNodes>
            0 -1 93 -2.2536295000463724e-04</internalNodes>
          <leafValues>
            2.5885865092277527e-01 -3.4068623185157776e-01</leafValues></_>
        <_>
          <internalNodes>
            0 -1 29 1.0532772168517113e-02</internalNodes>
          <leafValues>
            -1.0904811322689056e-01 7.6051187515258789e-01</leafValues></_>
        <_>
          <internalNodes>
            0 -1 225 -8.3466358482837677e-03</internalNodes>
          <leafValues>
            6.8388527631759644e-01 -1.0848013311624527e-01</leafValues></_>
        <_>
          <internalNodes>
            0 -1 224 1.8786339089274406e-02</internalNodes>
          <leafValues>
            -1.1505556106567383e-01 7.4969708919525146e-01</leafValues></_>
        <_>
          <internalNodes>
            0 -1 114 -3.8115228526294231e-03</internalNodes>
          <leafValues>
            -5.2068495750427246e-01 1.8895713984966278e-01</leafValues></_></weakClassifiers></_>
    <!-- stage 13 -->
    <_>
      <maxWeakCount>9</maxWeakCount>
      <stageThreshold>-6.8964713811874390e-01</stageThreshold>
      <weakClassifiers>
        <_>
          <internalNodes>
            0 -1 165 4.7466997057199478e-02</internalNodes>
          <leafValues>
            4.9730700254440308e-01 -7.6470589637756348e-01</leafValues></_>
        <_>
          <internalNodes>
            0 -1 139 3.8776487112045288e-02</internalNodes>
          <leafValues>
            2.1753811836242676e-01 -8.4810006618499756e-01</leafValues></_>
        <_>
          <internalNodes>
            0 -1 121 -3.7423223257064819e-02</internalNodes>
          <leafValues>
            7.0712023973464966e-01 -2.6595309376716614e-01</leafValues></_>
        <_>
          <internalNodes>
            0 -1 4 3.7701480090618134e-02</internalNodes>
          <leafValues>
            -2.6782235503196716e-01 5.5689948797225952e-01</leafValues></_>
        <_>
          <internalNodes>
            0 -1 155 -2.2966220974922180e-02</internalNodes>
          <leafValues>
            4.2925348877906799e-01 -3.2358130812644958e-01</leafValues></_>
        <_>
          <internalNodes>
            0 -1 101 -2.8502875939011574e-03</internalNodes>
          <leafValues>
            -5.7950919866561890e-01 2.3330472409725189e-01</leafValues></_>
        <_>
          <internalNodes>
            0 -1 28 -1.5889620780944824e-01</internalNodes>
          <leafValues>
            6.5386235713958740e-01 -2.8404083847999573e-01</leafValues></_>
        <_>
          <internalNodes>
            0 -1 217 1.1979534756392241e-03</internalNodes>
          <leafValues>
            3.5407561063766479e-01 -4.0005245804786682e-01</leafValues></_>
        <_>
          <internalNodes>
            0 -1 190 -1.9065374508500099e-03</internalNodes>
          <leafValues>
            -5.3827327489852905e-01 2.8750526905059814e-01</leafValues></_></weakClassifiers></_>
    <!-- stage 14 -->
    <_>
      <maxWeakCount>10</maxWeakCount>
      <stageThreshold>-6.0010385513305664e-01</stageThreshold>
      <weakClassifiers>
        <_>
          <internalNodes>
            0 -1 119 -2.5057601742446423e-03</internalNodes>
          <leafValues>
            -3.4375000000000000e-01 5.4124748706817627e-01</leafValues></_>
        <_>
          <internalNodes>
            0 -1 102 4.6538356691598892e-03</internalNodes>
          <leafValues>
            2.9816141724586487e-01 -7.1705067157745361e-01</leafValues></_>
        <_>
          <internalNodes>
            0 -1 71 -4.6298122033476830e-03</internalNodes>
          <leafValues>
            -8.0676501989364624e-01 1.6429905593395233e-01</leafValues></_>
        <_>
          <internalNodes>
            0 -1 78 1.1662970483303070e-01</internalNodes>
          <leafValues>
            -1.9820398092269897e-01 8.0340111255645752e-01</leafValues></_>
        <_>
          <internalNodes>
            0 -1 163 -6.8946041166782379e-02</internalNodes>
          <leafValues>
            7.4630743265151978e-01 -2.3444387316703796e-01</leafValues></_>
        <_>
          <internalNodes>
            0 -1 221 -1.8265168182551861e-03</internalNodes>
          <leafValues>
            -4.5544672012329102e-01 3.3870032429695129e-01</leafValues></_>
        <_>
          <internalNodes>
            0 -1 220 4.7443639487028122e-03</internalNodes>
          <leafValues>
            1.7105880379676819e-01 -7.4057352542877197e-01</leafValues></_>
        <_>
          <internalNodes>
            0 -1 49 -1.3544403016567230e-01</internalNodes>
          <leafValues>
            7.4711388349533081e-01 -2.0265194773674011e-01</leafValues></_>
        <_>
          <internalNodes>
            0 -1 40 -5.2551198750734329e-03</internalNodes>
          <leafValues>
            -6.6490000486373901e-01 2.5203940272331238e-01</leafValues></_>
        <_>
          <internalNodes>
            0 -1 230 -2.3949982132762671e-03</internalNodes>
          <leafValues>
            -5.5827426910400391e-01 1.9653385877609253e-01</leafValues></_></weakClassifiers></_>
    <!-- stage 15 -->
    <_>
      <maxWeakCount>20</maxWeakCount>
      <stageThreshold>-5.7273250818252563e-01</stageThreshold>
      <weakClassifiers>
        <_>
          <internalNodes>
            0 -1 73 9.7543448209762573e-03</internalNodes>
          <leafValues>
            4.9034750461578369e-01 -2.7102804183959961e-01</leafValues></_>
        <_>
          <internalNodes>
            0 -1 51 -3.4431025385856628e-02</internalNodes>
          <leafValues>
            5.4271757602691650e-01 -1.6547659039497375e-01</leafValues></_>
        <_>
          <internalNodes>
            0 -1 8 2.3033111356198788e-03</internalNodes>
          <leafValues>
            2.2281214594841003e-01 -4.4365796446800232e-01</leafValues></_>
        <_>
          <internalNodes>
            0 -1 3 2.1591233089566231e-02</internalNodes>
          <leafValues>
            -2.4129335582256317e-01 3.2954099774360657e-01</leafValues></_>
        <_>
          <internalNodes>
            0 -1 81 1.3174330815672874e-03</internalNodes>
          <leafValues>
            1.9979754090309143e-01 -4.3895292282104492e-01</leafValues></_>
        <_>
          <internalNodes>
            0 -1 219 -6.9056730717420578e-04</internalNodes>
          <leafValues>
            -3.3111220598220825e-01 2.2623662650585175e-01</leafValues></_>
        <_>
          <internalNodes>
            0 -1 22 9.1534934937953949e-02</internalNodes>
          <leafValues>
            -1.3643519580364227e-01 6.4215815067291260e-01</leafValues></_>
        <_>
          <internalNodes>
            0 -1 65 -2.6910528540611267e-02</internalNodes>
          <leafValues>
            3.2038280367851257e-01 -3.2551923394203186e-01</leafValues></_>
        <_>
          <internalNodes>
            0 -1 118 4.2929749935865402e-02</internalNodes>
          <leafValues>
            1.4944888651371002e-01 -7.3604345321655273e-01</leafValues></_>
        <_>
          <internalNodes>
            0 -1 227 1.4331906568259001e-03</internalNodes>
          <leafValues>
            1.2117711454629898e-01 -5.3714007139205933e-01</leafValues></_>
        <_>
          <internalNodes>
            0 -1 83 -1.4427034556865692e-01</internalNodes>
          <leafValues>
            -8.5774779319763184e-01 8.0381847918033600e-02</leafValues></_>
        <_>
          <internalNodes>
            0 -1 218 1.9116219133138657e-02</internalNodes>
          <leafValues>
            -1.2189619243144989e-01 7.4194461107254028e-01</leafValues></_>
        <_>
          <internalNodes>
            0 -1 21 -1.0910627897828817e-03</internalNodes>
          <leafValues>
            3.0620712041854858e-01 -2.1796636283397675e-01</leafValues></_>
        <_>
          <internalNodes>
            0 -1 6 4.5393500477075577e-03</internalNodes>
          <leafValues>
            -1.8985146284103394e-01 3.5279023647308350e-01</leafValues></_>
        <_>
          <internalNodes>
            0 -1 40 1.1042304104194045e-03</internalNodes>
          <leafValues>
            2.0631976425647736e-01 -3.3809298276901245e-01</leafValues></_>
        <_>
          <internalNodes>
            0 -1 187 1.2628877535462379e-02</internalNodes>
          <leafValues>
            -9.8822772502899170e-02 8.4216892719268799e-01</leafValues></_>
        <_>
          <internalNodes>
            0 -1 11 -8.8316609617322683e-04</internalNodes>
          <leafValues>
            -4.2923015356063843e-01 2.2843486070632935e-01</leafValues></_>
        <_>
          <internalNodes>
            0 -1 203 -1.9093072041869164e-02</internalNodes>
          <leafValues>
            5.4497921466827393e-01 -1.4545562863349915e-01</leafValues></_>
        <_>
          <internalNodes>
            0 -1 142 2.4571777321398258e-03</internalNodes>
          <leafValues>
            1.5728938579559326e-01 -4.9566835165023804e-01</leafValues></_>
        <_>
          <internalNodes>
            0 -1 142 -1.9917341414839029e-03</internalNodes>
          <leafValues>
            -4.0283152461051941e-01 1.9188316166400909e-01</leafValues></_></weakClassifiers></_>
    <!-- stage 16 -->
    <_>
      <maxWeakCount>11</maxWeakCount>
      <stageThreshold>-4.0793773531913757e-01</stageThreshold>
      <weakClassifiers>
        <_>
          <internalNodes>
            0 -1 47 3.6926947534084320e-02</internalNodes>
          <leafValues>
            5.8904111385345459e-01 -1.7647059261798859e-01</leafValues></_>
        <_>
          <internalNodes>
            0 -1 7 5.6926690042018890e-02</internalNodes>
          <leafValues>
            -1.6967351734638214e-01 6.1048918962478638e-01</leafValues></_>
        <_>
          <internalNodes>
            0 -1 15 -6.9731131196022034e-02</internalNodes>
          <leafValues>
            5.7123053073883057e-01 -2.2413398325443268e-01</leafValues></_>
        <_>
          <internalNodes>
            0 -1 104 4.9139719456434250e-02</internalNodes>
          <leafValues>
            -1.4092983305454254e-01 6.6465616226196289e-01</leafValues></_>
        <_>
          <internalNodes>
            0 -1 204 -1.8624477088451385e-02</internalNodes>
          <leafValues>
            5.6797820329666138e-01 -2.5823736190795898e-01</leafValues></_>
        <_>
          <internalNodes>
            0 -1 35 6.5487980842590332e-02</internalNodes>
          <leafValues>
            -1.0014754533767700e-01 7.9243165254592896e-01</leafValues></_>
        <_>
          <internalNodes>
            0 -1 166 3.8223210722208023e-02</internalNodes>
          <leafValues>
            -1.7981213331222534e-01 5.7561814785003662e-01</leafValues></_>
        <_>
          <internalNodes>
            0 -1 94 1.2833917513489723e-02</internalNodes>
          <leafValues>
            -3.4632062911987305e-01 3.5220649838447571e-01</leafValues></_>
        <_>
          <internalNodes>
            0 -1 67 6.4924992620944977e-03</internalNodes>
          <leafValues>
            -1.5279772877693176e-01 5.6597012281417847e-01</leafValues></_>
        <_>
          <internalNodes>
            0 -1 116 2.1473750472068787e-02</internalNodes>
          <leafValues>
            1.0720875859260559e-01 -1.</leafValues></_>
        <_>
          <internalNodes>
            0 -1 13 -1.8993511795997620e-02</internalNodes>
          <leafValues>
            6.1344605684280396e-01 -1.8391813337802887e-01</leafValues></_></weakClassifiers></_>
    <!-- stage 17 -->
    <_>
      <maxWeakCount>19</maxWeakCount>
      <stageThreshold>-7.8070092201232910e-01</stageThreshold>
      <weakClassifiers>
        <_>
          <internalNodes>
            0 -1 69 -2.0436026155948639e-02</internalNodes>
          <leafValues>
            -4.3243244290351868e-01 4.6642467379570007e-01</leafValues></_>
        <_>
          <internalNodes>
            0 -1 199 -8.6775764822959900e-02</internalNodes>
          <leafValues>
            -6.5832847356796265e-01 1.5445943176746368e-01</leafValues></_>
        <_>
          <internalNodes>
            0 -1 2 -4.6460539102554321e-02</internalNodes>
          <leafValues>
            4.8943388462066650e-01 -1.7656944692134857e-01</leafValues></_>
        <_>
          <internalNodes>
            0 -1 206 1.0429169051349163e-03</internalNodes>
          <leafValues>
            2.0731973648071289e-01 -4.5895189046859741e-01</leafValues></_>
        <_>
          <internalNodes>
            0 -1 132 -1.5734963119029999e-02</internalNodes>
          <leafValues>
            6.5272051095962524e-01 -1.2133365124464035e-01</leafValues></_>
        <_>
          <internalNodes>
            0 -1 189 8.0679263919591904e-04</internalNodes>
          <leafValues>
            1.7411871254444122e-01 -4.2306667566299438e-01</leafValues></_>
        <_>
          <internalNodes>
            0 -1 27 -9.6513599157333374e-02</internalNodes>
          <leafValues>
            5.3632116317749023e-01 -1.5073762834072113e-01</leafValues></_>
        <_>
          <internalNodes>
            0 -1 110 -1.1148761212825775e-01</internalNodes>
          <leafValues>
            6.8490546941757202e-01 -1.2883064150810242e-01</leafValues></_>
        <_>
          <internalNodes>
            0 -1 41 -9.3266859650611877e-02</internalNodes>
          <leafValues>
            -5.0560677051544189e-01 1.9456556439399719e-01</leafValues></_>
        <_>
          <internalNodes>
            0 -1 137 4.2317144107073545e-05</internalNodes>
          <leafValues>
            -4.2931416630744934e-01 1.8875077366828918e-01</leafValues></_>
        <_>
          <internalNodes>
            0 -1 117 2.3230966180562973e-02</internalNodes>
          <leafValues>
            -2.5394073128700256e-01 3.8438466191291809e-01</leafValues></_>
        <_>
          <internalNodes>
            0 -1 164 -1.7030062736012042e-04</internalNodes>
          <leafValues>
            -3.5128557682037354e-01 2.7581399679183960e-01</leafValues></_>
        <_>
          <internalNodes>
            0 -1 18 -1.1241197586059570e-01</internalNodes>
          <leafValues>
            -4.5229414105415344e-01 1.8049608170986176e-01</leafValues></_>
        <_>
          <internalNodes>
            0 -1 50 1.2645440176129341e-02</internalNodes>
          <leafValues>
            -1.7302380502223969e-01 4.8505944013595581e-01</leafValues></_>
        <_>
          <internalNodes>
            0 -1 45 -3.0957741662859917e-02</internalNodes>
          <leafValues>
            5.6169968843460083e-01 -1.3097727298736572e-01</leafValues></_>
        <_>
          <internalNodes>
            0 -1 39 -2.6494506746530533e-03</internalNodes>
          <leafValues>
            -5.1313996315002441e-01 1.6362036764621735e-01</leafValues></_>
        <_>
          <internalNodes>
            0 -1 57 1.8785293214023113e-03</internalNodes>
          <leafValues>
            2.0105548202991486e-01 -3.9958757162094116e-01</leafValues></_>
        <_>
          <internalNodes>
            0 -1 194 -1.6803782433271408e-02</internalNodes>
          <leafValues>
            5.4926759004592896e-01 -1.6385149955749512e-01</leafValues></_>
        <_>
          <internalNodes>
            0 -1 205 5.5464106844738126e-04</internalNodes>
          <leafValues>
            1.8745084106922150e-01 -4.7239053249359131e-01</leafValues></_></weakClassifiers></_>
    <!-- stage 18 -->
    <_>
      <maxWeakCount>11</maxWeakCount>
      <stageThreshold>-8.9652413129806519e-01</stageThreshold>
      <weakClassifiers>
        <_>
          <internalNodes>
            0 -1 138 -2.2856672294437885e-03</internalNodes>
          <leafValues>
            -6.4444446563720703e-01 5.2897197008132935e-01</leafValues></_>
        <_>
          <internalNodes>
            0 -1 227 -1.9875103607773781e-03</internalNodes>
          <leafValues>
            -5.1234620809555054e-01 3.8904994726181030e-01</leafValues></_>
        <_>
          <internalNodes>
            0 -1 98 5.9490809217095375e-03</internalNodes>
          <leafValues>
            2.3066493868827820e-01 -6.4830684661865234e-01</leafValues></_>
        <_>
          <internalNodes>
            0 -1 97 -2.6350510306656361e-03</internalNodes>
          <leafValues>
            -8.0140095949172974e-01 1.4915651082992554e-01</leafValues></_>
        <_>
          <internalNodes>
            0 -1 228 -2.2925776429474354e-03</internalNodes>
          <leafValues>
            -5.9938603639602661e-01 2.2459629178047180e-01</leafValues></_>
        <_>
          <internalNodes>
            0 -1 80 -6.0395546257495880e-02</internalNodes>
          <leafValues>
            5.1499164104461670e-01 -2.5308290123939514e-01</leafValues></_>
        <_>
          <internalNodes>
            0 -1 56 1.1476846039295197e-01</internalNodes>
          <leafValues>
            -2.0020887255668640e-01 6.3704967498779297e-01</leafValues></_>
        <_>
          <internalNodes>
            0 -1 161 5.1892818883061409e-03</internalNodes>
          <leafValues>
            2.5091177225112915e-01 -5.3361123800277710e-01</leafValues></_>
        <_>
          <internalNodes>
            0 -1 133 -7.0683090598322451e-05</internalNodes>
          <leafValues>
            2.7193027734756470e-01 -4.7903290390968323e-01</leafValues></_>
        <_>
          <internalNodes>
            0 -1 57 -2.0975312218070030e-03</internalNodes>
          <leafValues>
            -5.2242088317871094e-01 2.9033187031745911e-01</leafValues></_>
        <_>
          <internalNodes>
            0 -1 32 4.4714070856571198e-02</internalNodes>
          <leafValues>
            -2.4751479923725128e-01 6.6494935750961304e-01</leafValues></_></weakClassifiers></_>
    <!-- stage 19 -->
    <_>
      <maxWeakCount>21</maxWeakCount>
      <stageThreshold>-6.4042580127716064e-01</stageThreshold>
      <weakClassifiers>
        <_>
          <internalNodes>
            0 -1 212 4.7727879136800766e-03</internalNodes>
          <leafValues>
            8.5324235260486603e-02 6.0240966081619263e-01</leafValues></_>
        <_>
          <internalNodes>
            0 -1 128 -6.4058862626552582e-03</internalNodes>
          <leafValues>
            2.0391157269477844e-01 -3.7546640634536743e-01</leafValues></_>
        <_>
          <internalNodes>
            0 -1 157 1.5801817178726196e-02</internalNodes>
          <leafValues>
            -1.2834893167018890e-01 5.4356855154037476e-01</leafValues></_>
        <_>
          <internalNodes>
            0 -1 141 -3.2949935644865036e-02</internalNodes>
          <leafValues>
            4.3293032050132751e-01 -2.2382956743240356e-01</leafValues></_>
        <_>
          <internalNodes>
            0 -1 166 3.1948380172252655e-02</internalNodes>
          <leafValues>
            -1.9674710929393768e-01 4.3984481692314148e-01</leafValues></_>
        <_>
          <internalNodes>
            0 -1 79 -1.9437982700765133e-03</internalNodes>
          <leafValues>
            -3.7408047914505005e-01 2.2482343018054962e-01</leafValues></_>
        <_>
          <internalNodes>
            0 -1 205 8.6283445125445724e-04</internalNodes>
          <leafValues>
            1.6775126755237579e-01 -4.7980186343193054e-01</leafValues></_>
        <_>
          <internalNodes>
            0 -1 60 1.6593930777162313e-03</internalNodes>
          <leafValues>
            -2.3634704947471619e-01 3.0982396006584167e-01</leafValues></_>
        <_>
          <internalNodes>
            0 -1 226 7.0108394138514996e-03</internalNodes>
          <leafValues>
            -1.7171359062194824e-01 4.2698472738265991e-01</leafValues></_>
        <_>
          <internalNodes>
            0 -1 170 6.9081271067261696e-04</internalNodes>
          <leafValues>
            2.0012061297893524e-01 -3.5081243515014648e-01</leafValues></_>
        <_>
          <internalNodes>
            0 -1 109 1.7695765942335129e-02</internalNodes>
          <leafValues>
            1.9617310166358948e-01 -3.9685595035552979e-01</leafValues></_>
        <_>
          <internalNodes>
            0 -1 109 -7.1074187755584717e-02</internalNodes>
          <leafValues>
            -8.9826160669326782e-01 8.6426287889480591e-02</leafValues></_>
        <_>
          <internalNodes>
            0 -1 87 1.2553702108561993e-02</internalNodes>
          <leafValues>
            -1.2769080698490143e-01 7.0082437992095947e-01</leafValues></_>
        <_>
          <internalNodes>
            0 -1 37 -6.6934706410393119e-04</internalNodes>
          <leafValues>
            -3.7176954746246338e-01 1.9501578807830811e-01</leafValues></_>
        <_>
          <internalNodes>
            0 -1 178 1.5163157135248184e-02</internalNodes>
          <leafValues>
            -1.3585101068019867e-01 5.5144888162612915e-01</leafValues></_>
        <_>
          <internalNodes>
            0 -1 188 -3.0980240553617477e-03</internalNodes>
          <leafValues>
            3.8026654720306396e-01 -1.8843488395214081e-01</leafValues></_>
        <_>
          <internalNodes>
            0 -1 169 1.3641312718391418e-02</internalNodes>
          <leafValues>
            -7.5448423624038696e-02 8.4826630353927612e-01</leafValues></_>
        <_>
          <internalNodes>
            0 -1 136 -2.6537883095443249e-03</internalNodes>
          <leafValues>
            2.7814015746116638e-01 -2.7375867962837219e-01</leafValues></_>
        <_>
          <internalNodes>
            0 -1 77 -5.2049104124307632e-04</internalNodes>
          <leafValues>
            -3.2492116093635559e-01 2.2108936309814453e-01</leafValues></_>
        <_>
          <internalNodes>
            0 -1 230 -1.1675717541947961e-03</internalNodes>
          <leafValues>
            -3.5625764727592468e-01 1.9105577468872070e-01</leafValues></_>
        <_>
          <internalNodes>
            0 -1 11 2.5071343407034874e-03</internalNodes>
          <leafValues>
            1.4544679224491119e-01 -4.4977551698684692e-01</leafValues></_></weakClassifiers></_></stages>
  <features>
    <_>
      <rects>
        <_>
          0 0 2 1 -1.</_>
        <_>
          1 0 1 1 2.</_></rects>
      <tilted>0</tilted></_>
    <_>
      <rects>
        <_>
          0 0 4 7 -1.</_>
        <_>
          2 0 2 7 2.</_></rects>
      <tilted>0</tilted></_>
    <_>
      <rects>
        <_>
          0 0 8 4 -1.</_>
        <_>
          0 0 4 2 2.</_>
        <_>
          4 2 4 2 2.</_></rects>
      <tilted>0</tilted></_>
    <_>
      <rects>
        <_>
          0 0 8 3 -1.</_>
        <_>
          4 0 4 3 2.</_></rects>
      <tilted>0</tilted></_>
    <_>
      <rects>
        <_>
          0 0 4 6 -1.</_>
        <_>
          0 3 4 3 2.</_></rects>
      <tilted>0</tilted></_>
    <_>
      <rects>
        <_>
          0 0 12 10 -1.</_>
        <_>
          6 0 6 10 2.</_></rects>
      <tilted>0</tilted></_>
    <_>
      <rects>
        <_>
          0 1 2 8 -1.</_>
        <_>
          0 1 1 4 2.</_>
        <_>
          1 5 1 4 2.</_></rects>
      <tilted>0</tilted></_>
    <_>
      <rects>
        <_>
          0 1 4 10 -1.</_>
        <_>
          2 1 2 10 2.</_></rects>
      <tilted>0</tilted></_>
    <_>
      <rects>
        <_>
          0 2 1 2 -1.</_>
        <_>
          0 3 1 1 2.</_></rects>
      <tilted>0</tilted></_>
    <_>
      <rects>
        <_>
          0 2 3 1 -1.</_>
        <_>
          1 2 1 1 3.</_></rects>
      <tilted>0</tilted></_>
    <_>
      <rects>
        <_>
          0 2 4 6 -1.</_>
        <_>
          0 2 2 3 2.</_>
        <_>
          2 5 2 3 2.</_></rects>
      <tilted>0</tilted></_>
    <_>
      <rects>
        <_>
          0 3 1 2 -1.</_>
        <_>
          0 4 1 1 2.</_></rects>
      <tilted>0</tilted></_>
    <_>
      <rects>
        <_>
          0 5 3 1 -1.</_>
        <_>
          1 5 1 1 3.</_></rects>
      <tilted>0</tilted></_>
    <_>
      <rects>
        <_>
          0 5 2 6 -1.</_>
        <_>
          0 5 1 3 2.</_>
        <_>
          1 8 1 3 2.</_></rects>
      <tilted>0</tilted></_>
    <_>
      <rects>
        <_>
          0 5 2 6 -1.</_>
        <_>
          1 5 1 6 2.</_></rects>
      <tilted>0</tilted></_>
    <_>
      <rects>
        <_>
          0 5 6 4 -1.</_>
        <_>
          3 5 3 4 2.</_></rects>
      <tilted>0</tilted></_>
    <_>
      <rects>
        <_>
          0 5 10 5 -1.</_>
        <_>
          5 5 5 5 2.</_></rects>
      <tilted>0</tilted></_>
    <_>
      <rects>
        <_>
          0 5 7 6 -1.</_>
        <_>
          0 7 7 2 3.</_></rects>
      <tilted>0</tilted></_>
    <_>
      <rects>
        <_>
          0 5 12 6 -1.</_>
        <_>
          0 7 12 2 3.</_></rects>
      <tilted>0</tilted></_>
    <_>
      <rects>
        <_>
          0 6 3 1 -1.</_>
        <_>
          1 6 1 1 3.</_></rects>
      <tilted>0</tilted></_>
    <_>
      <rects>
        <_>
          0 6 3 2 -1.</_>
        <_>
          1 6 1 2 3.</_></rects>
      <tilted>0</tilted></_>
    <_>
      <rects>
        <_>
          0 6 2 4 -1.</_>
        <_>
          0 8 2 2 2.</_></rects>
      <tilted>0</tilted></_>
    <_>
      <rects>
        <_>
          0 7 12 3 -1.</_>
        <_>
          4 7 4 3 3.</_></rects>
      <tilted>0</tilted></_>
    <_>
      <rects>
        <_>
          0 7 10 6 -1.</_>
        <_>
          0 9 10 2 3.</_></rects>
      <tilted>0</tilted></_>
    <_>
      <rects>
        <_>
          0 8 3 1 -1.</_>
        <_>
          1 8 1 1 3.</_></rects>
      <tilted>0</tilted></_>
    <_>
      <rects>
        <_>
          0 8 3 2 -1.</_>
        <_>
          1 8 1 2 3.</_></rects>
      <tilted>0</tilted></_>
    <_>
      <rects>
        <_>
          0 8 6 2 -1.</_>
        <_>
          0 8 3 1 2.</_>
        <_>
          3 9 3 1 2.</_></rects>
      <tilted>0</tilted></_>
    <_>
      <rects>
        <_>
          0 8 12 2 -1.</_>
        <_>
          4 8 4 2 3.</_></rects>
      <tilted>0</tilted></_>
    <_>
      <rects>
        <_>
          0 8 12 6 -1.</_>
        <_>
          0 11 12 3 2.</_></rects>
      <tilted>0</tilted></_>
    <_>
      <rects>
        <_>
          0 9 1 3 -1.</_>
        <_>
          0 10 1 1 3.</_></rects>
      <tilted>0</tilted></_>
    <_>
      <rects>
        <_>
          0 9 8 2 -1.</_>
        <_>
          4 9 4 2 2.</_></rects>
      <tilted>0</tilted></_>
    <_>
      <rects>
        <_>
          0 10 12 4 -1.</_>
        <_>
          0 12 12 2 2.</_></rects>
      <tilted>0</tilted></_>
    <_>
      <rects>
        <_>
          0 11 8 3 -1.</_>
        <_>
          4 11 4 3 2.</_></rects>
      <tilted>0</tilted></_>
    <_>
      <rects>
        <_>
          1 0 10 6 -1.</_>
        <_>
          1 2 10 2 3.</_></rects>
      <tilted>0</tilted></_>
    <_>
      <rects>
        <_>
          1 0 11 2 -1.</_>
        <_>
          1 1 11 1 2.</_></rects>
      <tilted>0</tilted></_>
    <_>
      <rects>
        <_>
          1 1 2 10 -1.</_>
        <_>
          1 6 2 5 2.</_></rects>
      <tilted>0</tilted></_>
    <_>
      <rects>
        <_>
          1 1 9 12 -1.</_>
        <_>
          1 7 9 6 2.</_></rects>
      <tilted>0</tilted></_>
    <_>
      <rects>
        <_>
          1 2 1 2 -1.</_>
        <_>
          1 3 1 1 2.</_></rects>
      <tilted>0</tilted></_>
    <_>
      <rects>
        <_>
          1 2 2 6 -1.</_>
        <_>
          1 2 1 3 2.</_>
        <_>
          2 5 1 3 2.</_></rects>
      <tilted>0</tilted></_>
    <_>
      <rects>
        <_>
          1 3 2 1 -1.</_>
        <_>
          2 3 1 1 2.</_></rects>
      <tilted>0</tilted></_>
    <_>
      <rects>
        <_>
          1 3 1 2 -1.</_>
        <_>
          1 4 1 1 2.</_></rects>
      <tilted>0</tilted></_>
    <_>
      <rects>
        <_>
          1 3 11 6 -1.</_>
        <_>
          1 5 11 2 3.</_></rects>
      <tilted>0</tilted></_>
    <_>
      <rects>
        <_>
          1 4 1 2 -1.</_>
        <_>
          1 5 1 1 2.</_></rects>
      <tilted>0</tilted></_>
    <_>
      <rects>
        <_>
          1 4 3 1 -1.</_>
        <_>
          2 4 1 1 3.</_></rects>
      <tilted>0</tilted></_>
    <_>
      <rects>
        <_>
          1 5 2 3 -1.</_>
        <_>
          2 5 1 3 2.</_></rects>
      <tilted>0</tilted></_>
    <_>
      <rects>
        <_>
          1 5 8 2 -1.</_>
        <_>
          1 5 4 1 2.</_>
        <_>
          5 6 4 1 2.</_></rects>
      <tilted>0</tilted></_>
    <_>
      <rects>
        <_>
          1 5 8 5 -1.</_>
        <_>
          5 5 4 5 2.</_></rects>
      <tilted>0</tilted></_>
    <_>
      <rects>
        <_>
          1 5 7 6 -1.</_>
        <_>
          1 8 7 3 2.</_></rects>
      <tilted>0</tilted></_>
    <_>
      <rects>
        <_>
          1 6 3 3 -1.</_>
        <_>
          2 6 1 3 3.</_></rects>
      <tilted>0</tilted></_>
    <_>
      <rects>
        <_>
          1 6 8 8 -1.</_>
        <_>
          5 6 4 8 2.</_></rects>
      <tilted>0</tilted></_>
    <_>
      <rects>
        <_>
          1 8 10 2 -1.</_>
        <_>
          1 8 5 1 2.</_>
        <_>
          6 9 5 1 2.</_></rects>
      <tilted>0</tilted></_>
    <_>
      <rects>
        <_>
          1 9 9 2 -1.</_>
        <_>
          4 9 3 2 3.</_></rects>
      <tilted>0</tilted></_>
    <_>
      <rects>
        <_>
          1 10 9 4 -1.</_>
        <_>
          1 12 9 2 2.</_></rects>
      <tilted>0</tilted></_>
    <_>
      <rects>
        <_>
          2 0 1 6 -1.</_>
        <_>
          2 3 1 3 2.</_></rects>
      <tilted>0</tilted></_>
    <_>
      <rects>
        <_>
          2 0 10 2 -1.</_>
        <_>
          2 1 10 1 2.</_></rects>
      <tilted>0</tilted></_>
    <_>
      <rects>
        <_>
          2 1 2 4 -1.</_>
        <_>
          2 1 1 2 2.</_>
        <_>
          3 3 1 2 2.</_></rects>
      <tilted>0</tilted></_>
    <_>
      <rects>
        <_>
          2 1 10 10 -1.</_>
        <_>
          2 1 5 5 2.</_>
        <_>
          7 6 5 5 2.</_></rects>
      <tilted>0</tilted></_>
    <_>
      <rects>
        <_>
          2 2 1 2 -1.</_>
        <_>
          2 3 1 1 2.</_></rects>
      <tilted>0</tilted></_>
    <_>
      <rects>
        <_>
          2 2 10 4 -1.</_>
        <_>
          7 2 5 4 2.</_></rects>
      <tilted>0</tilted></_>
    <_>
      <rects>
        <_>
          2 4 2 2 -1.</_>
        <_>
          2 4 1 1 2.</_>
        <_>
          3 5 1 1 2.</_></rects>
      <tilted>0</tilted></_>
    <_>
      <rects>
        <_>
          2 4 4 2 -1.</_>
        <_>
          2 4 2 1 2.</_>
        <_>
          4 5 2 1 2.</_></rects>
      <tilted>0</tilted></_>
    <_>
      <rects>
        <_>
          2 4 6 5 -1.</_>
        <_>
          5 4 3 5 2.</_></rects>
      <tilted>0</tilted></_>
    <_>
      <rects>
        <_>
          2 5 6 3 -1.</_>
        <_>
          4 5 2 3 3.</_></rects>
      <tilted>0</tilted></_>
    <_>
      <rects>
        <_>
          2 5 3 6 -1.</_>
        <_>
          2 7 3 2 3.</_></rects>
      <tilted>0</tilted></_>
    <_>
      <rects>
        <_>
          2 6 6 1 -1.</_>
        <_>
          4 6 2 1 3.</_></rects>
      <tilted>0</tilted></_>
    <_>
      <rects>
        <_>
          2 6 6 3 -1.</_>
        <_>
          4 6 2 3 3.</_></rects>
      <tilted>0</tilted></_>
    <_>
      <rects>
        <_>
          2 6 6 5 -1.</_>
        <_>
          4 6 2 5 3.</_></rects>
      <tilted>0</tilted></_>
    <_>
      <rects>
        <_>
          2 6 6 2 -1.</_>
        <_>
          5 6 3 2 2.</_></rects>
      <tilted>0</tilted></_>
    <_>
      <rects>
        <_>
          2 6 6 4 -1.</_>
        <_>
          2 6 3 2 2.</_>
        <_>
          5 8 3 2 2.</_></rects>
      <tilted>0</tilted></_>
    <_>
      <rects>
        <_>
          2 6 4 3 -1.</_>
        <_>
          2 7 4 1 3.</_></rects>
      <tilted>0</tilted></_>
    <_>
      <rects>
        <_>
          2 6 10 2 -1.</_>
        <_>
          7 6 5 2 2.</_></rects>
      <tilted>0</tilted></_>
    <_>
      <rects>
        <_>
          2 7 1 2 -1.</_>
        <_>
          2 8 1 1 2.</_></rects>
      <tilted>0</tilted></_>
    <_>
      <rects>
        <_>
          2 7 3 1 -1.</_>
        <_>
          3 7 1 1 3.</_></rects>
      <tilted>0</tilted></_>
    <_>
      <rects>
        <_>
          2 7 3 3 -1.</_>
        <_>
          2 8 3 1 3.</_></rects>
      <tilted>0</tilted></_>
    <_>
      <rects>
        <_>
          2 7 5 2 -1.</_>
        <_>
          2 8 5 1 2.</_></rects>
      <tilted>0</tilted></_>
    <_>
      <rects>
        <_>
          2 7 5 4 -1.</_>
        <_>
          2 9 5 2 2.</_></rects>
      <tilted>0</tilted></_>
    <_>
      <rects>
        <_>
          2 8 1 2 -1.</_>
        <_>
          2 9 1 1 2.</_></rects>
      <tilted>0</tilted></_>
    <_>
      <rects>
        <_>
          2 8 3 1 -1.</_>
        <_>
          3 8 1 1 3.</_></rects>
      <tilted>0</tilted></_>
    <_>
      <rects>
        <_>
          2 8 10 5 -1.</_>
        <_>
          7 8 5 5 2.</_></rects>
      <tilted>0</tilted></_>
    <_>
      <rects>
        <_>
          2 10 1 2 -1.</_>
        <_>
          2 11 1 1 2.</_></rects>
      <tilted>0</tilted></_>
    <_>
      <rects>
        <_>
          2 10 8 4 -1.</_>
        <_>
          2 12 8 2 2.</_></rects>
      <tilted>0</tilted></_>
    <_>
      <rects>
        <_>
          3 0 2 1 -1.</_>
        <_>
          4 0 1 1 2.</_></rects>
      <tilted>0</tilted></_>
    <_>
      <rects>
        <_>
          3 0 1 6 -1.</_>
        <_>
          3 2 1 2 3.</_></rects>
      <tilted>0</tilted></_>
    <_>
      <rects>
        <_>
          3 0 6 7 -1.</_>
        <_>
          5 0 2 7 3.</_></rects>
      <tilted>0</tilted></_>
    <_>
      <rects>
        <_>
          3 1 2 10 -1.</_>
        <_>
          3 6 2 5 2.</_></rects>
      <tilted>0</tilted></_>
    <_>
      <rects>
        <_>
          3 1 6 9 -1.</_>
        <_>
          6 1 3 9 2.</_></rects>
      <tilted>0</tilted></_>
    <_>
      <rects>
        <_>
          3 2 2 1 -1.</_>
        <_>
          4 2 1 1 2.</_></rects>
      <tilted>0</tilted></_>
    <_>
      <rects>
        <_>
          3 2 1 3 -1.</_>
        <_>
          3 3 1 1 3.</_></rects>
      <tilted>0</tilted></_>
    <_>
      <rects>
        <_>
          3 2 8 8 -1.</_>
        <_>
          3 6 8 4 2.</_></rects>
      <tilted>0</tilted></_>
    <_>
      <rects>
        <_>
          3 4 2 2 -1.</_>
        <_>
          3 4 1 1 2.</_>
        <_>
          4 5 1 1 2.</_></rects>
      <tilted>0</tilted></_>
    <_>
      <rects>
        <_>
          3 4 6 5 -1.</_>
        <_>
          6 4 3 5 2.</_></rects>
      <tilted>0</tilted></_>
    <_>
      <rects>
        <_>
          3 5 4 6 -1.</_>
        <_>
          3 7 4 2 3.</_></rects>
      <tilted>0</tilted></_>
    <_>
      <rects>
        <_>
          3 6 2 3 -1.</_>
        <_>
          3 7 2 1 3.</_></rects>
      <tilted>0</tilted></_>
    <_>
      <rects>
        <_>
          3 6 3 3 -1.</_>
        <_>
          3 7 3 1 3.</_></rects>
      <tilted>0</tilted></_>
    <_>
      <rects>
        <_>
          3 6 5 6 -1.</_>
        <_>
          3 8 5 2 3.</_></rects>
      <tilted>0</tilted></_>
    <_>
      <rects>
        <_>
          3 7 6 2 -1.</_>
        <_>
          5 7 2 2 3.</_></rects>
      <tilted>0</tilted></_>
    <_>
      <rects>
        <_>
          3 7 3 2 -1.</_>
        <_>
          3 8 3 1 2.</_></rects>
      <tilted>0</tilted></_>
    <_>
      <rects>
        <_>
          3 8 1 2 -1.</_>
        <_>
          3 9 1 1 2.</_></rects>
      <tilted>0</tilted></_>
    <_>
      <rects>
        <_>
          3 8 1 3 -1.</_>
        <_>
          3 9 1 1 3.</_></rects>
      <tilted>0</tilted></_>
    <_>
      <rects>
        <_>
          3 8 2 2 -1.</_>
        <_>
          3 9 2 1 2.</_></rects>
      <tilted>0</tilted></_>
    <_>
      <rects>
        <_>
          3 8 6 2 -1.</_>
        <_>
          3 9 6 1 2.</_></rects>
      <tilted>0</tilted></_>
    <_>
      <rects>
        <_>
          3 9 1 2 -1.</_>
        <_>
          3 10 1 1 2.</_></rects>
      <tilted>0</tilted></_>
    <_>
      <rects>
        <_>
          3 9 2 2 -1.</_>
        <_>
          3 10 2 1 2.</_></rects>
      <tilted>0</tilted></_>
    <_>
      <rects>
        <_>
          3 9 6 1 -1.</_>
        <_>
          6 9 3 1 2.</_></rects>
      <tilted>0</tilted></_>
    <_>
      <rects>
        <_>
          3 9 8 2 -1.</_>
        <_>
          7 9 4 2 2.</_></rects>
      <tilted>0</tilted></_>
    <_>
      <rects>
        <_>
          3 10 2 4 -1.</_>
        <_>
          3 12 2 2 2.</_></rects>
      <tilted>0</tilted></_>
    <_>
      <rects>
        <_>
          4 1 1 8 -1.</_>
        <_>
          4 5 1 4 2.</_></rects>
      <tilted>0</tilted></_>
    <_>
      <rects>
        <_>
          4 2 4 4 -1.</_>
        <_>
          6 2 2 4 2.</_></rects>
      <tilted>0</tilted></_>
    <_>
      <rects>
        <_>
          4 4 3 5 -1.</_>
        <_>
          5 4 1 5 3.</_></rects>
      <tilted>0</tilted></_>
    <_>
      <rects>
        <_>
          4 4 3 8 -1.</_>
        <_>
          4 8 3 4 2.</_></rects>
      <tilted>0</tilted></_>
    <_>
      <rects>
        <_>
          4 4 8 8 -1.</_>
        <_>
          4 4 4 4 2.</_>
        <_>
          8 8 4 4 2.</_></rects>
      <tilted>0</tilted></_>
    <_>
      <rects>
        <_>
          4 5 1 3 -1.</_>
        <_>
          4 6 1 1 3.</_></rects>
      <tilted>0</tilted></_>
    <_>
      <rects>
        <_>
          4 6 1 2 -1.</_>
        <_>
          4 7 1 1 2.</_></rects>
      <tilted>0</tilted></_>
    <_>
      <rects>
        <_>
          4 6 3 1 -1.</_>
        <_>
          5 6 1 1 3.</_></rects>
      <tilted>0</tilted></_>
    <_>
      <rects>
        <_>
          4 6 1 3 -1.</_>
        <_>
          4 7 1 1 3.</_></rects>
      <tilted>0</tilted></_>
    <_>
      <rects>
        <_>
          4 6 3 3 -1.</_>
        <_>
          5 6 1 3 3.</_></rects>
      <tilted>0</tilted></_>
    <_>
      <rects>
        <_>
          4 6 2 3 -1.</_>
        <_>
          4 7 2 1 3.</_></rects>
      <tilted>0</tilted></_>
    <_>
      <rects>
        <_>
          4 6 8 4 -1.</_>
        <_>
          4 6 4 2 2.</_>
        <_>
          8 8 4 2 2.</_></rects>
      <tilted>0</tilted></_>
    <_>
      <rects>
        <_>
          4 7 6 3 -1.</_>
        <_>
          6 7 2 3 3.</_></rects>
      <tilted>0</tilted></_>
    <_>
      <rects>
        <_>
          4 9 1 2 -1.</_>
        <_>
          4 10 1 1 2.</_></rects>
      <tilted>0</tilted></_>
    <_>
      <rects>
        <_>
          5 0 2 1 -1.</_>
        <_>
          6 0 1 1 2.</_></rects>
      <tilted>0</tilted></_>
    <_>
      <rects>
        <_>
          5 0 1 10 -1.</_>
        <_>
          5 5 1 5 2.</_></rects>
      <tilted>0</tilted></_>
    <_>
      <rects>
        <_>
          5 1 1 3 -1.</_>
        <_>
          5 2 1 1 3.</_></rects>
      <tilted>0</tilted></_>
    <_>
      <rects>
        <_>
          5 2 1 12 -1.</_>
        <_>
          5 8 1 6 2.</_></rects>
      <tilted>0</tilted></_>
    <_>
      <rects>
        <_>
          5 2 2 8 -1.</_>
        <_>
          5 6 2 4 2.</_></rects>
      <tilted>0</tilted></_>
    <_>
      <rects>
        <_>
          5 2 4 2 -1.</_>
        <_>
          5 3 4 1 2.</_></rects>
      <tilted>0</tilted></_>
    <_>
      <rects>
        <_>
          5 2 4 12 -1.</_>
        <_>
          5 6 4 4 3.</_></rects>
      <tilted>0</tilted></_>
    <_>
      <rects>
        <_>
          5 3 2 2 -1.</_>
        <_>
          5 3 1 1 2.</_>
        <_>
          6 4 1 1 2.</_></rects>
      <tilted>0</tilted></_>
    <_>
      <rects>
        <_>
          5 3 4 9 -1.</_>
        <_>
          5 6 4 3 3.</_></rects>
      <tilted>0</tilted></_>
    <_>
      <rects>
        <_>
          5 4 2 6 -1.</_>
        <_>
          5 6 2 2 3.</_></rects>
      <tilted>0</tilted></_>
    <_>
      <rects>
        <_>
          5 5 1 6 -1.</_>
        <_>
          5 7 1 2 3.</_></rects>
      <tilted>0</tilted></_>
    <_>
      <rects>
        <_>
          5 5 2 6 -1.</_>
        <_>
          5 7 2 2 3.</_></rects>
      <tilted>0</tilted></_>
    <_>
      <rects>
        <_>
          5 6 3 1 -1.</_>
        <_>
          6 6 1 1 3.</_></rects>
      <tilted>0</tilted></_>
    <_>
      <rects>
        <_>
          5 6 1 3 -1.</_>
        <_>
          5 7 1 1 3.</_></rects>
      <tilted>0</tilted></_>
    <_>
      <rects>
        <_>
          5 6 2 2 -1.</_>
        <_>
          5 6 1 1 2.</_>
        <_>
          6 7 1 1 2.</_></rects>
      <tilted>0</tilted></_>
    <_>
      <rects>
        <_>
          5 7 1 2 -1.</_>
        <_>
          5 8 1 1 2.</_></rects>
      <tilted>0</tilted></_>
    <_>
      <rects>
        <_>
          5 7 3 3 -1.</_>
        <_>
          6 7 1 3 3.</_></rects>
      <tilted>0</tilted></_>
    <_>
      <rects>
        <_>
          5 7 2 2 -1.</_>
        <_>
          5 8 2 1 2.</_></rects>
      <tilted>0</tilted></_>
    <_>
      <rects>
        <_>
          5 8 1 2 -1.</_>
        <_>
          5 9 1 1 2.</_></rects>
      <tilted>0</tilted></_>
    <_>
      <rects>
        <_>
          5 8 3 5 -1.</_>
        <_>
          6 8 1 5 3.</_></rects>
      <tilted>0</tilted></_>
    <_>
      <rects>
        <_>
          5 8 2 2 -1.</_>
        <_>
          5 9 2 1 2.</_></rects>
      <tilted>0</tilted></_>
    <_>
      <rects>
        <_>
          5 8 6 4 -1.</_>
        <_>
          8 8 3 4 2.</_></rects>
      <tilted>0</tilted></_>
    <_>
      <rects>
        <_>
          6 1 2 1 -1.</_>
        <_>
          7 1 1 1 2.</_></rects>
      <tilted>0</tilted></_>
    <_>
      <rects>
        <_>
          6 1 6 9 -1.</_>
        <_>
          6 4 6 3 3.</_></rects>
      <tilted>0</tilted></_>
    <_>
      <rects>
        <_>
          6 2 1 3 -1.</_>
        <_>
          6 3 1 1 3.</_></rects>
      <tilted>0</tilted></_>
    <_>
      <rects>
        <_>
          6 3 3 1 -1.</_>
        <_>
          7 3 1 1 3.</_></rects>
      <tilted>0</tilted></_>
    <_>
      <rects>
        <_>
          6 3 1 3 -1.</_>
        <_>
          6 4 1 1 3.</_></rects>
      <tilted>0</tilted></_>
    <_>
      <rects>
        <_>
          6 4 1 3 -1.</_>
        <_>
          6 5 1 1 3.</_></rects>
      <tilted>0</tilted></_>
    <_>
      <rects>
        <_>
          6 4 1 6 -1.</_>
        <_>
          6 6 1 2 3.</_></rects>
      <tilted>0</tilted></_>
    <_>
      <rects>
        <_>
          6 4 3 4 -1.</_>
        <_>
          7 4 1 4 3.</_></rects>
      <tilted>0</tilted></_>
    <_>
      <rects>
        <_>
          6 5 1 2 -1.</_>
        <_>
          6 6 1 1 2.</_></rects>
      <tilted>0</tilted></_>
    <_>
      <rects>
        <_>
          6 5 1 3 -1.</_>
        <_>
          6 6 1 1 3.</_></rects>
      <tilted>0</tilted></_>
    <_>
      <rects>
        <_>
          6 5 2 2 -1.</_>
        <_>
          6 5 1 1 2.</_>
        <_>
          7 6 1 1 2.</_></rects>
      <tilted>0</tilted></_>
    <_>
      <rects>
        <_>
          6 5 2 3 -1.</_>
        <_>
          6 6 2 1 3.</_></rects>
      <tilted>0</tilted></_>
    <_>
      <rects>
        <_>
          6 5 4 2 -1.</_>
        <_>
          6 5 2 1 2.</_>
        <_>
          8 6 2 1 2.</_></rects>
      <tilted>0</tilted></_>
    <_>
      <rects>
        <_>
          6 5 2 6 -1.</_>
        <_>
          6 7 2 2 3.</_></rects>
      <tilted>0</tilted></_>
    <_>
      <rects>
        <_>
          6 5 4 6 -1.</_>
        <_>
          6 5 2 3 2.</_>
        <_>
          8 8 2 3 2.</_></rects>
      <tilted>0</tilted></_>
    <_>
      <rects>
        <_>
          6 6 3 1 -1.</_>
        <_>
          7 6 1 1 3.</_></rects>
      <tilted>0</tilted></_>
    <_>
      <rects>
        <_>
          6 6 2 5 -1.</_>
        <_>
          7 6 1 5 2.</_></rects>
      <tilted>0</tilted></_>
    <_>
      <rects>
        <_>
          6 6 2 2 -1.</_>
        <_>
          6 7 2 1 2.</_></rects>
      <tilted>0</tilted></_>
    <_>
      <rects>
        <_>
          6 6 2 3 -1.</_>
        <_>
          6 7 2 1 3.</_></rects>
      <tilted>0</tilted></_>
    <_>
      <rects>
        <_>
          6 7 2 1 -1.</_>
        <_>
          7 7 1 1 2.</_></rects>
      <tilted>0</tilted></_>
    <_>
      <rects>
        <_>
          6 7 1 2 -1.</_>
        <_>
          6 8 1 1 2.</_></rects>
      <tilted>0</tilted></_>
    <_>
      <rects>
        <_>
          6 7 6 5 -1.</_>
        <_>
          9 7 3 5 2.</_></rects>
      <tilted>0</tilted></_>
    <_>
      <rects>
        <_>
          6 8 3 1 -1.</_>
        <_>
          7 8 1 1 3.</_></rects>
      <tilted>0</tilted></_>
    <_>
      <rects>
        <_>
          6 8 3 5 -1.</_>
        <_>
          7 8 1 5 3.</_></rects>
      <tilted>0</tilted></_>
    <_>
      <rects>
        <_>
          6 8 6 2 -1.</_>
        <_>
          9 8 3 2 2.</_></rects>
      <tilted>0</tilted></_>
    <_>
      <rects>
        <_>
          6 9 6 3 -1.</_>
        <_>
          8 9 2 3 3.</_></rects>
      <tilted>0</tilted></_>
    <_>
      <rects>
        <_>
          6 10 2 1 -1.</_>
        <_>
          7 10 1 1 2.</_></rects>
      <tilted>0</tilted></_>
    <_>
      <rects>
        <_>
          6 10 2 2 -1.</_>
        <_>
          6 10 1 1 2.</_>
        <_>
          7 11 1 1 2.</_></rects>
      <tilted>0</tilted></_>
    <_>
      <rects>
        <_>
          6 11 2 1 -1.</_>
        <_>
          7 11 1 1 2.</_></rects>
      <tilted>0</tilted></_>
    <_>
      <rects>
        <_>
          6 11 1 2 -1.</_>
        <_>
          6 12 1 1 2.</_></rects>
      <tilted>0</tilted></_>
    <_>
      <rects>
        <_>
          6 11 1 3 -1.</_>
        <_>
          6 12 1 1 3.</_></rects>
      <tilted>0</tilted></_>
    <_>
      <rects>
        <_>
          6 11 2 3 -1.</_>
        <_>
          6 12 2 1 3.</_></rects>
      <tilted>0</tilted></_>
    <_>
      <rects>
        <_>
          6 11 6 1 -1.</_>
        <_>
          9 11 3 1 2.</_></rects>
      <tilted>0</tilted></_>
    <_>
      <rects>
        <_>
          6 11 4 3 -1.</_>
        <_>
          6 12 4 1 3.</_></rects>
      <tilted>0</tilted></_>
    <_>
      <rects>
        <_>
          7 2 1 3 -1.</_>
        <_>
          7 3 1 1 3.</_></rects>
      <tilted>0</tilted></_>
    <_>
      <rects>
        <_>
          7 3 2 2 -1.</_>
        <_>
          7 3 1 1 2.</_>
        <_>
          8 4 1 1 2.</_></rects>
      <tilted>0</tilted></_>
    <_>
      <rects>
        <_>
          7 3 1 4 -1.</_>
        <_>
          7 5 1 2 2.</_></rects>
      <tilted>0</tilted></_>
    <_>
      <rects>
        <_>
          7 4 2 2 -1.</_>
        <_>
          7 4 1 1 2.</_>
        <_>
          8 5 1 1 2.</_></rects>
      <tilted>0</tilted></_>
    <_>
      <rects>
        <_>
          7 4 2 6 -1.</_>
        <_>
          7 4 1 3 2.</_>
        <_>
          8 7 1 3 2.</_></rects>
      <tilted>0</tilted></_>
    <_>
      <rects>
        <_>
          7 5 3 1 -1.</_>
        <_>
          8 5 1 1 3.</_></rects>
      <tilted>0</tilted></_>
    <_>
      <rects>
        <_>
          7 5 1 3 -1.</_>
        <_>
          7 6 1 1 3.</_></rects>
      <tilted>0</tilted></_>
    <_>
      <rects>
        <_>
          7 5 2 2 -1.</_>
        <_>
          7 5 1 1 2.</_>
        <_>
          8 6 1 1 2.</_></rects>
      <tilted>0</tilted></_>
    <_>
      <rects>
        <_>
          7 5 2 6 -1.</_>
        <_>
          7 5 1 3 2.</_>
        <_>
          8 8 1 3 2.</_></rects>
      <tilted>0</tilted></_>
    <_>
      <rects>
        <_>
          7 6 1 3 -1.</_>
        <_>
          7 7 1 1 3.</_></rects>
      <tilted>0</tilted></_>
    <_>
      <rects>
        <_>
          7 6 2 2 -1.</_>
        <_>
          7 6 1 1 2.</_>
        <_>
          8 7 1 1 2.</_></rects>
      <tilted>0</tilted></_>
    <_>
      <rects>
        <_>
          7 7 2 1 -1.</_>
        <_>
          8 7 1 1 2.</_></rects>
      <tilted>0</tilted></_>
    <_>
      <rects>
        <_>
          7 9 2 3 -1.</_>
        <_>
          8 9 1 3 2.</_></rects>
      <tilted>0</tilted></_>
    <_>
      <rects>
        <_>
          7 10 2 1 -1.</_>
        <_>
          8 10 1 1 2.</_></rects>
      <tilted>0</tilted></_>
    <_>
      <rects>
        <_>
          7 11 1 2 -1.</_>
        <_>
          7 12 1 1 2.</_></rects>
      <tilted>0</tilted></_>
    <_>
      <rects>
        <_>
          7 11 1 3 -1.</_>
        <_>
          7 12 1 1 3.</_></rects>
      <tilted>0</tilted></_>
    <_>
      <rects>
        <_>
          8 0 1 3 -1.</_>
        <_>
          8 1 1 1 3.</_></rects>
      <tilted>0</tilted></_>
    <_>
      <rects>
        <_>
          8 2 2 2 -1.</_>
        <_>
          8 2 1 1 2.</_>
        <_>
          9 3 1 1 2.</_></rects>
      <tilted>0</tilted></_>
    <_>
      <rects>
        <_>
          8 2 4 1 -1.</_>
        <_>
          10 2 2 1 2.</_></rects>
      <tilted>0</tilted></_>
    <_>
      <rects>
        <_>
          8 3 1 3 -1.</_>
        <_>
          8 4 1 1 3.</_></rects>
      <tilted>0</tilted></_>
    <_>
      <rects>
        <_>
          8 3 2 2 -1.</_>
        <_>
          8 3 1 1 2.</_>
        <_>
          9 4 1 1 2.</_></rects>
      <tilted>0</tilted></_>
    <_>
      <rects>
        <_>
          8 3 3 5 -1.</_>
        <_>
          9 3 1 5 3.</_></rects>
      <tilted>0</tilted></_>
    <_>
      <rects>
        <_>
          8 4 3 1 -1.</_>
        <_>
          9 4 1 1 3.</_></rects>
      <tilted>0</tilted></_>
    <_>
      <rects>
        <_>
          8 4 4 6 -1.</_>
        <_>
          8 6 4 2 3.</_></rects>
      <tilted>0</tilted></_>
    <_>
      <rects>
        <_>
          8 5 3 1 -1.</_>
        <_>
          9 5 1 1 3.</_></rects>
      <tilted>0</tilted></_>
    <_>
      <rects>
        <_>
          8 6 3 1 -1.</_>
        <_>
          9 6 1 1 3.</_></rects>
      <tilted>0</tilted></_>
    <_>
      <rects>
        <_>
          8 6 2 2 -1.</_>
        <_>
          8 6 1 1 2.</_>
        <_>
          9 7 1 1 2.</_></rects>
      <tilted>0</tilted></_>
    <_>
      <rects>
        <_>
          8 6 2 6 -1.</_>
        <_>
          8 6 1 3 2.</_>
        <_>
          9 9 1 3 2.</_></rects>
      <tilted>0</tilted></_>
    <_>
      <rects>
        <_>
          8 8 4 2 -1.</_>
        <_>
          10 8 2 2 2.</_></rects>
      <tilted>0</tilted></_>
    <_>
      <rects>
        <_>
          8 10 1 2 -1.</_>
        <_>
          8 11 1 1 2.</_></rects>
      <tilted>0</tilted></_>
    <_>
      <rects>
        <_>
          8 11 2 1 -1.</_>
        <_>
          9 11 1 1 2.</_></rects>
      <tilted>0</tilted></_>
    <_>
      <rects>
        <_>
          9 1 1 3 -1.</_>
        <_>
          9 2 1 1 3.</_></rects>
      <tilted>0</tilted></_>
    <_>
      <rects>
        <_>
          9 1 2 4 -1.</_>
        <_>
          9 1 1 2 2.</_>
        <_>
          10 3 1 2 2.</_></rects>
      <tilted>0</tilted></_>
    <_>
      <rects>
        <_>
          9 2 2 2 -1.</_>
        <_>
          9 2 1 1 2.</_>
        <_>
          10 3 1 1 2.</_></rects>
      <tilted>0</tilted></_>
    <_>
      <rects>
        <_>
          9 3 3 1 -1.</_>
        <_>
          10 3 1 1 3.</_></rects>
      <tilted>0</tilted></_>
    <_>
      <rects>
        <_>
          9 3 2 2 -1.</_>
        <_>
          9 3 1 1 2.</_>
        <_>
          10 4 1 1 2.</_></rects>
      <tilted>0</tilted></_>
    <_>
      <rects>
        <_>
          9 3 1 8 -1.</_>
        <_>
          9 7 1 4 2.</_></rects>
      <tilted>0</tilted></_>
    <_>
      <rects>
        <_>
          9 3 3 4 -1.</_>
        <_>
          10 3 1 4 3.</_></rects>
      <tilted>0</tilted></_>
    <_>
      <rects>
        <_>
          9 4 3 2 -1.</_>
        <_>
          10 4 1 2 3.</_></rects>
      <tilted>0</tilted></_>
    <_>
      <rects>
        <_>
          9 4 1 8 -1.</_>
        <_>
          9 8 1 4 2.</_></rects>
      <tilted>0</tilted></_>
    <_>
      <rects>
        <_>
          9 6 3 1 -1.</_>
        <_>
          10 6 1 1 3.</_></rects>
      <tilted>0</tilted></_>
    <_>
      <rects>
        <_>
          9 8 1 2 -1.</_>
        <_>
          9 9 1 1 2.</_></rects>
      <tilted>0</tilted></_>
    <_>
      <rects>
        <_>
          9 8 1 4 -1.</_>
        <_>
          9 10 1 2 2.</_></rects>
      <tilted>0</tilted></_>
    <_>
      <rects>
        <_>
          9 9 2 2 -1.</_>
        <_>
          9 9 1 1 2.</_>
        <_>
          10 10 1 1 2.</_></rects>
      <tilted>0</tilted></_>
    <_>
      <rects>
        <_>
          10 0 2 1 -1.</_>
        <_>
          11 0 1 1 2.</_></rects>
      <tilted>0</tilted></_>
    <_>
      <rects>
        <_>
          10 1 1 2 -1.</_>
        <_>
          10 2 1 1 2.</_></rects>
      <tilted>0</tilted></_>
    <_>
      <rects>
        <_>
          10 3 2 4 -1.</_>
        <_>
          10 3 1 2 2.</_>
        <_>
          11 5 1 2 2.</_></rects>
      <tilted>0</tilted></_>
    <_>
      <rects>
        <_>
          10 3 2 5 -1.</_>
        <_>
          11 3 1 5 2.</_></rects>
      <tilted>0</tilted></_>
    <_>
      <rects>
        <_>
          10 4 2 4 -1.</_>
        <_>
          10 4 1 2 2.</_>
        <_>
          11 6 1 2 2.</_></rects>
      <tilted>0</tilted></_>
    <_>
      <rects>
        <_>
          10 5 2 2 -1.</_>
        <_>
          10 5 1 1 2.</_>
        <_>
          11 6 1 1 2.</_></rects>
      <tilted>0</tilted></_>
    <_>
      <rects>
        <_>
          10 6 2 6 -1.</_>
        <_>
          10 6 1 3 2.</_>
        <_>
          11 9 1 3 2.</_></rects>
      <tilted>0</tilted></_>
    <_>
      <rects>
        <_>
          10 9 1 2 -1.</_>
        <_>
          10 10 1 1 2.</_></rects>
      <tilted>0</tilted></_>
    <_>
      <rects>
        <_>
          11 2 1 2 -1.</_>
        <_>
          11 3 1 1 2.</_></rects>
      <tilted>0</tilted></_>
    <_>
      <rects>
        <_>
          11 3 1 2 -1.</_>
        <_>
          11 4 1 1 2.</_></rects>
      <tilted>0</tilted></_>
    <_>
      <rects>
        <_>
          11 7 1 2 -1.</_>
        <_>
          11 8 1 1 2.</_></rects>
      <tilted>0</tilted></_></features></cascade>
</opencv_storage>
