<?xml version="1.0"?>
<opencv_storage>
<cascade>
  <stageType>BOOST</stageType>
  <featureType>HAAR</featureType>
  <height>18</height>
  <width>34</width>
  <stageParams>
    <boostType>GAB</boostType>
    <minHitRate>9.9900001287460327e-01</minHitRate>
    <maxFalseAlarm>5.0000000000000000e-01</maxFalseAlarm>
    <weightTrimRate>9.4999999999999996e-01</weightTrimRate>
    <maxDepth>1</maxDepth>
    <maxWeakCount>100</maxWeakCount></stageParams>
  <featureParams>
    <maxCatCount>0</maxCatCount>
    <featSize>1</featSize>
    <mode>BASIC</mode></featureParams>
  <stageNum>20</stageNum>
  <stages>
    <!-- stage 0 -->
    <_>
      <maxWeakCount>5</maxWeakCount>
      <stageThreshold>-4.3747019767761230e-01</stageThreshold>
      <weakClassifiers>
        <_>
          <internalNodes>
            0 -1 119 -7.3307184502482414e-03</internalNodes>
          <leafValues>
            7.3170733451843262e-01 -3.4883719682693481e-01</leafValues></_>
        <_>
          <internalNodes>
            0 -1 152 -1.3907373649999499e-03</internalNodes>
          <leafValues>
            7.2775423526763916e-01 -2.8366675972938538e-01</leafValues></_>
        <_>
          <internalNodes>
            0 -1 84 6.2550995498895645e-03</internalNodes>
          <leafValues>
            -2.9084295034408569e-01 8.2059013843536377e-01</leafValues></_>
        <_>
          <internalNodes>
            0 -1 128 1.9229947356507182e-03</internalNodes>
          <leafValues>
            -2.6567184925079346e-01 8.5697251558303833e-01</leafValues></_>
        <_>
          <internalNodes>
            0 -1 181 1.4097273815423250e-03</internalNodes>
          <leafValues>
            -2.5987243652343750e-01 8.4708750247955322e-01</leafValues></_></weakClassifiers></_>
    <!-- stage 1 -->
    <_>
      <maxWeakCount>8</maxWeakCount>
      <stageThreshold>-5.8949697017669678e-01</stageThreshold>
      <weakClassifiers>
        <_>
          <internalNodes>
            0 -1 96 2.5802750140428543e-02</internalNodes>
          <leafValues>
            5.4243540763854980e-01 -8.3132529258728027e-01</leafValues></_>
        <_>
          <internalNodes>
            0 -1 52 7.6147196814417839e-03</internalNodes>
          <leafValues>
            -2.8870478272438049e-01 6.7881840467453003e-01</leafValues></_>
        <_>
          <internalNodes>
            0 -1 54 -2.0826563239097595e-01</internalNodes>
          <leafValues>
            -9.0569388866424561e-01 2.5930032134056091e-01</leafValues></_>
        <_>
          <internalNodes>
            0 -1 152 -2.0348574034869671e-03</internalNodes>
          <leafValues>
            5.6621807813644409e-01 -3.6032855510711670e-01</leafValues></_>
        <_>
          <internalNodes>
            0 -1 33 9.1152936220169067e-03</internalNodes>
          <leafValues>
            2.7350160479545593e-01 -6.7784422636032104e-01</leafValues></_>
        <_>
          <internalNodes>
            0 -1 129 5.5906723719090223e-04</internalNodes>
          <leafValues>
            -2.3946075141429901e-01 8.3749300241470337e-01</leafValues></_>
        <_>
          <internalNodes>
            0 -1 145 5.5231168516911566e-05</internalNodes>
          <leafValues>
            4.3097978830337524e-01 -4.3601375818252563e-01</leafValues></_>
        <_>
          <internalNodes>
            0 -1 63 4.6737128868699074e-03</internalNodes>
          <leafValues>
            -2.5218600034713745e-01 7.4944126605987549e-01</leafValues></_></weakClassifiers></_>
    <!-- stage 2 -->
    <_>
      <maxWeakCount>8</maxWeakCount>
      <stageThreshold>-5.0196981430053711e-01</stageThreshold>
      <weakClassifiers>
        <_>
          <internalNodes>
            0 -1 34 1.8743917346000671e-01</internalNodes>
          <leafValues>
            5.5303031206130981e-01 -6.9072163105010986e-01</leafValues></_>
        <_>
          <internalNodes>
            0 -1 154 8.2904531154781580e-04</internalNodes>
          <leafValues>
            -2.6491576433181763e-01 7.4185883998870850e-01</leafValues></_>
        <_>
          <internalNodes>
            0 -1 159 2.6380512863397598e-03</internalNodes>
          <leafValues>
            -1.6656732559204102e-01 9.6340858936309814e-01</leafValues></_>
        <_>
          <internalNodes>
            0 -1 168 6.6211394732818007e-04</internalNodes>
          <leafValues>
            -1.9945473968982697e-01 7.8030717372894287e-01</leafValues></_>
        <_>
          <internalNodes>
            0 -1 136 1.1272872798144817e-03</internalNodes>
          <leafValues>
            -2.6678818464279175e-01 7.4068707227706909e-01</leafValues></_>
        <_>
          <internalNodes>
            0 -1 176 -1.8887275364249945e-03</internalNodes>
          <leafValues>
            4.4597789645195007e-01 -4.1984999179840088e-01</leafValues></_>
        <_>
          <internalNodes>
            0 -1 105 -2.1369270980358124e-03</internalNodes>
          <leafValues>
            8.2415342330932617e-01 -2.3464034497737885e-01</leafValues></_>
        <_>
          <internalNodes>
            0 -1 182 -1.8887494225054979e-03</internalNodes>
          <leafValues>
            8.7514030933380127e-01 -1.5055043995380402e-01</leafValues></_></weakClassifiers></_>
    <!-- stage 3 -->
    <_>
      <maxWeakCount>12</maxWeakCount>
      <stageThreshold>-7.1266686916351318e-01</stageThreshold>
      <weakClassifiers>
        <_>
          <internalNodes>
            0 -1 79 1.9324563443660736e-02</internalNodes>
          <leafValues>
            4.8306596279144287e-01 -7.1875000000000000e-01</leafValues></_>
        <_>
          <internalNodes>
            0 -1 120 1.7981985583901405e-03</internalNodes>
          <leafValues>
            -3.7078633904457092e-01 4.4565412402153015e-01</leafValues></_>
        <_>
          <internalNodes>
            0 -1 153 5.0356669817119837e-04</internalNodes>
          <leafValues>
            -3.2135775685310364e-01 5.0984114408493042e-01</leafValues></_>
        <_>
          <internalNodes>
            0 -1 184 2.9071198776364326e-02</internalNodes>
          <leafValues>
            -3.3225369453430176e-01 4.6281760931015015e-01</leafValues></_>
        <_>
          <internalNodes>
            0 -1 0 -1.1612158268690109e-03</internalNodes>
          <leafValues>
            -6.4182364940643311e-01 2.2286266088485718e-01</leafValues></_>
        <_>
          <internalNodes>
            0 -1 70 5.0349496304988861e-03</internalNodes>
          <leafValues>
            -3.4626865386962891e-01 4.4249999523162842e-01</leafValues></_>
        <_>
          <internalNodes>
            0 -1 97 3.2269579824060202e-03</internalNodes>
          <leafValues>
            -1.8354338407516479e-01 9.5379430055618286e-01</leafValues></_>
        <_>
          <internalNodes>
            0 -1 6 1.3175449566915631e-04</internalNodes>
          <leafValues>
            3.8074320554733276e-01 -3.9366030693054199e-01</leafValues></_>
        <_>
          <internalNodes>
            0 -1 116 3.9188559167087078e-03</internalNodes>
          <leafValues>
            -2.2057060897350311e-01 7.5780928134918213e-01</leafValues></_>
        <_>
          <internalNodes>
            0 -1 204 -1.0254463268211111e-04</internalNodes>
          <leafValues>
            -4.6549719572067261e-01 3.2989910244941711e-01</leafValues></_>
        <_>
          <internalNodes>
            0 -1 106 1.5193141298368573e-03</internalNodes>
          <leafValues>
            -2.0152385532855988e-01 7.3515737056732178e-01</leafValues></_>
        <_>
          <internalNodes>
            0 -1 166 -8.9918996673077345e-04</internalNodes>
          <leafValues>
            7.5625318288803101e-01 -1.7360126972198486e-01</leafValues></_></weakClassifiers></_>
    <!-- stage 4 -->
    <_>
      <maxWeakCount>12</maxWeakCount>
      <stageThreshold>-4.7208210825920105e-01</stageThreshold>
      <weakClassifiers>
        <_>
          <internalNodes>
            0 -1 75 -1.5542825683951378e-02</internalNodes>
          <leafValues>
            7.3770493268966675e-01 7.6232965252887031e-18</leafValues></_>
        <_>
          <internalNodes>
            0 -1 177 8.2621950423344970e-04</internalNodes>
          <leafValues>
            -1.5599605441093445e-01 7.4993574619293213e-01</leafValues></_>
        <_>
          <internalNodes>
            0 -1 167 -2.5304921437054873e-03</internalNodes>
          <leafValues>
            8.7944519519805908e-01 -1.3835549354553223e-01</leafValues></_>
        <_>
          <internalNodes>
            0 -1 178 2.2060712799429893e-03</internalNodes>
          <leafValues>
            -2.4794904887676239e-01 6.2060153484344482e-01</leafValues></_>
        <_>
          <internalNodes>
            0 -1 153 7.7405583579093218e-04</internalNodes>
          <leafValues>
            -2.2427152097225189e-01 5.7769006490707397e-01</leafValues></_>
        <_>
          <internalNodes>
            0 -1 135 1.7085011349990964e-03</internalNodes>
          <leafValues>
            -2.5188738107681274e-01 7.1297824382781982e-01</leafValues></_>
        <_>
          <internalNodes>
            0 -1 150 1.1158338747918606e-03</internalNodes>
          <leafValues>
            -2.2011917829513550e-01 6.2334907054901123e-01</leafValues></_>
        <_>
          <internalNodes>
            0 -1 111 8.0642662942409515e-03</internalNodes>
          <leafValues>
            -2.1062952280044556e-01 6.4372080564498901e-01</leafValues></_>
        <_>
          <internalNodes>
            0 -1 51 -3.3537205308675766e-03</internalNodes>
          <leafValues>
            6.1244791746139526e-01 -2.2730745375156403e-01</leafValues></_>
        <_>
          <internalNodes>
            0 -1 101 1.0706325992941856e-03</internalNodes>
          <leafValues>
            -1.8080078065395355e-01 7.9130613803863525e-01</leafValues></_>
        <_>
          <internalNodes>
            0 -1 138 -3.4823275636881590e-03</internalNodes>
          <leafValues>
            3.2475119829177856e-01 -5.1173198223114014e-01</leafValues></_>
        <_>
          <internalNodes>
            0 -1 46 9.3926602858118713e-05</internalNodes>
          <leafValues>
            3.2277819514274597e-01 -5.1989769935607910e-01</leafValues></_></weakClassifiers></_>
    <!-- stage 5 -->
    <_>
      <maxWeakCount>12</maxWeakCount>
      <stageThreshold>-6.8986004590988159e-01</stageThreshold>
      <weakClassifiers>
        <_>
          <internalNodes>
            0 -1 130 -2.8442665934562683e-02</internalNodes>
          <leafValues>
            -7.8461539745330811e-01 4.9285712838172913e-01</leafValues></_>
        <_>
          <internalNodes>
            0 -1 12 1.6880998387932777e-02</internalNodes>
          <leafValues>
            -3.9337089657783508e-01 4.1630247235298157e-01</leafValues></_>
        <_>
          <internalNodes>
            0 -1 26 5.6554232287453488e-05</internalNodes>
          <leafValues>
            2.8839713335037231e-01 -5.6615281105041504e-01</leafValues></_>
        <_>
          <internalNodes>
            0 -1 114 7.4759423732757568e-03</internalNodes>
          <leafValues>
            -2.3940141499042511e-01 7.3072373867034912e-01</leafValues></_>
        <_>
          <internalNodes>
            0 -1 104 9.7751896828413010e-04</internalNodes>
          <leafValues>
            -1.5692308545112610e-01 8.3401203155517578e-01</leafValues></_>
        <_>
          <internalNodes>
            0 -1 131 2.4967282079160213e-03</internalNodes>
          <leafValues>
            -1.4528647065162659e-01 7.7041238546371460e-01</leafValues></_>
        <_>
          <internalNodes>
            0 -1 81 2.6677616406232119e-03</internalNodes>
          <leafValues>
            -1.3851334154605865e-01 9.3201702833175659e-01</leafValues></_>
        <_>
          <internalNodes>
            0 -1 203 8.0255083739757538e-03</internalNodes>
          <leafValues>
            -1.2821502983570099e-01 6.8518543243408203e-01</leafValues></_>
        <_>
          <internalNodes>
            0 -1 103 -2.4413715582340956e-03</internalNodes>
          <leafValues>
            5.6176382303237915e-01 -2.0269306004047394e-01</leafValues></_>
        <_>
          <internalNodes>
            0 -1 185 1.8131397664546967e-03</internalNodes>
          <leafValues>
            -2.1316510438919067e-01 6.4022713899612427e-01</leafValues></_>
        <_>
          <internalNodes>
            0 -1 107 -5.3838095627725124e-03</internalNodes>
          <leafValues>
            8.1180173158645630e-01 -1.0507043451070786e-01</leafValues></_>
        <_>
          <internalNodes>
            0 -1 98 2.5733555667102337e-03</internalNodes>
          <leafValues>
            -1.3406851887702942e-01 7.2696352005004883e-01</leafValues></_></weakClassifiers></_>
    <!-- stage 6 -->
    <_>
      <maxWeakCount>10</maxWeakCount>
      <stageThreshold>-6.2085640430450439e-01</stageThreshold>
      <weakClassifiers>
        <_>
          <internalNodes>
            0 -1 95 1.2210363522171974e-02</internalNodes>
          <leafValues>
            4.7999998927116394e-01 -5.1999998092651367e-01</leafValues></_>
        <_>
          <internalNodes>
            0 -1 13 3.9846412837505341e-03</internalNodes>
          <leafValues>
            -1.6191892325878143e-01 7.1079659461975098e-01</leafValues></_>
        <_>
          <internalNodes>
            0 -1 202 -2.1195912268012762e-03</internalNodes>
          <leafValues>
            6.4988648891448975e-01 -1.7651711404323578e-01</leafValues></_>
        <_>
          <internalNodes>
            0 -1 149 1.6128525603562593e-03</internalNodes>
          <leafValues>
            2.2771112620830536e-01 -5.9267705678939819e-01</leafValues></_>
        <_>
          <internalNodes>
            0 -1 144 7.2580226697027683e-04</internalNodes>
          <leafValues>
            -2.6025429368019104e-01 5.1130580902099609e-01</leafValues></_>
        <_>
          <internalNodes>
            0 -1 210 -1.7637584824115038e-04</internalNodes>
          <leafValues>
            -5.5892449617385864e-01 2.2302381694316864e-01</leafValues></_>
        <_>
          <internalNodes>
            0 -1 165 2.0694001577794552e-03</internalNodes>
          <leafValues>
            -1.4701089262962341e-01 8.4589761495590210e-01</leafValues></_>
        <_>
          <internalNodes>
            0 -1 196 -2.7780206874012947e-03</internalNodes>
          <leafValues>
            6.9608491659164429e-01 -1.6808484494686127e-01</leafValues></_>
        <_>
          <internalNodes>
            0 -1 195 2.1703047677874565e-03</internalNodes>
          <leafValues>
            -2.1285884082317352e-01 6.1758726835250854e-01</leafValues></_>
        <_>
          <internalNodes>
            0 -1 14 -3.6442460259422660e-04</internalNodes>
          <leafValues>
            -4.2494642734527588e-01 3.3299753069877625e-01</leafValues></_></weakClassifiers></_>
    <!-- stage 7 -->
    <_>
      <maxWeakCount>17</maxWeakCount>
      <stageThreshold>-7.9864573478698730e-01</stageThreshold>
      <weakClassifiers>
        <_>
          <internalNodes>
            0 -1 148 -4.1687510907649994e-02</internalNodes>
          <leafValues>
            -1. 4.3824025988578796e-01</leafValues></_>
        <_>
          <internalNodes>
            0 -1 11 8.8532734662294388e-03</internalNodes>
          <leafValues>
            -1.6430950164794922e-01 7.3309940099716187e-01</leafValues></_>
        <_>
          <internalNodes>
            0 -1 89 1.8265699036419392e-03</internalNodes>
          <leafValues>
            -1.1867620050907135e-01 8.4274691343307495e-01</leafValues></_>
        <_>
          <internalNodes>
            0 -1 187 1.4195695985108614e-04</internalNodes>
          <leafValues>
            2.6704579591751099e-01 -4.4034710526466370e-01</leafValues></_>
        <_>
          <internalNodes>
            0 -1 158 -3.8906503468751907e-03</internalNodes>
          <leafValues>
            7.8282314538955688e-01 -1.8456511199474335e-01</leafValues></_>
        <_>
          <internalNodes>
            0 -1 15 1.1323053622618318e-03</internalNodes>
          <leafValues>
            2.5646835565567017e-01 -4.7177764773368835e-01</leafValues></_>
        <_>
          <internalNodes>
            0 -1 41 9.6216928213834763e-03</internalNodes>
          <leafValues>
            -2.2812737524509430e-01 5.7981455326080322e-01</leafValues></_>
        <_>
          <internalNodes>
            0 -1 90 -1.4260369352996349e-03</internalNodes>
          <leafValues>
            2.4767653644084930e-01 -4.6845185756683350e-01</leafValues></_>
        <_>
          <internalNodes>
            0 -1 87 -1.4165299944579601e-05</internalNodes>
          <leafValues>
            2.8876766562461853e-01 -4.0240058302879333e-01</leafValues></_>
        <_>
          <internalNodes>
            0 -1 30 5.6904094526544213e-04</internalNodes>
          <leafValues>
            1.8223382532596588e-01 -5.7798635959625244e-01</leafValues></_>
        <_>
          <internalNodes>
            0 -1 122 3.0906037427484989e-03</internalNodes>
          <leafValues>
            -1.7678944766521454e-01 6.1447727680206299e-01</leafValues></_>
        <_>
          <internalNodes>
            0 -1 175 5.1316092140041292e-05</internalNodes>
          <leafValues>
            2.8819409012794495e-01 -3.9959895610809326e-01</leafValues></_>
        <_>
          <internalNodes>
            0 -1 94 7.4042803607881069e-03</internalNodes>
          <leafValues>
            -1.6799783706665039e-01 7.0864295959472656e-01</leafValues></_>
        <_>
          <internalNodes>
            0 -1 169 6.4593850402161479e-04</internalNodes>
          <leafValues>
            -1.9708395004272461e-01 5.0647950172424316e-01</leafValues></_>
        <_>
          <internalNodes>
            0 -1 191 1.3535001780837774e-03</internalNodes>
          <leafValues>
            -1.2066077440977097e-01 7.8173446655273438e-01</leafValues></_>
        <_>
          <internalNodes>
            0 -1 133 -1.3940636068582535e-02</internalNodes>
          <leafValues>
            6.8293499946594238e-01 -1.6825202107429504e-01</leafValues></_>
        <_>
          <internalNodes>
            0 -1 123 2.3045811802148819e-02</internalNodes>
          <leafValues>
            1.6648660600185394e-01 -8.6460644006729126e-01</leafValues></_></weakClassifiers></_>
    <!-- stage 8 -->
    <_>
      <maxWeakCount>12</maxWeakCount>
      <stageThreshold>-3.8491386175155640e-01</stageThreshold>
      <weakClassifiers>
        <_>
          <internalNodes>
            0 -1 112 -3.5224489867687225e-02</internalNodes>
          <leafValues>
            -7.8723406791687012e-01 4.5328718423843384e-01</leafValues></_>
        <_>
          <internalNodes>
            0 -1 1 -4.1526099084876478e-04</internalNodes>
          <leafValues>
            -3.7795731425285339e-01 3.0888104438781738e-01</leafValues></_>
        <_>
          <internalNodes>
            0 -1 91 1.8583720084279776e-03</internalNodes>
          <leafValues>
            -1.6496957838535309e-01 7.2669309377670288e-01</leafValues></_>
        <_>
          <internalNodes>
            0 -1 188 1.5182211063802242e-04</internalNodes>
          <leafValues>
            2.0290540158748627e-01 -5.3402531147003174e-01</leafValues></_>
        <_>
          <internalNodes>
            0 -1 59 9.3671642243862152e-03</internalNodes>
          <leafValues>
            -2.9732388257980347e-01 3.9788684248924255e-01</leafValues></_>
        <_>
          <internalNodes>
            0 -1 206 -2.0996763487346470e-04</internalNodes>
          <leafValues>
            -4.6140405535697937e-01 2.5110250711441040e-01</leafValues></_>
        <_>
          <internalNodes>
            0 -1 141 9.7290170378983021e-04</internalNodes>
          <leafValues>
            -2.2567500174045563e-01 5.4165613651275635e-01</leafValues></_>
        <_>
          <internalNodes>
            0 -1 127 -3.9695557206869125e-03</internalNodes>
          <leafValues>
            -3.6162245273590088e-01 2.9057174921035767e-01</leafValues></_>
        <_>
          <internalNodes>
            0 -1 208 -9.0894653112627566e-05</internalNodes>
          <leafValues>
            -3.9828175306320190e-01 3.1841054558753967e-01</leafValues></_>
        <_>
          <internalNodes>
            0 -1 143 1.8567838706076145e-03</internalNodes>
          <leafValues>
            -2.0197506248950958e-01 5.5921792984008789e-01</leafValues></_>
        <_>
          <internalNodes>
            0 -1 64 5.2183493971824646e-03</internalNodes>
          <leafValues>
            -2.0337513089179993e-01 5.1211082935333252e-01</leafValues></_>
        <_>
          <internalNodes>
            0 -1 19 -4.1684333235025406e-02</internalNodes>
          <leafValues>
            3.4665575623512268e-01 -3.6132076382637024e-01</leafValues></_></weakClassifiers></_>
    <!-- stage 9 -->
    <_>
      <maxWeakCount>10</maxWeakCount>
      <stageThreshold>-1.0195515155792236e+00</stageThreshold>
      <weakClassifiers>
        <_>
          <internalNodes>
            0 -1 5 9.5512537518516183e-04</internalNodes>
          <leafValues>
            5.4493308067321777e-01 -5.8823531866073608e-01</leafValues></_>
        <_>
          <internalNodes>
            0 -1 10 5.7964539155364037e-04</internalNodes>
          <leafValues>
            3.4725651144981384e-01 -7.0829325914382935e-01</leafValues></_>
        <_>
          <internalNodes>
            0 -1 212 5.6626321747899055e-04</internalNodes>
          <leafValues>
            3.0636233091354370e-01 -6.0400110483169556e-01</leafValues></_>
        <_>
          <internalNodes>
            0 -1 44 1.5561595559120178e-02</internalNodes>
          <leafValues>
            -4.0679395198822021e-01 4.7115886211395264e-01</leafValues></_>
        <_>
          <internalNodes>
            0 -1 157 -2.4911720305681229e-02</internalNodes>
          <leafValues>
            7.5841629505157471e-01 -2.2543108463287354e-01</leafValues></_>
        <_>
          <internalNodes>
            0 -1 139 -3.2359257340431213e-02</internalNodes>
          <leafValues>
            7.4526005983352661e-01 -2.3198547959327698e-01</leafValues></_>
        <_>
          <internalNodes>
            0 -1 73 -3.7864549085497856e-04</internalNodes>
          <leafValues>
            -6.1549222469329834e-01 3.3633100986480713e-01</leafValues></_>
        <_>
          <internalNodes>
            0 -1 117 -1.4899503439664841e-02</internalNodes>
          <leafValues>
            3.8003304600715637e-01 -4.7232845425605774e-01</leafValues></_>
        <_>
          <internalNodes>
            0 -1 40 6.8599551916122437e-02</internalNodes>
          <leafValues>
            -3.0167281627655029e-01 6.9996929168701172e-01</leafValues></_>
        <_>
          <internalNodes>
            0 -1 31 3.5036931512877345e-04</internalNodes>
          <leafValues>
            2.8763353824615479e-01 -7.3449105024337769e-01</leafValues></_></weakClassifiers></_>
    <!-- stage 10 -->
    <_>
      <maxWeakCount>7</maxWeakCount>
      <stageThreshold>-4.6870616078376770e-01</stageThreshold>
      <weakClassifiers>
        <_>
          <internalNodes>
            0 -1 74 -5.7952525094151497e-04</internalNodes>
          <leafValues>
            -4.7999998927116394e-01 6.2526315450668335e-01</leafValues></_>
        <_>
          <internalNodes>
            0 -1 31 -5.2766827866435051e-04</internalNodes>
          <leafValues>
            -6.2101179361343384e-01 4.0094855427742004e-01</leafValues></_>
        <_>
          <internalNodes>
            0 -1 74 4.8717437312006950e-04</internalNodes>
          <leafValues>
            3.7904143333435059e-01 -7.0441114902496338e-01</leafValues></_>
        <_>
          <internalNodes>
            0 -1 156 3.7469983100891113e-02</internalNodes>
          <leafValues>
            -4.1867718100547791e-01 5.8773750066757202e-01</leafValues></_>
        <_>
          <internalNodes>
            0 -1 38 5.7957536773756146e-04</internalNodes>
          <leafValues>
            3.4499612450599670e-01 -6.9146633148193359e-01</leafValues></_>
        <_>
          <internalNodes>
            0 -1 68 -1.6045099124312401e-02</internalNodes>
          <leafValues>
            7.5842016935348511e-01 -3.8644930720329285e-01</leafValues></_>
        <_>
          <internalNodes>
            0 -1 180 -2.7613587677478790e-02</internalNodes>
          <leafValues>
            7.2789669036865234e-01 -2.8737470507621765e-01</leafValues></_></weakClassifiers></_>
    <!-- stage 11 -->
    <_>
      <maxWeakCount>6</maxWeakCount>
      <stageThreshold>-6.1994975805282593e-01</stageThreshold>
      <weakClassifiers>
        <_>
          <internalNodes>
            0 -1 4 -5.0943571841344237e-04</internalNodes>
          <leafValues>
            -5.9322035312652588e-01 5.8185404539108276e-01</leafValues></_>
        <_>
          <internalNodes>
            0 -1 49 -4.3761450797319412e-02</internalNodes>
          <leafValues>
            7.1280723810195923e-01 -3.4930214285850525e-01</leafValues></_>
        <_>
          <internalNodes>
            0 -1 4 4.6118907630443573e-04</internalNodes>
          <leafValues>
            3.2932242751121521e-01 -7.8222703933715820e-01</leafValues></_>
        <_>
          <internalNodes>
            0 -1 24 -2.6941025862470269e-04</internalNodes>
          <leafValues>
            -6.8474334478378296e-01 2.8167322278022766e-01</leafValues></_>
        <_>
          <internalNodes>
            0 -1 45 -2.9384961817413568e-04</internalNodes>
          <leafValues>
            -6.5253859758377075e-01 3.1833052635192871e-01</leafValues></_>
        <_>
          <internalNodes>
            0 -1 47 1.3437883462756872e-03</internalNodes>
          <leafValues>
            3.0059078335762024e-01 -6.4573931694030762e-01</leafValues></_></weakClassifiers></_>
    <!-- stage 12 -->
    <_>
      <maxWeakCount>7</maxWeakCount>
      <stageThreshold>-1.8565218150615692e-01</stageThreshold>
      <weakClassifiers>
        <_>
          <internalNodes>
            0 -1 29 2.0140800625085831e-03</internalNodes>
          <leafValues>
            5.9349590539932251e-01 -5.0375938415527344e-01</leafValues></_>
        <_>
          <internalNodes>
            0 -1 28 5.1719491602852941e-04</internalNodes>
          <leafValues>
            3.1641653180122375e-01 -7.3666000366210938e-01</leafValues></_>
        <_>
          <internalNodes>
            0 -1 50 -5.2182865329086781e-04</internalNodes>
          <leafValues>
            -6.1136114597320557e-01 3.5230013728141785e-01</leafValues></_>
        <_>
          <internalNodes>
            0 -1 58 4.4649609480984509e-04</internalNodes>
          <leafValues>
            2.9298353195190430e-01 -6.9562536478042603e-01</leafValues></_>
        <_>
          <internalNodes>
            0 -1 174 4.3142685899510980e-04</internalNodes>
          <leafValues>
            2.8986078500747681e-01 -6.5798974037170410e-01</leafValues></_>
        <_>
          <internalNodes>
            0 -1 20 1.1119107156991959e-01</internalNodes>
          <leafValues>
            -2.8609502315521240e-01 7.6775115728378296e-01</leafValues></_>
        <_>
          <internalNodes>
            0 -1 125 -1.4822464436292648e-02</internalNodes>
          <leafValues>
            4.3822452425956726e-01 -6.4735877513885498e-01</leafValues></_></weakClassifiers></_>
    <!-- stage 13 -->
    <_>
      <maxWeakCount>8</maxWeakCount>
      <stageThreshold>-5.8762621879577637e-01</stageThreshold>
      <weakClassifiers>
        <_>
          <internalNodes>
            0 -1 92 -4.6864285832270980e-04</internalNodes>
          <leafValues>
            -4.7619047760963440e-01 5.7114225625991821e-01</leafValues></_>
        <_>
          <internalNodes>
            0 -1 21 3.1636923551559448e-02</internalNodes>
          <leafValues>
            -3.1266656517982483e-01 5.7157319784164429e-01</leafValues></_>
        <_>
          <internalNodes>
            0 -1 39 -3.4549264819361269e-04</internalNodes>
          <leafValues>
            -6.6934049129486084e-01 2.8147524595260620e-01</leafValues></_>
        <_>
          <internalNodes>
            0 -1 39 3.7536546005867422e-04</internalNodes>
          <leafValues>
            2.6252365112304688e-01 -7.1140819787979126e-01</leafValues></_>
        <_>
          <internalNodes>
            0 -1 7 3.2960601150989532e-02</internalNodes>
          <leafValues>
            -2.7065405249595642e-01 7.6959592103958130e-01</leafValues></_>
        <_>
          <internalNodes>
            0 -1 172 3.0688563128933311e-04</internalNodes>
          <leafValues>
            2.8186422586441040e-01 -5.9537369012832642e-01</leafValues></_>
        <_>
          <internalNodes>
            0 -1 214 -4.0331014315597713e-04</internalNodes>
          <leafValues>
            -6.3052403926849365e-01 2.7377128601074219e-01</leafValues></_>
        <_>
          <internalNodes>
            0 -1 58 -2.9128251480869949e-04</internalNodes>
          <leafValues>
            -6.0769408941268921e-01 2.8252813220024109e-01</leafValues></_></weakClassifiers></_>
    <!-- stage 14 -->
    <_>
      <maxWeakCount>10</maxWeakCount>
      <stageThreshold>-3.6575642228126526e-01</stageThreshold>
      <weakClassifiers>
        <_>
          <internalNodes>
            0 -1 69 -6.0620486736297607e-02</internalNodes>
          <leafValues>
            -8.4905660152435303e-01 4.7202795743942261e-01</leafValues></_>
        <_>
          <internalNodes>
            0 -1 35 1.0999519145116210e-04</internalNodes>
          <leafValues>
            3.2640743255615234e-01 -4.1686108708381653e-01</leafValues></_>
        <_>
          <internalNodes>
            0 -1 16 1.2475695461034775e-02</internalNodes>
          <leafValues>
            -3.2266241312026978e-01 4.1099244356155396e-01</leafValues></_>
        <_>
          <internalNodes>
            0 -1 110 -2.1996021678205580e-04</internalNodes>
          <leafValues>
            -5.7944953441619873e-01 2.0459891855716705e-01</leafValues></_>
        <_>
          <internalNodes>
            0 -1 8 -2.4518946185708046e-02</internalNodes>
          <leafValues>
            3.9289450645446777e-01 -2.9434931278228760e-01</leafValues></_>
        <_>
          <internalNodes>
            0 -1 9 3.2156266388483346e-04</internalNodes>
          <leafValues>
            1.6044564545154572e-01 -6.9164502620697021e-01</leafValues></_>
        <_>
          <internalNodes>
            0 -1 198 1.0316437110304832e-02</internalNodes>
          <leafValues>
            -2.4333509802818298e-01 5.6950342655181885e-01</leafValues></_>
        <_>
          <internalNodes>
            0 -1 199 1.0790092346724123e-04</internalNodes>
          <leafValues>
            2.1134559810161591e-01 -5.3774088621139526e-01</leafValues></_>
        <_>
          <internalNodes>
            0 -1 83 -1.6331631690263748e-02</internalNodes>
          <leafValues>
            4.0800529718399048e-01 -2.9704976081848145e-01</leafValues></_>
        <_>
          <internalNodes>
            0 -1 213 3.9245240623131394e-04</internalNodes>
          <leafValues>
            2.5688779354095459e-01 -4.5052298903465271e-01</leafValues></_></weakClassifiers></_>
    <!-- stage 15 -->
    <_>
      <maxWeakCount>15</maxWeakCount>
      <stageThreshold>-8.0796837806701660e-01</stageThreshold>
      <weakClassifiers>
        <_>
          <internalNodes>
            0 -1 124 -1.6301658749580383e-01</internalNodes>
          <leafValues>
            -7.4193549156188965e-01 4.8134991526603699e-01</leafValues></_>
        <_>
          <internalNodes>
            0 -1 93 -1.2596267275512218e-02</internalNodes>
          <leafValues>
            7.2944754362106323e-01 -1.2538741528987885e-01</leafValues></_>
        <_>
          <internalNodes>
            0 -1 72 -1.6616778157185763e-04</internalNodes>
          <leafValues>
            -3.5612261295318604e-01 3.0085083842277527e-01</leafValues></_>
        <_>
          <internalNodes>
            0 -1 42 4.0023326873779297e-02</internalNodes>
          <leafValues>
            -1.2699906527996063e-01 8.9529186487197876e-01</leafValues></_>
        <_>
          <internalNodes>
            0 -1 142 -8.3559043705463409e-03</internalNodes>
          <leafValues>
            -6.2796807289123535e-01 2.4465397000312805e-01</leafValues></_>
        <_>
          <internalNodes>
            0 -1 22 1.7912968993186951e-02</internalNodes>
          <leafValues>
            -2.8626143932342529e-01 4.2042449116706848e-01</leafValues></_>
        <_>
          <internalNodes>
            0 -1 179 -8.2302056252956390e-03</internalNodes>
          <leafValues>
            5.3611427545547485e-01 -2.3445452749729156e-01</leafValues></_>
        <_>
          <internalNodes>
            0 -1 134 -1.1620771884918213e-01</internalNodes>
          <leafValues>
            8.6478751897811890e-01 -1.1890091747045517e-01</leafValues></_>
        <_>
          <internalNodes>
            0 -1 65 2.4082295596599579e-02</internalNodes>
          <leafValues>
            -1.2033080309629440e-01 7.5576442480087280e-01</leafValues></_>
        <_>
          <internalNodes>
            0 -1 61 -2.7767647057771683e-02</internalNodes>
          <leafValues>
            -8.4635782241821289e-01 1.5127345919609070e-01</leafValues></_>
        <_>
          <internalNodes>
            0 -1 100 -4.0600821375846863e-03</internalNodes>
          <leafValues>
            8.6665171384811401e-01 -1.3657817244529724e-01</leafValues></_>
        <_>
          <internalNodes>
            0 -1 36 1.7088931053876877e-04</internalNodes>
          <leafValues>
            2.6656058430671692e-01 -4.5780798792839050e-01</leafValues></_>
        <_>
          <internalNodes>
            0 -1 118 -3.6369476001709700e-03</internalNodes>
          <leafValues>
            4.7806721925735474e-01 -2.2217878699302673e-01</leafValues></_>
        <_>
          <internalNodes>
            0 -1 174 -1.6696046805009246e-04</internalNodes>
          <leafValues>
            -3.3919999003410339e-01 2.9800584912300110e-01</leafValues></_>
        <_>
          <internalNodes>
            0 -1 102 1.4916791114956141e-03</internalNodes>
          <leafValues>
            -1.3936188817024231e-01 7.4772202968597412e-01</leafValues></_></weakClassifiers></_>
    <!-- stage 16 -->
    <_>
      <maxWeakCount>14</maxWeakCount>
      <stageThreshold>-6.7406898736953735e-01</stageThreshold>
      <weakClassifiers>
        <_>
          <internalNodes>
            0 -1 86 1.9029092043638229e-02</internalNodes>
          <leafValues>
            4.3686005473136902e-01 -7.9487180709838867e-01</leafValues></_>
        <_>
          <internalNodes>
            0 -1 132 -5.1093650981783867e-03</internalNodes>
          <leafValues>
            7.3266983032226562e-01 -1.4125098288059235e-01</leafValues></_>
        <_>
          <internalNodes>
            0 -1 164 -3.8355245487764478e-04</internalNodes>
          <leafValues>
            3.9544823765754700e-01 -2.9597672820091248e-01</leafValues></_>
        <_>
          <internalNodes>
            0 -1 71 9.0644680312834680e-05</internalNodes>
          <leafValues>
            2.4798688292503357e-01 -5.1535475254058838e-01</leafValues></_>
        <_>
          <internalNodes>
            0 -1 189 5.5466211051680148e-05</internalNodes>
          <leafValues>
            2.2534357011318207e-01 -4.8050418496131897e-01</leafValues></_>
        <_>
          <internalNodes>
            0 -1 77 -1.1828838614746928e-04</internalNodes>
          <leafValues>
            -5.2299582958221436e-01 1.9771525263786316e-01</leafValues></_>
        <_>
          <internalNodes>
            0 -1 99 -6.7481648875400424e-04</internalNodes>
          <leafValues>
            3.1122201681137085e-01 -3.1977677345275879e-01</leafValues></_>
        <_>
          <internalNodes>
            0 -1 32 2.4092240259051323e-02</internalNodes>
          <leafValues>
            -1.7314089834690094e-01 6.1769467592239380e-01</leafValues></_>
        <_>
          <internalNodes>
            0 -1 37 -1.1526238813530654e-04</internalNodes>
          <leafValues>
            -5.2318507432937622e-01 2.3994493484497070e-01</leafValues></_>
        <_>
          <internalNodes>
            0 -1 163 5.4283835925161839e-04</internalNodes>
          <leafValues>
            1.6705851256847382e-01 -7.5620883703231812e-01</leafValues></_>
        <_>
          <internalNodes>
            0 -1 76 -4.8825722187757492e-03</internalNodes>
          <leafValues>
            7.4247676134109497e-01 -1.7004133760929108e-01</leafValues></_>
        <_>
          <internalNodes>
            0 -1 55 1.4344693045131862e-04</internalNodes>
          <leafValues>
            2.8101879358291626e-01 -4.0569844841957092e-01</leafValues></_>
        <_>
          <internalNodes>
            0 -1 161 -6.0175963881192729e-05</internalNodes>
          <leafValues>
            -3.5432955622673035e-01 3.3705475926399231e-01</leafValues></_>
        <_>
          <internalNodes>
            0 -1 60 -1.3735168613493443e-03</internalNodes>
          <leafValues>
            4.0687260031700134e-01 -2.7765196561813354e-01</leafValues></_></weakClassifiers></_>
    <!-- stage 17 -->
    <_>
      <maxWeakCount>15</maxWeakCount>
      <stageThreshold>-5.1562649011611938e-01</stageThreshold>
      <weakClassifiers>
        <_>
          <internalNodes>
            0 -1 190 9.9567754659801722e-05</internalNodes>
          <leafValues>
            5.5263155698776245e-01 -1.5976330637931824e-01</leafValues></_>
        <_>
          <internalNodes>
            0 -1 62 -1.9477918976917863e-04</internalNodes>
          <leafValues>
            -4.2413845658302307e-01 2.6877143979072571e-01</leafValues></_>
        <_>
          <internalNodes>
            0 -1 3 2.7793962508440018e-02</internalNodes>
          <leafValues>
            -1.8108180165290833e-01 5.7267308235168457e-01</leafValues></_>
        <_>
          <internalNodes>
            0 -1 215 8.2348298747092485e-04</internalNodes>
          <leafValues>
            2.2801955044269562e-01 -4.3066081404685974e-01</leafValues></_>
        <_>
          <internalNodes>
            0 -1 57 1.2485221028327942e-02</internalNodes>
          <leafValues>
            -1.3783374428749084e-01 8.6798709630966187e-01</leafValues></_>
        <_>
          <internalNodes>
            0 -1 56 -4.6410085633397102e-03</internalNodes>
          <leafValues>
            3.5993954539299011e-01 -2.9480248689651489e-01</leafValues></_>
        <_>
          <internalNodes>
            0 -1 162 1.0632077464833856e-03</internalNodes>
          <leafValues>
            -3.1335264444351196e-01 2.9722532629966736e-01</leafValues></_>
        <_>
          <internalNodes>
            0 -1 18 -1.4790774730499834e-04</internalNodes>
          <leafValues>
            -4.7910574078559875e-01 1.8085391819477081e-01</leafValues></_>
        <_>
          <internalNodes>
            0 -1 183 2.7794724330306053e-02</internalNodes>
          <leafValues>
            -2.1289315819740295e-01 4.5570993423461914e-01</leafValues></_>
        <_>
          <internalNodes>
            0 -1 137 -6.9962930865585804e-03</internalNodes>
          <leafValues>
            3.7924963235855103e-01 -2.9041218757629395e-01</leafValues></_>
        <_>
          <internalNodes>
            0 -1 66 -1.5217347070574760e-02</internalNodes>
          <leafValues>
            4.0259206295013428e-01 -2.7666589617729187e-01</leafValues></_>
        <_>
          <internalNodes>
            0 -1 209 -1.5162468480411917e-04</internalNodes>
          <leafValues>
            -4.5085790753364563e-01 2.6396346092224121e-01</leafValues></_>
        <_>
          <internalNodes>
            0 -1 201 1.6450465773232281e-04</internalNodes>
          <leafValues>
            1.8626542389392853e-01 -4.9631258845329285e-01</leafValues></_>
        <_>
          <internalNodes>
            0 -1 53 -1.3198735541664064e-04</internalNodes>
          <leafValues>
            -4.9612453579902649e-01 2.2668333351612091e-01</leafValues></_>
        <_>
          <internalNodes>
            0 -1 160 -1.0891128331422806e-03</internalNodes>
          <leafValues>
            1.9707539677619934e-01 -5.1065373420715332e-01</leafValues></_></weakClassifiers></_>
    <!-- stage 18 -->
    <_>
      <maxWeakCount>20</maxWeakCount>
      <stageThreshold>-7.5589960813522339e-01</stageThreshold>
      <weakClassifiers>
        <_>
          <internalNodes>
            0 -1 17 -5.0672292709350586e-02</internalNodes>
          <leafValues>
            7.5103735923767090e-01 1.1458333581686020e-01</leafValues></_>
        <_>
          <internalNodes>
            0 -1 82 -1.3408856466412544e-04</internalNodes>
          <leafValues>
            -4.1371339559555054e-01 2.6167836785316467e-01</leafValues></_>
        <_>
          <internalNodes>
            0 -1 198 2.0268566906452179e-02</internalNodes>
          <leafValues>
            -1.1115184426307678e-01 8.3009433746337891e-01</leafValues></_>
        <_>
          <internalNodes>
            0 -1 170 1.3921970967203379e-03</internalNodes>
          <leafValues>
            -2.0249652862548828e-01 4.7282278537750244e-01</leafValues></_>
        <_>
          <internalNodes>
            0 -1 23 -3.5025766119360924e-03</internalNodes>
          <leafValues>
            4.4191992282867432e-01 -2.0878559350967407e-01</leafValues></_>
        <_>
          <internalNodes>
            0 -1 171 -4.1585385799407959e-02</internalNodes>
          <leafValues>
            4.7042325139045715e-01 -1.6920706629753113e-01</leafValues></_>
        <_>
          <internalNodes>
            0 -1 25 4.6259065857157111e-04</internalNodes>
          <leafValues>
            2.0126368105411530e-01 -4.6306860446929932e-01</leafValues></_>
        <_>
          <internalNodes>
            0 -1 200 2.4741716682910919e-02</internalNodes>
          <leafValues>
            -1.5937283635139465e-01 5.9762620925903320e-01</leafValues></_>
        <_>
          <internalNodes>
            0 -1 115 -3.7651532329618931e-03</internalNodes>
          <leafValues>
            7.9126328229904175e-01 -9.6431165933609009e-02</leafValues></_>
        <_>
          <internalNodes>
            0 -1 193 -3.3925116440514103e-05</internalNodes>
          <leafValues>
            3.2556444406509399e-01 -2.5513267517089844e-01</leafValues></_>
        <_>
          <internalNodes>
            0 -1 177 3.1027029035612941e-04</internalNodes>
          <leafValues>
            -2.4106943607330322e-01 3.6440786719322205e-01</leafValues></_>
        <_>
          <internalNodes>
            0 -1 146 -7.4670382309705019e-04</internalNodes>
          <leafValues>
            3.3276787400245667e-01 -2.7723437547683716e-01</leafValues></_>
        <_>
          <internalNodes>
            0 -1 109 -7.8590903431177139e-03</internalNodes>
          <leafValues>
            4.9479392170906067e-01 -2.1797658503055573e-01</leafValues></_>
        <_>
          <internalNodes>
            0 -1 197 2.4952529929578304e-04</internalNodes>
          <leafValues>
            2.2394795715808868e-01 -4.6510201692581177e-01</leafValues></_>
        <_>
          <internalNodes>
            0 -1 186 -3.2135760411620140e-03</internalNodes>
          <leafValues>
            4.5520886778831482e-01 -2.0835298299789429e-01</leafValues></_>
        <_>
          <internalNodes>
            0 -1 121 -2.1883076988160610e-03</internalNodes>
          <leafValues>
            8.6195629835128784e-01 -1.1692230403423309e-01</leafValues></_>
        <_>
          <internalNodes>
            0 -1 126 1.1851360090076923e-02</internalNodes>
          <leafValues>
            1.4386481046676636e-01 -8.4769117832183838e-01</leafValues></_>
        <_>
          <internalNodes>
            0 -1 155 2.2349671926349401e-03</internalNodes>
          <leafValues>
            -1.6319306194782257e-01 6.8478834629058838e-01</leafValues></_>
        <_>
          <internalNodes>
            0 -1 211 -8.3910813555121422e-04</internalNodes>
          <leafValues>
            -3.9821574091911316e-01 2.4950221180915833e-01</leafValues></_>
        <_>
          <internalNodes>
            0 -1 80 2.3458828218281269e-03</internalNodes>
          <leafValues>
            -1.4440283179283142e-01 7.0742440223693848e-01</leafValues></_></weakClassifiers></_>
    <!-- stage 19 -->
    <_>
      <maxWeakCount>18</maxWeakCount>
      <stageThreshold>-6.6568750143051147e-01</stageThreshold>
      <weakClassifiers>
        <_>
          <internalNodes>
            0 -1 48 -3.5230803769081831e-04</internalNodes>
          <leafValues>
            -3.2786884903907776e-01 5.2683895826339722e-01</leafValues></_>
        <_>
          <internalNodes>
            0 -1 2 3.0957791954278946e-02</internalNodes>
          <leafValues>
            -1.1622950434684753e-01 7.0418429374694824e-01</leafValues></_>
        <_>
          <internalNodes>
            0 -1 207 5.4166074842214584e-03</internalNodes>
          <leafValues>
            -2.5269973278045654e-01 3.7113305926322937e-01</leafValues></_>
        <_>
          <internalNodes>
            0 -1 192 -2.3275392130017281e-02</internalNodes>
          <leafValues>
            9.2682921886444092e-01 -1.2840639054775238e-01</leafValues></_>
        <_>
          <internalNodes>
            0 -1 67 -8.0066631198860705e-05</internalNodes>
          <leafValues>
            -3.7278881669044495e-01 2.4483191967010498e-01</leafValues></_>
        <_>
          <internalNodes>
            0 -1 194 1.9452296197414398e-02</internalNodes>
          <leafValues>
            -2.1835052967071533e-01 4.0633741021156311e-01</leafValues></_>
        <_>
          <internalNodes>
            0 -1 27 -1.9151327433064580e-04</internalNodes>
          <leafValues>
            -4.7397923469543457e-01 1.9890795648097992e-01</leafValues></_>
        <_>
          <internalNodes>
            0 -1 205 -1.6324159514624625e-04</internalNodes>
          <leafValues>
            -4.2407384514808655e-01 2.2938831150531769e-01</leafValues></_>
        <_>
          <internalNodes>
            0 -1 113 -8.5860546678304672e-03</internalNodes>
          <leafValues>
            9.3699949979782104e-01 -1.1254762113094330e-01</leafValues></_>
        <_>
          <internalNodes>
            0 -1 88 -3.5683788359165192e-02</internalNodes>
          <leafValues>
            -6.5666657686233521e-01 1.7288516461849213e-01</leafValues></_>
        <_>
          <internalNodes>
            0 -1 78 -5.0293146632611752e-03</internalNodes>
          <leafValues>
            3.1342720985412598e-01 -3.1467884778976440e-01</leafValues></_>
        <_>
          <internalNodes>
            0 -1 173 1.1469475924968719e-02</internalNodes>
          <leafValues>
            1.5112932026386261e-01 -7.3008513450622559e-01</leafValues></_>
        <_>
          <internalNodes>
            0 -1 108 2.6896377094089985e-03</internalNodes>
          <leafValues>
            -2.2394847869873047e-01 4.8360669612884521e-01</leafValues></_>
        <_>
          <internalNodes>
            0 -1 43 2.0494178170338273e-04</internalNodes>
          <leafValues>
            2.0913621783256531e-01 -6.3677555322647095e-01</leafValues></_>
        <_>
          <internalNodes>
            0 -1 151 -8.4268860518932343e-04</internalNodes>
          <leafValues>
            -5.1378011703491211e-01 1.6183976829051971e-01</leafValues></_>
        <_>
          <internalNodes>
            0 -1 85 8.3693385124206543e-02</internalNodes>
          <leafValues>
            1.6844086349010468e-01 -5.3184241056442261e-01</leafValues></_>
        <_>
          <internalNodes>
            0 -1 140 -1.2144561856985092e-02</internalNodes>
          <leafValues>
            -6.6991108655929565e-01 1.3153161108493805e-01</leafValues></_>
        <_>
          <internalNodes>
            0 -1 147 2.0231798291206360e-02</internalNodes>
          <leafValues>
            9.2707246541976929e-02 -9.0554296970367432e-01</leafValues></_></weakClassifiers></_></stages>
  <features>
    <_>
      <rects>
        <_>
          0 0 1 6 -1.</_>
        <_>
          0 3 1 3 2.</_></rects>
      <tilted>0</tilted></_>
    <_>
      <rects>
        <_>
          0 0 4 16 -1.</_>
        <_>
          2 0 2 16 2.</_></rects>
      <tilted>0</tilted></_>
    <_>
      <rects>
        <_>
          0 0 4 17 -1.</_>
        <_>
          2 0 2 17 2.</_></rects>
      <tilted>0</tilted></_>
    <_>
      <rects>
        <_>
          0 0 4 18 -1.</_>
        <_>
          2 0 2 18 2.</_></rects>
      <tilted>0</tilted></_>
    <_>
      <rects>
        <_>
          0 1 1 2 -1.</_>
        <_>
          0 2 1 1 2.</_></rects>
      <tilted>0</tilted></_>
    <_>
      <rects>
        <_>
          0 1 1 3 -1.</_>
        <_>
          0 2 1 1 3.</_></rects>
      <tilted>0</tilted></_>
    <_>
      <rects>
        <_>
          0 1 1 4 -1.</_>
        <_>
          0 3 1 2 2.</_></rects>
      <tilted>0</tilted></_>
    <_>
      <rects>
        <_>
          0 1 6 16 -1.</_>
        <_>
          3 1 3 16 2.</_></rects>
      <tilted>0</tilted></_>
    <_>
      <rects>
        <_>
          0 1 16 8 -1.</_>
        <_>
          0 1 8 4 2.</_>
        <_>
          8 5 8 4 2.</_></rects>
      <tilted>0</tilted></_>
    <_>
      <rects>
        <_>
          0 2 1 2 -1.</_>
        <_>
          0 3 1 1 2.</_></rects>
      <tilted>0</tilted></_>
    <_>
      <rects>
        <_>
          0 2 1 3 -1.</_>
        <_>
          0 3 1 1 3.</_></rects>
      <tilted>0</tilted></_>
    <_>
      <rects>
        <_>
          0 2 2 16 -1.</_>
        <_>
          1 2 1 16 2.</_></rects>
      <tilted>0</tilted></_>
    <_>
      <rects>
        <_>
          0 4 18 8 -1.</_>
        <_>
          6 4 6 8 3.</_></rects>
      <tilted>0</tilted></_>
    <_>
      <rects>
        <_>
          0 5 3 8 -1.</_>
        <_>
          1 5 1 8 3.</_></rects>
      <tilted>0</tilted></_>
    <_>
      <rects>
        <_>
          0 6 1 6 -1.</_>
        <_>
          0 9 1 3 2.</_></rects>
      <tilted>0</tilted></_>
    <_>
      <rects>
        <_>
          0 12 2 6 -1.</_>
        <_>
          0 15 2 3 2.</_></rects>
      <tilted>0</tilted></_>
    <_>
      <rects>
        <_>
          0 12 12 5 -1.</_>
        <_>
          6 12 6 5 2.</_></rects>
      <tilted>0</tilted></_>
    <_>
      <rects>
        <_>
          0 12 33 6 -1.</_>
        <_>
          0 15 33 3 2.</_></rects>
      <tilted>0</tilted></_>
    <_>
      <rects>
        <_>
          0 14 1 3 -1.</_>
        <_>
          0 15 1 1 3.</_></rects>
      <tilted>0</tilted></_>
    <_>
      <rects>
        <_>
          1 0 22 10 -1.</_>
        <_>
          1 0 11 5 2.</_>
        <_>
          12 5 11 5 2.</_></rects>
      <tilted>0</tilted></_>
    <_>
      <rects>
        <_>
          1 0 26 12 -1.</_>
        <_>
          1 4 26 4 3.</_></rects>
      <tilted>0</tilted></_>
    <_>
      <rects>
        <_>
          1 0 30 6 -1.</_>
        <_>
          1 3 30 3 2.</_></rects>
      <tilted>0</tilted></_>
    <_>
      <rects>
        <_>
          1 1 8 12 -1.</_>
        <_>
          1 5 8 4 3.</_></rects>
      <tilted>0</tilted></_>
    <_>
      <rects>
        <_>
          1 2 18 2 -1.</_>
        <_>
          1 2 9 1 2.</_>
        <_>
          10 3 9 1 2.</_></rects>
      <tilted>0</tilted></_>
    <_>
      <rects>
        <_>
          1 5 1 3 -1.</_>
        <_>
          1 6 1 1 3.</_></rects>
      <tilted>0</tilted></_>
    <_>
      <rects>
        <_>
          1 7 6 2 -1.</_>
        <_>
          1 7 3 1 2.</_>
        <_>
          4 8 3 1 2.</_></rects>
      <tilted>0</tilted></_>
    <_>
      <rects>
        <_>
          1 9 2 1 -1.</_>
        <_>
          2 9 1 1 2.</_></rects>
      <tilted>0</tilted></_>
    <_>
      <rects>
        <_>
          1 9 1 2 -1.</_>
        <_>
          1 10 1 1 2.</_></rects>
      <tilted>0</tilted></_>
    <_>
      <rects>
        <_>
          1 11 1 2 -1.</_>
        <_>
          1 12 1 1 2.</_></rects>
      <tilted>0</tilted></_>
    <_>
      <rects>
        <_>
          1 13 5 2 -1.</_>
        <_>
          1 14 5 1 2.</_></rects>
      <tilted>0</tilted></_>
    <_>
      <rects>
        <_>
          1 15 4 2 -1.</_>
        <_>
          1 15 2 1 2.</_>
        <_>
          3 16 2 1 2.</_></rects>
      <tilted>0</tilted></_>
    <_>
      <rects>
        <_>
          2 0 2 2 -1.</_>
        <_>
          2 0 1 1 2.</_>
        <_>
          3 1 1 1 2.</_></rects>
      <tilted>0</tilted></_>
    <_>
      <rects>
        <_>
          2 0 16 6 -1.</_>
        <_>
          2 0 8 3 2.</_>
        <_>
          10 3 8 3 2.</_></rects>
      <tilted>0</tilted></_>
    <_>
      <rects>
        <_>
          2 2 18 8 -1.</_>
        <_>
          2 2 9 4 2.</_>
        <_>
          11 6 9 4 2.</_></rects>
      <tilted>0</tilted></_>
    <_>
      <rects>
        <_>
          2 3 32 9 -1.</_>
        <_>
          18 3 16 9 2.</_></rects>
      <tilted>0</tilted></_>
    <_>
      <rects>
        <_>
          2 7 2 1 -1.</_>
        <_>
          3 7 1 1 2.</_></rects>
      <tilted>0</tilted></_>
    <_>
      <rects>
        <_>
          2 11 1 4 -1.</_>
        <_>
          2 13 1 2 2.</_></rects>
      <tilted>0</tilted></_>
    <_>
      <rects>
        <_>
          2 13 2 1 -1.</_>
        <_>
          3 13 1 1 2.</_></rects>
      <tilted>0</tilted></_>
    <_>
      <rects>
        <_>
          2 15 3 2 -1.</_>
        <_>
          2 16 3 1 2.</_></rects>
      <tilted>0</tilted></_>
    <_>
      <rects>
        <_>
          3 0 2 1 -1.</_>
        <_>
          4 0 1 1 2.</_></rects>
      <tilted>0</tilted></_>
    <_>
      <rects>
        <_>
          3 0 25 6 -1.</_>
        <_>
          3 3 25 3 2.</_></rects>
      <tilted>0</tilted></_>
    <_>
      <rects>
        <_>
          3 2 23 2 -1.</_>
        <_>
          3 3 23 1 2.</_></rects>
      <tilted>0</tilted></_>
    <_>
      <rects>
        <_>
          3 5 12 3 -1.</_>
        <_>
          9 5 6 3 2.</_></rects>
      <tilted>0</tilted></_>
    <_>
      <rects>
        <_>
          3 6 2 1 -1.</_>
        <_>
          4 6 1 1 2.</_></rects>
      <tilted>0</tilted></_>
    <_>
      <rects>
        <_>
          3 6 12 8 -1.</_>
        <_>
          7 6 4 8 3.</_></rects>
      <tilted>0</tilted></_>
    <_>
      <rects>
        <_>
          3 10 2 1 -1.</_>
        <_>
          4 10 1 1 2.</_></rects>
      <tilted>0</tilted></_>
    <_>
      <rects>
        <_>
          3 10 2 2 -1.</_>
        <_>
          3 11 2 1 2.</_></rects>
      <tilted>0</tilted></_>
    <_>
      <rects>
        <_>
          3 14 2 3 -1.</_>
        <_>
          3 15 2 1 3.</_></rects>
      <tilted>0</tilted></_>
    <_>
      <rects>
        <_>
          3 16 1 2 -1.</_>
        <_>
          3 17 1 1 2.</_></rects>
      <tilted>0</tilted></_>
    <_>
      <rects>
        <_>
          4 0 16 12 -1.</_>
        <_>
          4 0 8 6 2.</_>
        <_>
          12 6 8 6 2.</_></rects>
      <tilted>0</tilted></_>
    <_>
      <rects>
        <_>
          4 1 2 4 -1.</_>
        <_>
          4 1 1 2 2.</_>
        <_>
          5 3 1 2 2.</_></rects>
      <tilted>0</tilted></_>
    <_>
      <rects>
        <_>
          4 1 14 3 -1.</_>
        <_>
          4 2 14 1 3.</_></rects>
      <tilted>0</tilted></_>
    <_>
      <rects>
        <_>
          4 1 22 2 -1.</_>
        <_>
          4 2 22 1 2.</_></rects>
      <tilted>0</tilted></_>
    <_>
      <rects>
        <_>
          4 3 3 1 -1.</_>
        <_>
          5 3 1 1 3.</_></rects>
      <tilted>0</tilted></_>
    <_>
      <rects>
        <_>
          4 3 30 7 -1.</_>
        <_>
          19 3 15 7 2.</_></rects>
      <tilted>0</tilted></_>
    <_>
      <rects>
        <_>
          4 4 2 2 -1.</_>
        <_>
          4 5 2 1 2.</_></rects>
      <tilted>0</tilted></_>
    <_>
      <rects>
        <_>
          4 6 10 3 -1.</_>
        <_>
          9 6 5 3 2.</_></rects>
      <tilted>0</tilted></_>
    <_>
      <rects>
        <_>
          4 7 10 1 -1.</_>
        <_>
          9 7 5 1 2.</_></rects>
      <tilted>0</tilted></_>
    <_>
      <rects>
        <_>
          4 9 1 2 -1.</_>
        <_>
          4 10 1 1 2.</_></rects>
      <tilted>0</tilted></_>
    <_>
      <rects>
        <_>
          5 3 4 15 -1.</_>
        <_>
          5 8 4 5 3.</_></rects>
      <tilted>0</tilted></_>
    <_>
      <rects>
        <_>
          5 6 8 2 -1.</_>
        <_>
          5 7 8 1 2.</_></rects>
      <tilted>0</tilted></_>
    <_>
      <rects>
        <_>
          5 7 14 4 -1.</_>
        <_>
          5 9 14 2 2.</_></rects>
      <tilted>0</tilted></_>
    <_>
      <rects>
        <_>
          5 8 3 1 -1.</_>
        <_>
          6 8 1 1 3.</_></rects>
      <tilted>0</tilted></_>
    <_>
      <rects>
        <_>
          5 10 13 3 -1.</_>
        <_>
          5 11 13 1 3.</_></rects>
      <tilted>0</tilted></_>
    <_>
      <rects>
        <_>
          6 0 8 6 -1.</_>
        <_>
          6 0 4 3 2.</_>
        <_>
          10 3 4 3 2.</_></rects>
      <tilted>0</tilted></_>
    <_>
      <rects>
        <_>
          6 0 18 4 -1.</_>
        <_>
          6 0 9 2 2.</_>
        <_>
          15 2 9 2 2.</_></rects>
      <tilted>0</tilted></_>
    <_>
      <rects>
        <_>
          6 0 26 6 -1.</_>
        <_>
          6 0 13 3 2.</_>
        <_>
          19 3 13 3 2.</_></rects>
      <tilted>0</tilted></_>
    <_>
      <rects>
        <_>
          6 5 3 1 -1.</_>
        <_>
          7 5 1 1 3.</_></rects>
      <tilted>0</tilted></_>
    <_>
      <rects>
        <_>
          6 5 21 2 -1.</_>
        <_>
          13 5 7 2 3.</_></rects>
      <tilted>0</tilted></_>
    <_>
      <rects>
        <_>
          6 5 26 4 -1.</_>
        <_>
          6 7 26 2 2.</_></rects>
      <tilted>0</tilted></_>
    <_>
      <rects>
        <_>
          6 7 9 2 -1.</_>
        <_>
          9 7 3 2 3.</_></rects>
      <tilted>0</tilted></_>
    <_>
      <rects>
        <_>
          6 10 2 1 -1.</_>
        <_>
          7 10 1 1 2.</_></rects>
      <tilted>0</tilted></_>
    <_>
      <rects>
        <_>
          6 15 4 2 -1.</_>
        <_>
          6 16 4 1 2.</_></rects>
      <tilted>0</tilted></_>
    <_>
      <rects>
        <_>
          7 0 3 1 -1.</_>
        <_>
          8 0 1 1 3.</_></rects>
      <tilted>0</tilted></_>
    <_>
      <rects>
        <_>
          7 0 2 2 -1.</_>
        <_>
          7 0 1 1 2.</_>
        <_>
          8 1 1 1 2.</_></rects>
      <tilted>0</tilted></_>
    <_>
      <rects>
        <_>
          7 1 8 10 -1.</_>
        <_>
          7 1 4 5 2.</_>
        <_>
          11 6 4 5 2.</_></rects>
      <tilted>0</tilted></_>
    <_>
      <rects>
        <_>
          7 2 8 2 -1.</_>
        <_>
          7 2 4 1 2.</_>
        <_>
          11 3 4 1 2.</_></rects>
      <tilted>0</tilted></_>
    <_>
      <rects>
        <_>
          7 5 2 1 -1.</_>
        <_>
          8 5 1 1 2.</_></rects>
      <tilted>0</tilted></_>
    <_>
      <rects>
        <_>
          7 5 8 6 -1.</_>
        <_>
          7 5 4 3 2.</_>
        <_>
          11 8 4 3 2.</_></rects>
      <tilted>0</tilted></_>
    <_>
      <rects>
        <_>
          7 5 18 6 -1.</_>
        <_>
          7 8 18 3 2.</_></rects>
      <tilted>0</tilted></_>
    <_>
      <rects>
        <_>
          7 6 2 4 -1.</_>
        <_>
          7 6 1 2 2.</_>
        <_>
          8 8 1 2 2.</_></rects>
      <tilted>0</tilted></_>
    <_>
      <rects>
        <_>
          7 9 3 1 -1.</_>
        <_>
          8 9 1 1 3.</_></rects>
      <tilted>0</tilted></_>
    <_>
      <rects>
        <_>
          8 0 2 1 -1.</_>
        <_>
          9 0 1 1 2.</_></rects>
      <tilted>0</tilted></_>
    <_>
      <rects>
        <_>
          8 0 6 12 -1.</_>
        <_>
          8 0 3 6 2.</_>
        <_>
          11 6 3 6 2.</_></rects>
      <tilted>0</tilted></_>
    <_>
      <rects>
        <_>
          8 0 17 2 -1.</_>
        <_>
          8 1 17 1 2.</_></rects>
      <tilted>0</tilted></_>
    <_>
      <rects>
        <_>
          8 2 26 16 -1.</_>
        <_>
          8 10 26 8 2.</_></rects>
      <tilted>0</tilted></_>
    <_>
      <rects>
        <_>
          8 5 12 6 -1.</_>
        <_>
          8 8 12 3 2.</_></rects>
      <tilted>0</tilted></_>
    <_>
      <rects>
        <_>
          8 6 6 2 -1.</_>
        <_>
          8 7 6 1 2.</_></rects>
      <tilted>0</tilted></_>
    <_>
      <rects>
        <_>
          8 7 10 9 -1.</_>
        <_>
          8 10 10 3 3.</_></rects>
      <tilted>0</tilted></_>
    <_>
      <rects>
        <_>
          8 8 1 3 -1.</_>
        <_>
          8 9 1 1 3.</_></rects>
      <tilted>0</tilted></_>
    <_>
      <rects>
        <_>
          8 9 12 2 -1.</_>
        <_>
          14 9 6 2 2.</_></rects>
      <tilted>0</tilted></_>
    <_>
      <rects>
        <_>
          8 10 3 1 -1.</_>
        <_>
          9 10 1 1 3.</_></rects>
      <tilted>0</tilted></_>
    <_>
      <rects>
        <_>
          9 0 2 1 -1.</_>
        <_>
          10 0 1 1 2.</_></rects>
      <tilted>0</tilted></_>
    <_>
      <rects>
        <_>
          9 0 12 4 -1.</_>
        <_>
          9 0 6 2 2.</_>
        <_>
          15 2 6 2 2.</_></rects>
      <tilted>0</tilted></_>
    <_>
      <rects>
        <_>
          9 1 10 4 -1.</_>
        <_>
          9 1 5 2 2.</_>
        <_>
          14 3 5 2 2.</_></rects>
      <tilted>0</tilted></_>
    <_>
      <rects>
        <_>
          9 6 15 3 -1.</_>
        <_>
          14 6 5 3 3.</_></rects>
      <tilted>0</tilted></_>
    <_>
      <rects>
        <_>
          9 6 10 7 -1.</_>
        <_>
          14 6 5 7 2.</_></rects>
      <tilted>0</tilted></_>
    <_>
      <rects>
        <_>
          9 10 4 2 -1.</_>
        <_>
          9 10 2 1 2.</_>
        <_>
          11 11 2 1 2.</_></rects>
      <tilted>0</tilted></_>
    <_>
      <rects>
        <_>
          9 11 4 2 -1.</_>
        <_>
          9 11 2 1 2.</_>
        <_>
          11 12 2 1 2.</_></rects>
      <tilted>0</tilted></_>
    <_>
      <rects>
        <_>
          10 1 6 6 -1.</_>
        <_>
          13 1 3 6 2.</_></rects>
      <tilted>0</tilted></_>
    <_>
      <rects>
        <_>
          10 2 4 2 -1.</_>
        <_>
          10 2 2 1 2.</_>
        <_>
          12 3 2 1 2.</_></rects>
      <tilted>0</tilted></_>
    <_>
      <rects>
        <_>
          10 6 1 3 -1.</_>
        <_>
          10 7 1 1 3.</_></rects>
      <tilted>0</tilted></_>
    <_>
      <rects>
        <_>
          10 7 2 2 -1.</_>
        <_>
          10 7 1 1 2.</_>
        <_>
          11 8 1 1 2.</_></rects>
      <tilted>0</tilted></_>
    <_>
      <rects>
        <_>
          10 7 3 11 -1.</_>
        <_>
          11 7 1 11 3.</_></rects>
      <tilted>0</tilted></_>
    <_>
      <rects>
        <_>
          10 8 2 2 -1.</_>
        <_>
          10 8 1 1 2.</_>
        <_>
          11 9 1 1 2.</_></rects>
      <tilted>0</tilted></_>
    <_>
      <rects>
        <_>
          10 9 3 3 -1.</_>
        <_>
          11 9 1 3 3.</_></rects>
      <tilted>0</tilted></_>
    <_>
      <rects>
        <_>
          10 12 3 2 -1.</_>
        <_>
          11 12 1 2 3.</_></rects>
      <tilted>0</tilted></_>
    <_>
      <rects>
        <_>
          10 12 10 3 -1.</_>
        <_>
          10 13 10 1 3.</_></rects>
      <tilted>0</tilted></_>
    <_>
      <rects>
        <_>
          10 13 4 4 -1.</_>
        <_>
          12 13 2 4 2.</_></rects>
      <tilted>0</tilted></_>
    <_>
      <rects>
        <_>
          10 14 14 4 -1.</_>
        <_>
          10 14 7 2 2.</_>
        <_>
          17 16 7 2 2.</_></rects>
      <tilted>0</tilted></_>
    <_>
      <rects>
        <_>
          11 0 2 1 -1.</_>
        <_>
          12 0 1 1 2.</_></rects>
      <tilted>0</tilted></_>
    <_>
      <rects>
        <_>
          11 0 3 6 -1.</_>
        <_>
          11 2 3 2 3.</_></rects>
      <tilted>0</tilted></_>
    <_>
      <rects>
        <_>
          11 0 6 9 -1.</_>
        <_>
          14 0 3 9 2.</_></rects>
      <tilted>0</tilted></_>
    <_>
      <rects>
        <_>
          11 0 8 2 -1.</_>
        <_>
          11 0 4 1 2.</_>
        <_>
          15 1 4 1 2.</_></rects>
      <tilted>0</tilted></_>
    <_>
      <rects>
        <_>
          11 0 12 2 -1.</_>
        <_>
          11 1 12 1 2.</_></rects>
      <tilted>0</tilted></_>
    <_>
      <rects>
        <_>
          11 3 2 3 -1.</_>
        <_>
          11 4 2 1 3.</_></rects>
      <tilted>0</tilted></_>
    <_>
      <rects>
        <_>
          11 3 4 3 -1.</_>
        <_>
          11 4 4 1 3.</_></rects>
      <tilted>0</tilted></_>
    <_>
      <rects>
        <_>
          11 3 9 8 -1.</_>
        <_>
          11 7 9 4 2.</_></rects>
      <tilted>0</tilted></_>
    <_>
      <rects>
        <_>
          11 4 4 4 -1.</_>
        <_>
          11 4 2 2 2.</_>
        <_>
          13 6 2 2 2.</_></rects>
      <tilted>0</tilted></_>
    <_>
      <rects>
        <_>
          11 5 10 9 -1.</_>
        <_>
          11 8 10 3 3.</_></rects>
      <tilted>0</tilted></_>
    <_>
      <rects>
        <_>
          11 9 14 9 -1.</_>
        <_>
          11 12 14 3 3.</_></rects>
      <tilted>0</tilted></_>
    <_>
      <rects>
        <_>
          11 10 2 2 -1.</_>
        <_>
          11 10 1 1 2.</_>
        <_>
          12 11 1 1 2.</_></rects>
      <tilted>0</tilted></_>
    <_>
      <rects>
        <_>
          11 11 3 3 -1.</_>
        <_>
          11 12 3 1 3.</_></rects>
      <tilted>0</tilted></_>
    <_>
      <rects>
        <_>
          12 0 6 8 -1.</_>
        <_>
          15 0 3 8 2.</_></rects>
      <tilted>0</tilted></_>
    <_>
      <rects>
        <_>
          12 0 8 18 -1.</_>
        <_>
          12 9 8 9 2.</_></rects>
      <tilted>0</tilted></_>
    <_>
      <rects>
        <_>
          12 1 8 10 -1.</_>
        <_>
          12 6 8 5 2.</_></rects>
      <tilted>0</tilted></_>
    <_>
      <rects>
        <_>
          12 2 4 7 -1.</_>
        <_>
          14 2 2 7 2.</_></rects>
      <tilted>0</tilted></_>
    <_>
      <rects>
        <_>
          12 4 18 6 -1.</_>
        <_>
          18 4 6 6 3.</_></rects>
      <tilted>0</tilted></_>
    <_>
      <rects>
        <_>
          12 6 6 2 -1.</_>
        <_>
          12 6 3 1 2.</_>
        <_>
          15 7 3 1 2.</_></rects>
      <tilted>0</tilted></_>
    <_>
      <rects>
        <_>
          12 7 2 2 -1.</_>
        <_>
          12 7 1 1 2.</_>
        <_>
          13 8 1 1 2.</_></rects>
      <tilted>0</tilted></_>
    <_>
      <rects>
        <_>
          12 7 8 6 -1.</_>
        <_>
          16 7 4 6 2.</_></rects>
      <tilted>0</tilted></_>
    <_>
      <rects>
        <_>
          12 12 3 3 -1.</_>
        <_>
          12 13 3 1 3.</_></rects>
      <tilted>0</tilted></_>
    <_>
      <rects>
        <_>
          12 16 10 2 -1.</_>
        <_>
          12 17 10 1 2.</_></rects>
      <tilted>0</tilted></_>
    <_>
      <rects>
        <_>
          13 1 7 4 -1.</_>
        <_>
          13 3 7 2 2.</_></rects>
      <tilted>0</tilted></_>
    <_>
      <rects>
        <_>
          13 5 21 9 -1.</_>
        <_>
          20 5 7 9 3.</_></rects>
      <tilted>0</tilted></_>
    <_>
      <rects>
        <_>
          13 7 3 4 -1.</_>
        <_>
          14 7 1 4 3.</_></rects>
      <tilted>0</tilted></_>
    <_>
      <rects>
        <_>
          13 9 3 2 -1.</_>
        <_>
          14 9 1 2 3.</_></rects>
      <tilted>0</tilted></_>
    <_>
      <rects>
        <_>
          14 0 3 8 -1.</_>
        <_>
          14 4 3 4 2.</_></rects>
      <tilted>0</tilted></_>
    <_>
      <rects>
        <_>
          14 3 5 8 -1.</_>
        <_>
          14 7 5 4 2.</_></rects>
      <tilted>0</tilted></_>
    <_>
      <rects>
        <_>
          14 3 12 14 -1.</_>
        <_>
          14 3 6 7 2.</_>
        <_>
          20 10 6 7 2.</_></rects>
      <tilted>0</tilted></_>
    <_>
      <rects>
        <_>
          14 4 2 6 -1.</_>
        <_>
          14 7 2 3 2.</_></rects>
      <tilted>0</tilted></_>
    <_>
      <rects>
        <_>
          14 7 3 2 -1.</_>
        <_>
          15 7 1 2 3.</_></rects>
      <tilted>0</tilted></_>
    <_>
      <rects>
        <_>
          14 8 18 3 -1.</_>
        <_>
          23 8 9 3 2.</_></rects>
      <tilted>0</tilted></_>
    <_>
      <rects>
        <_>
          14 9 4 2 -1.</_>
        <_>
          14 9 2 1 2.</_>
        <_>
          16 10 2 1 2.</_></rects>
      <tilted>0</tilted></_>
    <_>
      <rects>
        <_>
          14 10 3 2 -1.</_>
        <_>
          15 10 1 2 3.</_></rects>
      <tilted>0</tilted></_>
    <_>
      <rects>
        <_>
          14 17 2 1 -1.</_>
        <_>
          15 17 1 1 2.</_></rects>
      <tilted>0</tilted></_>
    <_>
      <rects>
        <_>
          15 3 3 6 -1.</_>
        <_>
          15 5 3 2 3.</_></rects>
      <tilted>0</tilted></_>
    <_>
      <rects>
        <_>
          15 3 6 4 -1.</_>
        <_>
          18 3 3 4 2.</_></rects>
      <tilted>0</tilted></_>
    <_>
      <rects>
        <_>
          15 4 4 8 -1.</_>
        <_>
          15 8 4 4 2.</_></rects>
      <tilted>0</tilted></_>
    <_>
      <rects>
        <_>
          15 4 6 12 -1.</_>
        <_>
          15 8 6 4 3.</_></rects>
      <tilted>0</tilted></_>
    <_>
      <rects>
        <_>
          15 7 3 3 -1.</_>
        <_>
          15 8 3 1 3.</_></rects>
      <tilted>0</tilted></_>
    <_>
      <rects>
        <_>
          15 8 2 2 -1.</_>
        <_>
          16 8 1 2 2.</_></rects>
      <tilted>0</tilted></_>
    <_>
      <rects>
        <_>
          15 8 5 3 -1.</_>
        <_>
          15 9 5 1 3.</_></rects>
      <tilted>0</tilted></_>
    <_>
      <rects>
        <_>
          15 9 3 1 -1.</_>
        <_>
          16 9 1 1 3.</_></rects>
      <tilted>0</tilted></_>
    <_>
      <rects>
        <_>
          15 9 3 2 -1.</_>
        <_>
          16 9 1 2 3.</_></rects>
      <tilted>0</tilted></_>
    <_>
      <rects>
        <_>
          16 0 4 2 -1.</_>
        <_>
          16 0 2 1 2.</_>
        <_>
          18 1 2 1 2.</_></rects>
      <tilted>0</tilted></_>
    <_>
      <rects>
        <_>
          16 2 18 10 -1.</_>
        <_>
          16 2 9 5 2.</_>
        <_>
          25 7 9 5 2.</_></rects>
      <tilted>0</tilted></_>
    <_>
      <rects>
        <_>
          16 3 18 2 -1.</_>
        <_>
          25 3 9 2 2.</_></rects>
      <tilted>0</tilted></_>
    <_>
      <rects>
        <_>
          16 5 2 6 -1.</_>
        <_>
          16 5 1 3 2.</_>
        <_>
          17 8 1 3 2.</_></rects>
      <tilted>0</tilted></_>
    <_>
      <rects>
        <_>
          16 6 2 3 -1.</_>
        <_>
          16 7 2 1 3.</_></rects>
      <tilted>0</tilted></_>
    <_>
      <rects>
        <_>
          16 6 7 4 -1.</_>
        <_>
          16 8 7 2 2.</_></rects>
      <tilted>0</tilted></_>
    <_>
      <rects>
        <_>
          16 7 3 2 -1.</_>
        <_>
          17 7 1 2 3.</_></rects>
      <tilted>0</tilted></_>
    <_>
      <rects>
        <_>
          16 7 10 4 -1.</_>
        <_>
          16 7 5 2 2.</_>
        <_>
          21 9 5 2 2.</_></rects>
      <tilted>0</tilted></_>
    <_>
      <rects>
        <_>
          16 8 2 1 -1.</_>
        <_>
          17 8 1 1 2.</_></rects>
      <tilted>0</tilted></_>
    <_>
      <rects>
        <_>
          16 8 4 2 -1.</_>
        <_>
          18 8 2 2 2.</_></rects>
      <tilted>0</tilted></_>
    <_>
      <rects>
        <_>
          16 9 1 3 -1.</_>
        <_>
          16 10 1 1 3.</_></rects>
      <tilted>0</tilted></_>
    <_>
      <rects>
        <_>
          16 9 2 2 -1.</_>
        <_>
          16 9 1 1 2.</_>
        <_>
          17 10 1 1 2.</_></rects>
      <tilted>0</tilted></_>
    <_>
      <rects>
        <_>
          16 9 4 2 -1.</_>
        <_>
          16 9 2 1 2.</_>
        <_>
          18 10 2 1 2.</_></rects>
      <tilted>0</tilted></_>
    <_>
      <rects>
        <_>
          16 10 3 1 -1.</_>
        <_>
          17 10 1 1 3.</_></rects>
      <tilted>0</tilted></_>
    <_>
      <rects>
        <_>
          16 12 3 1 -1.</_>
        <_>
          17 12 1 1 3.</_></rects>
      <tilted>0</tilted></_>
    <_>
      <rects>
        <_>
          17 7 2 4 -1.</_>
        <_>
          17 7 1 2 2.</_>
        <_>
          18 9 1 2 2.</_></rects>
      <tilted>0</tilted></_>
    <_>
      <rects>
        <_>
          18 5 16 13 -1.</_>
        <_>
          26 5 8 13 2.</_></rects>
      <tilted>0</tilted></_>
    <_>
      <rects>
        <_>
          18 6 4 4 -1.</_>
        <_>
          18 8 4 2 2.</_></rects>
      <tilted>0</tilted></_>
    <_>
      <rects>
        <_>
          18 6 11 3 -1.</_>
        <_>
          18 7 11 1 3.</_></rects>
      <tilted>0</tilted></_>
    <_>
      <rects>
        <_>
          18 15 1 2 -1.</_>
        <_>
          18 16 1 1 2.</_></rects>
      <tilted>0</tilted></_>
    <_>
      <rects>
        <_>
          19 3 2 2 -1.</_>
        <_>
          19 4 2 1 2.</_></rects>
      <tilted>0</tilted></_>
    <_>
      <rects>
        <_>
          19 5 1 9 -1.</_>
        <_>
          19 8 1 3 3.</_></rects>
      <tilted>0</tilted></_>
    <_>
      <rects>
        <_>
          19 9 1 3 -1.</_>
        <_>
          19 10 1 1 3.</_></rects>
      <tilted>0</tilted></_>
    <_>
      <rects>
        <_>
          20 0 3 10 -1.</_>
        <_>
          21 0 1 10 3.</_></rects>
      <tilted>0</tilted></_>
    <_>
      <rects>
        <_>
          20 4 14 1 -1.</_>
        <_>
          27 4 7 1 2.</_></rects>
      <tilted>0</tilted></_>
    <_>
      <rects>
        <_>
          20 6 14 12 -1.</_>
        <_>
          27 6 7 12 2.</_></rects>
      <tilted>0</tilted></_>
    <_>
      <rects>
        <_>
          20 7 3 3 -1.</_>
        <_>
          21 7 1 3 3.</_></rects>
      <tilted>0</tilted></_>
    <_>
      <rects>
        <_>
          21 15 3 3 -1.</_>
        <_>
          21 16 3 1 3.</_></rects>
      <tilted>0</tilted></_>
    <_>
      <rects>
        <_>
          22 0 12 8 -1.</_>
        <_>
          22 4 12 4 2.</_></rects>
      <tilted>0</tilted></_>
    <_>
      <rects>
        <_>
          22 0 12 18 -1.</_>
        <_>
          22 6 12 6 3.</_></rects>
      <tilted>0</tilted></_>
    <_>
      <rects>
        <_>
          22 1 3 4 -1.</_>
        <_>
          23 1 1 4 3.</_></rects>
      <tilted>0</tilted></_>
    <_>
      <rects>
        <_>
          22 1 8 4 -1.</_>
        <_>
          22 1 4 2 2.</_>
        <_>
          26 3 4 2 2.</_></rects>
      <tilted>0</tilted></_>
    <_>
      <rects>
        <_>
          22 3 2 1 -1.</_>
        <_>
          23 3 1 1 2.</_></rects>
      <tilted>0</tilted></_>
    <_>
      <rects>
        <_>
          22 3 1 2 -1.</_>
        <_>
          22 4 1 1 2.</_></rects>
      <tilted>0</tilted></_>
    <_>
      <rects>
        <_>
          22 6 2 2 -1.</_>
        <_>
          22 7 2 1 2.</_></rects>
      <tilted>0</tilted></_>
    <_>
      <rects>
        <_>
          22 7 1 2 -1.</_>
        <_>
          22 8 1 1 2.</_></rects>
      <tilted>0</tilted></_>
    <_>
      <rects>
        <_>
          22 10 3 1 -1.</_>
        <_>
          23 10 1 1 3.</_></rects>
      <tilted>0</tilted></_>
    <_>
      <rects>
        <_>
          22 11 10 2 -1.</_>
        <_>
          27 11 5 2 2.</_></rects>
      <tilted>0</tilted></_>
    <_>
      <rects>
        <_>
          23 0 2 11 -1.</_>
        <_>
          24 0 1 11 2.</_></rects>
      <tilted>0</tilted></_>
    <_>
      <rects>
        <_>
          23 3 10 10 -1.</_>
        <_>
          23 3 5 5 2.</_>
        <_>
          28 8 5 5 2.</_></rects>
      <tilted>0</tilted></_>
    <_>
      <rects>
        <_>
          23 5 3 5 -1.</_>
        <_>
          24 5 1 5 3.</_></rects>
      <tilted>0</tilted></_>
    <_>
      <rects>
        <_>
          23 6 3 7 -1.</_>
        <_>
          24 6 1 7 3.</_></rects>
      <tilted>0</tilted></_>
    <_>
      <rects>
        <_>
          23 15 2 1 -1.</_>
        <_>
          24 15 1 1 2.</_></rects>
      <tilted>0</tilted></_>
    <_>
      <rects>
        <_>
          24 0 1 18 -1.</_>
        <_>
          24 6 1 6 3.</_></rects>
      <tilted>0</tilted></_>
    <_>
      <rects>
        <_>
          24 4 1 2 -1.</_>
        <_>
          24 5 1 1 2.</_></rects>
      <tilted>0</tilted></_>
    <_>
      <rects>
        <_>
          24 4 10 10 -1.</_>
        <_>
          24 4 5 5 2.</_>
        <_>
          29 9 5 5 2.</_></rects>
      <tilted>0</tilted></_>
    <_>
      <rects>
        <_>
          24 9 1 2 -1.</_>
        <_>
          24 10 1 1 2.</_></rects>
      <tilted>0</tilted></_>
    <_>
      <rects>
        <_>
          25 6 3 9 -1.</_>
        <_>
          26 6 1 9 3.</_></rects>
      <tilted>0</tilted></_>
    <_>
      <rects>
        <_>
          25 11 6 6 -1.</_>
        <_>
          25 13 6 2 3.</_></rects>
      <tilted>0</tilted></_>
    <_>
      <rects>
        <_>
          25 13 2 1 -1.</_>
        <_>
          26 13 1 1 2.</_></rects>
      <tilted>0</tilted></_>
    <_>
      <rects>
        <_>
          27 8 2 1 -1.</_>
        <_>
          28 8 1 1 2.</_></rects>
      <tilted>0</tilted></_>
    <_>
      <rects>
        <_>
          28 0 2 2 -1.</_>
        <_>
          29 0 1 2 2.</_></rects>
      <tilted>0</tilted></_>
    <_>
      <rects>
        <_>
          28 0 6 18 -1.</_>
        <_>
          30 0 2 18 3.</_></rects>
      <tilted>0</tilted></_>
    <_>
      <rects>
        <_>
          28 6 4 1 -1.</_>
        <_>
          30 6 2 1 2.</_></rects>
      <tilted>0</tilted></_>
    <_>
      <rects>
        <_>
          30 2 1 2 -1.</_>
        <_>
          30 3 1 1 2.</_></rects>
      <tilted>0</tilted></_>
    <_>
      <rects>
        <_>
          30 10 2 1 -1.</_>
        <_>
          31 10 1 1 2.</_></rects>
      <tilted>0</tilted></_>
    <_>
      <rects>
        <_>
          30 10 3 5 -1.</_>
        <_>
          31 10 1 5 3.</_></rects>
      <tilted>0</tilted></_>
    <_>
      <rects>
        <_>
          31 11 2 2 -1.</_>
        <_>
          31 12 2 1 2.</_></rects>
      <tilted>0</tilted></_>
    <_>
      <rects>
        <_>
          32 2 1 3 -1.</_>
        <_>
          32 3 1 1 3.</_></rects>
      <tilted>0</tilted></_>
    <_>
      <rects>
        <_>
          32 3 1 2 -1.</_>
        <_>
          32 4 1 1 2.</_></rects>
      <tilted>0</tilted></_>
    <_>
      <rects>
        <_>
          33 12 1 6 -1.</_>
        <_>
          33 14 1 2 3.</_></rects>
      <tilted>0</tilted></_></features></cascade>
</opencv_storage>
