<?xml version="1.0"?>
<opencv_storage>
<cascade>
  <stageType>BOOST</stageType>
  <featureType>HAAR</featureType>
  <height>66</height>
  <width>57</width>
  <stageParams>
    <boostType>GAB</boostType>
    <minHitRate>9.9900001287460327e-01</minHitRate>
    <maxFalseAlarm>5.0000000000000000e-01</maxFalseAlarm>
    <weightTrimRate>9.4999999999999996e-01</weightTrimRate>
    <maxDepth>1</maxDepth>
    <maxWeakCount>100</maxWeakCount></stageParams>
  <featureParams>
    <maxCatCount>0</maxCatCount>
    <featSize>1</featSize>
    <mode>BASIC</mode></featureParams>
  <stageNum>20</stageNum>
  <stages>
    <!-- stage 0 -->
    <_>
      <maxWeakCount>4</maxWeakCount>
      <stageThreshold>-2.5698697566986084e-01</stageThreshold>
      <weakClassifiers>
        <_>
          <internalNodes>
            0 -1 22 -8.1830881536006927e-02</internalNodes>
          <leafValues>
            9.3103450536727905e-01 -1.3432836532592773e-01</leafValues></_>
        <_>
          <internalNodes>
            0 -1 70 -1.8552097026258707e-03</internalNodes>
          <leafValues>
            6.3428539037704468e-01 -5.6010448932647705e-01</leafValues></_>
        <_>
          <internalNodes>
            0 -1 35 -5.9292227029800415e-02</internalNodes>
          <leafValues>
            -8.9478051662445068e-01 3.2280167937278748e-01</leafValues></_>
        <_>
          <internalNodes>
            0 -1 3 1.6292873024940491e-01</internalNodes>
          <leafValues>
            2.6686352491378784e-01 -8.6751824617385864e-01</leafValues></_></weakClassifiers></_>
    <!-- stage 1 -->
    <_>
      <maxWeakCount>8</maxWeakCount>
      <stageThreshold>-5.7310730218887329e-01</stageThreshold>
      <weakClassifiers>
        <_>
          <internalNodes>
            0 -1 85 1.3854263350367546e-02</internalNodes>
          <leafValues>
            -2.2881355881690979e-01 7.1722364425659180e-01</leafValues></_>
        <_>
          <internalNodes>
            0 -1 5 7.2657281998544931e-04</internalNodes>
          <leafValues>
            -2.3387981951236725e-01 7.8783488273620605e-01</leafValues></_>
        <_>
          <internalNodes>
            0 -1 73 -1.4041278045624495e-03</internalNodes>
          <leafValues>
            4.2222452163696289e-01 -5.4398548603057861e-01</leafValues></_>
        <_>
          <internalNodes>
            0 -1 68 2.2607861319556832e-04</internalNodes>
          <leafValues>
            -2.8659915924072266e-01 7.0681399106979370e-01</leafValues></_>
        <_>
          <internalNodes>
            0 -1 20 -1.9273827783763409e-03</internalNodes>
          <leafValues>
            7.2372049093246460e-01 -2.6413294672966003e-01</leafValues></_>
        <_>
          <internalNodes>
            0 -1 39 -2.8742661699652672e-02</internalNodes>
          <leafValues>
            -8.2323253154754639e-01 2.3868009448051453e-01</leafValues></_>
        <_>
          <internalNodes>
            0 -1 42 1.0228000581264496e-02</internalNodes>
          <leafValues>
            2.2389186918735504e-01 -7.7139687538146973e-01</leafValues></_>
        <_>
          <internalNodes>
            0 -1 118 -6.6105590667575598e-04</internalNodes>
          <leafValues>
            6.1743432283401489e-01 -3.6916485428810120e-01</leafValues></_></weakClassifiers></_>
    <!-- stage 2 -->
    <_>
      <maxWeakCount>9</maxWeakCount>
      <stageThreshold>-7.1683305501937866e-01</stageThreshold>
      <weakClassifiers>
        <_>
          <internalNodes>
            0 -1 12 3.4391283988952637e-02</internalNodes>
          <leafValues>
            -9.6345514059066772e-02 7.8395062685012817e-01</leafValues></_>
        <_>
          <internalNodes>
            0 -1 181 -1.8613548018038273e-03</internalNodes>
          <leafValues>
            6.8634516000747681e-01 -2.4649477005004883e-01</leafValues></_>
        <_>
          <internalNodes>
            0 -1 40 6.5491098212078214e-05</internalNodes>
          <leafValues>
            3.3143550157546997e-01 -6.1180734634399414e-01</leafValues></_>
        <_>
          <internalNodes>
            0 -1 90 2.3205493926070631e-04</internalNodes>
          <leafValues>
            -4.3633854389190674e-01 3.9545530080795288e-01</leafValues></_>
        <_>
          <internalNodes>
            0 -1 199 2.7815729845315218e-04</internalNodes>
          <leafValues>
            -3.4466364979743958e-01 5.6883347034454346e-01</leafValues></_>
        <_>
          <internalNodes>
            0 -1 155 2.3779092589393258e-04</internalNodes>
          <leafValues>
            -3.4216153621673584e-01 4.6238222718238831e-01</leafValues></_>
        <_>
          <internalNodes>
            0 -1 60 3.3319115755148232e-04</internalNodes>
          <leafValues>
            -3.2829955220222473e-01 5.5188244581222534e-01</leafValues></_>
        <_>
          <internalNodes>
            0 -1 51 1.1681431904435158e-02</internalNodes>
          <leafValues>
            1.9760476052761078e-01 -9.4712918996810913e-01</leafValues></_>
        <_>
          <internalNodes>
            0 -1 48 7.7368493657559156e-04</internalNodes>
          <leafValues>
            -2.8336355090141296e-01 6.7853343486785889e-01</leafValues></_></weakClassifiers></_>
    <!-- stage 3 -->
    <_>
      <maxWeakCount>10</maxWeakCount>
      <stageThreshold>-5.1459503173828125e-01</stageThreshold>
      <weakClassifiers>
        <_>
          <internalNodes>
            0 -1 72 2.2046914324164391e-02</internalNodes>
          <leafValues>
            -1.5918366611003876e-01 6.9473683834075928e-01</leafValues></_>
        <_>
          <internalNodes>
            0 -1 211 -1.0155723430216312e-03</internalNodes>
          <leafValues>
            8.4230202436447144e-01 -1.5892007946968079e-01</leafValues></_>
        <_>
          <internalNodes>
            0 -1 132 9.4182934844866395e-05</internalNodes>
          <leafValues>
            -1.3631188869476318e-01 9.1440212726593018e-01</leafValues></_>
        <_>
          <internalNodes>
            0 -1 140 -3.6660708246927243e-06</internalNodes>
          <leafValues>
            -6.3315975666046143e-01 2.7776911854743958e-01</leafValues></_>
        <_>
          <internalNodes>
            0 -1 56 2.3023411631584167e-04</internalNodes>
          <leafValues>
            -2.7401614189147949e-01 5.7130175828933716e-01</leafValues></_>
        <_>
          <internalNodes>
            0 -1 49 1.1937208473682404e-03</internalNodes>
          <leafValues>
            -2.6929163932800293e-01 6.6566795110702515e-01</leafValues></_>
        <_>
          <internalNodes>
            0 -1 152 2.1427615138236433e-05</internalNodes>
          <leafValues>
            2.6136198639869690e-01 -6.1704397201538086e-01</leafValues></_>
        <_>
          <internalNodes>
            0 -1 41 1.4357140287756920e-02</internalNodes>
          <leafValues>
            1.6838809847831726e-01 -9.1934823989868164e-01</leafValues></_>
        <_>
          <internalNodes>
            0 -1 122 1.4027440556674264e-05</internalNodes>
          <leafValues>
            2.9173207283020020e-01 -5.0132608413696289e-01</leafValues></_>
        <_>
          <internalNodes>
            0 -1 184 4.1761168176890351e-06</internalNodes>
          <leafValues>
            3.7535119056701660e-01 -4.5051190257072449e-01</leafValues></_></weakClassifiers></_>
    <!-- stage 4 -->
    <_>
      <maxWeakCount>10</maxWeakCount>
      <stageThreshold>-5.0328975915908813e-01</stageThreshold>
      <weakClassifiers>
        <_>
          <internalNodes>
            0 -1 2 8.4013193845748901e-02</internalNodes>
          <leafValues>
            -6.3063062727451324e-02 8.4246575832366943e-01</leafValues></_>
        <_>
          <internalNodes>
            0 -1 171 -5.7255743740824983e-05</internalNodes>
          <leafValues>
            -4.1208082437515259e-01 3.9402011036872864e-01</leafValues></_>
        <_>
          <internalNodes>
            0 -1 64 -1.5907610068097711e-03</internalNodes>
          <leafValues>
            4.5082464814186096e-01 -3.3028855919837952e-01</leafValues></_>
        <_>
          <internalNodes>
            0 -1 14 -3.3279177732765675e-03</internalNodes>
          <leafValues>
            6.3228774070739746e-01 -2.3199598491191864e-01</leafValues></_>
        <_>
          <internalNodes>
            0 -1 142 1.7707355320453644e-02</internalNodes>
          <leafValues>
            -2.4088080227375031e-01 7.0791304111480713e-01</leafValues></_>
        <_>
          <internalNodes>
            0 -1 92 1.4488407032331452e-05</internalNodes>
          <leafValues>
            2.6699033379554749e-01 -6.2021040916442871e-01</leafValues></_>
        <_>
          <internalNodes>
            0 -1 137 -1.0492091678315774e-04</internalNodes>
          <leafValues>
            -7.3265528678894043e-01 2.1860615909099579e-01</leafValues></_>
        <_>
          <internalNodes>
            0 -1 125 5.1197194261476398e-04</internalNodes>
          <leafValues>
            -3.2541370391845703e-01 5.3833800554275513e-01</leafValues></_>
        <_>
          <internalNodes>
            0 -1 158 -7.3806826549116522e-05</internalNodes>
          <leafValues>
            -5.4056340456008911e-01 3.0011072754859924e-01</leafValues></_>
        <_>
          <internalNodes>
            0 -1 115 9.1895041987299919e-04</internalNodes>
          <leafValues>
            -4.2872124910354614e-01 3.7428686022758484e-01</leafValues></_></weakClassifiers></_>
    <!-- stage 5 -->
    <_>
      <maxWeakCount>8</maxWeakCount>
      <stageThreshold>-5.5742180347442627e-01</stageThreshold>
      <weakClassifiers>
        <_>
          <internalNodes>
            0 -1 77 1.1827980726957321e-01</internalNodes>
          <leafValues>
            -2.2099448367953300e-02 8.8593155145645142e-01</leafValues></_>
        <_>
          <internalNodes>
            0 -1 149 -6.1705235566478223e-05</internalNodes>
          <leafValues>
            -7.4188435077667236e-01 3.4153231978416443e-01</leafValues></_>
        <_>
          <internalNodes>
            0 -1 24 3.8911728188395500e-03</internalNodes>
          <leafValues>
            -4.8441627621650696e-01 4.2912802100181580e-01</leafValues></_>
        <_>
          <internalNodes>
            0 -1 180 1.0701011342462152e-04</internalNodes>
          <leafValues>
            2.3050937056541443e-01 -8.1693953275680542e-01</leafValues></_>
        <_>
          <internalNodes>
            0 -1 1 7.5745470821857452e-03</internalNodes>
          <leafValues>
            -2.6511693000793457e-01 7.7582883834838867e-01</leafValues></_>
        <_>
          <internalNodes>
            0 -1 84 2.3098457604646683e-02</internalNodes>
          <leafValues>
            -2.6440671086311340e-01 8.2573062181472778e-01</leafValues></_>
        <_>
          <internalNodes>
            0 -1 197 -1.3197774533182383e-03</internalNodes>
          <leafValues>
            6.7855429649353027e-01 -2.7682843804359436e-01</leafValues></_>
        <_>
          <internalNodes>
            0 -1 78 4.3715808715205640e-05</internalNodes>
          <leafValues>
            3.2282224297523499e-01 -5.8774393796920776e-01</leafValues></_></weakClassifiers></_>
    <!-- stage 6 -->
    <_>
      <maxWeakCount>11</maxWeakCount>
      <stageThreshold>-1.4054578542709351e+00</stageThreshold>
      <weakClassifiers>
        <_>
          <internalNodes>
            0 -1 58 6.5574692562222481e-03</internalNodes>
          <leafValues>
            -1.6949152946472168e-01 6.8123394250869751e-01</leafValues></_>
        <_>
          <internalNodes>
            0 -1 202 3.0961582437157631e-02</internalNodes>
          <leafValues>
            -3.2273796200752258e-01 6.2651413679122925e-01</leafValues></_>
        <_>
          <internalNodes>
            0 -1 105 -2.2540961799677461e-04</internalNodes>
          <leafValues>
            4.8603993654251099e-01 -3.7509694695472717e-01</leafValues></_>
        <_>
          <internalNodes>
            0 -1 50 3.4536677412688732e-04</internalNodes>
          <leafValues>
            -3.1186133623123169e-01 5.9547328948974609e-01</leafValues></_>
        <_>
          <internalNodes>
            0 -1 18 9.5693226903676987e-03</internalNodes>
          <leafValues>
            -2.6416143774986267e-01 6.1308085918426514e-01</leafValues></_>
        <_>
          <internalNodes>
            0 -1 0 3.7681095302104950e-02</internalNodes>
          <leafValues>
            -4.5830595493316650e-01 5.2207571268081665e-01</leafValues></_>
        <_>
          <internalNodes>
            0 -1 160 2.6218802668154240e-04</internalNodes>
          <leafValues>
            -2.5315082073211670e-01 6.3346046209335327e-01</leafValues></_>
        <_>
          <internalNodes>
            0 -1 103 2.6936311041936278e-04</internalNodes>
          <leafValues>
            2.4772410094738007e-01 -6.9742465019226074e-01</leafValues></_>
        <_>
          <internalNodes>
            0 -1 145 1.9981631339760497e-05</internalNodes>
          <leafValues>
            2.2768187522888184e-01 -7.1746337413787842e-01</leafValues></_>
        <_>
          <internalNodes>
            0 -1 100 4.9060722813010216e-03</internalNodes>
          <leafValues>
            -4.2720437049865723e-01 3.9638903737068176e-01</leafValues></_>
        <_>
          <internalNodes>
            0 -1 99 5.7036079466342926e-02</internalNodes>
          <leafValues>
            -2.8334206342697144e-01 6.2133091688156128e-01</leafValues></_></weakClassifiers></_>
    <!-- stage 7 -->
    <_>
      <maxWeakCount>7</maxWeakCount>
      <stageThreshold>-4.5516046881675720e-01</stageThreshold>
      <weakClassifiers>
        <_>
          <internalNodes>
            0 -1 136 8.0608093412593007e-05</internalNodes>
          <leafValues>
            5.7285428047180176e-01 -5.0000000000000000e-01</leafValues></_>
        <_>
          <internalNodes>
            0 -1 94 2.7932798862457275e-01</internalNodes>
          <leafValues>
            -2.4661000072956085e-01 8.0683439970016479e-01</leafValues></_>
        <_>
          <internalNodes>
            0 -1 97 1.8778504454530776e-05</internalNodes>
          <leafValues>
            3.2569599151611328e-01 -6.2280672788619995e-01</leafValues></_>
        <_>
          <internalNodes>
            0 -1 109 -1.8390783225186169e-05</internalNodes>
          <leafValues>
            -6.5343552827835083e-01 2.7827385067939758e-01</leafValues></_>
        <_>
          <internalNodes>
            0 -1 111 -9.6815386787056923e-03</internalNodes>
          <leafValues>
            4.9484762549400330e-01 -3.9521437883377075e-01</leafValues></_>
        <_>
          <internalNodes>
            0 -1 37 1.1452013254165649e-01</internalNodes>
          <leafValues>
            -2.1468275785446167e-01 9.3454068899154663e-01</leafValues></_>
        <_>
          <internalNodes>
            0 -1 75 -3.8071731978561729e-05</internalNodes>
          <leafValues>
            -6.2381285429000854e-01 3.3902418613433838e-01</leafValues></_></weakClassifiers></_>
    <!-- stage 8 -->
    <_>
      <maxWeakCount>11</maxWeakCount>
      <stageThreshold>-6.2679237127304077e-01</stageThreshold>
      <weakClassifiers>
        <_>
          <internalNodes>
            0 -1 4 2.1236180327832699e-03</internalNodes>
          <leafValues>
            -1.8987340852618217e-02 7.4757283926010132e-01</leafValues></_>
        <_>
          <internalNodes>
            0 -1 54 6.6705465316772461e-02</internalNodes>
          <leafValues>
            2.2476640343666077e-01 -9.3721377849578857e-01</leafValues></_>
        <_>
          <internalNodes>
            0 -1 150 5.2434066310524940e-03</internalNodes>
          <leafValues>
            -2.5104367733001709e-01 6.6729688644409180e-01</leafValues></_>
        <_>
          <internalNodes>
            0 -1 135 -3.1069770921021700e-04</internalNodes>
          <leafValues>
            6.4978665113449097e-01 -2.1414251625537872e-01</leafValues></_>
        <_>
          <internalNodes>
            0 -1 148 6.0717854648828506e-04</internalNodes>
          <leafValues>
            -3.1750580668449402e-01 4.2953246831893921e-01</leafValues></_>
        <_>
          <internalNodes>
            0 -1 15 -9.6482608933001757e-04</internalNodes>
          <leafValues>
            4.3457436561584473e-01 -3.3515664935112000e-01</leafValues></_>
        <_>
          <internalNodes>
            0 -1 147 3.5947132346336730e-06</internalNodes>
          <leafValues>
            3.0152592062950134e-01 -5.1356840133666992e-01</leafValues></_>
        <_>
          <internalNodes>
            0 -1 28 -3.0658583273179829e-04</internalNodes>
          <leafValues>
            5.0277441740036011e-01 -2.6354485750198364e-01</leafValues></_>
        <_>
          <internalNodes>
            0 -1 161 -3.7397985579445958e-06</internalNodes>
          <leafValues>
            -4.6821561455726624e-01 3.2802960276603699e-01</leafValues></_>
        <_>
          <internalNodes>
            0 -1 134 6.3377710830536671e-06</internalNodes>
          <leafValues>
            3.0528736114501953e-01 -4.9506694078445435e-01</leafValues></_>
        <_>
          <internalNodes>
            0 -1 203 -7.7763833105564117e-03</internalNodes>
          <leafValues>
            6.1624401807785034e-01 -2.7693739533424377e-01</leafValues></_></weakClassifiers></_>
    <!-- stage 9 -->
    <_>
      <maxWeakCount>15</maxWeakCount>
      <stageThreshold>-6.2772923707962036e-01</stageThreshold>
      <weakClassifiers>
        <_>
          <internalNodes>
            0 -1 10 -7.3511883616447449e-02</internalNodes>
          <leafValues>
            7.6666665077209473e-01 -1.5384615398943424e-02</leafValues></_>
        <_>
          <internalNodes>
            0 -1 91 4.0646066190674901e-04</internalNodes>
          <leafValues>
            -2.7140012383460999e-01 4.5155984163284302e-01</leafValues></_>
        <_>
          <internalNodes>
            0 -1 207 -3.9280243217945099e-03</internalNodes>
          <leafValues>
            6.7172724008560181e-01 -1.9807200133800507e-01</leafValues></_>
        <_>
          <internalNodes>
            0 -1 9 2.8172896709293127e-03</internalNodes>
          <leafValues>
            -1.9091810286045074e-01 6.6165959835052490e-01</leafValues></_>
        <_>
          <internalNodes>
            0 -1 59 2.3725334554910660e-02</internalNodes>
          <leafValues>
            1.4434634149074554e-01 -9.3787562847137451e-01</leafValues></_>
        <_>
          <internalNodes>
            0 -1 44 5.2273657638579607e-04</internalNodes>
          <leafValues>
            -5.3721809387207031e-01 2.3071299493312836e-01</leafValues></_>
        <_>
          <internalNodes>
            0 -1 104 3.0077740666456521e-04</internalNodes>
          <leafValues>
            -2.8575018048286438e-01 4.7217074036598206e-01</leafValues></_>
        <_>
          <internalNodes>
            0 -1 201 -2.4033470253925771e-05</internalNodes>
          <leafValues>
            -5.3245478868484497e-01 2.7750149369239807e-01</leafValues></_>
        <_>
          <internalNodes>
            0 -1 79 -7.9231068957597017e-04</internalNodes>
          <leafValues>
            5.0503563880920410e-01 -3.0828845500946045e-01</leafValues></_>
        <_>
          <internalNodes>
            0 -1 193 -9.8611437715590000e-04</internalNodes>
          <leafValues>
            5.4034936428070068e-01 -2.4665291607379913e-01</leafValues></_>
        <_>
          <internalNodes>
            0 -1 89 8.8839538395404816e-02</internalNodes>
          <leafValues>
            -2.9147967696189880e-01 5.5936771631240845e-01</leafValues></_>
        <_>
          <internalNodes>
            0 -1 82 1.9182409159839153e-03</internalNodes>
          <leafValues>
            -4.2253357172012329e-01 4.1982692480087280e-01</leafValues></_>
        <_>
          <internalNodes>
            0 -1 108 2.4149929231498390e-05</internalNodes>
          <leafValues>
            2.6359906792640686e-01 -5.3689980506896973e-01</leafValues></_>
        <_>
          <internalNodes>
            0 -1 157 -1.8003522200160660e-05</internalNodes>
          <leafValues>
            -6.1816501617431641e-01 2.5116041302680969e-01</leafValues></_>
        <_>
          <internalNodes>
            0 -1 153 2.9474503826349974e-03</internalNodes>
          <leafValues>
            -3.0997341871261597e-01 5.0445979833602905e-01</leafValues></_></weakClassifiers></_>
    <!-- stage 10 -->
    <_>
      <maxWeakCount>13</maxWeakCount>
      <stageThreshold>-5.3489637374877930e-01</stageThreshold>
      <weakClassifiers>
        <_>
          <internalNodes>
            0 -1 11 4.3701791763305664e-01</internalNodes>
          <leafValues>
            6.3613228499889374e-02 8.6206895112991333e-01</leafValues></_>
        <_>
          <internalNodes>
            0 -1 195 3.4593504096847028e-05</internalNodes>
          <leafValues>
            3.7731057405471802e-01 -3.8758027553558350e-01</leafValues></_>
        <_>
          <internalNodes>
            0 -1 55 -3.6637420998886228e-04</internalNodes>
          <leafValues>
            2.6707208156585693e-01 -5.4142802953720093e-01</leafValues></_>
        <_>
          <internalNodes>
            0 -1 170 -1.5422214346472174e-05</internalNodes>
          <leafValues>
            -5.7198989391326904e-01 2.1629647910594940e-01</leafValues></_>
        <_>
          <internalNodes>
            0 -1 133 5.6798242439981550e-05</internalNodes>
          <leafValues>
            -2.5880014896392822e-01 5.0597101449966431e-01</leafValues></_>
        <_>
          <internalNodes>
            0 -1 76 -3.1235033646225929e-02</internalNodes>
          <leafValues>
            5.3598207235336304e-01 -2.7268195152282715e-01</leafValues></_>
        <_>
          <internalNodes>
            0 -1 106 9.7417016513645649e-04</internalNodes>
          <leafValues>
            -2.5551211833953857e-01 5.7562911510467529e-01</leafValues></_>
        <_>
          <internalNodes>
            0 -1 138 -5.5214168241946027e-05</internalNodes>
          <leafValues>
            -6.2889242172241211e-01 2.4128720164299011e-01</leafValues></_>
        <_>
          <internalNodes>
            0 -1 17 -4.2042932473123074e-03</internalNodes>
          <leafValues>
            4.5134857296943665e-01 -3.2780092954635620e-01</leafValues></_>
        <_>
          <internalNodes>
            0 -1 101 2.1587144874501973e-04</internalNodes>
          <leafValues>
            -3.7099555134773254e-01 4.0521878004074097e-01</leafValues></_>
        <_>
          <internalNodes>
            0 -1 146 -4.8079896259878296e-06</internalNodes>
          <leafValues>
            -5.8887749910354614e-01 2.5768908858299255e-01</leafValues></_>
        <_>
          <internalNodes>
            0 -1 209 -2.4292538000736386e-05</internalNodes>
          <leafValues>
            -6.4532691240310669e-01 2.1100085973739624e-01</leafValues></_>
        <_>
          <internalNodes>
            0 -1 190 2.2524900487042032e-05</internalNodes>
          <leafValues>
            2.6333242654800415e-01 -5.4468137025833130e-01</leafValues></_></weakClassifiers></_>
    <!-- stage 11 -->
    <_>
      <maxWeakCount>12</maxWeakCount>
      <stageThreshold>-8.3032029867172241e-01</stageThreshold>
      <weakClassifiers>
        <_>
          <internalNodes>
            0 -1 131 -8.6229638327495195e-06</internalNodes>
          <leafValues>
            -4.3636363744735718e-01 5.3009706735610962e-01</leafValues></_>
        <_>
          <internalNodes>
            0 -1 117 2.2816520868218504e-05</internalNodes>
          <leafValues>
            3.5408735275268555e-01 -4.2553532123565674e-01</leafValues></_>
        <_>
          <internalNodes>
            0 -1 93 7.0693679153919220e-02</internalNodes>
          <leafValues>
            -2.8230229020118713e-01 6.9224047660827637e-01</leafValues></_>
        <_>
          <internalNodes>
            0 -1 23 1.8448624759912491e-03</internalNodes>
          <leafValues>
            -1.7548689246177673e-01 7.6119023561477661e-01</leafValues></_>
        <_>
          <internalNodes>
            0 -1 206 -2.2356842237059027e-05</internalNodes>
          <leafValues>
            -5.1127952337265015e-01 2.8939297795295715e-01</leafValues></_>
        <_>
          <internalNodes>
            0 -1 196 2.8764505987055600e-04</internalNodes>
          <leafValues>
            -3.1944552063941956e-01 5.6255388259887695e-01</leafValues></_>
        <_>
          <internalNodes>
            0 -1 179 4.8505113227292895e-04</internalNodes>
          <leafValues>
            -3.0374771356582642e-01 4.6627840399742126e-01</leafValues></_>
        <_>
          <internalNodes>
            0 -1 185 -4.5057736315357033e-06</internalNodes>
          <leafValues>
            -4.8839750885963440e-01 3.4956580400466919e-01</leafValues></_>
        <_>
          <internalNodes>
            0 -1 183 -1.1533247306942940e-03</internalNodes>
          <leafValues>
            5.7912302017211914e-01 -2.6437991857528687e-01</leafValues></_>
        <_>
          <internalNodes>
            0 -1 19 -1.2422798899933696e-03</internalNodes>
          <leafValues>
            5.4093939065933228e-01 -2.7402928471565247e-01</leafValues></_>
        <_>
          <internalNodes>
            0 -1 168 2.8586046028067358e-05</internalNodes>
          <leafValues>
            2.7873215079307556e-01 -5.7078498601913452e-01</leafValues></_>
        <_>
          <internalNodes>
            0 -1 21 1.0110378498211503e-03</internalNodes>
          <leafValues>
            -2.3318129777908325e-01 6.3737028837203979e-01</leafValues></_></weakClassifiers></_>
    <!-- stage 12 -->
    <_>
      <maxWeakCount>11</maxWeakCount>
      <stageThreshold>-6.3665938377380371e-01</stageThreshold>
      <weakClassifiers>
        <_>
          <internalNodes>
            0 -1 129 -1.5340187019319274e-05</internalNodes>
          <leafValues>
            -3.0496454238891602e-01 5.5371898412704468e-01</leafValues></_>
        <_>
          <internalNodes>
            0 -1 188 1.9942028447985649e-03</internalNodes>
          <leafValues>
            -2.5908845663070679e-01 5.1021891832351685e-01</leafValues></_>
        <_>
          <internalNodes>
            0 -1 87 9.6057392511283979e-06</internalNodes>
          <leafValues>
            2.7402302622795105e-01 -5.4332506656646729e-01</leafValues></_>
        <_>
          <internalNodes>
            0 -1 174 1.0344616603106260e-03</internalNodes>
          <leafValues>
            -3.1470081210136414e-01 4.6348622441291809e-01</leafValues></_>
        <_>
          <internalNodes>
            0 -1 96 6.2097378759062849e-06</internalNodes>
          <leafValues>
            2.4977214634418488e-01 -5.3836131095886230e-01</leafValues></_>
        <_>
          <internalNodes>
            0 -1 86 5.0021905917674303e-04</internalNodes>
          <leafValues>
            -2.5848522782325745e-01 5.4325240850448608e-01</leafValues></_>
        <_>
          <internalNodes>
            0 -1 67 6.8187498254701495e-04</internalNodes>
          <leafValues>
            -2.8492379188537598e-01 5.4972839355468750e-01</leafValues></_>
        <_>
          <internalNodes>
            0 -1 127 1.8407092284178361e-05</internalNodes>
          <leafValues>
            2.9023760557174683e-01 -6.1652815341949463e-01</leafValues></_>
        <_>
          <internalNodes>
            0 -1 119 1.2571417755680159e-06</internalNodes>
          <leafValues>
            -4.6302855014801025e-01 3.2666969299316406e-01</leafValues></_>
        <_>
          <internalNodes>
            0 -1 176 -2.4005183950066566e-03</internalNodes>
          <leafValues>
            4.1185283660888672e-01 -4.0547835826873779e-01</leafValues></_>
        <_>
          <internalNodes>
            0 -1 205 -9.9854260042775422e-06</internalNodes>
          <leafValues>
            -6.7934471368789673e-01 2.8473201394081116e-01</leafValues></_></weakClassifiers></_>
    <!-- stage 13 -->
    <_>
      <maxWeakCount>12</maxWeakCount>
      <stageThreshold>-6.6615802049636841e-01</stageThreshold>
      <weakClassifiers>
        <_>
          <internalNodes>
            0 -1 165 -2.2151543817017227e-06</internalNodes>
          <leafValues>
            -8.7866105139255524e-02 6.3730567693710327e-01</leafValues></_>
        <_>
          <internalNodes>
            0 -1 7 2.8607196873053908e-04</internalNodes>
          <leafValues>
            -2.9674029350280762e-01 4.2575111985206604e-01</leafValues></_>
        <_>
          <internalNodes>
            0 -1 34 2.5155495677608997e-05</internalNodes>
          <leafValues>
            2.4628980457782745e-01 -5.0957119464874268e-01</leafValues></_>
        <_>
          <internalNodes>
            0 -1 81 5.7692686095833778e-04</internalNodes>
          <leafValues>
            -3.3481082320213318e-01 4.2291852831840515e-01</leafValues></_>
        <_>
          <internalNodes>
            0 -1 74 1.5632048249244690e-02</internalNodes>
          <leafValues>
            -2.4482661485671997e-01 6.1111330986022949e-01</leafValues></_>
        <_>
          <internalNodes>
            0 -1 175 1.3940171338617802e-03</internalNodes>
          <leafValues>
            -3.2680466771125793e-01 4.0049248933792114e-01</leafValues></_>
        <_>
          <internalNodes>
            0 -1 143 -5.3167124860920012e-05</internalNodes>
          <leafValues>
            -6.0313183069229126e-01 2.5271186232566833e-01</leafValues></_>
        <_>
          <internalNodes>
            0 -1 124 -8.2143327745143324e-05</internalNodes>
          <leafValues>
            4.2290428280830383e-01 -3.6959272623062134e-01</leafValues></_>
        <_>
          <internalNodes>
            0 -1 178 2.0275942981243134e-02</internalNodes>
          <leafValues>
            -2.8635233640670776e-01 5.1627379655838013e-01</leafValues></_>
        <_>
          <internalNodes>
            0 -1 167 1.5965710190357640e-05</internalNodes>
          <leafValues>
            3.0729022622108459e-01 -5.8573669195175171e-01</leafValues></_>
        <_>
          <internalNodes>
            0 -1 208 -8.9289605966769159e-06</internalNodes>
          <leafValues>
            -5.7053017616271973e-01 2.4377900362014771e-01</leafValues></_>
        <_>
          <internalNodes>
            0 -1 30 -8.8138709543272853e-05</internalNodes>
          <leafValues>
            3.9649447798728943e-01 -3.7226688861846924e-01</leafValues></_></weakClassifiers></_>
    <!-- stage 14 -->
    <_>
      <maxWeakCount>12</maxWeakCount>
      <stageThreshold>-3.9953881502151489e-01</stageThreshold>
      <weakClassifiers>
        <_>
          <internalNodes>
            0 -1 116 4.4154324568808079e-03</internalNodes>
          <leafValues>
            3.2258063554763794e-02 6.8253970146179199e-01</leafValues></_>
        <_>
          <internalNodes>
            0 -1 71 -5.4283987265080214e-04</internalNodes>
          <leafValues>
            5.3475069999694824e-01 -2.2596435248851776e-01</leafValues></_>
        <_>
          <internalNodes>
            0 -1 141 -3.2182739232666790e-04</internalNodes>
          <leafValues>
            5.0846320390701294e-01 -2.7034088969230652e-01</leafValues></_>
        <_>
          <internalNodes>
            0 -1 80 -1.3776113279163837e-02</internalNodes>
          <leafValues>
            -9.5944499969482422e-01 1.3473518192768097e-01</leafValues></_>
        <_>
          <internalNodes>
            0 -1 102 -2.6197799015790224e-03</internalNodes>
          <leafValues>
            3.1906798481941223e-01 -4.3500170111656189e-01</leafValues></_>
        <_>
          <internalNodes>
            0 -1 162 3.2933262446022127e-06</internalNodes>
          <leafValues>
            2.8247874975204468e-01 -4.9195885658264160e-01</leafValues></_>
        <_>
          <internalNodes>
            0 -1 169 -1.6784116451162845e-04</internalNodes>
          <leafValues>
            4.2425024509429932e-01 -3.0650055408477783e-01</leafValues></_>
        <_>
          <internalNodes>
            0 -1 194 1.9386898202355951e-05</internalNodes>
          <leafValues>
            2.3760846257209778e-01 -6.5784591436386108e-01</leafValues></_>
        <_>
          <internalNodes>
            0 -1 61 7.7688979217782617e-05</internalNodes>
          <leafValues>
            -2.7234101295471191e-01 5.0418514013290405e-01</leafValues></_>
        <_>
          <internalNodes>
            0 -1 27 9.4252976123243570e-04</internalNodes>
          <leafValues>
            -2.1593330800533295e-01 6.1486184597015381e-01</leafValues></_>
        <_>
          <internalNodes>
            0 -1 25 2.7726564439944923e-05</internalNodes>
          <leafValues>
            2.7783504128456116e-01 -5.2521240711212158e-01</leafValues></_>
        <_>
          <internalNodes>
            0 -1 32 -5.3928268607705832e-04</internalNodes>
          <leafValues>
            6.0680031776428223e-01 -2.2273734211921692e-01</leafValues></_></weakClassifiers></_>
    <!-- stage 15 -->
    <_>
      <maxWeakCount>13</maxWeakCount>
      <stageThreshold>-7.4093347787857056e-01</stageThreshold>
      <weakClassifiers>
        <_>
          <internalNodes>
            0 -1 26 1.8404248356819153e-01</internalNodes>
          <leafValues>
            1.8292682245373726e-02 7.3737370967864990e-01</leafValues></_>
        <_>
          <internalNodes>
            0 -1 126 -1.7047059372998774e-05</internalNodes>
          <leafValues>
            -5.6217187643051147e-01 3.0105608701705933e-01</leafValues></_>
        <_>
          <internalNodes>
            0 -1 29 3.8033354940125719e-05</internalNodes>
          <leafValues>
            2.4130545556545258e-01 -5.2972650527954102e-01</leafValues></_>
        <_>
          <internalNodes>
            0 -1 182 -5.6340527953580022e-04</internalNodes>
          <leafValues>
            4.6866434812545776e-01 -2.6356527209281921e-01</leafValues></_>
        <_>
          <internalNodes>
            0 -1 187 -1.0605463103274815e-05</internalNodes>
          <leafValues>
            -3.9799290895462036e-01 3.5230687260627747e-01</leafValues></_>
        <_>
          <internalNodes>
            0 -1 204 -3.9420090615749359e-03</internalNodes>
          <leafValues>
            4.6535795927047729e-01 -3.0717739462852478e-01</leafValues></_>
        <_>
          <internalNodes>
            0 -1 198 1.0954680328723043e-04</internalNodes>
          <leafValues>
            2.0522400736808777e-01 -6.4809811115264893e-01</leafValues></_>
        <_>
          <internalNodes>
            0 -1 200 2.1344199922168627e-05</internalNodes>
          <leafValues>
            2.6281630992889404e-01 -4.9803984165191650e-01</leafValues></_>
        <_>
          <internalNodes>
            0 -1 164 -5.8672735467553139e-03</internalNodes>
          <leafValues>
            9.4270437955856323e-01 -1.1759256571531296e-01</leafValues></_>
        <_>
          <internalNodes>
            0 -1 8 -1.6013141721487045e-02</internalNodes>
          <leafValues>
            -6.9810694456100464e-01 2.2643543779850006e-01</leafValues></_>
        <_>
          <internalNodes>
            0 -1 65 -1.3229656033217907e-03</internalNodes>
          <leafValues>
            3.8216257095336914e-01 -3.7046065926551819e-01</leafValues></_>
        <_>
          <internalNodes>
            0 -1 16 4.8955167585518211e-05</internalNodes>
          <leafValues>
            2.4079383909702301e-01 -6.1747771501541138e-01</leafValues></_>
        <_>
          <internalNodes>
            0 -1 154 3.9495585951954126e-04</internalNodes>
          <leafValues>
            -3.0847734212875366e-01 4.9434915184974670e-01</leafValues></_></weakClassifiers></_>
    <!-- stage 16 -->
    <_>
      <maxWeakCount>12</maxWeakCount>
      <stageThreshold>-7.5300759077072144e-01</stageThreshold>
      <weakClassifiers>
        <_>
          <internalNodes>
            0 -1 57 1.4142038300633430e-02</internalNodes>
          <leafValues>
            4.9732619524002075e-01 -8.4375000000000000e-01</leafValues></_>
        <_>
          <internalNodes>
            0 -1 95 2.8936114162206650e-02</internalNodes>
          <leafValues>
            -2.3265846073627472e-01 6.0119360685348511e-01</leafValues></_>
        <_>
          <internalNodes>
            0 -1 46 2.0081393813597970e-05</internalNodes>
          <leafValues>
            2.7890279889106750e-01 -5.0297743082046509e-01</leafValues></_>
        <_>
          <internalNodes>
            0 -1 189 -2.0085296127945185e-03</internalNodes>
          <leafValues>
            5.6923496723175049e-01 -2.4289402365684509e-01</leafValues></_>
        <_>
          <internalNodes>
            0 -1 173 -3.3873021602630615e-03</internalNodes>
          <leafValues>
            4.1856506466865540e-01 -3.6090132594108582e-01</leafValues></_>
        <_>
          <internalNodes>
            0 -1 186 9.0531364548951387e-05</internalNodes>
          <leafValues>
            1.9330483675003052e-01 -7.5848579406738281e-01</leafValues></_>
        <_>
          <internalNodes>
            0 -1 47 -6.8587833084166050e-04</internalNodes>
          <leafValues>
            6.6516429185867310e-01 -2.1783371269702911e-01</leafValues></_>
        <_>
          <internalNodes>
            0 -1 31 7.3884980520233512e-04</internalNodes>
          <leafValues>
            -2.4550853669643402e-01 6.0049754381179810e-01</leafValues></_>
        <_>
          <internalNodes>
            0 -1 191 -5.4412348617915995e-06</internalNodes>
          <leafValues>
            -4.6686559915542603e-01 2.9663065075874329e-01</leafValues></_>
        <_>
          <internalNodes>
            0 -1 132 3.9322418160736561e-05</internalNodes>
          <leafValues>
            -2.7559590339660645e-01 5.2002084255218506e-01</leafValues></_>
        <_>
          <internalNodes>
            0 -1 62 2.4594690330559388e-05</internalNodes>
          <leafValues>
            3.0528745055198669e-01 -4.3413275480270386e-01</leafValues></_>
        <_>
          <internalNodes>
            0 -1 130 1.1130890808999538e-02</internalNodes>
          <leafValues>
            1.5075132250785828e-01 -9.6256774663925171e-01</leafValues></_></weakClassifiers></_>
    <!-- stage 17 -->
    <_>
      <maxWeakCount>12</maxWeakCount>
      <stageThreshold>-8.8563334941864014e-01</stageThreshold>
      <weakClassifiers>
        <_>
          <internalNodes>
            0 -1 156 -1.6882737400010228e-03</internalNodes>
          <leafValues>
            6.5079367160797119e-01 -8.5020244121551514e-02</leafValues></_>
        <_>
          <internalNodes>
            0 -1 69 1.2470443733036518e-02</internalNodes>
          <leafValues>
            -1.7210531234741211e-01 6.2627339363098145e-01</leafValues></_>
        <_>
          <internalNodes>
            0 -1 88 -5.8416466345079243e-05</internalNodes>
          <leafValues>
            -5.1341062784194946e-01 2.8941306471824646e-01</leafValues></_>
        <_>
          <internalNodes>
            0 -1 43 2.3882197274360806e-04</internalNodes>
          <leafValues>
            -4.0427383780479431e-01 3.7767615914344788e-01</leafValues></_>
        <_>
          <internalNodes>
            0 -1 192 1.4739100606675493e-06</internalNodes>
          <leafValues>
            2.5707259774208069e-01 -4.6659287810325623e-01</leafValues></_>
        <_>
          <internalNodes>
            0 -1 38 -8.7957821786403656e-02</internalNodes>
          <leafValues>
            -7.8076267242431641e-01 1.8767705559730530e-01</leafValues></_>
        <_>
          <internalNodes>
            0 -1 107 3.1630654120817780e-04</internalNodes>
          <leafValues>
            -2.8152701258659363e-01 5.2011829614639282e-01</leafValues></_>
        <_>
          <internalNodes>
            0 -1 63 1.6045060008764267e-02</internalNodes>
          <leafValues>
            1.7590813338756561e-01 -8.9062690734863281e-01</leafValues></_>
        <_>
          <internalNodes>
            0 -1 66 4.6567345270887017e-04</internalNodes>
          <leafValues>
            -4.2342248558998108e-01 3.2178449630737305e-01</leafValues></_>
        <_>
          <internalNodes>
            0 -1 33 -1.8423978239297867e-02</internalNodes>
          <leafValues>
            -8.3173763751983643e-01 1.7004179954528809e-01</leafValues></_>
        <_>
          <internalNodes>
            0 -1 114 -4.0471079410053790e-04</internalNodes>
          <leafValues>
            4.1256663203239441e-01 -3.3241906762123108e-01</leafValues></_>
        <_>
          <internalNodes>
            0 -1 166 4.6087021473795176e-04</internalNodes>
          <leafValues>
            -2.6854267716407776e-01 5.1430410146713257e-01</leafValues></_></weakClassifiers></_>
    <!-- stage 18 -->
    <_>
      <maxWeakCount>12</maxWeakCount>
      <stageThreshold>-6.0512459278106689e-01</stageThreshold>
      <weakClassifiers>
        <_>
          <internalNodes>
            0 -1 52 -6.1949826776981354e-03</internalNodes>
          <leafValues>
            -5.5555558204650879e-01 5.1401871442794800e-01</leafValues></_>
        <_>
          <internalNodes>
            0 -1 83 -1.5034509822726250e-02</internalNodes>
          <leafValues>
            -4.3474164605140686e-01 3.4451824426651001e-01</leafValues></_>
        <_>
          <internalNodes>
            0 -1 36 -1.2770448811352253e-03</internalNodes>
          <leafValues>
            3.2540425658226013e-01 -4.5869696140289307e-01</leafValues></_>
        <_>
          <internalNodes>
            0 -1 212 -6.2219378378358670e-06</internalNodes>
          <leafValues>
            -5.0550723075866699e-01 2.3301555216312408e-01</leafValues></_>
        <_>
          <internalNodes>
            0 -1 151 2.9585937681986252e-06</internalNodes>
          <leafValues>
            2.5622522830963135e-01 -4.8475384712219238e-01</leafValues></_>
        <_>
          <internalNodes>
            0 -1 13 2.4274751543998718e-02</internalNodes>
          <leafValues>
            -3.2497113943099976e-01 4.1827210783958435e-01</leafValues></_>
        <_>
          <internalNodes>
            0 -1 121 1.5829959011171013e-04</internalNodes>
          <leafValues>
            -2.5569197535514832e-01 5.9608745574951172e-01</leafValues></_>
        <_>
          <internalNodes>
            0 -1 128 -7.6842494308948517e-03</internalNodes>
          <leafValues>
            -9.5180320739746094e-01 1.5254241228103638e-01</leafValues></_>
        <_>
          <internalNodes>
            0 -1 45 -1.9309887429699302e-03</internalNodes>
          <leafValues>
            4.6704047918319702e-01 -3.0851098895072937e-01</leafValues></_>
        <_>
          <internalNodes>
            0 -1 159 -1.0941061191260815e-04</internalNodes>
          <leafValues>
            4.7971329092979431e-01 -2.7581098675727844e-01</leafValues></_>
        <_>
          <internalNodes>
            0 -1 113 4.5285079977475107e-05</internalNodes>
          <leafValues>
            -3.6523371934890747e-01 4.2522910237312317e-01</leafValues></_>
        <_>
          <internalNodes>
            0 -1 112 -2.0107290765736252e-05</internalNodes>
          <leafValues>
            -6.7428559064865112e-01 2.5024557113647461e-01</leafValues></_></weakClassifiers></_>
    <!-- stage 19 -->
    <_>
      <maxWeakCount>12</maxWeakCount>
      <stageThreshold>-3.3400231599807739e-01</stageThreshold>
      <weakClassifiers>
        <_>
          <internalNodes>
            0 -1 6 6.4307381398975849e-04</internalNodes>
          <leafValues>
            3.6809816956520081e-02 7.1237456798553467e-01</leafValues></_>
        <_>
          <internalNodes>
            0 -1 177 -6.0693986597470939e-05</internalNodes>
          <leafValues>
            -4.4413325190544128e-01 3.2081708312034607e-01</leafValues></_>
        <_>
          <internalNodes>
            0 -1 123 -4.7691821237094700e-05</internalNodes>
          <leafValues>
            6.3362348079681396e-01 -1.6972716152667999e-01</leafValues></_>
        <_>
          <internalNodes>
            0 -1 172 -2.0660938389482908e-05</internalNodes>
          <leafValues>
            -4.3408977985382080e-01 2.3490460216999054e-01</leafValues></_>
        <_>
          <internalNodes>
            0 -1 53 -1.0882767848670483e-02</internalNodes>
          <leafValues>
            8.3198088407516479e-01 -1.6573201119899750e-01</leafValues></_>
        <_>
          <internalNodes>
            0 -1 110 4.4077872298657894e-03</internalNodes>
          <leafValues>
            -3.7409228086471558e-01 4.2081651091575623e-01</leafValues></_>
        <_>
          <internalNodes>
            0 -1 120 3.7160316423978657e-05</internalNodes>
          <leafValues>
            2.1754360198974609e-01 -6.0490381717681885e-01</leafValues></_>
        <_>
          <internalNodes>
            0 -1 163 1.0729196481406689e-02</internalNodes>
          <leafValues>
            -2.5624057650566101e-01 5.3758460283279419e-01</leafValues></_>
        <_>
          <internalNodes>
            0 -1 139 -5.3914873205940239e-06</internalNodes>
          <leafValues>
            3.8342735171318054e-01 -3.5068589448928833e-01</leafValues></_>
        <_>
          <internalNodes>
            0 -1 210 -6.2871295958757401e-03</internalNodes>
          <leafValues>
            5.4581129550933838e-01 -2.4587810039520264e-01</leafValues></_>
        <_>
          <internalNodes>
            0 -1 98 2.1497821435332298e-03</internalNodes>
          <leafValues>
            -3.9127367734909058e-01 3.9068773388862610e-01</leafValues></_>
        <_>
          <internalNodes>
            0 -1 144 -4.7639599069952965e-03</internalNodes>
          <leafValues>
            -9.3234932422637939e-01 1.3478706777095795e-01</leafValues></_></weakClassifiers></_></stages>
  <features>
    <_>
      <rects>
        <_>
          0 0 31 36 -1.</_>
        <_>
          0 12 31 12 3.</_></rects>
      <tilted>0</tilted></_>
    <_>
      <rects>
        <_>
          0 4 6 45 -1.</_>
        <_>
          3 4 3 45 2.</_></rects>
      <tilted>0</tilted></_>
    <_>
      <rects>
        <_>
          0 5 57 24 -1.</_>
        <_>
          0 17 57 12 2.</_></rects>
      <tilted>0</tilted></_>
    <_>
      <rects>
        <_>
          0 11 54 39 -1.</_>
        <_>
          27 11 27 39 2.</_></rects>
      <tilted>0</tilted></_>
    <_>
      <rects>
        <_>
          0 17 4 34 -1.</_>
        <_>
          2 17 2 34 2.</_></rects>
      <tilted>0</tilted></_>
    <_>
      <rects>
        <_>
          0 18 2 25 -1.</_>
        <_>
          1 18 1 25 2.</_></rects>
      <tilted>0</tilted></_>
    <_>
      <rects>
        <_>
          0 23 2 24 -1.</_>
        <_>
          1 23 1 24 2.</_></rects>
      <tilted>0</tilted></_>
    <_>
      <rects>
        <_>
          0 24 2 31 -1.</_>
        <_>
          1 24 1 31 2.</_></rects>
      <tilted>0</tilted></_>
    <_>
      <rects>
        <_>
          0 33 45 4 -1.</_>
        <_>
          15 33 15 4 3.</_></rects>
      <tilted>0</tilted></_>
    <_>
      <rects>
        <_>
          0 39 9 6 -1.</_>
        <_>
          3 39 3 6 3.</_></rects>
      <tilted>0</tilted></_>
    <_>
      <rects>
        <_>
          0 39 56 22 -1.</_>
        <_>
          0 50 56 11 2.</_></rects>
      <tilted>0</tilted></_>
    <_>
      <rects>
        <_>
          1 0 55 63 -1.</_>
        <_>
          1 21 55 21 3.</_></rects>
      <tilted>0</tilted></_>
    <_>
      <rects>
        <_>
          1 1 6 63 -1.</_>
        <_>
          1 22 6 21 3.</_></rects>
      <tilted>0</tilted></_>
    <_>
      <rects>
        <_>
          1 3 4 57 -1.</_>
        <_>
          1 22 4 19 3.</_></rects>
      <tilted>0</tilted></_>
    <_>
      <rects>
        <_>
          1 29 18 5 -1.</_>
        <_>
          7 29 6 5 3.</_></rects>
      <tilted>0</tilted></_>
    <_>
      <rects>
        <_>
          1 33 8 7 -1.</_>
        <_>
          5 33 4 7 2.</_></rects>
      <tilted>0</tilted></_>
    <_>
      <rects>
        <_>
          1 34 4 2 -1.</_>
        <_>
          1 35 4 1 2.</_></rects>
      <tilted>0</tilted></_>
    <_>
      <rects>
        <_>
          2 10 12 22 -1.</_>
        <_>
          2 10 6 11 2.</_>
        <_>
          8 21 6 11 2.</_></rects>
      <tilted>0</tilted></_>
    <_>
      <rects>
        <_>
          2 13 3 45 -1.</_>
        <_>
          2 28 3 15 3.</_></rects>
      <tilted>0</tilted></_>
    <_>
      <rects>
        <_>
          2 17 8 12 -1.</_>
        <_>
          2 17 4 6 2.</_>
        <_>
          6 23 4 6 2.</_></rects>
      <tilted>0</tilted></_>
    <_>
      <rects>
        <_>
          2 18 6 16 -1.</_>
        <_>
          2 18 3 8 2.</_>
        <_>
          5 26 3 8 2.</_></rects>
      <tilted>0</tilted></_>
    <_>
      <rects>
        <_>
          2 34 12 2 -1.</_>
        <_>
          6 34 4 2 3.</_></rects>
      <tilted>0</tilted></_>
    <_>
      <rects>
        <_>
          2 38 47 28 -1.</_>
        <_>
          2 52 47 14 2.</_></rects>
      <tilted>0</tilted></_>
    <_>
      <rects>
        <_>
          2 39 8 10 -1.</_>
        <_>
          2 39 4 5 2.</_>
        <_>
          6 44 4 5 2.</_></rects>
      <tilted>0</tilted></_>
    <_>
      <rects>
        <_>
          3 4 8 39 -1.</_>
        <_>
          3 17 8 13 3.</_></rects>
      <tilted>0</tilted></_>
    <_>
      <rects>
        <_>
          3 37 2 3 -1.</_>
        <_>
          4 37 1 3 2.</_></rects>
      <tilted>0</tilted></_>
    <_>
      <rects>
        <_>
          4 9 50 57 -1.</_>
        <_>
          4 28 50 19 3.</_></rects>
      <tilted>0</tilted></_>
    <_>
      <rects>
        <_>
          5 2 2 53 -1.</_>
        <_>
          6 2 1 53 2.</_></rects>
      <tilted>0</tilted></_>
    <_>
      <rects>
        <_>
          5 8 2 28 -1.</_>
        <_>
          5 8 1 14 2.</_>
        <_>
          6 22 1 14 2.</_></rects>
      <tilted>0</tilted></_>
    <_>
      <rects>
        <_>
          5 24 2 4 -1.</_>
        <_>
          5 26 2 2 2.</_></rects>
      <tilted>0</tilted></_>
    <_>
      <rects>
        <_>
          5 36 13 2 -1.</_>
        <_>
          5 37 13 1 2.</_></rects>
      <tilted>0</tilted></_>
    <_>
      <rects>
        <_>
          6 23 6 10 -1.</_>
        <_>
          6 23 3 5 2.</_>
        <_>
          9 28 3 5 2.</_></rects>
      <tilted>0</tilted></_>
    <_>
      <rects>
        <_>
          6 40 6 4 -1.</_>
        <_>
          8 40 2 4 3.</_></rects>
      <tilted>0</tilted></_>
    <_>
      <rects>
        <_>
          7 20 44 15 -1.</_>
        <_>
          7 25 44 5 3.</_></rects>
      <tilted>0</tilted></_>
    <_>
      <rects>
        <_>
          7 24 1 4 -1.</_>
        <_>
          7 26 1 2 2.</_></rects>
      <tilted>0</tilted></_>
    <_>
      <rects>
        <_>
          8 18 42 32 -1.</_>
        <_>
          29 18 21 32 2.</_></rects>
      <tilted>0</tilted></_>
    <_>
      <rects>
        <_>
          8 26 29 8 -1.</_>
        <_>
          8 30 29 4 2.</_></rects>
      <tilted>0</tilted></_>
    <_>
      <rects>
        <_>
          9 13 46 46 -1.</_>
        <_>
          9 13 23 23 2.</_>
        <_>
          32 36 23 23 2.</_></rects>
      <tilted>0</tilted></_>
    <_>
      <rects>
        <_>
          9 21 48 34 -1.</_>
        <_>
          33 21 24 34 2.</_></rects>
      <tilted>0</tilted></_>
    <_>
      <rects>
        <_>
          9 24 38 23 -1.</_>
        <_>
          28 24 19 23 2.</_></rects>
      <tilted>0</tilted></_>
    <_>
      <rects>
        <_>
          10 19 26 16 -1.</_>
        <_>
          10 27 26 8 2.</_></rects>
      <tilted>0</tilted></_>
    <_>
      <rects>
        <_>
          10 26 30 6 -1.</_>
        <_>
          25 26 15 6 2.</_></rects>
      <tilted>0</tilted></_>
    <_>
      <rects>
        <_>
          10 32 28 6 -1.</_>
        <_>
          24 32 14 6 2.</_></rects>
      <tilted>0</tilted></_>
    <_>
      <rects>
        <_>
          11 19 16 8 -1.</_>
        <_>
          11 19 8 4 2.</_>
        <_>
          19 23 8 4 2.</_></rects>
      <tilted>0</tilted></_>
    <_>
      <rects>
        <_>
          11 23 38 21 -1.</_>
        <_>
          30 23 19 21 2.</_></rects>
      <tilted>0</tilted></_>
    <_>
      <rects>
        <_>
          11 36 20 12 -1.</_>
        <_>
          11 40 20 4 3.</_></rects>
      <tilted>0</tilted></_>
    <_>
      <rects>
        <_>
          12 14 2 2 -1.</_>
        <_>
          12 15 2 1 2.</_></rects>
      <tilted>0</tilted></_>
    <_>
      <rects>
        <_>
          12 22 6 4 -1.</_>
        <_>
          15 22 3 4 2.</_></rects>
      <tilted>0</tilted></_>
    <_>
      <rects>
        <_>
          13 12 2 12 -1.</_>
        <_>
          13 16 2 4 3.</_></rects>
      <tilted>0</tilted></_>
    <_>
      <rects>
        <_>
          13 19 8 8 -1.</_>
        <_>
          13 19 4 4 2.</_>
        <_>
          17 23 4 4 2.</_></rects>
      <tilted>0</tilted></_>
    <_>
      <rects>
        <_>
          13 24 15 1 -1.</_>
        <_>
          18 24 5 1 3.</_></rects>
      <tilted>0</tilted></_>
    <_>
      <rects>
        <_>
          13 24 27 14 -1.</_>
        <_>
          13 31 27 7 2.</_></rects>
      <tilted>0</tilted></_>
    <_>
      <rects>
        <_>
          13 33 27 4 -1.</_>
        <_>
          22 33 9 4 3.</_></rects>
      <tilted>0</tilted></_>
    <_>
      <rects>
        <_>
          14 10 21 10 -1.</_>
        <_>
          14 15 21 5 2.</_></rects>
      <tilted>0</tilted></_>
    <_>
      <rects>
        <_>
          14 14 29 40 -1.</_>
        <_>
          14 34 29 20 2.</_></rects>
      <tilted>0</tilted></_>
    <_>
      <rects>
        <_>
          14 25 10 10 -1.</_>
        <_>
          14 30 10 5 2.</_></rects>
      <tilted>0</tilted></_>
    <_>
      <rects>
        <_>
          14 31 6 2 -1.</_>
        <_>
          16 31 2 2 3.</_></rects>
      <tilted>0</tilted></_>
    <_>
      <rects>
        <_>
          14 34 30 7 -1.</_>
        <_>
          24 34 10 7 3.</_></rects>
      <tilted>0</tilted></_>
    <_>
      <rects>
        <_>
          14 35 42 16 -1.</_>
        <_>
          28 35 14 16 3.</_></rects>
      <tilted>0</tilted></_>
    <_>
      <rects>
        <_>
          15 16 24 15 -1.</_>
        <_>
          27 16 12 15 2.</_></rects>
      <tilted>0</tilted></_>
    <_>
      <rects>
        <_>
          15 29 6 4 -1.</_>
        <_>
          17 29 2 4 3.</_></rects>
      <tilted>0</tilted></_>
    <_>
      <rects>
        <_>
          15 31 3 5 -1.</_>
        <_>
          16 31 1 5 3.</_></rects>
      <tilted>0</tilted></_>
    <_>
      <rects>
        <_>
          16 12 1 6 -1.</_>
        <_>
          16 14 1 2 3.</_></rects>
      <tilted>0</tilted></_>
    <_>
      <rects>
        <_>
          16 19 18 20 -1.</_>
        <_>
          25 19 9 20 2.</_></rects>
      <tilted>0</tilted></_>
    <_>
      <rects>
        <_>
          16 29 12 8 -1.</_>
        <_>
          20 29 4 8 3.</_></rects>
      <tilted>0</tilted></_>
    <_>
      <rects>
        <_>
          16 29 12 11 -1.</_>
        <_>
          20 29 4 11 3.</_></rects>
      <tilted>0</tilted></_>
    <_>
      <rects>
        <_>
          16 31 25 12 -1.</_>
        <_>
          16 37 25 6 2.</_></rects>
      <tilted>0</tilted></_>
    <_>
      <rects>
        <_>
          16 32 8 6 -1.</_>
        <_>
          16 32 4 3 2.</_>
        <_>
          20 35 4 3 2.</_></rects>
      <tilted>0</tilted></_>
    <_>
      <rects>
        <_>
          16 33 13 3 -1.</_>
        <_>
          16 34 13 1 3.</_></rects>
      <tilted>0</tilted></_>
    <_>
      <rects>
        <_>
          16 40 12 18 -1.</_>
        <_>
          16 46 12 6 3.</_></rects>
      <tilted>0</tilted></_>
    <_>
      <rects>
        <_>
          17 20 11 16 -1.</_>
        <_>
          17 28 11 8 2.</_></rects>
      <tilted>0</tilted></_>
    <_>
      <rects>
        <_>
          17 21 8 8 -1.</_>
        <_>
          17 21 4 4 2.</_>
        <_>
          21 25 4 4 2.</_></rects>
      <tilted>0</tilted></_>
    <_>
      <rects>
        <_>
          17 24 23 42 -1.</_>
        <_>
          17 38 23 14 3.</_></rects>
      <tilted>0</tilted></_>
    <_>
      <rects>
        <_>
          18 22 8 14 -1.</_>
        <_>
          18 29 8 7 2.</_></rects>
      <tilted>0</tilted></_>
    <_>
      <rects>
        <_>
          18 41 13 18 -1.</_>
        <_>
          18 47 13 6 3.</_></rects>
      <tilted>0</tilted></_>
    <_>
      <rects>
        <_>
          18 57 1 3 -1.</_>
        <_>
          18 58 1 1 3.</_></rects>
      <tilted>0</tilted></_>
    <_>
      <rects>
        <_>
          19 21 36 34 -1.</_>
        <_>
          19 21 18 17 2.</_>
        <_>
          37 38 18 17 2.</_></rects>
      <tilted>0</tilted></_>
    <_>
      <rects>
        <_>
          20 0 37 34 -1.</_>
        <_>
          20 17 37 17 2.</_></rects>
      <tilted>0</tilted></_>
    <_>
      <rects>
        <_>
          20 11 2 2 -1.</_>
        <_>
          20 12 2 1 2.</_></rects>
      <tilted>0</tilted></_>
    <_>
      <rects>
        <_>
          20 11 30 4 -1.</_>
        <_>
          20 11 15 2 2.</_>
        <_>
          35 13 15 2 2.</_></rects>
      <tilted>0</tilted></_>
    <_>
      <rects>
        <_>
          20 25 20 10 -1.</_>
        <_>
          20 30 20 5 2.</_></rects>
      <tilted>0</tilted></_>
    <_>
      <rects>
        <_>
          20 29 21 2 -1.</_>
        <_>
          27 29 7 2 3.</_></rects>
      <tilted>0</tilted></_>
    <_>
      <rects>
        <_>
          20 29 16 22 -1.</_>
        <_>
          20 40 16 11 2.</_></rects>
      <tilted>0</tilted></_>
    <_>
      <rects>
        <_>
          21 17 23 30 -1.</_>
        <_>
          21 32 23 15 2.</_></rects>
      <tilted>0</tilted></_>
    <_>
      <rects>
        <_>
          21 19 30 12 -1.</_>
        <_>
          36 19 15 12 2.</_></rects>
      <tilted>0</tilted></_>
    <_>
      <rects>
        <_>
          21 27 18 36 -1.</_>
        <_>
          21 39 18 12 3.</_></rects>
      <tilted>0</tilted></_>
    <_>
      <rects>
        <_>
          21 28 7 9 -1.</_>
        <_>
          21 31 7 3 3.</_></rects>
      <tilted>0</tilted></_>
    <_>
      <rects>
        <_>
          21 45 2 1 -1.</_>
        <_>
          22 45 1 1 2.</_></rects>
      <tilted>0</tilted></_>
    <_>
      <rects>
        <_>
          21 53 3 2 -1.</_>
        <_>
          21 54 3 1 2.</_></rects>
      <tilted>0</tilted></_>
    <_>
      <rects>
        <_>
          22 0 15 63 -1.</_>
        <_>
          22 21 15 21 3.</_></rects>
      <tilted>0</tilted></_>
    <_>
      <rects>
        <_>
          22 31 9 5 -1.</_>
        <_>
          25 31 3 5 3.</_></rects>
      <tilted>0</tilted></_>
    <_>
      <rects>
        <_>
          22 31 9 10 -1.</_>
        <_>
          25 31 3 10 3.</_></rects>
      <tilted>0</tilted></_>
    <_>
      <rects>
        <_>
          22 45 2 1 -1.</_>
        <_>
          23 45 1 1 2.</_></rects>
      <tilted>0</tilted></_>
    <_>
      <rects>
        <_>
          23 1 15 38 -1.</_>
        <_>
          23 20 15 19 2.</_></rects>
      <tilted>0</tilted></_>
    <_>
      <rects>
        <_>
          23 1 32 63 -1.</_>
        <_>
          23 22 32 21 3.</_></rects>
      <tilted>0</tilted></_>
    <_>
      <rects>
        <_>
          23 6 12 24 -1.</_>
        <_>
          23 18 12 12 2.</_></rects>
      <tilted>0</tilted></_>
    <_>
      <rects>
        <_>
          23 22 13 2 -1.</_>
        <_>
          23 23 13 1 2.</_></rects>
      <tilted>0</tilted></_>
    <_>
      <rects>
        <_>
          23 23 4 2 -1.</_>
        <_>
          23 24 4 1 2.</_></rects>
      <tilted>0</tilted></_>
    <_>
      <rects>
        <_>
          23 33 18 8 -1.</_>
        <_>
          32 33 9 8 2.</_></rects>
      <tilted>0</tilted></_>
    <_>
      <rects>
        <_>
          24 2 12 54 -1.</_>
        <_>
          24 20 12 18 3.</_></rects>
      <tilted>0</tilted></_>
    <_>
      <rects>
        <_>
          24 7 18 37 -1.</_>
        <_>
          33 7 9 37 2.</_></rects>
      <tilted>0</tilted></_>
    <_>
      <rects>
        <_>
          24 17 9 33 -1.</_>
        <_>
          27 17 3 33 3.</_></rects>
      <tilted>0</tilted></_>
    <_>
      <rects>
        <_>
          24 25 12 24 -1.</_>
        <_>
          24 33 12 8 3.</_></rects>
      <tilted>0</tilted></_>
    <_>
      <rects>
        <_>
          24 26 13 3 -1.</_>
        <_>
          24 27 13 1 3.</_></rects>
      <tilted>0</tilted></_>
    <_>
      <rects>
        <_>
          24 28 1 12 -1.</_>
        <_>
          24 32 1 4 3.</_></rects>
      <tilted>0</tilted></_>
    <_>
      <rects>
        <_>
          24 28 8 14 -1.</_>
        <_>
          24 28 4 7 2.</_>
        <_>
          28 35 4 7 2.</_></rects>
      <tilted>0</tilted></_>
    <_>
      <rects>
        <_>
          24 29 2 12 -1.</_>
        <_>
          24 33 2 4 3.</_></rects>
      <tilted>0</tilted></_>
    <_>
      <rects>
        <_>
          24 33 12 6 -1.</_>
        <_>
          24 35 12 2 3.</_></rects>
      <tilted>0</tilted></_>
    <_>
      <rects>
        <_>
          24 42 3 2 -1.</_>
        <_>
          24 43 3 1 2.</_></rects>
      <tilted>0</tilted></_>
    <_>
      <rects>
        <_>
          24 49 3 1 -1.</_>
        <_>
          25 49 1 1 3.</_></rects>
      <tilted>0</tilted></_>
    <_>
      <rects>
        <_>
          25 6 3 36 -1.</_>
        <_>
          25 18 3 12 3.</_></rects>
      <tilted>0</tilted></_>
    <_>
      <rects>
        <_>
          25 27 26 26 -1.</_>
        <_>
          25 27 13 13 2.</_>
        <_>
          38 40 13 13 2.</_></rects>
      <tilted>0</tilted></_>
    <_>
      <rects>
        <_>
          25 28 8 1 -1.</_>
        <_>
          29 28 4 1 2.</_></rects>
      <tilted>0</tilted></_>
    <_>
      <rects>
        <_>
          25 31 8 6 -1.</_>
        <_>
          25 33 8 2 3.</_></rects>
      <tilted>0</tilted></_>
    <_>
      <rects>
        <_>
          25 33 7 4 -1.</_>
        <_>
          25 35 7 2 2.</_></rects>
      <tilted>0</tilted></_>
    <_>
      <rects>
        <_>
          25 33 13 10 -1.</_>
        <_>
          25 38 13 5 2.</_></rects>
      <tilted>0</tilted></_>
    <_>
      <rects>
        <_>
          26 6 3 24 -1.</_>
        <_>
          26 18 3 12 2.</_></rects>
      <tilted>0</tilted></_>
    <_>
      <rects>
        <_>
          26 22 14 2 -1.</_>
        <_>
          26 23 14 1 2.</_></rects>
      <tilted>0</tilted></_>
    <_>
      <rects>
        <_>
          26 27 8 8 -1.</_>
        <_>
          26 27 4 4 2.</_>
        <_>
          30 31 4 4 2.</_></rects>
      <tilted>0</tilted></_>
    <_>
      <rects>
        <_>
          26 31 3 5 -1.</_>
        <_>
          27 31 1 5 3.</_></rects>
      <tilted>0</tilted></_>
    <_>
      <rects>
        <_>
          26 46 2 2 -1.</_>
        <_>
          27 46 1 2 2.</_></rects>
      <tilted>0</tilted></_>
    <_>
      <rects>
        <_>
          27 15 3 15 -1.</_>
        <_>
          28 15 1 15 3.</_></rects>
      <tilted>0</tilted></_>
    <_>
      <rects>
        <_>
          27 17 4 2 -1.</_>
        <_>
          27 18 4 1 2.</_></rects>
      <tilted>0</tilted></_>
    <_>
      <rects>
        <_>
          27 32 2 2 -1.</_>
        <_>
          27 32 1 1 2.</_>
        <_>
          28 33 1 1 2.</_></rects>
      <tilted>0</tilted></_>
    <_>
      <rects>
        <_>
          27 32 4 4 -1.</_>
        <_>
          27 32 2 2 2.</_>
        <_>
          29 34 2 2 2.</_></rects>
      <tilted>0</tilted></_>
    <_>
      <rects>
        <_>
          27 32 2 9 -1.</_>
        <_>
          27 35 2 3 3.</_></rects>
      <tilted>0</tilted></_>
    <_>
      <rects>
        <_>
          27 47 1 2 -1.</_>
        <_>
          27 48 1 1 2.</_></rects>
      <tilted>0</tilted></_>
    <_>
      <rects>
        <_>
          27 49 1 2 -1.</_>
        <_>
          27 50 1 1 2.</_></rects>
      <tilted>0</tilted></_>
    <_>
      <rects>
        <_>
          28 24 7 12 -1.</_>
        <_>
          28 30 7 6 2.</_></rects>
      <tilted>0</tilted></_>
    <_>
      <rects>
        <_>
          28 25 4 1 -1.</_>
        <_>
          30 25 2 1 2.</_></rects>
      <tilted>0</tilted></_>
    <_>
      <rects>
        <_>
          28 27 17 15 -1.</_>
        <_>
          28 32 17 5 3.</_></rects>
      <tilted>0</tilted></_>
    <_>
      <rects>
        <_>
          28 28 2 1 -1.</_>
        <_>
          29 28 1 1 2.</_></rects>
      <tilted>0</tilted></_>
    <_>
      <rects>
        <_>
          28 31 1 3 -1.</_>
        <_>
          28 32 1 1 3.</_></rects>
      <tilted>0</tilted></_>
    <_>
      <rects>
        <_>
          28 33 3 3 -1.</_>
        <_>
          29 33 1 3 3.</_></rects>
      <tilted>0</tilted></_>
    <_>
      <rects>
        <_>
          28 43 1 2 -1.</_>
        <_>
          28 44 1 1 2.</_></rects>
      <tilted>0</tilted></_>
    <_>
      <rects>
        <_>
          29 13 2 6 -1.</_>
        <_>
          29 16 2 3 2.</_></rects>
      <tilted>0</tilted></_>
    <_>
      <rects>
        <_>
          29 26 2 3 -1.</_>
        <_>
          29 27 2 1 3.</_></rects>
      <tilted>0</tilted></_>
    <_>
      <rects>
        <_>
          29 26 3 2 -1.</_>
        <_>
          29 27 3 1 2.</_></rects>
      <tilted>0</tilted></_>
    <_>
      <rects>
        <_>
          29 26 3 3 -1.</_>
        <_>
          29 27 3 1 3.</_></rects>
      <tilted>0</tilted></_>
    <_>
      <rects>
        <_>
          29 26 24 2 -1.</_>
        <_>
          29 27 24 1 2.</_></rects>
      <tilted>0</tilted></_>
    <_>
      <rects>
        <_>
          29 33 3 1 -1.</_>
        <_>
          30 33 1 1 3.</_></rects>
      <tilted>0</tilted></_>
    <_>
      <rects>
        <_>
          29 34 8 6 -1.</_>
        <_>
          29 34 4 3 2.</_>
        <_>
          33 37 4 3 2.</_></rects>
      <tilted>0</tilted></_>
    <_>
      <rects>
        <_>
          29 34 6 27 -1.</_>
        <_>
          29 43 6 9 3.</_></rects>
      <tilted>0</tilted></_>
    <_>
      <rects>
        <_>
          29 45 3 2 -1.</_>
        <_>
          29 46 3 1 2.</_></rects>
      <tilted>0</tilted></_>
    <_>
      <rects>
        <_>
          30 7 6 24 -1.</_>
        <_>
          30 7 3 12 2.</_>
        <_>
          33 19 3 12 2.</_></rects>
      <tilted>0</tilted></_>
    <_>
      <rects>
        <_>
          30 19 1 2 -1.</_>
        <_>
          30 20 1 1 2.</_></rects>
      <tilted>0</tilted></_>
    <_>
      <rects>
        <_>
          30 28 2 1 -1.</_>
        <_>
          31 28 1 1 2.</_></rects>
      <tilted>0</tilted></_>
    <_>
      <rects>
        <_>
          30 34 1 2 -1.</_>
        <_>
          30 35 1 1 2.</_></rects>
      <tilted>0</tilted></_>
    <_>
      <rects>
        <_>
          30 34 4 10 -1.</_>
        <_>
          30 39 4 5 2.</_></rects>
      <tilted>0</tilted></_>
    <_>
      <rects>
        <_>
          30 43 2 2 -1.</_>
        <_>
          30 44 2 1 2.</_></rects>
      <tilted>0</tilted></_>
    <_>
      <rects>
        <_>
          31 0 1 34 -1.</_>
        <_>
          31 17 1 17 2.</_></rects>
      <tilted>0</tilted></_>
    <_>
      <rects>
        <_>
          31 20 1 2 -1.</_>
        <_>
          31 21 1 1 2.</_></rects>
      <tilted>0</tilted></_>
    <_>
      <rects>
        <_>
          31 29 2 6 -1.</_>
        <_>
          31 32 2 3 2.</_></rects>
      <tilted>0</tilted></_>
    <_>
      <rects>
        <_>
          31 30 21 4 -1.</_>
        <_>
          38 30 7 4 3.</_></rects>
      <tilted>0</tilted></_>
    <_>
      <rects>
        <_>
          31 31 9 3 -1.</_>
        <_>
          34 31 3 3 3.</_></rects>
      <tilted>0</tilted></_>
    <_>
      <rects>
        <_>
          31 34 11 6 -1.</_>
        <_>
          31 37 11 3 2.</_></rects>
      <tilted>0</tilted></_>
    <_>
      <rects>
        <_>
          31 42 4 16 -1.</_>
        <_>
          31 50 4 8 2.</_></rects>
      <tilted>0</tilted></_>
    <_>
      <rects>
        <_>
          31 43 2 2 -1.</_>
        <_>
          31 44 2 1 2.</_></rects>
      <tilted>0</tilted></_>
    <_>
      <rects>
        <_>
          31 48 1 4 -1.</_>
        <_>
          31 50 1 2 2.</_></rects>
      <tilted>0</tilted></_>
    <_>
      <rects>
        <_>
          32 32 4 6 -1.</_>
        <_>
          32 32 2 3 2.</_>
        <_>
          34 35 2 3 2.</_></rects>
      <tilted>0</tilted></_>
    <_>
      <rects>
        <_>
          32 34 9 3 -1.</_>
        <_>
          35 34 3 3 3.</_></rects>
      <tilted>0</tilted></_>
    <_>
      <rects>
        <_>
          32 40 3 6 -1.</_>
        <_>
          32 42 3 2 3.</_></rects>
      <tilted>0</tilted></_>
    <_>
      <rects>
        <_>
          32 41 1 2 -1.</_>
        <_>
          32 42 1 1 2.</_></rects>
      <tilted>0</tilted></_>
    <_>
      <rects>
        <_>
          32 41 20 22 -1.</_>
        <_>
          32 41 10 11 2.</_>
        <_>
          42 52 10 11 2.</_></rects>
      <tilted>0</tilted></_>
    <_>
      <rects>
        <_>
          33 3 3 16 -1.</_>
        <_>
          33 11 3 8 2.</_></rects>
      <tilted>0</tilted></_>
    <_>
      <rects>
        <_>
          33 45 11 2 -1.</_>
        <_>
          33 46 11 1 2.</_></rects>
      <tilted>0</tilted></_>
    <_>
      <rects>
        <_>
          34 4 12 9 -1.</_>
        <_>
          34 7 12 3 3.</_></rects>
      <tilted>0</tilted></_>
    <_>
      <rects>
        <_>
          34 16 2 2 -1.</_>
        <_>
          34 17 2 1 2.</_></rects>
      <tilted>0</tilted></_>
    <_>
      <rects>
        <_>
          34 18 3 2 -1.</_>
        <_>
          34 19 3 1 2.</_></rects>
      <tilted>0</tilted></_>
    <_>
      <rects>
        <_>
          34 27 8 4 -1.</_>
        <_>
          34 29 8 2 2.</_></rects>
      <tilted>0</tilted></_>
    <_>
      <rects>
        <_>
          34 41 2 2 -1.</_>
        <_>
          34 42 2 1 2.</_></rects>
      <tilted>0</tilted></_>
    <_>
      <rects>
        <_>
          35 37 6 2 -1.</_>
        <_>
          38 37 3 2 2.</_></rects>
      <tilted>0</tilted></_>
    <_>
      <rects>
        <_>
          35 45 3 2 -1.</_>
        <_>
          35 46 3 1 2.</_></rects>
      <tilted>0</tilted></_>
    <_>
      <rects>
        <_>
          36 28 14 26 -1.</_>
        <_>
          36 28 7 13 2.</_>
        <_>
          43 41 7 13 2.</_></rects>
      <tilted>0</tilted></_>
    <_>
      <rects>
        <_>
          37 25 1 30 -1.</_>
        <_>
          37 35 1 10 3.</_></rects>
      <tilted>0</tilted></_>
    <_>
      <rects>
        <_>
          37 31 2 21 -1.</_>
        <_>
          37 38 2 7 3.</_></rects>
      <tilted>0</tilted></_>
    <_>
      <rects>
        <_>
          37 41 20 7 -1.</_>
        <_>
          47 41 10 7 2.</_></rects>
      <tilted>0</tilted></_>
    <_>
      <rects>
        <_>
          37 53 3 2 -1.</_>
        <_>
          37 54 3 1 2.</_></rects>
      <tilted>0</tilted></_>
    <_>
      <rects>
        <_>
          38 11 19 24 -1.</_>
        <_>
          38 23 19 12 2.</_></rects>
      <tilted>0</tilted></_>
    <_>
      <rects>
        <_>
          38 28 6 12 -1.</_>
        <_>
          40 28 2 12 3.</_></rects>
      <tilted>0</tilted></_>
    <_>
      <rects>
        <_>
          38 39 3 2 -1.</_>
        <_>
          38 40 3 1 2.</_></rects>
      <tilted>0</tilted></_>
    <_>
      <rects>
        <_>
          38 40 1 26 -1.</_>
        <_>
          38 53 1 13 2.</_></rects>
      <tilted>0</tilted></_>
    <_>
      <rects>
        <_>
          39 23 8 6 -1.</_>
        <_>
          39 26 8 3 2.</_></rects>
      <tilted>0</tilted></_>
    <_>
      <rects>
        <_>
          39 26 10 3 -1.</_>
        <_>
          44 26 5 3 2.</_></rects>
      <tilted>0</tilted></_>
    <_>
      <rects>
        <_>
          39 36 2 6 -1.</_>
        <_>
          40 36 1 6 2.</_></rects>
      <tilted>0</tilted></_>
    <_>
      <rects>
        <_>
          39 38 6 1 -1.</_>
        <_>
          42 38 3 1 2.</_></rects>
      <tilted>0</tilted></_>
    <_>
      <rects>
        <_>
          40 35 2 2 -1.</_>
        <_>
          40 36 2 1 2.</_></rects>
      <tilted>0</tilted></_>
    <_>
      <rects>
        <_>
          40 45 9 2 -1.</_>
        <_>
          40 46 9 1 2.</_></rects>
      <tilted>0</tilted></_>
    <_>
      <rects>
        <_>
          41 15 16 16 -1.</_>
        <_>
          41 15 8 8 2.</_>
        <_>
          49 23 8 8 2.</_></rects>
      <tilted>0</tilted></_>
    <_>
      <rects>
        <_>
          41 28 15 6 -1.</_>
        <_>
          46 28 5 6 3.</_></rects>
      <tilted>0</tilted></_>
    <_>
      <rects>
        <_>
          41 29 2 4 -1.</_>
        <_>
          41 31 2 2 2.</_></rects>
      <tilted>0</tilted></_>
    <_>
      <rects>
        <_>
          41 38 3 2 -1.</_>
        <_>
          42 38 1 2 3.</_></rects>
      <tilted>0</tilted></_>
    <_>
      <rects>
        <_>
          41 40 2 2 -1.</_>
        <_>
          41 41 2 1 2.</_></rects>
      <tilted>0</tilted></_>
    <_>
      <rects>
        <_>
          42 18 7 10 -1.</_>
        <_>
          42 23 7 5 2.</_></rects>
      <tilted>0</tilted></_>
    <_>
      <rects>
        <_>
          42 38 2 2 -1.</_>
        <_>
          42 39 2 1 2.</_></rects>
      <tilted>0</tilted></_>
    <_>
      <rects>
        <_>
          42 40 6 4 -1.</_>
        <_>
          42 42 6 2 2.</_></rects>
      <tilted>0</tilted></_>
    <_>
      <rects>
        <_>
          43 21 12 1 -1.</_>
        <_>
          47 21 4 1 3.</_></rects>
      <tilted>0</tilted></_>
    <_>
      <rects>
        <_>
          43 25 9 14 -1.</_>
        <_>
          46 25 3 14 3.</_></rects>
      <tilted>0</tilted></_>
    <_>
      <rects>
        <_>
          44 35 5 2 -1.</_>
        <_>
          44 36 5 1 2.</_></rects>
      <tilted>0</tilted></_>
    <_>
      <rects>
        <_>
          46 21 9 2 -1.</_>
        <_>
          49 21 3 2 3.</_></rects>
      <tilted>0</tilted></_>
    <_>
      <rects>
        <_>
          48 14 3 2 -1.</_>
        <_>
          48 15 3 1 2.</_></rects>
      <tilted>0</tilted></_>
    <_>
      <rects>
        <_>
          49 47 4 1 -1.</_>
        <_>
          51 47 2 1 2.</_></rects>
      <tilted>0</tilted></_>
    <_>
      <rects>
        <_>
          50 0 5 66 -1.</_>
        <_>
          50 22 5 22 3.</_></rects>
      <tilted>0</tilted></_>
    <_>
      <rects>
        <_>
          51 8 6 45 -1.</_>
        <_>
          54 8 3 45 2.</_></rects>
      <tilted>0</tilted></_>
    <_>
      <rects>
        <_>
          51 19 6 42 -1.</_>
        <_>
          54 19 3 42 2.</_></rects>
      <tilted>0</tilted></_>
    <_>
      <rects>
        <_>
          51 43 2 1 -1.</_>
        <_>
          52 43 1 1 2.</_></rects>
      <tilted>0</tilted></_>
    <_>
      <rects>
        <_>
          52 24 2 2 -1.</_>
        <_>
          53 24 1 2 2.</_></rects>
      <tilted>0</tilted></_>
    <_>
      <rects>
        <_>
          53 19 4 29 -1.</_>
        <_>
          55 19 2 29 2.</_></rects>
      <tilted>0</tilted></_>
    <_>
      <rects>
        <_>
          53 30 2 1 -1.</_>
        <_>
          54 30 1 1 2.</_></rects>
      <tilted>0</tilted></_>
    <_>
      <rects>
        <_>
          54 30 1 2 -1.</_>
        <_>
          54 31 1 1 2.</_></rects>
      <tilted>0</tilted></_>
    <_>
      <rects>
        <_>
          54 32 3 22 -1.</_>
        <_>
          54 43 3 11 2.</_></rects>
      <tilted>0</tilted></_>
    <_>
      <rects>
        <_>
          55 15 2 33 -1.</_>
        <_>
          56 15 1 33 2.</_></rects>
      <tilted>0</tilted></_>
    <_>
      <rects>
        <_>
          55 32 2 1 -1.</_>
        <_>
          56 32 1 1 2.</_></rects>
      <tilted>0</tilted></_></features></cascade>
</opencv_storage>
