<?xml version="1.0"?>
<opencv_storage>
<cascade>
  <stageType>BOOST</stageType>
  <featureType>HAAR</featureType>
  <height>15</height>
  <width>18</width>
  <stageParams>
    <boostType>GAB</boostType>
    <minHitRate>9.9900001287460327e-01</minHitRate>
    <maxFalseAlarm>5.0000000000000000e-01</maxFalseAlarm>
    <weightTrimRate>9.4999999999999996e-01</weightTrimRate>
    <maxDepth>1</maxDepth>
    <maxWeakCount>100</maxWeakCount></stageParams>
  <featureParams>
    <maxCatCount>0</maxCatCount>
    <featSize>1</featSize>
    <mode>BASIC</mode></featureParams>
  <stageNum>20</stageNum>
  <stages>
    <!-- stage 0 -->
    <_>
      <maxWeakCount>2</maxWeakCount>
      <stageThreshold>-3.0328211188316345e-01</stageThreshold>
      <weakClassifiers>
        <_>
          <internalNodes>
            0 -1 62 -3.7410510703921318e-03</internalNodes>
          <leafValues>
            7.4636173248291016e-01 -9.3055558204650879e-01</leafValues></_>
        <_>
          <internalNodes>
            0 -1 129 -1.3893853873014450e-02</internalNodes>
          <leafValues>
            6.2727344036102295e-01 -7.6550078392028809e-01</leafValues></_></weakClassifiers></_>
    <!-- stage 1 -->
    <_>
      <maxWeakCount>5</maxWeakCount>
      <stageThreshold>-1.2733608484268188e+00</stageThreshold>
      <weakClassifiers>
        <_>
          <internalNodes>
            0 -1 135 -1.0979903861880302e-02</internalNodes>
          <leafValues>
            7.2844827175140381e-01 -7.0186334848403931e-01</leafValues></_>
        <_>
          <internalNodes>
            0 -1 154 -6.2810257077217102e-03</internalNodes>
          <leafValues>
            5.2648717164993286e-01 -4.9855875968933105e-01</leafValues></_>
        <_>
          <internalNodes>
            0 -1 71 -6.4059258438646793e-03</internalNodes>
          <leafValues>
            3.4424984455108643e-01 -8.0277323722839355e-01</leafValues></_>
        <_>
          <internalNodes>
            0 -1 42 -5.1693618297576904e-03</internalNodes>
          <leafValues>
            8.2096374034881592e-01 -3.2328078150749207e-01</leafValues></_>
        <_>
          <internalNodes>
            0 -1 42 9.6348412334918976e-03</internalNodes>
          <leafValues>
            -3.7719634175300598e-01 7.9233872890472412e-01</leafValues></_></weakClassifiers></_>
    <!-- stage 2 -->
    <_>
      <maxWeakCount>8</maxWeakCount>
      <stageThreshold>-8.9978390932083130e-01</stageThreshold>
      <weakClassifiers>
        <_>
          <internalNodes>
            0 -1 90 -2.6912659406661987e-02</internalNodes>
          <leafValues>
            -9.7435897588729858e-01 5.5027419328689575e-01</leafValues></_>
        <_>
          <internalNodes>
            0 -1 152 3.5289307124912739e-03</internalNodes>
          <leafValues>
            -8.3333140611648560e-01 3.1978419423103333e-01</leafValues></_>
        <_>
          <internalNodes>
            0 -1 87 -2.3262554313987494e-03</internalNodes>
          <leafValues>
            2.9159504175186157e-01 -8.0334872007369995e-01</leafValues></_>
        <_>
          <internalNodes>
            0 -1 57 1.2489765882492065e-01</internalNodes>
          <leafValues>
            2.5576016306877136e-01 -7.8181785345077515e-01</leafValues></_>
        <_>
          <internalNodes>
            0 -1 216 -1.1340964585542679e-02</internalNodes>
          <leafValues>
            7.5866347551345825e-01 -3.3721721172332764e-01</leafValues></_>
        <_>
          <internalNodes>
            0 -1 181 1.0216543450951576e-03</internalNodes>
          <leafValues>
            -3.9154404401779175e-01 5.9967607259750366e-01</leafValues></_>
        <_>
          <internalNodes>
            0 -1 147 -2.6074303314089775e-03</internalNodes>
          <leafValues>
            3.7309163808822632e-01 -5.9580862522125244e-01</leafValues></_>
        <_>
          <internalNodes>
            0 -1 92 -1.0100384242832661e-02</internalNodes>
          <leafValues>
            -7.8894031047821045e-01 2.8653144836425781e-01</leafValues></_></weakClassifiers></_>
    <!-- stage 3 -->
    <_>
      <maxWeakCount>7</maxWeakCount>
      <stageThreshold>-3.4028720855712891e-01</stageThreshold>
      <weakClassifiers>
        <_>
          <internalNodes>
            0 -1 68 5.1972061395645142e-02</internalNodes>
          <leafValues>
            5.4104477167129517e-01 -7.3033708333969116e-01</leafValues></_>
        <_>
          <internalNodes>
            0 -1 179 4.6398779377341270e-03</internalNodes>
          <leafValues>
            -4.5257595181465149e-01 5.6251746416091919e-01</leafValues></_>
        <_>
          <internalNodes>
            0 -1 129 -3.9264066144824028e-03</internalNodes>
          <leafValues>
            2.9863998293876648e-01 -8.5142254829406738e-01</leafValues></_>
        <_>
          <internalNodes>
            0 -1 95 -3.7088918033987284e-03</internalNodes>
          <leafValues>
            2.2873751819133759e-01 -6.6876459121704102e-01</leafValues></_>
        <_>
          <internalNodes>
            0 -1 238 6.4653465524315834e-03</internalNodes>
          <leafValues>
            -2.7027407288551331e-01 7.1234756708145142e-01</leafValues></_>
        <_>
          <internalNodes>
            0 -1 237 -1.1705357581377029e-02</internalNodes>
          <leafValues>
            7.1016561985015869e-01 -2.1280719339847565e-01</leafValues></_>
        <_>
          <internalNodes>
            0 -1 104 4.2168893851339817e-03</internalNodes>
          <leafValues>
            -2.1676380932331085e-01 7.8120994567871094e-01</leafValues></_></weakClassifiers></_>
    <!-- stage 4 -->
    <_>
      <maxWeakCount>8</maxWeakCount>
      <stageThreshold>-8.0351191759109497e-01</stageThreshold>
      <weakClassifiers>
        <_>
          <internalNodes>
            0 -1 152 5.1693404093384743e-03</internalNodes>
          <leafValues>
            -5.0724637508392334e-01 6.0574948787689209e-01</leafValues></_>
        <_>
          <internalNodes>
            0 -1 106 1.0970386862754822e-01</internalNodes>
          <leafValues>
            2.5896367430686951e-01 -8.3325189352035522e-01</leafValues></_>
        <_>
          <internalNodes>
            0 -1 23 1.0415313765406609e-02</internalNodes>
          <leafValues>
            -2.3049151897430420e-01 8.4959346055984497e-01</leafValues></_>
        <_>
          <internalNodes>
            0 -1 91 -1.3136883266270161e-02</internalNodes>
          <leafValues>
            -8.9729672670364380e-01 2.2660331428050995e-01</leafValues></_>
        <_>
          <internalNodes>
            0 -1 225 -2.9254895634949207e-03</internalNodes>
          <leafValues>
            7.2183346748352051e-01 -3.3409103751182556e-01</leafValues></_>
        <_>
          <internalNodes>
            0 -1 72 3.0804120469838381e-03</internalNodes>
          <leafValues>
            2.9181817173957825e-01 -9.7314572334289551e-01</leafValues></_>
        <_>
          <internalNodes>
            0 -1 226 -6.7144273780286312e-03</internalNodes>
          <leafValues>
            7.6841765642166138e-01 -3.0988019704818726e-01</leafValues></_>
        <_>
          <internalNodes>
            0 -1 160 4.7229062765836716e-03</internalNodes>
          <leafValues>
            -1.9918793439865112e-01 7.6877677440643311e-01</leafValues></_></weakClassifiers></_>
    <!-- stage 5 -->
    <_>
      <maxWeakCount>12</maxWeakCount>
      <stageThreshold>-7.1560847759246826e-01</stageThreshold>
      <weakClassifiers>
        <_>
          <internalNodes>
            0 -1 127 1.2989056110382080e-01</internalNodes>
          <leafValues>
            4.8837208747863770e-01 -7.2727274894714355e-01</leafValues></_>
        <_>
          <internalNodes>
            0 -1 165 7.8059928491711617e-03</internalNodes>
          <leafValues>
            -3.6776903271675110e-01 4.6172198653221130e-01</leafValues></_>
        <_>
          <internalNodes>
            0 -1 149 -5.2233142778277397e-03</internalNodes>
          <leafValues>
            8.5423582792282104e-01 -1.4834119379520416e-01</leafValues></_>
        <_>
          <internalNodes>
            0 -1 133 1.0836829897016287e-03</internalNodes>
          <leafValues>
            -2.9160723090171814e-01 4.8525965213775635e-01</leafValues></_>
        <_>
          <internalNodes>
            0 -1 207 -8.1867721746675670e-05</internalNodes>
          <leafValues>
            4.0220889449119568e-01 -3.6034461855888367e-01</leafValues></_>
        <_>
          <internalNodes>
            0 -1 178 6.7142781335860491e-04</internalNodes>
          <leafValues>
            -2.5979459285736084e-01 5.3341442346572876e-01</leafValues></_>
        <_>
          <internalNodes>
            0 -1 63 3.2379172742366791e-02</internalNodes>
          <leafValues>
            1.5767411887645721e-01 -8.8260138034820557e-01</leafValues></_>
        <_>
          <internalNodes>
            0 -1 220 -5.3176246583461761e-03</internalNodes>
          <leafValues>
            7.7840924263000488e-01 -1.9191913306713104e-01</leafValues></_>
        <_>
          <internalNodes>
            0 -1 208 -4.9974210560321808e-03</internalNodes>
          <leafValues>
            9.0048211812973022e-01 -1.4154994487762451e-01</leafValues></_>
        <_>
          <internalNodes>
            0 -1 117 -4.3387818150222301e-03</internalNodes>
          <leafValues>
            -8.1089264154434204e-01 2.1822923421859741e-01</leafValues></_>
        <_>
          <internalNodes>
            0 -1 40 -5.7133813388645649e-03</internalNodes>
          <leafValues>
            6.2247771024703979e-01 -2.3787505924701691e-01</leafValues></_>
        <_>
          <internalNodes>
            0 -1 38 1.0346709750592709e-02</internalNodes>
          <leafValues>
            -1.4360573887825012e-01 8.7084662914276123e-01</leafValues></_></weakClassifiers></_>
    <!-- stage 6 -->
    <_>
      <maxWeakCount>12</maxWeakCount>
      <stageThreshold>-8.9750379323959351e-01</stageThreshold>
      <weakClassifiers>
        <_>
          <internalNodes>
            0 -1 15 -1.1164304614067078e-01</internalNodes>
          <leafValues>
            -7.4603176116943359e-01 4.8398575186729431e-01</leafValues></_>
        <_>
          <internalNodes>
            0 -1 161 -8.6916340515017509e-03</internalNodes>
          <leafValues>
            4.8772484064102173e-01 -2.9353961348533630e-01</leafValues></_>
        <_>
          <internalNodes>
            0 -1 47 -5.6233843788504601e-03</internalNodes>
          <leafValues>
            7.6057302951812744e-01 -1.8449954688549042e-01</leafValues></_>
        <_>
          <internalNodes>
            0 -1 105 1.8726654350757599e-02</internalNodes>
          <leafValues>
            2.9151323437690735e-01 -4.5002865791320801e-01</leafValues></_>
        <_>
          <internalNodes>
            0 -1 234 -1.3875154778361320e-02</internalNodes>
          <leafValues>
            7.4706041812896729e-01 -1.9976148009300232e-01</leafValues></_>
        <_>
          <internalNodes>
            0 -1 37 -6.3263126648962498e-03</internalNodes>
          <leafValues>
            2.4372585117816925e-01 -6.1929249763488770e-01</leafValues></_>
        <_>
          <internalNodes>
            0 -1 1 -2.9011197388172150e-02</internalNodes>
          <leafValues>
            -5.7701456546783447e-01 2.4559161067008972e-01</leafValues></_>
        <_>
          <internalNodes>
            0 -1 158 4.2807618156075478e-03</internalNodes>
          <leafValues>
            -2.3984119296073914e-01 6.4216154813766479e-01</leafValues></_>
        <_>
          <internalNodes>
            0 -1 65 -3.8577569648623466e-03</internalNodes>
          <leafValues>
            8.7934648990631104e-01 -1.2258574366569519e-01</leafValues></_>
        <_>
          <internalNodes>
            0 -1 131 5.3900264203548431e-02</internalNodes>
          <leafValues>
            2.1605247259140015e-01 -7.3234111070632935e-01</leafValues></_>
        <_>
          <internalNodes>
            0 -1 79 -5.5367043241858482e-03</internalNodes>
          <leafValues>
            5.6789320707321167e-01 -2.5506630539894104e-01</leafValues></_>
        <_>
          <internalNodes>
            0 -1 150 -1.9586072303354740e-03</internalNodes>
          <leafValues>
            5.1983702182769775e-01 -2.6047268509864807e-01</leafValues></_></weakClassifiers></_>
    <!-- stage 7 -->
    <_>
      <maxWeakCount>13</maxWeakCount>
      <stageThreshold>-7.2001564502716064e-01</stageThreshold>
      <weakClassifiers>
        <_>
          <internalNodes>
            0 -1 107 1.9005623180419207e-03</internalNodes>
          <leafValues>
            4.7889909148216248e-01 -4.4999998807907104e-01</leafValues></_>
        <_>
          <internalNodes>
            0 -1 169 7.7347853220999241e-04</internalNodes>
          <leafValues>
            -4.1337350010871887e-01 3.1028488278388977e-01</leafValues></_>
        <_>
          <internalNodes>
            0 -1 176 1.1846158653497696e-02</internalNodes>
          <leafValues>
            -1.5488561987876892e-01 8.6045879125595093e-01</leafValues></_>
        <_>
          <internalNodes>
            0 -1 39 9.5809008926153183e-03</internalNodes>
          <leafValues>
            -2.1203114092350006e-01 7.3256599903106689e-01</leafValues></_>
        <_>
          <internalNodes>
            0 -1 61 3.1018042936921120e-03</internalNodes>
          <leafValues>
            -1.9797961413860321e-01 6.2253963947296143e-01</leafValues></_>
        <_>
          <internalNodes>
            0 -1 167 3.5897127818316221e-03</internalNodes>
          <leafValues>
            -1.6743674874305725e-01 6.7915511131286621e-01</leafValues></_>
        <_>
          <internalNodes>
            0 -1 228 6.3730920664966106e-03</internalNodes>
          <leafValues>
            -1.4618533849716187e-01 8.7045085430145264e-01</leafValues></_>
        <_>
          <internalNodes>
            0 -1 230 -1.0016435757279396e-02</internalNodes>
          <leafValues>
            8.2379633188247681e-01 -1.3803218305110931e-01</leafValues></_>
        <_>
          <internalNodes>
            0 -1 16 2.1175215020775795e-02</internalNodes>
          <leafValues>
            -1.4731337130069733e-01 6.5122550725936890e-01</leafValues></_>
        <_>
          <internalNodes>
            0 -1 31 -3.5405894741415977e-03</internalNodes>
          <leafValues>
            5.5390727519989014e-01 -1.8933366239070892e-01</leafValues></_>
        <_>
          <internalNodes>
            0 -1 209 8.5673592984676361e-03</internalNodes>
          <leafValues>
            -2.0372280478477478e-01 6.6004925966262817e-01</leafValues></_>
        <_>
          <internalNodes>
            0 -1 136 5.6919753551483154e-03</internalNodes>
          <leafValues>
            1.8754050135612488e-01 -6.9894462823867798e-01</leafValues></_>
        <_>
          <internalNodes>
            0 -1 126 3.4370855428278446e-03</internalNodes>
          <leafValues>
            -2.1470019221305847e-01 6.2101119756698608e-01</leafValues></_></weakClassifiers></_>
    <!-- stage 8 -->
    <_>
      <maxWeakCount>13</maxWeakCount>
      <stageThreshold>-4.7361740469932556e-01</stageThreshold>
      <weakClassifiers>
        <_>
          <internalNodes>
            0 -1 108 4.0762305259704590e-02</internalNodes>
          <leafValues>
            4.5077720284461975e-01 -7.8260868787765503e-01</leafValues></_>
        <_>
          <internalNodes>
            0 -1 45 6.2770312651991844e-03</internalNodes>
          <leafValues>
            -7.3887564241886139e-02 7.9860311746597290e-01</leafValues></_>
        <_>
          <internalNodes>
            0 -1 232 1.9505642354488373e-02</internalNodes>
          <leafValues>
            -1.2896484136581421e-01 7.9267609119415283e-01</leafValues></_>
        <_>
          <internalNodes>
            0 -1 47 -5.7190945371985435e-03</internalNodes>
          <leafValues>
            6.0578858852386475e-01 -1.8492412567138672e-01</leafValues></_>
        <_>
          <internalNodes>
            0 -1 13 -1.7872847616672516e-01</internalNodes>
          <leafValues>
            -8.2473534345626831e-01 1.8141271173954010e-01</leafValues></_>
        <_>
          <internalNodes>
            0 -1 167 4.3742833659052849e-03</internalNodes>
          <leafValues>
            -2.0284229516983032e-01 5.5303072929382324e-01</leafValues></_>
        <_>
          <internalNodes>
            0 -1 184 6.4604289946146309e-05</internalNodes>
          <leafValues>
            -4.6534702181816101e-01 2.3944087326526642e-01</leafValues></_>
        <_>
          <internalNodes>
            0 -1 124 1.4868138357996941e-02</internalNodes>
          <leafValues>
            1.3871018588542938e-01 -8.4955942630767822e-01</leafValues></_>
        <_>
          <internalNodes>
            0 -1 81 -2.6416424661874771e-03</internalNodes>
          <leafValues>
            6.7479062080383301e-01 -1.6855728626251221e-01</leafValues></_>
        <_>
          <internalNodes>
            0 -1 102 6.2533365562558174e-03</internalNodes>
          <leafValues>
            -1.3134652376174927e-01 7.6166772842407227e-01</leafValues></_>
        <_>
          <internalNodes>
            0 -1 130 -3.6124236881732941e-02</internalNodes>
          <leafValues>
            -8.9355456829071045e-01 1.4792925119400024e-01</leafValues></_>
        <_>
          <internalNodes>
            0 -1 229 9.0009709820151329e-03</internalNodes>
          <leafValues>
            -1.6937093436717987e-01 7.5365340709686279e-01</leafValues></_>
        <_>
          <internalNodes>
            0 -1 6 -3.0653107911348343e-02</internalNodes>
          <leafValues>
            6.6989928483963013e-01 -1.2932087481021881e-01</leafValues></_></weakClassifiers></_>
    <!-- stage 9 -->
    <_>
      <maxWeakCount>13</maxWeakCount>
      <stageThreshold>-7.1571624279022217e-01</stageThreshold>
      <weakClassifiers>
        <_>
          <internalNodes>
            0 -1 85 -1.9423933699727058e-02</internalNodes>
          <leafValues>
            5.1171875000000000e-01 -3.2743361592292786e-01</leafValues></_>
        <_>
          <internalNodes>
            0 -1 222 2.4521239101886749e-02</internalNodes>
          <leafValues>
            -6.5492741763591766e-02 9.7415173053741455e-01</leafValues></_>
        <_>
          <internalNodes>
            0 -1 174 -1.0861789342015982e-03</internalNodes>
          <leafValues>
            3.0922520160675049e-01 -3.3540424704551697e-01</leafValues></_>
        <_>
          <internalNodes>
            0 -1 82 1.3844198547303677e-02</internalNodes>
          <leafValues>
            1.3432964682579041e-01 -8.6490941047668457e-01</leafValues></_>
        <_>
          <internalNodes>
            0 -1 141 5.1568478345870972e-02</internalNodes>
          <leafValues>
            1.3650232553482056e-01 -7.1858286857604980e-01</leafValues></_>
        <_>
          <internalNodes>
            0 -1 225 -8.0720186233520508e-03</internalNodes>
          <leafValues>
            7.9597574472427368e-01 -1.4894221723079681e-01</leafValues></_>
        <_>
          <internalNodes>
            0 -1 134 2.3422611877322197e-02</internalNodes>
          <leafValues>
            1.6079773008823395e-01 -7.6536864042282104e-01</leafValues></_>
        <_>
          <internalNodes>
            0 -1 235 -9.1073866933584213e-03</internalNodes>
          <leafValues>
            6.5399968624114990e-01 -1.8420056998729706e-01</leafValues></_>
        <_>
          <internalNodes>
            0 -1 87 -1.0092939919559285e-04</internalNodes>
          <leafValues>
            1.4961688220500946e-01 -8.5010343790054321e-01</leafValues></_>
        <_>
          <internalNodes>
            0 -1 123 6.9313572021201253e-04</internalNodes>
          <leafValues>
            -3.6810556054115295e-01 2.6292327046394348e-01</leafValues></_>
        <_>
          <internalNodes>
            0 -1 192 6.8314600503072143e-04</internalNodes>
          <leafValues>
            1.7140056192874908e-01 -5.7295793294906616e-01</leafValues></_>
        <_>
          <internalNodes>
            0 -1 100 8.1965967547148466e-04</internalNodes>
          <leafValues>
            2.2423227131366730e-01 -4.5394691824913025e-01</leafValues></_>
        <_>
          <internalNodes>
            0 -1 20 8.3772698417305946e-04</internalNodes>
          <leafValues>
            1.9333258271217346e-01 -5.1783168315887451e-01</leafValues></_></weakClassifiers></_>
    <!-- stage 10 -->
    <_>
      <maxWeakCount>17</maxWeakCount>
      <stageThreshold>-6.7236953973770142e-01</stageThreshold>
      <weakClassifiers>
        <_>
          <internalNodes>
            0 -1 151 7.4243545532226562e-03</internalNodes>
          <leafValues>
            -4.7272726893424988e-01 5.3786408901214600e-01</leafValues></_>
        <_>
          <internalNodes>
            0 -1 67 3.7665818817913532e-03</internalNodes>
          <leafValues>
            2.3604829609394073e-01 -5.1989436149597168e-01</leafValues></_>
        <_>
          <internalNodes>
            0 -1 97 -1.9564777612686157e-02</internalNodes>
          <leafValues>
            -7.3975265026092529e-01 1.5937966108322144e-01</leafValues></_>
        <_>
          <internalNodes>
            0 -1 11 2.5180035829544067e-01</internalNodes>
          <leafValues>
            9.3491390347480774e-02 -8.7579822540283203e-01</leafValues></_>
        <_>
          <internalNodes>
            0 -1 43 8.0383531749248505e-03</internalNodes>
          <leafValues>
            -5.0845682621002197e-01 1.5854233503341675e-01</leafValues></_>
        <_>
          <internalNodes>
            0 -1 137 7.1218945086002350e-03</internalNodes>
          <leafValues>
            1.1432243138551712e-01 -9.0101993083953857e-01</leafValues></_>
        <_>
          <internalNodes>
            0 -1 197 6.1869085766375065e-03</internalNodes>
          <leafValues>
            -3.0837807059288025e-01 2.9615110158920288e-01</leafValues></_>
        <_>
          <internalNodes>
            0 -1 74 -5.1537516992539167e-04</internalNodes>
          <leafValues>
            1.4164750277996063e-01 -6.3117319345474243e-01</leafValues></_>
        <_>
          <internalNodes>
            0 -1 182 3.9391798054566607e-05</internalNodes>
          <leafValues>
            -3.9539852738380432e-01 2.2296562790870667e-01</leafValues></_>
        <_>
          <internalNodes>
            0 -1 84 3.1982273794710636e-03</internalNodes>
          <leafValues>
            1.2103154510259628e-01 -7.9734754562377930e-01</leafValues></_>
        <_>
          <internalNodes>
            0 -1 240 -8.6416909471154213e-04</internalNodes>
          <leafValues>
            -4.9212375283241272e-01 1.6942791640758514e-01</leafValues></_>
        <_>
          <internalNodes>
            0 -1 103 5.2661545574665070e-02</internalNodes>
          <leafValues>
            1.4048592746257782e-01 -7.5112354755401611e-01</leafValues></_>
        <_>
          <internalNodes>
            0 -1 155 -1.9695903174579144e-03</internalNodes>
          <leafValues>
            -6.9502902030944824e-01 1.1460927128791809e-01</leafValues></_>
        <_>
          <internalNodes>
            0 -1 178 6.3778286857996136e-05</internalNodes>
          <leafValues>
            -2.7214327454566956e-01 3.5833403468132019e-01</leafValues></_>
        <_>
          <internalNodes>
            0 -1 76 -1.5576845034956932e-02</internalNodes>
          <leafValues>
            -8.4579652547836304e-01 1.1593244224786758e-01</leafValues></_>
        <_>
          <internalNodes>
            0 -1 186 -2.0933084189891815e-02</internalNodes>
          <leafValues>
            4.0709036588668823e-01 -2.5244337320327759e-01</leafValues></_>
        <_>
          <internalNodes>
            0 -1 180 -8.0425534397363663e-03</internalNodes>
          <leafValues>
            4.0077793598175049e-01 -3.1187295913696289e-01</leafValues></_></weakClassifiers></_>
    <!-- stage 11 -->
    <_>
      <maxWeakCount>16</maxWeakCount>
      <stageThreshold>-7.5461643934249878e-01</stageThreshold>
      <weakClassifiers>
        <_>
          <internalNodes>
            0 -1 202 2.9481384903192520e-02</internalNodes>
          <leafValues>
            4.6619215607643127e-01 -5.8730161190032959e-01</leafValues></_>
        <_>
          <internalNodes>
            0 -1 166 8.0641806125640869e-03</internalNodes>
          <leafValues>
            -2.7216976881027222e-01 4.8797973990440369e-01</leafValues></_>
        <_>
          <internalNodes>
            0 -1 205 1.6330339713022113e-03</internalNodes>
          <leafValues>
            1.4418944716453552e-01 -5.9882569313049316e-01</leafValues></_>
        <_>
          <internalNodes>
            0 -1 110 -1.1103195138275623e-03</internalNodes>
          <leafValues>
            1.4729286730289459e-01 -6.5413868427276611e-01</leafValues></_>
        <_>
          <internalNodes>
            0 -1 54 -1.4316613785922527e-02</internalNodes>
          <leafValues>
            2.3199982941150665e-01 -4.0466168522834778e-01</leafValues></_>
        <_>
          <internalNodes>
            0 -1 58 -5.0855888985097408e-03</internalNodes>
          <leafValues>
            2.0690840482711792e-01 -4.2827567458152771e-01</leafValues></_>
        <_>
          <internalNodes>
            0 -1 60 -7.5836524367332458e-02</internalNodes>
          <leafValues>
            -7.3514986038208008e-01 7.7933490276336670e-02</leafValues></_>
        <_>
          <internalNodes>
            0 -1 218 -2.4909604340791702e-02</internalNodes>
          <leafValues>
            6.4852756261825562e-01 -1.5926542878150940e-01</leafValues></_>
        <_>
          <internalNodes>
            0 -1 211 1.8085168674588203e-02</internalNodes>
          <leafValues>
            -2.0769478380680084e-01 5.0761163234710693e-01</leafValues></_>
        <_>
          <internalNodes>
            0 -1 21 8.8839426636695862e-02</internalNodes>
          <leafValues>
            -1.7460224032402039e-01 5.9570944309234619e-01</leafValues></_>
        <_>
          <internalNodes>
            0 -1 111 5.5889286100864410e-02</internalNodes>
          <leafValues>
            1.2403874844312668e-01 -9.3859219551086426e-01</leafValues></_>
        <_>
          <internalNodes>
            0 -1 183 -4.7036963514983654e-03</internalNodes>
          <leafValues>
            4.8106807470321655e-01 -2.4527205526828766e-01</leafValues></_>
        <_>
          <internalNodes>
            0 -1 20 -3.1465883366763592e-03</internalNodes>
          <leafValues>
            -7.2495758533477783e-01 1.3931828737258911e-01</leafValues></_>
        <_>
          <internalNodes>
            0 -1 118 1.3720140559598804e-03</internalNodes>
          <leafValues>
            -6.0829532146453857e-01 1.5049056708812714e-01</leafValues></_>
        <_>
          <internalNodes>
            0 -1 139 -2.1722526289522648e-03</internalNodes>
          <leafValues>
            -5.4192143678665161e-01 1.8622897565364838e-01</leafValues></_>
        <_>
          <internalNodes>
            0 -1 132 7.4191339313983917e-02</internalNodes>
          <leafValues>
            1.4765904843807220e-01 -8.7299889326095581e-01</leafValues></_></weakClassifiers></_>
    <!-- stage 12 -->
    <_>
      <maxWeakCount>13</maxWeakCount>
      <stageThreshold>-6.2378549575805664e-01</stageThreshold>
      <weakClassifiers>
        <_>
          <internalNodes>
            0 -1 143 1.5866024419665337e-02</internalNodes>
          <leafValues>
            4.8591548204421997e-01 -8.9473682641983032e-01</leafValues></_>
        <_>
          <internalNodes>
            0 -1 93 -7.1045057848095894e-04</internalNodes>
          <leafValues>
            2.2332374751567841e-01 -6.5980470180511475e-01</leafValues></_>
        <_>
          <internalNodes>
            0 -1 170 -4.1502098611090332e-05</internalNodes>
          <leafValues>
            1.2939794361591339e-01 -5.8840066194534302e-01</leafValues></_>
        <_>
          <internalNodes>
            0 -1 86 -1.0226126760244370e-02</internalNodes>
          <leafValues>
            1.3452158868312836e-01 -7.2858953475952148e-01</leafValues></_>
        <_>
          <internalNodes>
            0 -1 181 2.7895331731997430e-04</internalNodes>
          <leafValues>
            -4.2091855406761169e-01 2.9468101263046265e-01</leafValues></_>
        <_>
          <internalNodes>
            0 -1 51 1.7824191600084305e-02</internalNodes>
          <leafValues>
            -1.8266968429088593e-01 5.9206265211105347e-01</leafValues></_>
        <_>
          <internalNodes>
            0 -1 4 -3.7261404097080231e-02</internalNodes>
          <leafValues>
            6.1345750093460083e-01 -1.7674319446086884e-01</leafValues></_>
        <_>
          <internalNodes>
            0 -1 27 2.5827828794717789e-02</internalNodes>
          <leafValues>
            -1.5522636473178864e-01 7.2021806240081787e-01</leafValues></_>
        <_>
          <internalNodes>
            0 -1 138 -4.7829407267272472e-03</internalNodes>
          <leafValues>
            -5.1396369934082031e-01 2.3801772296428680e-01</leafValues></_>
        <_>
          <internalNodes>
            0 -1 128 8.6045073112472892e-04</internalNodes>
          <leafValues>
            1.7079223692417145e-01 -6.3615512847900391e-01</leafValues></_>
        <_>
          <internalNodes>
            0 -1 99 -5.5421711876988411e-03</internalNodes>
          <leafValues>
            -6.0615819692611694e-01 1.4438034594058990e-01</leafValues></_>
        <_>
          <internalNodes>
            0 -1 219 3.5589423030614853e-02</internalNodes>
          <leafValues>
            1.6462066769599915e-01 -6.6000050306320190e-01</leafValues></_>
        <_>
          <internalNodes>
            0 -1 101 6.8035253207199275e-05</internalNodes>
          <leafValues>
            -3.0246061086654663e-01 3.6493405699729919e-01</leafValues></_></weakClassifiers></_>
    <!-- stage 13 -->
    <_>
      <maxWeakCount>11</maxWeakCount>
      <stageThreshold>-7.0435249805450439e-01</stageThreshold>
      <weakClassifiers>
        <_>
          <internalNodes>
            0 -1 78 9.6722245216369629e-02</internalNodes>
          <leafValues>
            4.9732619524002075e-01 -8.4375000000000000e-01</leafValues></_>
        <_>
          <internalNodes>
            0 -1 140 -1.6741619911044836e-03</internalNodes>
          <leafValues>
            -5.7328587770462036e-01 2.8676575422286987e-01</leafValues></_>
        <_>
          <internalNodes>
            0 -1 9 6.4550891518592834e-02</internalNodes>
          <leafValues>
            -2.4753364920616150e-01 7.0014339685440063e-01</leafValues></_>
        <_>
          <internalNodes>
            0 -1 200 3.2323203980922699e-02</internalNodes>
          <leafValues>
            1.5452259778976440e-01 -8.3432543277740479e-01</leafValues></_>
        <_>
          <internalNodes>
            0 -1 3 -3.6331947892904282e-02</internalNodes>
          <leafValues>
            4.9383035302162170e-01 -2.4954003095626831e-01</leafValues></_>
        <_>
          <internalNodes>
            0 -1 0 -1.6140989027917385e-03</internalNodes>
          <leafValues>
            -5.6862139701843262e-01 2.4954374134540558e-01</leafValues></_>
        <_>
          <internalNodes>
            0 -1 177 -9.2667102813720703e-02</internalNodes>
          <leafValues>
            8.0220234394073486e-01 -1.9170430302619934e-01</leafValues></_>
        <_>
          <internalNodes>
            0 -1 221 3.7538953125476837e-02</internalNodes>
          <leafValues>
            -1.7012792825698853e-01 7.0781582593917847e-01</leafValues></_>
        <_>
          <internalNodes>
            0 -1 113 -1.2901034206151962e-02</internalNodes>
          <leafValues>
            -5.8292096853256226e-01 2.4461662769317627e-01</leafValues></_>
        <_>
          <internalNodes>
            0 -1 112 2.5785672478377819e-03</internalNodes>
          <leafValues>
            1.2608261406421661e-01 -9.4953179359436035e-01</leafValues></_>
        <_>
          <internalNodes>
            0 -1 171 2.5885966606438160e-03</internalNodes>
          <leafValues>
            1.9802165031433105e-01 -5.4425251483917236e-01</leafValues></_></weakClassifiers></_>
    <!-- stage 14 -->
    <_>
      <maxWeakCount>18</maxWeakCount>
      <stageThreshold>-9.0736609697341919e-01</stageThreshold>
      <weakClassifiers>
        <_>
          <internalNodes>
            0 -1 187 2.5210008025169373e-03</internalNodes>
          <leafValues>
            4.5233967900276184e-01 -7.5000000000000000e-01</leafValues></_>
        <_>
          <internalNodes>
            0 -1 30 -2.3117537796497345e-01</internalNodes>
          <leafValues>
            -7.1851474046707153e-01 1.9095604121685028e-01</leafValues></_>
        <_>
          <internalNodes>
            0 -1 2 6.0149334371089935e-02</internalNodes>
          <leafValues>
            -2.2612854838371277e-01 5.4113441705703735e-01</leafValues></_>
        <_>
          <internalNodes>
            0 -1 147 -1.8112665275111794e-03</internalNodes>
          <leafValues>
            2.2630082070827484e-01 -5.1939404010772705e-01</leafValues></_>
        <_>
          <internalNodes>
            0 -1 8 -7.4968650005757809e-04</internalNodes>
          <leafValues>
            -5.5441445112228394e-01 2.2126413881778717e-01</leafValues></_>
        <_>
          <internalNodes>
            0 -1 142 -1.2532299757003784e-01</internalNodes>
          <leafValues>
            6.4009892940521240e-01 -2.0523676276206970e-01</leafValues></_>
        <_>
          <internalNodes>
            0 -1 148 -3.0602157115936279e-02</internalNodes>
          <leafValues>
            -5.7874554395675659e-01 1.8942721188068390e-01</leafValues></_>
        <_>
          <internalNodes>
            0 -1 77 9.1764784883707762e-04</internalNodes>
          <leafValues>
            1.3252167403697968e-01 -6.8136876821517944e-01</leafValues></_>
        <_>
          <internalNodes>
            0 -1 41 -3.1882966868579388e-03</internalNodes>
          <leafValues>
            4.7818422317504883e-01 -2.4391296505928040e-01</leafValues></_>
        <_>
          <internalNodes>
            0 -1 19 -1.4391299337148666e-03</internalNodes>
          <leafValues>
            -4.5861342549324036e-01 2.2495473921298981e-01</leafValues></_>
        <_>
          <internalNodes>
            0 -1 70 9.6352808177471161e-03</internalNodes>
          <leafValues>
            1.2947033345699310e-01 -7.2272527217864990e-01</leafValues></_>
        <_>
          <internalNodes>
            0 -1 96 -4.0595745667815208e-03</internalNodes>
          <leafValues>
            2.5518935918807983e-01 -3.8373598456382751e-01</leafValues></_>
        <_>
          <internalNodes>
            0 -1 18 3.2422714866697788e-03</internalNodes>
          <leafValues>
            1.7608660459518433e-01 -5.4555433988571167e-01</leafValues></_>
        <_>
          <internalNodes>
            0 -1 223 -8.0159343779087067e-03</internalNodes>
          <leafValues>
            5.0445538759231567e-01 -1.7785443365573883e-01</leafValues></_>
        <_>
          <internalNodes>
            0 -1 153 -4.5901206322014332e-03</internalNodes>
          <leafValues>
            2.4584265053272247e-01 -4.1584065556526184e-01</leafValues></_>
        <_>
          <internalNodes>
            0 -1 213 -1.8601000774651766e-03</internalNodes>
          <leafValues>
            -4.0208619832992554e-01 2.3190681636333466e-01</leafValues></_>
        <_>
          <internalNodes>
            0 -1 48 -2.1137725561857224e-02</internalNodes>
          <leafValues>
            -6.2071323394775391e-01 1.4990346133708954e-01</leafValues></_>
        <_>
          <internalNodes>
            0 -1 125 -3.4467619843780994e-03</internalNodes>
          <leafValues>
            4.4989946484565735e-01 -2.0889002084732056e-01</leafValues></_></weakClassifiers></_>
    <!-- stage 15 -->
    <_>
      <maxWeakCount>14</maxWeakCount>
      <stageThreshold>-4.9795693159103394e-01</stageThreshold>
      <weakClassifiers>
        <_>
          <internalNodes>
            0 -1 115 9.3257622793316841e-03</internalNodes>
          <leafValues>
            4.4463372230529785e-01 -9.4736844301223755e-01</leafValues></_>
        <_>
          <internalNodes>
            0 -1 10 9.9927634000778198e-02</internalNodes>
          <leafValues>
            -2.2218602895736694e-01 6.3198095560073853e-01</leafValues></_>
        <_>
          <internalNodes>
            0 -1 116 -7.3959501460194588e-03</internalNodes>
          <leafValues>
            -5.4723614454269409e-01 2.0717470347881317e-01</leafValues></_>
        <_>
          <internalNodes>
            0 -1 0 2.9118615202605724e-03</internalNodes>
          <leafValues>
            1.8075630068778992e-01 -5.3497010469436646e-01</leafValues></_>
        <_>
          <internalNodes>
            0 -1 206 -5.3252524230629206e-04</internalNodes>
          <leafValues>
            3.9028811454772949e-01 -2.6870086789131165e-01</leafValues></_>
        <_>
          <internalNodes>
            0 -1 199 4.7912735491991043e-02</internalNodes>
          <leafValues>
            -2.1210514008998871e-01 6.2054789066314697e-01</leafValues></_>
        <_>
          <internalNodes>
            0 -1 203 3.2947162981145084e-04</internalNodes>
          <leafValues>
            -3.1813833117485046e-01 3.3968919515609741e-01</leafValues></_>
        <_>
          <internalNodes>
            0 -1 236 -7.2437440976500511e-03</internalNodes>
          <leafValues>
            5.6946337223052979e-01 -1.8244330585002899e-01</leafValues></_>
        <_>
          <internalNodes>
            0 -1 239 1.0103021049872041e-03</internalNodes>
          <leafValues>
            2.2204241156578064e-01 -4.8028209805488586e-01</leafValues></_>
        <_>
          <internalNodes>
            0 -1 109 2.4320736527442932e-02</internalNodes>
          <leafValues>
            9.9894553422927856e-02 -7.9610097408294678e-01</leafValues></_>
        <_>
          <internalNodes>
            0 -1 59 -1.1347820982336998e-02</internalNodes>
          <leafValues>
            2.8074383735656738e-01 -3.6996331810951233e-01</leafValues></_>
        <_>
          <internalNodes>
            0 -1 172 -5.2493567636702210e-05</internalNodes>
          <leafValues>
            2.8643810749053955e-01 -3.4965673089027405e-01</leafValues></_>
        <_>
          <internalNodes>
            0 -1 33 -1.1296258307993412e-02</internalNodes>
          <leafValues>
            6.8809241056442261e-01 -1.7158420383930206e-01</leafValues></_>
        <_>
          <internalNodes>
            0 -1 144 -5.5537536740303040e-02</internalNodes>
          <leafValues>
            8.2318568229675293e-01 -9.2541120946407318e-02</leafValues></_></weakClassifiers></_>
    <!-- stage 16 -->
    <_>
      <maxWeakCount>19</maxWeakCount>
      <stageThreshold>-7.3607754707336426e-01</stageThreshold>
      <weakClassifiers>
        <_>
          <internalNodes>
            0 -1 204 3.0038536060601473e-03</internalNodes>
          <leafValues>
            4.4290658831596375e-01 -6.5957444906234741e-01</leafValues></_>
        <_>
          <internalNodes>
            0 -1 36 -7.9118814319372177e-03</internalNodes>
          <leafValues>
            3.9121821522712708e-01 -2.4275824427604675e-01</leafValues></_>
        <_>
          <internalNodes>
            0 -1 5 -1.7283102497458458e-03</internalNodes>
          <leafValues>
            -5.9754979610443115e-01 1.2446939200162888e-01</leafValues></_>
        <_>
          <internalNodes>
            0 -1 5 1.2334903003647923e-03</internalNodes>
          <leafValues>
            1.7550553381443024e-01 -4.4954887032508850e-01</leafValues></_>
        <_>
          <internalNodes>
            0 -1 56 -1.3231835328042507e-02</internalNodes>
          <leafValues>
            2.2415074706077576e-01 -3.6167997121810913e-01</leafValues></_>
        <_>
          <internalNodes>
            0 -1 145 1.9473046064376831e-02</internalNodes>
          <leafValues>
            9.7954317927360535e-02 -7.5994747877120972e-01</leafValues></_>
        <_>
          <internalNodes>
            0 -1 114 8.7660312652587891e-02</internalNodes>
          <leafValues>
            1.3700294494628906e-01 -6.1882531642913818e-01</leafValues></_>
        <_>
          <internalNodes>
            0 -1 133 6.8393966648727655e-04</internalNodes>
          <leafValues>
            -2.8237137198448181e-01 2.8904226422309875e-01</leafValues></_>
        <_>
          <internalNodes>
            0 -1 25 -5.0093811005353928e-03</internalNodes>
          <leafValues>
            5.8034843206405640e-01 -1.5809805691242218e-01</leafValues></_>
        <_>
          <internalNodes>
            0 -1 44 -3.9326697587966919e-03</internalNodes>
          <leafValues>
            6.1753416061401367e-01 -1.6443292796611786e-01</leafValues></_>
        <_>
          <internalNodes>
            0 -1 69 -5.5113723501563072e-03</internalNodes>
          <leafValues>
            1.9504345953464508e-01 -5.2342945337295532e-01</leafValues></_>
        <_>
          <internalNodes>
            0 -1 212 5.6822009384632111e-02</internalNodes>
          <leafValues>
            -1.5090255439281464e-01 6.1663073301315308e-01</leafValues></_>
        <_>
          <internalNodes>
            0 -1 217 4.4895448809256777e-05</internalNodes>
          <leafValues>
            -3.1541368365287781e-01 2.8660553693771362e-01</leafValues></_>
        <_>
          <internalNodes>
            0 -1 50 9.8886154592037201e-04</internalNodes>
          <leafValues>
            2.2858287394046783e-01 -4.4097739458084106e-01</leafValues></_>
        <_>
          <internalNodes>
            0 -1 17 -1.4348987024277449e-03</internalNodes>
          <leafValues>
            -5.3205859661102295e-01 1.9098587334156036e-01</leafValues></_>
        <_>
          <internalNodes>
            0 -1 195 -2.0750043913722038e-03</internalNodes>
          <leafValues>
            3.6174184083938599e-01 -2.9414275288581848e-01</leafValues></_>
        <_>
          <internalNodes>
            0 -1 156 2.6774954050779343e-02</internalNodes>
          <leafValues>
            -1.1051318049430847e-01 7.7702814340591431e-01</leafValues></_>
        <_>
          <internalNodes>
            0 -1 146 3.4372878872090951e-05</internalNodes>
          <leafValues>
            -1.9957223534584045e-01 4.0421608090400696e-01</leafValues></_>
        <_>
          <internalNodes>
            0 -1 83 -3.3281862735748291e-02</internalNodes>
          <leafValues>
            -8.1108772754669189e-01 1.2415398657321930e-01</leafValues></_></weakClassifiers></_>
    <!-- stage 17 -->
    <_>
      <maxWeakCount>16</maxWeakCount>
      <stageThreshold>-5.6478440761566162e-01</stageThreshold>
      <weakClassifiers>
        <_>
          <internalNodes>
            0 -1 98 -1.0206487029790878e-02</internalNodes>
          <leafValues>
            -7.0833331346511841e-01 4.4887349009513855e-01</leafValues></_>
        <_>
          <internalNodes>
            0 -1 233 -1.9178114831447601e-02</internalNodes>
          <leafValues>
            4.7084927558898926e-01 -1.2652757763862610e-01</leafValues></_>
        <_>
          <internalNodes>
            0 -1 159 1.0671865195035934e-02</internalNodes>
          <leafValues>
            -2.6326662302017212e-01 2.9544210433959961e-01</leafValues></_>
        <_>
          <internalNodes>
            0 -1 53 -7.5328943785279989e-04</internalNodes>
          <leafValues>
            -4.4020497798919678e-01 1.9740258157253265e-01</leafValues></_>
        <_>
          <internalNodes>
            0 -1 34 9.9453013390302658e-03</internalNodes>
          <leafValues>
            -2.0360128581523895e-01 4.5449990034103394e-01</leafValues></_>
        <_>
          <internalNodes>
            0 -1 64 -5.5037867277860641e-03</internalNodes>
          <leafValues>
            5.0716632604598999e-01 -1.8831276893615723e-01</leafValues></_>
        <_>
          <internalNodes>
            0 -1 73 2.4461105931550264e-04</internalNodes>
          <leafValues>
            1.6928349435329437e-01 -6.9439929723739624e-01</leafValues></_>
        <_>
          <internalNodes>
            0 -1 66 -9.5093443989753723e-02</internalNodes>
          <leafValues>
            -5.3632849454879761e-01 1.0804680734872818e-01</leafValues></_>
        <_>
          <internalNodes>
            0 -1 198 -6.0248982161283493e-02</internalNodes>
          <leafValues>
            -7.3680561780929565e-01 1.0373684018850327e-01</leafValues></_>
        <_>
          <internalNodes>
            0 -1 120 4.4595142826437950e-03</internalNodes>
          <leafValues>
            8.7411910295486450e-02 -7.8554272651672363e-01</leafValues></_>
        <_>
          <internalNodes>
            0 -1 224 -1.8466188339516521e-03</internalNodes>
          <leafValues>
            4.2940342426300049e-01 -1.9873167574405670e-01</leafValues></_>
        <_>
          <internalNodes>
            0 -1 89 9.6903434023261070e-03</internalNodes>
          <leafValues>
            2.2012023627758026e-01 -4.4698789715766907e-01</leafValues></_>
        <_>
          <internalNodes>
            0 -1 17 1.5019350685179234e-03</internalNodes>
          <leafValues>
            1.6484142839908600e-01 -5.0218504667282104e-01</leafValues></_>
        <_>
          <internalNodes>
            0 -1 24 -5.8840215206146240e-02</internalNodes>
          <leafValues>
            2.2078353166580200e-01 -3.7940990924835205e-01</leafValues></_>
        <_>
          <internalNodes>
            0 -1 88 -7.6008442556485534e-04</internalNodes>
          <leafValues>
            -5.0013327598571777e-01 2.0130561292171478e-01</leafValues></_>
        <_>
          <internalNodes>
            0 -1 7 -3.0007714033126831e-01</internalNodes>
          <leafValues>
            -9.6612173318862915e-01 1.0278916358947754e-01</leafValues></_></weakClassifiers></_>
    <!-- stage 18 -->
    <_>
      <maxWeakCount>18</maxWeakCount>
      <stageThreshold>-5.2733713388442993e-01</stageThreshold>
      <weakClassifiers>
        <_>
          <internalNodes>
            0 -1 74 -6.0275662690401077e-04</internalNodes>
          <leafValues>
            4.7565543651580811e-01 -3.1868132948875427e-01</leafValues></_>
        <_>
          <internalNodes>
            0 -1 168 1.8268707208335400e-03</internalNodes>
          <leafValues>
            -4.0205511450767517e-01 2.3556309938430786e-01</leafValues></_>
        <_>
          <internalNodes>
            0 -1 190 -9.1830454766750336e-03</internalNodes>
          <leafValues>
            -5.2971267700195312e-01 1.5959161520004272e-01</leafValues></_>
        <_>
          <internalNodes>
            0 -1 162 1.9142666133120656e-03</internalNodes>
          <leafValues>
            -2.0958991348743439e-01 4.2973336577415466e-01</leafValues></_>
        <_>
          <internalNodes>
            0 -1 32 2.5865137577056885e-02</internalNodes>
          <leafValues>
            -1.0661269724369049e-01 7.0531034469604492e-01</leafValues></_>
        <_>
          <internalNodes>
            0 -1 12 4.4858895242214203e-02</internalNodes>
          <leafValues>
            -1.8821568787097931e-01 5.4263448715209961e-01</leafValues></_>
        <_>
          <internalNodes>
            0 -1 208 -5.1231496036052704e-03</internalNodes>
          <leafValues>
            6.5890103578567505e-01 -1.1022278666496277e-01</leafValues></_>
        <_>
          <internalNodes>
            0 -1 193 -2.9670120056835003e-05</internalNodes>
          <leafValues>
            3.1204760074615479e-01 -2.5825297832489014e-01</leafValues></_>
        <_>
          <internalNodes>
            0 -1 191 -2.0057175308465958e-02</internalNodes>
          <leafValues>
            4.4403517246246338e-01 -2.0218394696712494e-01</leafValues></_>
        <_>
          <internalNodes>
            0 -1 189 1.3844377826899290e-03</internalNodes>
          <leafValues>
            1.4201281964778900e-01 -6.2153011560440063e-01</leafValues></_>
        <_>
          <internalNodes>
            0 -1 220 -6.3144546002149582e-03</internalNodes>
          <leafValues>
            5.4760473966598511e-01 -1.4781771600246429e-01</leafValues></_>
        <_>
          <internalNodes>
            0 -1 196 9.0962806716561317e-03</internalNodes>
          <leafValues>
            -1.8805712461471558e-01 4.6118491888046265e-01</leafValues></_>
        <_>
          <internalNodes>
            0 -1 26 7.0663890801370144e-03</internalNodes>
          <leafValues>
            -1.1113702505826950e-01 7.0468670129776001e-01</leafValues></_>
        <_>
          <internalNodes>
            0 -1 201 9.2989038676023483e-03</internalNodes>
          <leafValues>
            1.4835865795612335e-01 -7.1015977859497070e-01</leafValues></_>
        <_>
          <internalNodes>
            0 -1 185 6.9438461214303970e-03</internalNodes>
          <leafValues>
            1.0274329781532288e-01 -7.4737697839736938e-01</leafValues></_>
        <_>
          <internalNodes>
            0 -1 173 9.0724527835845947e-03</internalNodes>
          <leafValues>
            1.2504334747791290e-01 -6.7409169673919678e-01</leafValues></_>
        <_>
          <internalNodes>
            0 -1 55 -5.6333132088184357e-02</internalNodes>
          <leafValues>
            -7.8427326679229736e-01 9.6569158136844635e-02</leafValues></_>
        <_>
          <internalNodes>
            0 -1 22 -4.5871399343013763e-02</internalNodes>
          <leafValues>
            6.5339821577072144e-01 -1.4918352663516998e-01</leafValues></_></weakClassifiers></_>
    <!-- stage 19 -->
    <_>
      <maxWeakCount>24</maxWeakCount>
      <stageThreshold>-9.0339225530624390e-01</stageThreshold>
      <weakClassifiers>
        <_>
          <internalNodes>
            0 -1 163 -1.4536882750689983e-02</internalNodes>
          <leafValues>
            -8.1250000000000000e-01 4.2327150702476501e-01</leafValues></_>
        <_>
          <internalNodes>
            0 -1 164 4.8434501513838768e-03</internalNodes>
          <leafValues>
            -3.3724516630172729e-01 2.6966544985771179e-01</leafValues></_>
        <_>
          <internalNodes>
            0 -1 231 -7.1062808856368065e-03</internalNodes>
          <leafValues>
            -3.6828356981277466e-01 1.8867774307727814e-01</leafValues></_>
        <_>
          <internalNodes>
            0 -1 94 3.5479031503200531e-02</internalNodes>
          <leafValues>
            9.6610359847545624e-02 -7.8362208604812622e-01</leafValues></_>
        <_>
          <internalNodes>
            0 -1 119 1.6242372803390026e-03</internalNodes>
          <leafValues>
            -5.8496117591857910e-01 1.1080610752105713e-01</leafValues></_>
        <_>
          <internalNodes>
            0 -1 194 -4.3857395212398842e-05</internalNodes>
          <leafValues>
            3.2050445675849915e-01 -2.5719118118286133e-01</leafValues></_>
        <_>
          <internalNodes>
            0 -1 28 -3.7082478404045105e-02</internalNodes>
          <leafValues>
            5.5625492334365845e-01 -1.2955203652381897e-01</leafValues></_>
        <_>
          <internalNodes>
            0 -1 210 4.5325253158807755e-02</internalNodes>
          <leafValues>
            -1.7239169776439667e-01 5.2038425207138062e-01</leafValues></_>
        <_>
          <internalNodes>
            0 -1 52 9.0007580816745758e-02</internalNodes>
          <leafValues>
            -1.0214564204216003e-01 7.8943341970443726e-01</leafValues></_>
        <_>
          <internalNodes>
            0 -1 188 4.6740612015128136e-03</internalNodes>
          <leafValues>
            1.2211618572473526e-01 -7.9229801893234253e-01</leafValues></_>
        <_>
          <internalNodes>
            0 -1 80 5.3439801558852196e-03</internalNodes>
          <leafValues>
            -1.6189771890640259e-01 5.6227290630340576e-01</leafValues></_>
        <_>
          <internalNodes>
            0 -1 175 8.1137160304933786e-04</internalNodes>
          <leafValues>
            1.8549637496471405e-01 -4.8611789941787720e-01</leafValues></_>
        <_>
          <internalNodes>
            0 -1 157 -5.4350411519408226e-03</internalNodes>
          <leafValues>
            9.4365555047988892e-01 -8.4242045879364014e-02</leafValues></_>
        <_>
          <internalNodes>
            0 -1 214 1.1517023667693138e-02</internalNodes>
          <leafValues>
            -1.4123634994029999e-01 5.2368062734603882e-01</leafValues></_>
        <_>
          <internalNodes>
            0 -1 122 -1.0161848040297627e-03</internalNodes>
          <leafValues>
            -4.6026551723480225e-01 1.9901765882968903e-01</leafValues></_>
        <_>
          <internalNodes>
            0 -1 227 -5.3988532163202763e-03</internalNodes>
          <leafValues>
            -9.0475696325302124e-01 8.9140854775905609e-02</leafValues></_>
        <_>
          <internalNodes>
            0 -1 14 1.6568617895245552e-02</internalNodes>
          <leafValues>
            -1.7129108309745789e-01 5.7764464616775513e-01</leafValues></_>
        <_>
          <internalNodes>
            0 -1 46 -6.3669234514236450e-02</internalNodes>
          <leafValues>
            -9.2831522226333618e-01 1.0693194717168808e-01</leafValues></_>
        <_>
          <internalNodes>
            0 -1 29 3.3825314603745937e-03</internalNodes>
          <leafValues>
            -2.3002377152442932e-01 3.4567621350288391e-01</leafValues></_>
        <_>
          <internalNodes>
            0 -1 35 3.5020884126424789e-02</internalNodes>
          <leafValues>
            -1.3854213058948517e-01 5.2298569679260254e-01</leafValues></_>
        <_>
          <internalNodes>
            0 -1 121 5.1139052957296371e-03</internalNodes>
          <leafValues>
            1.1555045843124390e-01 -7.1778696775436401e-01</leafValues></_>
        <_>
          <internalNodes>
            0 -1 49 3.5018301568925381e-03</internalNodes>
          <leafValues>
            -1.6911564767360687e-01 4.6182066202163696e-01</leafValues></_>
        <_>
          <internalNodes>
            0 -1 75 6.2064699828624725e-02</internalNodes>
          <leafValues>
            9.2256762087345123e-02 -8.8735961914062500e-01</leafValues></_>
        <_>
          <internalNodes>
            0 -1 215 2.1610818803310394e-03</internalNodes>
          <leafValues>
            1.2758675217628479e-01 -6.0392504930496216e-01</leafValues></_></weakClassifiers></_></stages>
  <features>
    <_>
      <rects>
        <_>
          0 0 3 1 -1.</_>
        <_>
          1 0 1 1 3.</_></rects>
      <tilted>0</tilted></_>
    <_>
      <rects>
        <_>
          0 0 2 10 -1.</_>
        <_>
          0 5 2 5 2.</_></rects>
      <tilted>0</tilted></_>
    <_>
      <rects>
        <_>
          0 0 4 13 -1.</_>
        <_>
          2 0 2 13 2.</_></rects>
      <tilted>0</tilted></_>
    <_>
      <rects>
        <_>
          0 0 8 8 -1.</_>
        <_>
          0 0 4 4 2.</_>
        <_>
          4 4 4 4 2.</_></rects>
      <tilted>0</tilted></_>
    <_>
      <rects>
        <_>
          0 0 12 4 -1.</_>
        <_>
          0 0 6 2 2.</_>
        <_>
          6 2 6 2 2.</_></rects>
      <tilted>0</tilted></_>
    <_>
      <rects>
        <_>
          0 1 1 2 -1.</_>
        <_>
          0 2 1 1 2.</_></rects>
      <tilted>0</tilted></_>
    <_>
      <rects>
        <_>
          0 1 8 4 -1.</_>
        <_>
          0 1 4 2 2.</_>
        <_>
          4 3 4 2 2.</_></rects>
      <tilted>0</tilted></_>
    <_>
      <rects>
        <_>
          0 1 10 12 -1.</_>
        <_>
          0 7 10 6 2.</_></rects>
      <tilted>0</tilted></_>
    <_>
      <rects>
        <_>
          0 2 1 2 -1.</_>
        <_>
          0 3 1 1 2.</_></rects>
      <tilted>0</tilted></_>
    <_>
      <rects>
        <_>
          0 2 4 12 -1.</_>
        <_>
          2 2 2 12 2.</_></rects>
      <tilted>0</tilted></_>
    <_>
      <rects>
        <_>
          0 2 9 12 -1.</_>
        <_>
          3 2 3 12 3.</_></rects>
      <tilted>0</tilted></_>
    <_>
      <rects>
        <_>
          0 2 16 12 -1.</_>
        <_>
          0 8 16 6 2.</_></rects>
      <tilted>0</tilted></_>
    <_>
      <rects>
        <_>
          0 4 6 5 -1.</_>
        <_>
          2 4 2 5 3.</_></rects>
      <tilted>0</tilted></_>
    <_>
      <rects>
        <_>
          0 5 16 5 -1.</_>
        <_>
          8 5 8 5 2.</_></rects>
      <tilted>0</tilted></_>
    <_>
      <rects>
        <_>
          0 6 2 9 -1.</_>
        <_>
          1 6 1 9 2.</_></rects>
      <tilted>0</tilted></_>
    <_>
      <rects>
        <_>
          0 7 16 3 -1.</_>
        <_>
          8 7 8 3 2.</_></rects>
      <tilted>0</tilted></_>
    <_>
      <rects>
        <_>
          0 9 6 3 -1.</_>
        <_>
          2 9 2 3 3.</_></rects>
      <tilted>0</tilted></_>
    <_>
      <rects>
        <_>
          0 10 1 2 -1.</_>
        <_>
          0 11 1 1 2.</_></rects>
      <tilted>0</tilted></_>
    <_>
      <rects>
        <_>
          0 11 1 4 -1.</_>
        <_>
          0 13 1 2 2.</_></rects>
      <tilted>0</tilted></_>
    <_>
      <rects>
        <_>
          0 12 1 2 -1.</_>
        <_>
          0 13 1 1 2.</_></rects>
      <tilted>0</tilted></_>
    <_>
      <rects>
        <_>
          1 0 1 2 -1.</_>
        <_>
          1 1 1 1 2.</_></rects>
      <tilted>0</tilted></_>
    <_>
      <rects>
        <_>
          1 0 15 8 -1.</_>
        <_>
          1 4 15 4 2.</_></rects>
      <tilted>0</tilted></_>
    <_>
      <rects>
        <_>
          1 1 6 8 -1.</_>
        <_>
          3 1 2 8 3.</_></rects>
      <tilted>0</tilted></_>
    <_>
      <rects>
        <_>
          1 2 3 5 -1.</_>
        <_>
          2 2 1 5 3.</_></rects>
      <tilted>0</tilted></_>
    <_>
      <rects>
        <_>
          1 3 9 9 -1.</_>
        <_>
          1 6 9 3 3.</_></rects>
      <tilted>0</tilted></_>
    <_>
      <rects>
        <_>
          1 7 3 1 -1.</_>
        <_>
          2 7 1 1 3.</_></rects>
      <tilted>0</tilted></_>
    <_>
      <rects>
        <_>
          1 9 2 4 -1.</_>
        <_>
          1 9 1 2 2.</_>
        <_>
          2 11 1 2 2.</_></rects>
      <tilted>0</tilted></_>
    <_>
      <rects>
        <_>
          2 0 4 6 -1.</_>
        <_>
          2 0 2 3 2.</_>
        <_>
          4 3 2 3 2.</_></rects>
      <tilted>0</tilted></_>
    <_>
      <rects>
        <_>
          2 0 8 4 -1.</_>
        <_>
          2 0 4 2 2.</_>
        <_>
          6 2 4 2 2.</_></rects>
      <tilted>0</tilted></_>
    <_>
      <rects>
        <_>
          2 1 5 3 -1.</_>
        <_>
          2 2 5 1 3.</_></rects>
      <tilted>0</tilted></_>
    <_>
      <rects>
        <_>
          2 1 9 14 -1.</_>
        <_>
          2 8 9 7 2.</_></rects>
      <tilted>0</tilted></_>
    <_>
      <rects>
        <_>
          2 3 2 4 -1.</_>
        <_>
          2 3 1 2 2.</_>
        <_>
          3 5 1 2 2.</_></rects>
      <tilted>0</tilted></_>
    <_>
      <rects>
        <_>
          2 3 6 2 -1.</_>
        <_>
          5 3 3 2 2.</_></rects>
      <tilted>0</tilted></_>
    <_>
      <rects>
        <_>
          2 4 6 1 -1.</_>
        <_>
          4 4 2 1 3.</_></rects>
      <tilted>0</tilted></_>
    <_>
      <rects>
        <_>
          2 4 6 1 -1.</_>
        <_>
          5 4 3 1 2.</_></rects>
      <tilted>0</tilted></_>
    <_>
      <rects>
        <_>
          2 4 6 8 -1.</_>
        <_>
          2 4 3 4 2.</_>
        <_>
          5 8 3 4 2.</_></rects>
      <tilted>0</tilted></_>
    <_>
      <rects>
        <_>
          2 4 4 6 -1.</_>
        <_>
          2 7 4 3 2.</_></rects>
      <tilted>0</tilted></_>
    <_>
      <rects>
        <_>
          2 4 9 4 -1.</_>
        <_>
          2 6 9 2 2.</_></rects>
      <tilted>0</tilted></_>
    <_>
      <rects>
        <_>
          2 5 3 2 -1.</_>
        <_>
          3 5 1 2 3.</_></rects>
      <tilted>0</tilted></_>
    <_>
      <rects>
        <_>
          2 5 3 3 -1.</_>
        <_>
          3 5 1 3 3.</_></rects>
      <tilted>0</tilted></_>
    <_>
      <rects>
        <_>
          2 6 3 2 -1.</_>
        <_>
          3 6 1 2 3.</_></rects>
      <tilted>0</tilted></_>
    <_>
      <rects>
        <_>
          2 6 2 3 -1.</_>
        <_>
          3 6 1 3 2.</_></rects>
      <tilted>0</tilted></_>
    <_>
      <rects>
        <_>
          2 6 3 5 -1.</_>
        <_>
          3 6 1 5 3.</_></rects>
      <tilted>0</tilted></_>
    <_>
      <rects>
        <_>
          2 6 8 6 -1.</_>
        <_>
          2 6 4 3 2.</_>
        <_>
          6 9 4 3 2.</_></rects>
      <tilted>0</tilted></_>
    <_>
      <rects>
        <_>
          2 7 2 1 -1.</_>
        <_>
          3 7 1 1 2.</_></rects>
      <tilted>0</tilted></_>
    <_>
      <rects>
        <_>
          2 7 3 1 -1.</_>
        <_>
          3 7 1 1 3.</_></rects>
      <tilted>0</tilted></_>
    <_>
      <rects>
        <_>
          2 7 14 3 -1.</_>
        <_>
          9 7 7 3 2.</_></rects>
      <tilted>0</tilted></_>
    <_>
      <rects>
        <_>
          2 8 3 1 -1.</_>
        <_>
          3 8 1 1 3.</_></rects>
      <tilted>0</tilted></_>
    <_>
      <rects>
        <_>
          2 9 16 2 -1.</_>
        <_>
          2 9 8 1 2.</_>
        <_>
          10 10 8 1 2.</_></rects>
      <tilted>0</tilted></_>
    <_>
      <rects>
        <_>
          2 10 3 1 -1.</_>
        <_>
          3 10 1 1 3.</_></rects>
      <tilted>0</tilted></_>
    <_>
      <rects>
        <_>
          3 0 1 2 -1.</_>
        <_>
          3 1 1 1 2.</_></rects>
      <tilted>0</tilted></_>
    <_>
      <rects>
        <_>
          3 0 1 8 -1.</_>
        <_>
          3 4 1 4 2.</_></rects>
      <tilted>0</tilted></_>
    <_>
      <rects>
        <_>
          3 0 2 15 -1.</_>
        <_>
          3 5 2 5 3.</_></rects>
      <tilted>0</tilted></_>
    <_>
      <rects>
        <_>
          3 2 1 2 -1.</_>
        <_>
          3 3 1 1 2.</_></rects>
      <tilted>0</tilted></_>
    <_>
      <rects>
        <_>
          3 2 12 10 -1.</_>
        <_>
          9 2 6 10 2.</_></rects>
      <tilted>0</tilted></_>
    <_>
      <rects>
        <_>
          3 3 12 6 -1.</_>
        <_>
          3 3 6 3 2.</_>
        <_>
          9 6 6 3 2.</_></rects>
      <tilted>0</tilted></_>
    <_>
      <rects>
        <_>
          3 3 12 8 -1.</_>
        <_>
          9 3 6 8 2.</_></rects>
      <tilted>0</tilted></_>
    <_>
      <rects>
        <_>
          3 3 10 12 -1.</_>
        <_>
          3 9 10 6 2.</_></rects>
      <tilted>0</tilted></_>
    <_>
      <rects>
        <_>
          3 3 15 4 -1.</_>
        <_>
          3 5 15 2 2.</_></rects>
      <tilted>0</tilted></_>
    <_>
      <rects>
        <_>
          3 4 5 4 -1.</_>
        <_>
          3 6 5 2 2.</_></rects>
      <tilted>0</tilted></_>
    <_>
      <rects>
        <_>
          3 5 12 5 -1.</_>
        <_>
          9 5 6 5 2.</_></rects>
      <tilted>0</tilted></_>
    <_>
      <rects>
        <_>
          3 6 3 1 -1.</_>
        <_>
          4 6 1 1 3.</_></rects>
      <tilted>0</tilted></_>
    <_>
      <rects>
        <_>
          3 6 12 3 -1.</_>
        <_>
          7 6 4 3 3.</_></rects>
      <tilted>0</tilted></_>
    <_>
      <rects>
        <_>
          3 8 10 3 -1.</_>
        <_>
          8 8 5 3 2.</_></rects>
      <tilted>0</tilted></_>
    <_>
      <rects>
        <_>
          4 2 1 4 -1.</_>
        <_>
          4 4 1 2 2.</_></rects>
      <tilted>0</tilted></_>
    <_>
      <rects>
        <_>
          4 4 2 2 -1.</_>
        <_>
          4 4 1 1 2.</_>
        <_>
          5 5 1 1 2.</_></rects>
      <tilted>0</tilted></_>
    <_>
      <rects>
        <_>
          4 4 10 9 -1.</_>
        <_>
          9 4 5 9 2.</_></rects>
      <tilted>0</tilted></_>
    <_>
      <rects>
        <_>
          4 5 8 9 -1.</_>
        <_>
          8 5 4 9 2.</_></rects>
      <tilted>0</tilted></_>
    <_>
      <rects>
        <_>
          4 5 10 6 -1.</_>
        <_>
          9 5 5 6 2.</_></rects>
      <tilted>0</tilted></_>
    <_>
      <rects>
        <_>
          4 6 4 3 -1.</_>
        <_>
          6 6 2 3 2.</_></rects>
      <tilted>0</tilted></_>
    <_>
      <rects>
        <_>
          4 6 3 3 -1.</_>
        <_>
          4 7 3 1 3.</_></rects>
      <tilted>0</tilted></_>
    <_>
      <rects>
        <_>
          4 6 6 4 -1.</_>
        <_>
          7 6 3 4 2.</_></rects>
      <tilted>0</tilted></_>
    <_>
      <rects>
        <_>
          4 6 9 4 -1.</_>
        <_>
          7 6 3 4 3.</_></rects>
      <tilted>0</tilted></_>
    <_>
      <rects>
        <_>
          4 6 6 6 -1.</_>
        <_>
          7 6 3 6 2.</_></rects>
      <tilted>0</tilted></_>
    <_>
      <rects>
        <_>
          4 7 4 1 -1.</_>
        <_>
          6 7 2 1 2.</_></rects>
      <tilted>0</tilted></_>
    <_>
      <rects>
        <_>
          4 7 4 6 -1.</_>
        <_>
          4 10 4 3 2.</_></rects>
      <tilted>0</tilted></_>
    <_>
      <rects>
        <_>
          4 7 14 4 -1.</_>
        <_>
          4 9 14 2 2.</_></rects>
      <tilted>0</tilted></_>
    <_>
      <rects>
        <_>
          4 8 4 1 -1.</_>
        <_>
          6 8 2 1 2.</_></rects>
      <tilted>0</tilted></_>
    <_>
      <rects>
        <_>
          4 8 14 4 -1.</_>
        <_>
          4 10 14 2 2.</_></rects>
      <tilted>0</tilted></_>
    <_>
      <rects>
        <_>
          4 13 8 2 -1.</_>
        <_>
          4 13 4 1 2.</_>
        <_>
          8 14 4 1 2.</_></rects>
      <tilted>0</tilted></_>
    <_>
      <rects>
        <_>
          5 3 1 3 -1.</_>
        <_>
          5 4 1 1 3.</_></rects>
      <tilted>0</tilted></_>
    <_>
      <rects>
        <_>
          5 4 2 2 -1.</_>
        <_>
          5 4 1 1 2.</_>
        <_>
          6 5 1 1 2.</_></rects>
      <tilted>0</tilted></_>
    <_>
      <rects>
        <_>
          5 5 3 6 -1.</_>
        <_>
          6 5 1 6 3.</_></rects>
      <tilted>0</tilted></_>
    <_>
      <rects>
        <_>
          5 5 6 3 -1.</_>
        <_>
          7 5 2 3 3.</_></rects>
      <tilted>0</tilted></_>
    <_>
      <rects>
        <_>
          5 5 4 6 -1.</_>
        <_>
          7 5 2 6 2.</_></rects>
      <tilted>0</tilted></_>
    <_>
      <rects>
        <_>
          5 5 5 6 -1.</_>
        <_>
          5 7 5 2 3.</_></rects>
      <tilted>0</tilted></_>
    <_>
      <rects>
        <_>
          5 5 7 6 -1.</_>
        <_>
          5 7 7 2 3.</_></rects>
      <tilted>0</tilted></_>
    <_>
      <rects>
        <_>
          5 6 4 3 -1.</_>
        <_>
          7 6 2 3 2.</_></rects>
      <tilted>0</tilted></_>
    <_>
      <rects>
        <_>
          5 6 8 4 -1.</_>
        <_>
          5 6 4 2 2.</_>
        <_>
          9 8 4 2 2.</_></rects>
      <tilted>0</tilted></_>
    <_>
      <rects>
        <_>
          5 6 8 5 -1.</_>
        <_>
          9 6 4 5 2.</_></rects>
      <tilted>0</tilted></_>
    <_>
      <rects>
        <_>
          5 6 10 3 -1.</_>
        <_>
          10 6 5 3 2.</_></rects>
      <tilted>0</tilted></_>
    <_>
      <rects>
        <_>
          5 6 8 6 -1.</_>
        <_>
          5 9 8 3 2.</_></rects>
      <tilted>0</tilted></_>
    <_>
      <rects>
        <_>
          5 6 12 6 -1.</_>
        <_>
          5 9 12 3 2.</_></rects>
      <tilted>0</tilted></_>
    <_>
      <rects>
        <_>
          5 7 6 2 -1.</_>
        <_>
          7 7 2 2 3.</_></rects>
      <tilted>0</tilted></_>
    <_>
      <rects>
        <_>
          5 7 2 6 -1.</_>
        <_>
          5 10 2 3 2.</_></rects>
      <tilted>0</tilted></_>
    <_>
      <rects>
        <_>
          5 7 6 4 -1.</_>
        <_>
          7 7 2 4 3.</_></rects>
      <tilted>0</tilted></_>
    <_>
      <rects>
        <_>
          5 7 6 1 -1.</_>
        <_>
          8 7 3 1 2.</_></rects>
      <tilted>0</tilted></_>
    <_>
      <rects>
        <_>
          5 7 8 3 -1.</_>
        <_>
          9 7 4 3 2.</_></rects>
      <tilted>0</tilted></_>
    <_>
      <rects>
        <_>
          5 7 10 2 -1.</_>
        <_>
          10 7 5 2 2.</_></rects>
      <tilted>0</tilted></_>
    <_>
      <rects>
        <_>
          5 9 6 3 -1.</_>
        <_>
          5 10 6 1 3.</_></rects>
      <tilted>0</tilted></_>
    <_>
      <rects>
        <_>
          5 10 1 2 -1.</_>
        <_>
          5 11 1 1 2.</_></rects>
      <tilted>0</tilted></_>
    <_>
      <rects>
        <_>
          5 12 2 1 -1.</_>
        <_>
          6 12 1 1 2.</_></rects>
      <tilted>0</tilted></_>
    <_>
      <rects>
        <_>
          6 2 1 3 -1.</_>
        <_>
          6 3 1 1 3.</_></rects>
      <tilted>0</tilted></_>
    <_>
      <rects>
        <_>
          6 2 6 13 -1.</_>
        <_>
          9 2 3 13 2.</_></rects>
      <tilted>0</tilted></_>
    <_>
      <rects>
        <_>
          6 3 1 3 -1.</_>
        <_>
          6 4 1 1 3.</_></rects>
      <tilted>0</tilted></_>
    <_>
      <rects>
        <_>
          6 3 8 9 -1.</_>
        <_>
          10 3 4 9 2.</_></rects>
      <tilted>0</tilted></_>
    <_>
      <rects>
        <_>
          6 3 5 12 -1.</_>
        <_>
          6 9 5 6 2.</_></rects>
      <tilted>0</tilted></_>
    <_>
      <rects>
        <_>
          6 4 2 9 -1.</_>
        <_>
          6 7 2 3 3.</_></rects>
      <tilted>0</tilted></_>
    <_>
      <rects>
        <_>
          6 4 6 11 -1.</_>
        <_>
          8 4 2 11 3.</_></rects>
      <tilted>0</tilted></_>
    <_>
      <rects>
        <_>
          6 4 6 4 -1.</_>
        <_>
          6 4 3 2 2.</_>
        <_>
          9 6 3 2 2.</_></rects>
      <tilted>0</tilted></_>
    <_>
      <rects>
        <_>
          6 4 4 6 -1.</_>
        <_>
          6 7 4 3 2.</_></rects>
      <tilted>0</tilted></_>
    <_>
      <rects>
        <_>
          6 5 10 4 -1.</_>
        <_>
          6 5 5 2 2.</_>
        <_>
          11 7 5 2 2.</_></rects>
      <tilted>0</tilted></_>
    <_>
      <rects>
        <_>
          6 6 2 4 -1.</_>
        <_>
          7 6 1 4 2.</_></rects>
      <tilted>0</tilted></_>
    <_>
      <rects>
        <_>
          6 6 3 8 -1.</_>
        <_>
          7 6 1 8 3.</_></rects>
      <tilted>0</tilted></_>
    <_>
      <rects>
        <_>
          6 6 11 6 -1.</_>
        <_>
          6 9 11 3 2.</_></rects>
      <tilted>0</tilted></_>
    <_>
      <rects>
        <_>
          6 7 3 1 -1.</_>
        <_>
          7 7 1 1 3.</_></rects>
      <tilted>0</tilted></_>
    <_>
      <rects>
        <_>
          6 7 2 3 -1.</_>
        <_>
          7 7 1 3 2.</_></rects>
      <tilted>0</tilted></_>
    <_>
      <rects>
        <_>
          6 7 8 3 -1.</_>
        <_>
          10 7 4 3 2.</_></rects>
      <tilted>0</tilted></_>
    <_>
      <rects>
        <_>
          6 8 4 2 -1.</_>
        <_>
          6 9 4 1 2.</_></rects>
      <tilted>0</tilted></_>
    <_>
      <rects>
        <_>
          6 8 5 2 -1.</_>
        <_>
          6 9 5 1 2.</_></rects>
      <tilted>0</tilted></_>
    <_>
      <rects>
        <_>
          6 9 2 2 -1.</_>
        <_>
          7 9 1 2 2.</_></rects>
      <tilted>0</tilted></_>
    <_>
      <rects>
        <_>
          6 9 3 2 -1.</_>
        <_>
          7 9 1 2 3.</_></rects>
      <tilted>0</tilted></_>
    <_>
      <rects>
        <_>
          6 9 6 3 -1.</_>
        <_>
          6 10 6 1 3.</_></rects>
      <tilted>0</tilted></_>
    <_>
      <rects>
        <_>
          6 10 2 3 -1.</_>
        <_>
          6 11 2 1 3.</_></rects>
      <tilted>0</tilted></_>
    <_>
      <rects>
        <_>
          6 10 6 2 -1.</_>
        <_>
          9 10 3 2 2.</_></rects>
      <tilted>0</tilted></_>
    <_>
      <rects>
        <_>
          7 1 1 4 -1.</_>
        <_>
          7 3 1 2 2.</_></rects>
      <tilted>0</tilted></_>
    <_>
      <rects>
        <_>
          7 2 3 2 -1.</_>
        <_>
          8 2 1 2 3.</_></rects>
      <tilted>0</tilted></_>
    <_>
      <rects>
        <_>
          7 2 9 12 -1.</_>
        <_>
          7 8 9 6 2.</_></rects>
      <tilted>0</tilted></_>
    <_>
      <rects>
        <_>
          7 3 2 8 -1.</_>
        <_>
          7 7 2 4 2.</_></rects>
      <tilted>0</tilted></_>
    <_>
      <rects>
        <_>
          7 3 3 6 -1.</_>
        <_>
          7 6 3 3 2.</_></rects>
      <tilted>0</tilted></_>
    <_>
      <rects>
        <_>
          7 3 6 9 -1.</_>
        <_>
          10 3 3 9 2.</_></rects>
      <tilted>0</tilted></_>
    <_>
      <rects>
        <_>
          7 3 8 8 -1.</_>
        <_>
          7 3 4 4 2.</_>
        <_>
          11 7 4 4 2.</_></rects>
      <tilted>0</tilted></_>
    <_>
      <rects>
        <_>
          7 4 3 10 -1.</_>
        <_>
          7 9 3 5 2.</_></rects>
      <tilted>0</tilted></_>
    <_>
      <rects>
        <_>
          7 5 1 3 -1.</_>
        <_>
          7 6 1 1 3.</_></rects>
      <tilted>0</tilted></_>
    <_>
      <rects>
        <_>
          7 5 4 7 -1.</_>
        <_>
          9 5 2 7 2.</_></rects>
      <tilted>0</tilted></_>
    <_>
      <rects>
        <_>
          7 5 3 6 -1.</_>
        <_>
          7 7 3 2 3.</_></rects>
      <tilted>0</tilted></_>
    <_>
      <rects>
        <_>
          7 5 10 2 -1.</_>
        <_>
          7 6 10 1 2.</_></rects>
      <tilted>0</tilted></_>
    <_>
      <rects>
        <_>
          7 10 3 2 -1.</_>
        <_>
          8 10 1 2 3.</_></rects>
      <tilted>0</tilted></_>
    <_>
      <rects>
        <_>
          7 10 3 3 -1.</_>
        <_>
          8 10 1 3 3.</_></rects>
      <tilted>0</tilted></_>
    <_>
      <rects>
        <_>
          7 10 4 3 -1.</_>
        <_>
          7 11 4 1 3.</_></rects>
      <tilted>0</tilted></_>
    <_>
      <rects>
        <_>
          7 11 2 1 -1.</_>
        <_>
          8 11 1 1 2.</_></rects>
      <tilted>0</tilted></_>
    <_>
      <rects>
        <_>
          8 1 10 3 -1.</_>
        <_>
          13 1 5 3 2.</_></rects>
      <tilted>0</tilted></_>
    <_>
      <rects>
        <_>
          8 1 10 11 -1.</_>
        <_>
          13 1 5 11 2.</_></rects>
      <tilted>0</tilted></_>
    <_>
      <rects>
        <_>
          8 4 2 8 -1.</_>
        <_>
          9 4 1 8 2.</_></rects>
      <tilted>0</tilted></_>
    <_>
      <rects>
        <_>
          8 4 10 3 -1.</_>
        <_>
          13 4 5 3 2.</_></rects>
      <tilted>0</tilted></_>
    <_>
      <rects>
        <_>
          8 4 9 6 -1.</_>
        <_>
          8 6 9 2 3.</_></rects>
      <tilted>0</tilted></_>
    <_>
      <rects>
        <_>
          8 5 3 1 -1.</_>
        <_>
          9 5 1 1 3.</_></rects>
      <tilted>0</tilted></_>
    <_>
      <rects>
        <_>
          8 5 1 4 -1.</_>
        <_>
          8 7 1 2 2.</_></rects>
      <tilted>0</tilted></_>
    <_>
      <rects>
        <_>
          8 5 9 8 -1.</_>
        <_>
          8 9 9 4 2.</_></rects>
      <tilted>0</tilted></_>
    <_>
      <rects>
        <_>
          8 6 3 1 -1.</_>
        <_>
          9 6 1 1 3.</_></rects>
      <tilted>0</tilted></_>
    <_>
      <rects>
        <_>
          8 6 2 2 -1.</_>
        <_>
          9 6 1 2 2.</_></rects>
      <tilted>0</tilted></_>
    <_>
      <rects>
        <_>
          8 6 3 6 -1.</_>
        <_>
          8 9 3 3 2.</_></rects>
      <tilted>0</tilted></_>
    <_>
      <rects>
        <_>
          8 7 2 4 -1.</_>
        <_>
          8 9 2 2 2.</_></rects>
      <tilted>0</tilted></_>
    <_>
      <rects>
        <_>
          8 7 4 4 -1.</_>
        <_>
          8 7 2 2 2.</_>
        <_>
          10 9 2 2 2.</_></rects>
      <tilted>0</tilted></_>
    <_>
      <rects>
        <_>
          8 7 6 4 -1.</_>
        <_>
          8 7 3 2 2.</_>
        <_>
          11 9 3 2 2.</_></rects>
      <tilted>0</tilted></_>
    <_>
      <rects>
        <_>
          8 10 2 1 -1.</_>
        <_>
          9 10 1 1 2.</_></rects>
      <tilted>0</tilted></_>
    <_>
      <rects>
        <_>
          8 10 8 2 -1.</_>
        <_>
          12 10 4 2 2.</_></rects>
      <tilted>0</tilted></_>
    <_>
      <rects>
        <_>
          9 1 2 2 -1.</_>
        <_>
          9 1 1 1 2.</_>
        <_>
          10 2 1 1 2.</_></rects>
      <tilted>0</tilted></_>
    <_>
      <rects>
        <_>
          9 4 1 3 -1.</_>
        <_>
          9 5 1 1 3.</_></rects>
      <tilted>0</tilted></_>
    <_>
      <rects>
        <_>
          9 4 1 10 -1.</_>
        <_>
          9 9 1 5 2.</_></rects>
      <tilted>0</tilted></_>
    <_>
      <rects>
        <_>
          9 4 2 3 -1.</_>
        <_>
          9 5 2 1 3.</_></rects>
      <tilted>0</tilted></_>
    <_>
      <rects>
        <_>
          9 5 4 6 -1.</_>
        <_>
          9 5 2 3 2.</_>
        <_>
          11 8 2 3 2.</_></rects>
      <tilted>0</tilted></_>
    <_>
      <rects>
        <_>
          9 6 3 1 -1.</_>
        <_>
          10 6 1 1 3.</_></rects>
      <tilted>0</tilted></_>
    <_>
      <rects>
        <_>
          9 6 3 4 -1.</_>
        <_>
          10 6 1 4 3.</_></rects>
      <tilted>0</tilted></_>
    <_>
      <rects>
        <_>
          9 6 4 2 -1.</_>
        <_>
          11 6 2 2 2.</_></rects>
      <tilted>0</tilted></_>
    <_>
      <rects>
        <_>
          9 6 2 4 -1.</_>
        <_>
          9 8 2 2 2.</_></rects>
      <tilted>0</tilted></_>
    <_>
      <rects>
        <_>
          9 6 3 6 -1.</_>
        <_>
          9 8 3 2 3.</_></rects>
      <tilted>0</tilted></_>
    <_>
      <rects>
        <_>
          9 7 3 1 -1.</_>
        <_>
          10 7 1 1 3.</_></rects>
      <tilted>0</tilted></_>
    <_>
      <rects>
        <_>
          9 7 4 1 -1.</_>
        <_>
          11 7 2 1 2.</_></rects>
      <tilted>0</tilted></_>
    <_>
      <rects>
        <_>
          9 8 2 3 -1.</_>
        <_>
          9 9 2 1 3.</_></rects>
      <tilted>0</tilted></_>
    <_>
      <rects>
        <_>
          9 8 4 2 -1.</_>
        <_>
          9 8 2 1 2.</_>
        <_>
          11 9 2 1 2.</_></rects>
      <tilted>0</tilted></_>
    <_>
      <rects>
        <_>
          9 9 3 1 -1.</_>
        <_>
          10 9 1 1 3.</_></rects>
      <tilted>0</tilted></_>
    <_>
      <rects>
        <_>
          9 9 4 2 -1.</_>
        <_>
          9 9 2 1 2.</_>
        <_>
          11 10 2 1 2.</_></rects>
      <tilted>0</tilted></_>
    <_>
      <rects>
        <_>
          9 11 3 4 -1.</_>
        <_>
          10 11 1 4 3.</_></rects>
      <tilted>0</tilted></_>
    <_>
      <rects>
        <_>
          9 11 2 4 -1.</_>
        <_>
          9 13 2 2 2.</_></rects>
      <tilted>0</tilted></_>
    <_>
      <rects>
        <_>
          9 12 2 1 -1.</_>
        <_>
          10 12 1 1 2.</_></rects>
      <tilted>0</tilted></_>
    <_>
      <rects>
        <_>
          10 1 5 3 -1.</_>
        <_>
          10 2 5 1 3.</_></rects>
      <tilted>0</tilted></_>
    <_>
      <rects>
        <_>
          10 3 8 7 -1.</_>
        <_>
          14 3 4 7 2.</_></rects>
      <tilted>0</tilted></_>
    <_>
      <rects>
        <_>
          10 6 1 3 -1.</_>
        <_>
          10 7 1 1 3.</_></rects>
      <tilted>0</tilted></_>
    <_>
      <rects>
        <_>
          10 6 2 6 -1.</_>
        <_>
          10 8 2 2 3.</_></rects>
      <tilted>0</tilted></_>
    <_>
      <rects>
        <_>
          10 6 4 4 -1.</_>
        <_>
          10 6 2 2 2.</_>
        <_>
          12 8 2 2 2.</_></rects>
      <tilted>0</tilted></_>
    <_>
      <rects>
        <_>
          10 7 2 3 -1.</_>
        <_>
          10 8 2 1 3.</_></rects>
      <tilted>0</tilted></_>
    <_>
      <rects>
        <_>
          10 7 3 3 -1.</_>
        <_>
          10 8 3 1 3.</_></rects>
      <tilted>0</tilted></_>
    <_>
      <rects>
        <_>
          10 7 6 2 -1.</_>
        <_>
          10 7 3 1 2.</_>
        <_>
          13 8 3 1 2.</_></rects>
      <tilted>0</tilted></_>
    <_>
      <rects>
        <_>
          10 8 1 3 -1.</_>
        <_>
          10 9 1 1 3.</_></rects>
      <tilted>0</tilted></_>
    <_>
      <rects>
        <_>
          10 8 3 2 -1.</_>
        <_>
          11 8 1 2 3.</_></rects>
      <tilted>0</tilted></_>
    <_>
      <rects>
        <_>
          10 8 8 6 -1.</_>
        <_>
          10 8 4 3 2.</_>
        <_>
          14 11 4 3 2.</_></rects>
      <tilted>0</tilted></_>
    <_>
      <rects>
        <_>
          10 9 2 1 -1.</_>
        <_>
          11 9 1 1 2.</_></rects>
      <tilted>0</tilted></_>
    <_>
      <rects>
        <_>
          10 9 3 1 -1.</_>
        <_>
          11 9 1 1 3.</_></rects>
      <tilted>0</tilted></_>
    <_>
      <rects>
        <_>
          10 9 2 2 -1.</_>
        <_>
          10 9 1 1 2.</_>
        <_>
          11 10 1 1 2.</_></rects>
      <tilted>0</tilted></_>
    <_>
      <rects>
        <_>
          10 9 3 4 -1.</_>
        <_>
          11 9 1 4 3.</_></rects>
      <tilted>0</tilted></_>
    <_>
      <rects>
        <_>
          10 9 8 6 -1.</_>
        <_>
          10 9 4 3 2.</_>
        <_>
          14 12 4 3 2.</_></rects>
      <tilted>0</tilted></_>
    <_>
      <rects>
        <_>
          10 10 2 1 -1.</_>
        <_>
          11 10 1 1 2.</_></rects>
      <tilted>0</tilted></_>
    <_>
      <rects>
        <_>
          10 10 2 2 -1.</_>
        <_>
          10 10 1 1 2.</_>
        <_>
          11 11 1 1 2.</_></rects>
      <tilted>0</tilted></_>
    <_>
      <rects>
        <_>
          10 10 4 2 -1.</_>
        <_>
          10 10 2 1 2.</_>
        <_>
          12 11 2 1 2.</_></rects>
      <tilted>0</tilted></_>
    <_>
      <rects>
        <_>
          10 11 1 4 -1.</_>
        <_>
          10 13 1 2 2.</_></rects>
      <tilted>0</tilted></_>
    <_>
      <rects>
        <_>
          10 11 4 4 -1.</_>
        <_>
          10 11 2 2 2.</_>
        <_>
          12 13 2 2 2.</_></rects>
      <tilted>0</tilted></_>
    <_>
      <rects>
        <_>
          11 0 6 6 -1.</_>
        <_>
          11 2 6 2 3.</_></rects>
      <tilted>0</tilted></_>
    <_>
      <rects>
        <_>
          11 3 6 6 -1.</_>
        <_>
          11 5 6 2 3.</_></rects>
      <tilted>0</tilted></_>
    <_>
      <rects>
        <_>
          11 5 6 5 -1.</_>
        <_>
          14 5 3 5 2.</_></rects>
      <tilted>0</tilted></_>
    <_>
      <rects>
        <_>
          11 5 4 6 -1.</_>
        <_>
          11 8 4 3 2.</_></rects>
      <tilted>0</tilted></_>
    <_>
      <rects>
        <_>
          11 6 2 3 -1.</_>
        <_>
          12 6 1 3 2.</_></rects>
      <tilted>0</tilted></_>
    <_>
      <rects>
        <_>
          11 6 5 4 -1.</_>
        <_>
          11 8 5 2 2.</_></rects>
      <tilted>0</tilted></_>
    <_>
      <rects>
        <_>
          11 8 3 1 -1.</_>
        <_>
          12 8 1 1 3.</_></rects>
      <tilted>0</tilted></_>
    <_>
      <rects>
        <_>
          11 9 2 1 -1.</_>
        <_>
          12 9 1 1 2.</_></rects>
      <tilted>0</tilted></_>
    <_>
      <rects>
        <_>
          11 9 2 2 -1.</_>
        <_>
          11 9 1 1 2.</_>
        <_>
          12 10 1 1 2.</_></rects>
      <tilted>0</tilted></_>
    <_>
      <rects>
        <_>
          11 10 1 2 -1.</_>
        <_>
          11 11 1 1 2.</_></rects>
      <tilted>0</tilted></_>
    <_>
      <rects>
        <_>
          11 11 2 2 -1.</_>
        <_>
          12 11 1 2 2.</_></rects>
      <tilted>0</tilted></_>
    <_>
      <rects>
        <_>
          12 5 3 1 -1.</_>
        <_>
          13 5 1 1 3.</_></rects>
      <tilted>0</tilted></_>
    <_>
      <rects>
        <_>
          12 5 2 10 -1.</_>
        <_>
          12 5 1 5 2.</_>
        <_>
          13 10 1 5 2.</_></rects>
      <tilted>0</tilted></_>
    <_>
      <rects>
        <_>
          12 6 6 5 -1.</_>
        <_>
          15 6 3 5 2.</_></rects>
      <tilted>0</tilted></_>
    <_>
      <rects>
        <_>
          12 7 4 4 -1.</_>
        <_>
          14 7 2 4 2.</_></rects>
      <tilted>0</tilted></_>
    <_>
      <rects>
        <_>
          12 7 6 7 -1.</_>
        <_>
          14 7 2 7 3.</_></rects>
      <tilted>0</tilted></_>
    <_>
      <rects>
        <_>
          12 8 2 3 -1.</_>
        <_>
          12 9 2 1 3.</_></rects>
      <tilted>0</tilted></_>
    <_>
      <rects>
        <_>
          12 8 6 4 -1.</_>
        <_>
          12 10 6 2 2.</_></rects>
      <tilted>0</tilted></_>
    <_>
      <rects>
        <_>
          13 0 2 1 -1.</_>
        <_>
          14 0 1 1 2.</_></rects>
      <tilted>0</tilted></_>
    <_>
      <rects>
        <_>
          13 0 3 13 -1.</_>
        <_>
          14 0 1 13 3.</_></rects>
      <tilted>0</tilted></_>
    <_>
      <rects>
        <_>
          13 0 5 4 -1.</_>
        <_>
          13 2 5 2 2.</_></rects>
      <tilted>0</tilted></_>
    <_>
      <rects>
        <_>
          13 1 3 12 -1.</_>
        <_>
          14 1 1 12 3.</_></rects>
      <tilted>0</tilted></_>
    <_>
      <rects>
        <_>
          13 3 5 6 -1.</_>
        <_>
          13 5 5 2 3.</_></rects>
      <tilted>0</tilted></_>
    <_>
      <rects>
        <_>
          13 5 3 1 -1.</_>
        <_>
          14 5 1 1 3.</_></rects>
      <tilted>0</tilted></_>
    <_>
      <rects>
        <_>
          13 5 4 7 -1.</_>
        <_>
          15 5 2 7 2.</_></rects>
      <tilted>0</tilted></_>
    <_>
      <rects>
        <_>
          13 6 3 3 -1.</_>
        <_>
          14 6 1 3 3.</_></rects>
      <tilted>0</tilted></_>
    <_>
      <rects>
        <_>
          13 6 2 8 -1.</_>
        <_>
          13 6 1 4 2.</_>
        <_>
          14 10 1 4 2.</_></rects>
      <tilted>0</tilted></_>
    <_>
      <rects>
        <_>
          13 7 2 1 -1.</_>
        <_>
          14 7 1 1 2.</_></rects>
      <tilted>0</tilted></_>
    <_>
      <rects>
        <_>
          13 7 3 1 -1.</_>
        <_>
          14 7 1 1 3.</_></rects>
      <tilted>0</tilted></_>
    <_>
      <rects>
        <_>
          13 7 2 6 -1.</_>
        <_>
          13 7 1 3 2.</_>
        <_>
          14 10 1 3 2.</_></rects>
      <tilted>0</tilted></_>
    <_>
      <rects>
        <_>
          13 8 1 2 -1.</_>
        <_>
          13 9 1 1 2.</_></rects>
      <tilted>0</tilted></_>
    <_>
      <rects>
        <_>
          13 8 3 1 -1.</_>
        <_>
          14 8 1 1 3.</_></rects>
      <tilted>0</tilted></_>
    <_>
      <rects>
        <_>
          13 8 2 2 -1.</_>
        <_>
          14 8 1 2 2.</_></rects>
      <tilted>0</tilted></_>
    <_>
      <rects>
        <_>
          13 8 3 2 -1.</_>
        <_>
          14 8 1 2 3.</_></rects>
      <tilted>0</tilted></_>
    <_>
      <rects>
        <_>
          14 0 4 6 -1.</_>
        <_>
          14 3 4 3 2.</_></rects>
      <tilted>0</tilted></_>
    <_>
      <rects>
        <_>
          14 2 2 8 -1.</_>
        <_>
          14 2 1 4 2.</_>
        <_>
          15 6 1 4 2.</_></rects>
      <tilted>0</tilted></_>
    <_>
      <rects>
        <_>
          14 3 4 8 -1.</_>
        <_>
          16 3 2 8 2.</_></rects>
      <tilted>0</tilted></_>
    <_>
      <rects>
        <_>
          14 4 3 7 -1.</_>
        <_>
          15 4 1 7 3.</_></rects>
      <tilted>0</tilted></_>
    <_>
      <rects>
        <_>
          14 6 3 3 -1.</_>
        <_>
          15 6 1 3 3.</_></rects>
      <tilted>0</tilted></_>
    <_>
      <rects>
        <_>
          14 7 3 2 -1.</_>
        <_>
          15 7 1 2 3.</_></rects>
      <tilted>0</tilted></_>
    <_>
      <rects>
        <_>
          15 2 3 10 -1.</_>
        <_>
          16 2 1 10 3.</_></rects>
      <tilted>0</tilted></_>
    <_>
      <rects>
        <_>
          15 4 3 8 -1.</_>
        <_>
          16 4 1 8 3.</_></rects>
      <tilted>0</tilted></_>
    <_>
      <rects>
        <_>
          15 8 1 2 -1.</_>
        <_>
          15 9 1 1 2.</_></rects>
      <tilted>0</tilted></_>
    <_>
      <rects>
        <_>
          16 10 1 2 -1.</_>
        <_>
          16 11 1 1 2.</_></rects>
      <tilted>0</tilted></_></features></cascade>
</opencv_storage>
