<?xml version="1.0"?>
<opencv_storage>
<cascade>
  <stageType>BOOST</stageType>
  <featureType>HAAR</featureType>
  <height>24</height>
  <width>19</width>
  <stageParams>
    <boostType>GAB</boostType>
    <minHitRate>9.9900001287460327e-01</minHitRate>
    <maxFalseAlarm>5.0000000000000000e-01</maxFalseAlarm>
    <weightTrimRate>9.4999999999999996e-01</weightTrimRate>
    <maxDepth>1</maxDepth>
    <maxWeakCount>100</maxWeakCount></stageParams>
  <featureParams>
    <maxCatCount>0</maxCatCount>
    <featSize>1</featSize>
    <mode>BASIC</mode></featureParams>
  <stageNum>20</stageNum>
  <stages>
    <!-- stage 0 -->
    <_>
      <maxWeakCount>3</maxWeakCount>
      <stageThreshold>-2.4701716005802155e-01</stageThreshold>
      <weakClassifiers>
        <_>
          <internalNodes>
            0 -1 59 -5.2901371382176876e-03</internalNodes>
          <leafValues>
            7.1364653110504150e-01 -5.2808988094329834e-01</leafValues></_>
        <_>
          <internalNodes>
            0 -1 135 -1.5700755175203085e-03</internalNodes>
          <leafValues>
            5.5946648120880127e-01 -4.7873902320861816e-01</leafValues></_>
        <_>
          <internalNodes>
            0 -1 225 -2.8639275114983320e-03</internalNodes>
          <leafValues>
            8.4927326440811157e-01 -2.7839371562004089e-01</leafValues></_></weakClassifiers></_>
    <!-- stage 1 -->
    <_>
      <maxWeakCount>8</maxWeakCount>
      <stageThreshold>-3.6868113279342651e-01</stageThreshold>
      <weakClassifiers>
        <_>
          <internalNodes>
            0 -1 170 6.0726073570549488e-04</internalNodes>
          <leafValues>
            -3.7931033968925476e-01 6.4523279666900635e-01</leafValues></_>
        <_>
          <internalNodes>
            0 -1 166 4.1437782347202301e-03</internalNodes>
          <leafValues>
            -2.2087347507476807e-01 8.0378174781799316e-01</leafValues></_>
        <_>
          <internalNodes>
            0 -1 20 2.5401496887207031e-01</internalNodes>
          <leafValues>
            3.0938631296157837e-01 -8.1716537475585938e-01</leafValues></_>
        <_>
          <internalNodes>
            0 -1 184 -6.0711139813065529e-03</internalNodes>
          <leafValues>
            9.5602029561996460e-01 -2.5242635607719421e-01</leafValues></_>
        <_>
          <internalNodes>
            0 -1 183 4.8360074870288372e-03</internalNodes>
          <leafValues>
            -2.4298593401908875e-01 8.3409875631332397e-01</leafValues></_>
        <_>
          <internalNodes>
            0 -1 84 -2.7712618466466665e-03</internalNodes>
          <leafValues>
            -7.3368376493453979e-01 3.0587813258171082e-01</leafValues></_>
        <_>
          <internalNodes>
            0 -1 214 -2.1300197113305330e-03</internalNodes>
          <leafValues>
            7.2808015346527100e-01 -2.8375035524368286e-01</leafValues></_>
        <_>
          <internalNodes>
            0 -1 31 1.4132273383438587e-02</internalNodes>
          <leafValues>
            -3.7871450185775757e-01 4.9740943312644958e-01</leafValues></_></weakClassifiers></_>
    <!-- stage 2 -->
    <_>
      <maxWeakCount>9</maxWeakCount>
      <stageThreshold>-3.2607412338256836e-01</stageThreshold>
      <weakClassifiers>
        <_>
          <internalNodes>
            0 -1 65 7.7375128865242004e-02</internalNodes>
          <leafValues>
            5.1898735761642456e-01 -8.6111110448837280e-01</leafValues></_>
        <_>
          <internalNodes>
            0 -1 155 -1.8535301787778735e-03</internalNodes>
          <leafValues>
            9.4460791349411011e-01 -2.2248980402946472e-01</leafValues></_>
        <_>
          <internalNodes>
            0 -1 64 -1.7975078523159027e-01</internalNodes>
          <leafValues>
            -9.7973811626434326e-01 2.7749890089035034e-01</leafValues></_>
        <_>
          <internalNodes>
            0 -1 172 1.6114960890263319e-03</internalNodes>
          <leafValues>
            -2.7025493979454041e-01 9.3091475963592529e-01</leafValues></_>
        <_>
          <internalNodes>
            0 -1 236 3.2638688571751118e-03</internalNodes>
          <leafValues>
            -1.9735455513000488e-01 8.8579851388931274e-01</leafValues></_>
        <_>
          <internalNodes>
            0 -1 165 -7.4662487022578716e-03</internalNodes>
          <leafValues>
            4.0060886740684509e-01 -5.7375788688659668e-01</leafValues></_>
        <_>
          <internalNodes>
            0 -1 95 8.1715080887079239e-03</internalNodes>
          <leafValues>
            -3.7537756562232971e-01 5.7304430007934570e-01</leafValues></_>
        <_>
          <internalNodes>
            0 -1 144 1.3516022590920329e-03</internalNodes>
          <leafValues>
            -2.8078442811965942e-01 8.4790664911270142e-01</leafValues></_>
        <_>
          <internalNodes>
            0 -1 83 -3.2085652928799391e-03</internalNodes>
          <leafValues>
            8.6288046836853027e-01 -1.5096300840377808e-01</leafValues></_></weakClassifiers></_>
    <!-- stage 3 -->
    <_>
      <maxWeakCount>11</maxWeakCount>
      <stageThreshold>-8.4140193462371826e-01</stageThreshold>
      <weakClassifiers>
        <_>
          <internalNodes>
            0 -1 153 7.4704140424728394e-02</internalNodes>
          <leafValues>
            5.2029520273208618e-01 -6.8674701452255249e-01</leafValues></_>
        <_>
          <internalNodes>
            0 -1 136 -1.3585520908236504e-02</internalNodes>
          <leafValues>
            4.0193524956703186e-01 -4.0423813462257385e-01</leafValues></_>
        <_>
          <internalNodes>
            0 -1 162 -2.4243479594588280e-02</internalNodes>
          <leafValues>
            4.6647045016288757e-01 -3.2800534367561340e-01</leafValues></_>
        <_>
          <internalNodes>
            0 -1 145 1.0370303643867373e-03</internalNodes>
          <leafValues>
            -2.2011795639991760e-01 7.0289474725723267e-01</leafValues></_>
        <_>
          <internalNodes>
            0 -1 156 -1.0368064977228642e-03</internalNodes>
          <leafValues>
            7.0857524871826172e-01 -2.4827806651592255e-01</leafValues></_>
        <_>
          <internalNodes>
            0 -1 79 2.6151645928621292e-02</internalNodes>
          <leafValues>
            3.0526903271675110e-01 -5.2609032392501831e-01</leafValues></_>
        <_>
          <internalNodes>
            0 -1 56 5.3422069177031517e-03</internalNodes>
          <leafValues>
            2.3519390821456909e-01 -7.3474735021591187e-01</leafValues></_>
        <_>
          <internalNodes>
            0 -1 22 -9.5192575827240944e-03</internalNodes>
          <leafValues>
            8.4646582603454590e-01 -2.3042207956314087e-01</leafValues></_>
        <_>
          <internalNodes>
            0 -1 216 1.4577105175703764e-03</internalNodes>
          <leafValues>
            -1.5586999058723450e-01 7.8690624237060547e-01</leafValues></_>
        <_>
          <internalNodes>
            0 -1 206 9.7688061941880733e-05</internalNodes>
          <leafValues>
            3.0500864982604980e-01 -5.7004511356353760e-01</leafValues></_>
        <_>
          <internalNodes>
            0 -1 132 -2.7384071145206690e-03</internalNodes>
          <leafValues>
            7.8901696205139160e-01 -2.1936832368373871e-01</leafValues></_></weakClassifiers></_>
    <!-- stage 4 -->
    <_>
      <maxWeakCount>9</maxWeakCount>
      <stageThreshold>-3.9565685391426086e-01</stageThreshold>
      <weakClassifiers>
        <_>
          <internalNodes>
            0 -1 58 -1.4719115570187569e-03</internalNodes>
          <leafValues>
            5.5646818876266479e-01 -3.3333334326744080e-01</leafValues></_>
        <_>
          <internalNodes>
            0 -1 126 -1.2344145216047764e-02</internalNodes>
          <leafValues>
            6.3832134008407593e-01 -2.6467630267143250e-01</leafValues></_>
        <_>
          <internalNodes>
            0 -1 151 -2.8490535914897919e-03</internalNodes>
          <leafValues>
            3.3212026953697205e-01 -4.3285179138183594e-01</leafValues></_>
        <_>
          <internalNodes>
            0 -1 157 -5.8879572898149490e-03</internalNodes>
          <leafValues>
            7.1069675683975220e-01 -1.7430680990219116e-01</leafValues></_>
        <_>
          <internalNodes>
            0 -1 57 1.0529895313084126e-02</internalNodes>
          <leafValues>
            -3.4109506011009216e-01 4.2426848411560059e-01</leafValues></_>
        <_>
          <internalNodes>
            0 -1 131 5.6929826736450195e-02</internalNodes>
          <leafValues>
            1.8358530104160309e-01 -7.2680282592773438e-01</leafValues></_>
        <_>
          <internalNodes>
            0 -1 27 -2.2338816523551941e-01</internalNodes>
          <leafValues>
            -8.1695592403411865e-01 1.7345547676086426e-01</leafValues></_>
        <_>
          <internalNodes>
            0 -1 101 6.3931648619472980e-03</internalNodes>
          <leafValues>
            -2.3149886727333069e-01 6.5582811832427979e-01</leafValues></_>
        <_>
          <internalNodes>
            0 -1 219 7.2576367529109120e-05</internalNodes>
          <leafValues>
            2.8067907691001892e-01 -4.7638601064682007e-01</leafValues></_></weakClassifiers></_>
    <!-- stage 5 -->
    <_>
      <maxWeakCount>10</maxWeakCount>
      <stageThreshold>-8.8157713413238525e-01</stageThreshold>
      <weakClassifiers>
        <_>
          <internalNodes>
            0 -1 164 -7.0516631007194519e-02</internalNodes>
          <leafValues>
            -7.5609755516052246e-01 5.2854514122009277e-01</leafValues></_>
        <_>
          <internalNodes>
            0 -1 119 1.2104879133403301e-03</internalNodes>
          <leafValues>
            -2.4074465036392212e-01 7.1075034141540527e-01</leafValues></_>
        <_>
          <internalNodes>
            0 -1 236 5.1182424649596214e-03</internalNodes>
          <leafValues>
            -1.7633327841758728e-01 8.7814915180206299e-01</leafValues></_>
        <_>
          <internalNodes>
            0 -1 226 5.7781748473644257e-03</internalNodes>
          <leafValues>
            -1.9190019369125366e-01 7.8151249885559082e-01</leafValues></_>
        <_>
          <internalNodes>
            0 -1 191 2.8084476944059134e-03</internalNodes>
          <leafValues>
            -1.6279612481594086e-01 7.4387568235397339e-01</leafValues></_>
        <_>
          <internalNodes>
            0 -1 109 -1.0038542095571756e-03</internalNodes>
          <leafValues>
            7.4815851449966431e-01 -1.6992132365703583e-01</leafValues></_>
        <_>
          <internalNodes>
            0 -1 86 -2.1250668913125992e-02</internalNodes>
          <leafValues>
            -6.2504458427429199e-01 2.5673735141754150e-01</leafValues></_>
        <_>
          <internalNodes>
            0 -1 168 5.7115443050861359e-02</internalNodes>
          <leafValues>
            1.6382640600204468e-01 -7.9561048746109009e-01</leafValues></_>
        <_>
          <internalNodes>
            0 -1 143 3.8452286389656365e-04</internalNodes>
          <leafValues>
            -3.3306330442428589e-01 4.9570512771606445e-01</leafValues></_>
        <_>
          <internalNodes>
            0 -1 85 5.4589724168181419e-03</internalNodes>
          <leafValues>
            -5.5592715740203857e-01 2.9711586236953735e-01</leafValues></_></weakClassifiers></_>
    <!-- stage 6 -->
    <_>
      <maxWeakCount>14</maxWeakCount>
      <stageThreshold>-7.5648045539855957e-01</stageThreshold>
      <weakClassifiers>
        <_>
          <internalNodes>
            0 -1 154 2.7063585002906621e-04</internalNodes>
          <leafValues>
            9.4972066581249237e-02 7.1535581350326538e-01</leafValues></_>
        <_>
          <internalNodes>
            0 -1 186 -3.6460841074585915e-03</internalNodes>
          <leafValues>
            7.3135876655578613e-01 -1.2629695236682892e-01</leafValues></_>
        <_>
          <internalNodes>
            0 -1 69 -3.9721308276057243e-03</internalNodes>
          <leafValues>
            2.0579442381858826e-01 -5.7373392581939697e-01</leafValues></_>
        <_>
          <internalNodes>
            0 -1 125 3.8152183406054974e-03</internalNodes>
          <leafValues>
            2.6314717531204224e-01 -5.6530201435089111e-01</leafValues></_>
        <_>
          <internalNodes>
            0 -1 192 2.6802928186953068e-03</internalNodes>
          <leafValues>
            -2.0688414573669434e-01 7.3530191183090210e-01</leafValues></_>
        <_>
          <internalNodes>
            0 -1 203 3.1877838773652911e-04</internalNodes>
          <leafValues>
            -2.7861708402633667e-01 4.7295576333999634e-01</leafValues></_>
        <_>
          <internalNodes>
            0 -1 37 -1.7811177531257272e-04</internalNodes>
          <leafValues>
            -5.1703131198883057e-01 2.2611419856548309e-01</leafValues></_>
        <_>
          <internalNodes>
            0 -1 110 2.0166938193142414e-03</internalNodes>
          <leafValues>
            -2.0203526318073273e-01 6.6170150041580200e-01</leafValues></_>
        <_>
          <internalNodes>
            0 -1 30 4.4205202721059322e-03</internalNodes>
          <leafValues>
            -1.9575215876102448e-01 5.3427672386169434e-01</leafValues></_>
        <_>
          <internalNodes>
            0 -1 67 1.6581744421273470e-03</internalNodes>
          <leafValues>
            -2.1230365335941315e-01 5.9202343225479126e-01</leafValues></_>
        <_>
          <internalNodes>
            0 -1 195 3.7227757275104523e-03</internalNodes>
          <leafValues>
            -1.4341112971305847e-01 7.4132555723190308e-01</leafValues></_>
        <_>
          <internalNodes>
            0 -1 163 1.3380086980760098e-02</internalNodes>
          <leafValues>
            -2.2619156539440155e-01 5.3397339582443237e-01</leafValues></_>
        <_>
          <internalNodes>
            0 -1 238 -9.6230087801814079e-03</internalNodes>
          <leafValues>
            7.7793979644775391e-01 -1.4709231257438660e-01</leafValues></_>
        <_>
          <internalNodes>
            0 -1 18 -1.4837216585874557e-03</internalNodes>
          <leafValues>
            -5.4905194044113159e-01 2.6036021113395691e-01</leafValues></_></weakClassifiers></_>
    <!-- stage 7 -->
    <_>
      <maxWeakCount>12</maxWeakCount>
      <stageThreshold>-7.3726034164428711e-01</stageThreshold>
      <weakClassifiers>
        <_>
          <internalNodes>
            0 -1 68 -4.3800804764032364e-02</internalNodes>
          <leafValues>
            -7.0370370149612427e-01 4.6059545874595642e-01</leafValues></_>
        <_>
          <internalNodes>
            0 -1 227 3.2953326590359211e-03</internalNodes>
          <leafValues>
            -1.1183479428291321e-01 8.1238186359405518e-01</leafValues></_>
        <_>
          <internalNodes>
            0 -1 235 7.2171688079833984e-03</internalNodes>
          <leafValues>
            -2.2665359079837799e-01 6.5501594543457031e-01</leafValues></_>
        <_>
          <internalNodes>
            0 -1 185 4.5449333265423775e-03</internalNodes>
          <leafValues>
            -1.5638925135135651e-01 8.3442181348800659e-01</leafValues></_>
        <_>
          <internalNodes>
            0 -1 88 8.9785736054182053e-03</internalNodes>
          <leafValues>
            1.9318638741970062e-01 -6.6079926490783691e-01</leafValues></_>
        <_>
          <internalNodes>
            0 -1 178 6.3892537727952003e-03</internalNodes>
          <leafValues>
            -2.3259967565536499e-01 6.3803243637084961e-01</leafValues></_>
        <_>
          <internalNodes>
            0 -1 222 -2.4547800421714783e-03</internalNodes>
          <leafValues>
            5.3168517351150513e-01 -2.2618681192398071e-01</leafValues></_>
        <_>
          <internalNodes>
            0 -1 103 -6.4507760107517242e-02</internalNodes>
          <leafValues>
            -7.2919398546218872e-01 1.6243468225002289e-01</leafValues></_>
        <_>
          <internalNodes>
            0 -1 223 3.7697192747145891e-03</internalNodes>
          <leafValues>
            -1.3827168941497803e-01 8.8711881637573242e-01</leafValues></_>
        <_>
          <internalNodes>
            0 -1 228 2.4338606745004654e-03</internalNodes>
          <leafValues>
            -1.2045031040906906e-01 7.7696830034255981e-01</leafValues></_>
        <_>
          <internalNodes>
            0 -1 154 7.0565781788900495e-04</internalNodes>
          <leafValues>
            -2.1651881933212280e-01 5.3911364078521729e-01</leafValues></_>
        <_>
          <internalNodes>
            0 -1 44 -7.5720855966210365e-04</internalNodes>
          <leafValues>
            2.9405394196510315e-01 -3.9402469992637634e-01</leafValues></_></weakClassifiers></_>
    <!-- stage 8 -->
    <_>
      <maxWeakCount>14</maxWeakCount>
      <stageThreshold>-4.2979103326797485e-01</stageThreshold>
      <weakClassifiers>
        <_>
          <internalNodes>
            0 -1 89 -1.6078740358352661e-02</internalNodes>
          <leafValues>
            -7.9166668653488159e-01 4.5580589771270752e-01</leafValues></_>
        <_>
          <internalNodes>
            0 -1 121 -2.2933890577405691e-03</internalNodes>
          <leafValues>
            6.1332803964614868e-01 -2.3292131721973419e-01</leafValues></_>
        <_>
          <internalNodes>
            0 -1 116 -2.9384207446128130e-03</internalNodes>
          <leafValues>
            2.5258275866508484e-01 -5.0729840993881226e-01</leafValues></_>
        <_>
          <internalNodes>
            0 -1 167 -4.7525847330689430e-03</internalNodes>
          <leafValues>
            -7.3632532358169556e-01 1.4706306159496307e-01</leafValues></_>
        <_>
          <internalNodes>
            0 -1 224 -4.3669203296303749e-03</internalNodes>
          <leafValues>
            6.8496304750442505e-01 -2.0958460867404938e-01</leafValues></_>
        <_>
          <internalNodes>
            0 -1 74 -6.6720077302306890e-04</internalNodes>
          <leafValues>
            -5.6590771675109863e-01 2.0660696923732758e-01</leafValues></_>
        <_>
          <internalNodes>
            0 -1 123 -5.4959738627076149e-03</internalNodes>
          <leafValues>
            8.7795400619506836e-01 -1.5591490268707275e-01</leafValues></_>
        <_>
          <internalNodes>
            0 -1 0 5.5077020078897476e-04</internalNodes>
          <leafValues>
            2.7962747216224670e-01 -4.2398443818092346e-01</leafValues></_>
        <_>
          <internalNodes>
            0 -1 2 -1.2990335933864117e-02</internalNodes>
          <leafValues>
            7.9237067699432373e-01 -1.3580292463302612e-01</leafValues></_>
        <_>
          <internalNodes>
            0 -1 47 -1.5000349376350641e-03</internalNodes>
          <leafValues>
            7.1357250213623047e-01 -1.2880317866802216e-01</leafValues></_>
        <_>
          <internalNodes>
            0 -1 34 5.0520198419690132e-03</internalNodes>
          <leafValues>
            -2.2702549397945404e-01 4.7820311784744263e-01</leafValues></_>
        <_>
          <internalNodes>
            0 -1 202 1.6280335839837790e-03</internalNodes>
          <leafValues>
            -3.1914710998535156e-01 3.5170066356658936e-01</leafValues></_>
        <_>
          <internalNodes>
            0 -1 177 -2.7444928418844938e-03</internalNodes>
          <leafValues>
            8.0566918849945068e-01 -1.1236762255430222e-01</leafValues></_>
        <_>
          <internalNodes>
            0 -1 221 9.2408005148172379e-03</internalNodes>
          <leafValues>
            -1.1986389756202698e-01 7.6896268129348755e-01</leafValues></_></weakClassifiers></_>
    <!-- stage 9 -->
    <_>
      <maxWeakCount>14</maxWeakCount>
      <stageThreshold>-5.2304035425186157e-01</stageThreshold>
      <weakClassifiers>
        <_>
          <internalNodes>
            0 -1 147 1.6824949532747269e-02</internalNodes>
          <leafValues>
            4.6099290251731873e-01 -5.7377046346664429e-01</leafValues></_>
        <_>
          <internalNodes>
            0 -1 46 -1.2161307036876678e-02</internalNodes>
          <leafValues>
            3.4390729665756226e-01 -4.6450108289718628e-01</leafValues></_>
        <_>
          <internalNodes>
            0 -1 92 4.2992264032363892e-02</internalNodes>
          <leafValues>
            -2.4354083836078644e-01 5.4336732625961304e-01</leafValues></_>
        <_>
          <internalNodes>
            0 -1 96 4.5299998600967228e-04</internalNodes>
          <leafValues>
            1.8660458922386169e-01 -5.2084130048751831e-01</leafValues></_>
        <_>
          <internalNodes>
            0 -1 28 -7.7272839844226837e-03</internalNodes>
          <leafValues>
            6.6291099786758423e-01 -1.4943329989910126e-01</leafValues></_>
        <_>
          <internalNodes>
            0 -1 40 1.5301175881177187e-04</internalNodes>
          <leafValues>
            2.1169948577880859e-01 -5.1252347230911255e-01</leafValues></_>
        <_>
          <internalNodes>
            0 -1 169 -1.0389162227511406e-02</internalNodes>
          <leafValues>
            5.6987881660461426e-01 -1.8026919662952423e-01</leafValues></_>
        <_>
          <internalNodes>
            0 -1 197 3.1932611018419266e-02</internalNodes>
          <leafValues>
            1.3642737269401550e-01 -8.7478017807006836e-01</leafValues></_>
        <_>
          <internalNodes>
            0 -1 77 6.7659363150596619e-02</internalNodes>
          <leafValues>
            8.9804790914058685e-02 -8.0890601873397827e-01</leafValues></_>
        <_>
          <internalNodes>
            0 -1 158 4.3365797027945518e-03</internalNodes>
          <leafValues>
            -3.7914621829986572e-01 2.8238728642463684e-01</leafValues></_>
        <_>
          <internalNodes>
            0 -1 143 9.7798758361022919e-05</internalNodes>
          <leafValues>
            -3.1143122911453247e-01 3.3878582715988159e-01</leafValues></_>
        <_>
          <internalNodes>
            0 -1 174 -8.5498660337179899e-04</internalNodes>
          <leafValues>
            -4.5025387406349182e-01 2.2795844078063965e-01</leafValues></_>
        <_>
          <internalNodes>
            0 -1 207 8.5229496471583843e-04</internalNodes>
          <leafValues>
            1.7116717994213104e-01 -6.1220210790634155e-01</leafValues></_>
        <_>
          <internalNodes>
            0 -1 54 -2.0796782337129116e-03</internalNodes>
          <leafValues>
            4.2317649722099304e-01 -2.5137802958488464e-01</leafValues></_></weakClassifiers></_>
    <!-- stage 10 -->
    <_>
      <maxWeakCount>13</maxWeakCount>
      <stageThreshold>-7.4769806861877441e-01</stageThreshold>
      <weakClassifiers>
        <_>
          <internalNodes>
            0 -1 122 6.4107894897460938e-02</internalNodes>
          <leafValues>
            5.0724637508392334e-01 -7.5342464447021484e-01</leafValues></_>
        <_>
          <internalNodes>
            0 -1 75 -1.8254838883876801e-01</internalNodes>
          <leafValues>
            6.5562731027603149e-01 -1.5128947794437408e-01</leafValues></_>
        <_>
          <internalNodes>
            0 -1 16 5.6740213185548782e-03</internalNodes>
          <leafValues>
            -2.5294670462608337e-01 4.2618998885154724e-01</leafValues></_>
        <_>
          <internalNodes>
            0 -1 6 -8.5169932572171092e-04</internalNodes>
          <leafValues>
            -5.2616351842880249e-01 2.3186463117599487e-01</leafValues></_>
        <_>
          <internalNodes>
            0 -1 50 4.2472165660001338e-04</internalNodes>
          <leafValues>
            2.0649267733097076e-01 -5.0373250246047974e-01</leafValues></_>
        <_>
          <internalNodes>
            0 -1 81 -5.0161271356046200e-03</internalNodes>
          <leafValues>
            3.0225145816802979e-01 -3.7547326087951660e-01</leafValues></_>
        <_>
          <internalNodes>
            0 -1 3 7.5278170406818390e-02</internalNodes>
          <leafValues>
            -1.9310791790485382e-01 7.7203303575515747e-01</leafValues></_>
        <_>
          <internalNodes>
            0 -1 45 -1.2087983079254627e-02</internalNodes>
          <leafValues>
            -7.2373360395431519e-01 2.1044000983238220e-01</leafValues></_>
        <_>
          <internalNodes>
            0 -1 1 -1.4322972856462002e-03</internalNodes>
          <leafValues>
            -5.6838971376419067e-01 1.7522360384464264e-01</leafValues></_>
        <_>
          <internalNodes>
            0 -1 208 9.6667150501161814e-05</internalNodes>
          <leafValues>
            2.2407579421997070e-01 -4.4033131003379822e-01</leafValues></_>
        <_>
          <internalNodes>
            0 -1 199 -1.4595487155020237e-03</internalNodes>
          <leafValues>
            4.2250886559486389e-01 -2.6187017560005188e-01</leafValues></_>
        <_>
          <internalNodes>
            0 -1 97 -3.4083356149494648e-04</internalNodes>
          <leafValues>
            -5.1290786266326904e-01 2.3078164458274841e-01</leafValues></_>
        <_>
          <internalNodes>
            0 -1 43 -5.2965190261602402e-03</internalNodes>
          <leafValues>
            1.8816754221916199e-01 -5.5166536569595337e-01</leafValues></_></weakClassifiers></_>
    <!-- stage 11 -->
    <_>
      <maxWeakCount>17</maxWeakCount>
      <stageThreshold>-9.9174338579177856e-01</stageThreshold>
      <weakClassifiers>
        <_>
          <internalNodes>
            0 -1 52 3.7791382055729628e-04</internalNodes>
          <leafValues>
            5.4923415184020996e-01 -1.5476191043853760e-01</leafValues></_>
        <_>
          <internalNodes>
            0 -1 204 -3.0531937954947352e-04</internalNodes>
          <leafValues>
            -4.5762833952903748e-01 3.0078095197677612e-01</leafValues></_>
        <_>
          <internalNodes>
            0 -1 25 -3.2097473740577698e-04</internalNodes>
          <leafValues>
            -5.0801932811737061e-01 2.1221402287483215e-01</leafValues></_>
        <_>
          <internalNodes>
            0 -1 60 -3.9865404367446899e-02</internalNodes>
          <leafValues>
            4.2108747363090515e-01 -2.7361261844635010e-01</leafValues></_>
        <_>
          <internalNodes>
            0 -1 194 5.5359355174005032e-03</internalNodes>
          <leafValues>
            -2.5665256381034851e-01 4.4059005379676819e-01</leafValues></_>
        <_>
          <internalNodes>
            0 -1 213 1.7386296764016151e-02</internalNodes>
          <leafValues>
            -1.7952284216880798e-01 7.9839926958084106e-01</leafValues></_>
        <_>
          <internalNodes>
            0 -1 150 9.5265898853540421e-03</internalNodes>
          <leafValues>
            -1.5175880491733551e-01 6.6247427463531494e-01</leafValues></_>
        <_>
          <internalNodes>
            0 -1 99 2.0446877169888467e-04</internalNodes>
          <leafValues>
            2.3624946177005768e-01 -4.6635171771049500e-01</leafValues></_>
        <_>
          <internalNodes>
            0 -1 152 1.2414348311722279e-03</internalNodes>
          <leafValues>
            -2.1806944906711578e-01 5.3591793775558472e-01</leafValues></_>
        <_>
          <internalNodes>
            0 -1 176 -6.2444224022328854e-04</internalNodes>
          <leafValues>
            -4.9260851740837097e-01 2.3027874529361725e-01</leafValues></_>
        <_>
          <internalNodes>
            0 -1 175 3.3022772520780563e-02</internalNodes>
          <leafValues>
            1.1255990713834763e-01 -9.3678557872772217e-01</leafValues></_>
        <_>
          <internalNodes>
            0 -1 130 2.1836957894265652e-03</internalNodes>
          <leafValues>
            -2.4454993009567261e-01 5.0313472747802734e-01</leafValues></_>
        <_>
          <internalNodes>
            0 -1 129 5.5605091620236635e-04</internalNodes>
          <leafValues>
            2.5019007921218872e-01 -4.5479804277420044e-01</leafValues></_>
        <_>
          <internalNodes>
            0 -1 23 -1.7806772142648697e-02</internalNodes>
          <leafValues>
            3.1899052858352661e-01 -3.8439509272575378e-01</leafValues></_>
        <_>
          <internalNodes>
            0 -1 29 4.7957329079508781e-03</internalNodes>
          <leafValues>
            -2.1558637917041779e-01 5.5234992504119873e-01</leafValues></_>
        <_>
          <internalNodes>
            0 -1 118 -2.5686417939141393e-04</internalNodes>
          <leafValues>
            2.8970184922218323e-01 -4.0992787480354309e-01</leafValues></_>
        <_>
          <internalNodes>
            0 -1 138 -7.8639969229698181e-02</internalNodes>
          <leafValues>
            -7.7670699357986450e-01 1.5301427245140076e-01</leafValues></_></weakClassifiers></_>
    <!-- stage 12 -->
    <_>
      <maxWeakCount>10</maxWeakCount>
      <stageThreshold>-4.1080799698829651e-01</stageThreshold>
      <weakClassifiers>
        <_>
          <internalNodes>
            0 -1 51 -6.4652715809643269e-04</internalNodes>
          <leafValues>
            -4.1353383660316467e-01 5.6910568475723267e-01</leafValues></_>
        <_>
          <internalNodes>
            0 -1 53 5.7461968390271068e-04</internalNodes>
          <leafValues>
            3.5876840353012085e-01 -5.9047347307205200e-01</leafValues></_>
        <_>
          <internalNodes>
            0 -1 33 -2.6390885934233665e-02</internalNodes>
          <leafValues>
            6.3499480485916138e-01 -3.3211410045623779e-01</leafValues></_>
        <_>
          <internalNodes>
            0 -1 82 -2.6644406840205193e-02</internalNodes>
          <leafValues>
            6.4349091053009033e-01 -3.3665454387664795e-01</leafValues></_>
        <_>
          <internalNodes>
            0 -1 198 3.3951029763557017e-04</internalNodes>
          <leafValues>
            3.3026760816574097e-01 -6.3395875692367554e-01</leafValues></_>
        <_>
          <internalNodes>
            0 -1 230 5.5929500376805663e-04</internalNodes>
          <leafValues>
            2.6826059818267822e-01 -6.0721462965011597e-01</leafValues></_>
        <_>
          <internalNodes>
            0 -1 80 -5.4178095888346434e-04</internalNodes>
          <leafValues>
            -5.9539020061492920e-01 2.9890030622482300e-01</leafValues></_>
        <_>
          <internalNodes>
            0 -1 112 -1.5235075727105141e-02</internalNodes>
          <leafValues>
            6.9338572025299072e-01 -2.8538364171981812e-01</leafValues></_>
        <_>
          <internalNodes>
            0 -1 205 1.2600573245435953e-04</internalNodes>
          <leafValues>
            4.0022945404052734e-01 -5.0850123167037964e-01</leafValues></_>
        <_>
          <internalNodes>
            0 -1 71 -1.4756608288735151e-03</internalNodes>
          <leafValues>
            -7.3294585943222046e-01 2.6068973541259766e-01</leafValues></_></weakClassifiers></_>
    <!-- stage 13 -->
    <_>
      <maxWeakCount>9</maxWeakCount>
      <stageThreshold>-1.1692830324172974e+00</stageThreshold>
      <weakClassifiers>
        <_>
          <internalNodes>
            0 -1 51 7.8150839544832706e-04</internalNodes>
          <leafValues>
            6.0337555408477783e-01 -4.0397351980209351e-01</leafValues></_>
        <_>
          <internalNodes>
            0 -1 38 -4.2199806193821132e-04</internalNodes>
          <leafValues>
            -5.6011497974395752e-01 3.4048590064048767e-01</leafValues></_>
        <_>
          <internalNodes>
            0 -1 38 6.4651935826987028e-04</internalNodes>
          <leafValues>
            3.9414483308792114e-01 -6.4359432458877563e-01</leafValues></_>
        <_>
          <internalNodes>
            0 -1 127 7.5627188198268414e-04</internalNodes>
          <leafValues>
            1.7370113730430603e-01 -7.2033619880676270e-01</leafValues></_>
        <_>
          <internalNodes>
            0 -1 182 6.9078878732398152e-04</internalNodes>
          <leafValues>
            2.3514413833618164e-01 -6.8494832515716553e-01</leafValues></_>
        <_>
          <internalNodes>
            0 -1 98 -7.4223976116627455e-04</internalNodes>
          <leafValues>
            -5.8259338140487671e-01 2.7740904688835144e-01</leafValues></_>
        <_>
          <internalNodes>
            0 -1 26 9.1198598966002464e-04</internalNodes>
          <leafValues>
            2.6010885834693909e-01 -5.9169399738311768e-01</leafValues></_>
        <_>
          <internalNodes>
            0 -1 76 -2.5974996387958527e-02</internalNodes>
          <leafValues>
            6.0232019424438477e-01 -2.7115657925605774e-01</leafValues></_>
        <_>
          <internalNodes>
            0 -1 180 -7.8372540883719921e-04</internalNodes>
          <leafValues>
            -4.3621745705604553e-01 3.8883534073829651e-01</leafValues></_></weakClassifiers></_>
    <!-- stage 14 -->
    <_>
      <maxWeakCount>9</maxWeakCount>
      <stageThreshold>-8.7183398008346558e-01</stageThreshold>
      <weakClassifiers>
        <_>
          <internalNodes>
            0 -1 36 -7.9981924500316381e-04</internalNodes>
          <leafValues>
            -4.7899159789085388e-01 5.5731225013732910e-01</leafValues></_>
        <_>
          <internalNodes>
            0 -1 36 5.6448817485943437e-04</internalNodes>
          <leafValues>
            3.1984677910804749e-01 -5.4251635074615479e-01</leafValues></_>
        <_>
          <internalNodes>
            0 -1 220 7.2641554288566113e-04</internalNodes>
          <leafValues>
            2.2808960080146790e-01 -6.2129753828048706e-01</leafValues></_>
        <_>
          <internalNodes>
            0 -1 48 -7.1732362266629934e-04</internalNodes>
          <leafValues>
            -5.4324322938919067e-01 2.5093704462051392e-01</leafValues></_>
        <_>
          <internalNodes>
            0 -1 13 -7.7564753592014313e-02</internalNodes>
          <leafValues>
            6.3006764650344849e-01 -2.5615707039833069e-01</leafValues></_>
        <_>
          <internalNodes>
            0 -1 113 -8.8401444256305695e-02</internalNodes>
          <leafValues>
            5.8937442302703857e-01 -3.2075184583663940e-01</leafValues></_>
        <_>
          <internalNodes>
            0 -1 39 -7.1769335772842169e-04</internalNodes>
          <leafValues>
            -4.7664722800254822e-01 3.5149049758911133e-01</leafValues></_>
        <_>
          <internalNodes>
            0 -1 72 5.9338803403079510e-03</internalNodes>
          <leafValues>
            1.6305840015411377e-01 -7.9577928781509399e-01</leafValues></_>
        <_>
          <internalNodes>
            0 -1 21 8.4540696116164327e-04</internalNodes>
          <leafValues>
            2.9593405127525330e-01 -4.8813471198081970e-01</leafValues></_></weakClassifiers></_>
    <!-- stage 15 -->
    <_>
      <maxWeakCount>17</maxWeakCount>
      <stageThreshold>-6.8422234058380127e-01</stageThreshold>
      <weakClassifiers>
        <_>
          <internalNodes>
            0 -1 181 5.4261309560388327e-04</internalNodes>
          <leafValues>
            5.0980395078659058e-01 -3.0434781312942505e-01</leafValues></_>
        <_>
          <internalNodes>
            0 -1 211 2.5113960145972669e-04</internalNodes>
          <leafValues>
            2.7448663115501404e-01 -4.1681337356567383e-01</leafValues></_>
        <_>
          <internalNodes>
            0 -1 161 2.1625404770020396e-04</internalNodes>
          <leafValues>
            2.1445339918136597e-01 -4.6683678030967712e-01</leafValues></_>
        <_>
          <internalNodes>
            0 -1 38 -1.8473560339771211e-04</internalNodes>
          <leafValues>
            -4.3218430876731873e-01 2.1612776815891266e-01</leafValues></_>
        <_>
          <internalNodes>
            0 -1 55 -7.6715163886547089e-03</internalNodes>
          <leafValues>
            2.4126891791820526e-01 -4.1333934664726257e-01</leafValues></_>
        <_>
          <internalNodes>
            0 -1 124 -7.0224465162027627e-05</internalNodes>
          <leafValues>
            -4.5847055315971375e-01 2.2275164723396301e-01</leafValues></_>
        <_>
          <internalNodes>
            0 -1 15 5.0448323599994183e-04</internalNodes>
          <leafValues>
            2.1899524331092834e-01 -3.9641374349594116e-01</leafValues></_>
        <_>
          <internalNodes>
            0 -1 212 2.5375159457325935e-03</internalNodes>
          <leafValues>
            -1.9129300117492676e-01 6.4535313844680786e-01</leafValues></_>
        <_>
          <internalNodes>
            0 -1 87 9.9337352439761162e-03</internalNodes>
          <leafValues>
            1.6386450827121735e-01 -7.2552001476287842e-01</leafValues></_>
        <_>
          <internalNodes>
            0 -1 5 2.0777182653546333e-02</internalNodes>
          <leafValues>
            -2.4351160228252411e-01 4.2187291383743286e-01</leafValues></_>
        <_>
          <internalNodes>
            0 -1 114 -1.7566148191690445e-02</internalNodes>
          <leafValues>
            -7.4602973461151123e-01 1.4120264351367950e-01</leafValues></_>
        <_>
          <internalNodes>
            0 -1 102 6.3855610787868500e-02</internalNodes>
          <leafValues>
            1.0900147259235382e-01 -8.0615878105163574e-01</leafValues></_>
        <_>
          <internalNodes>
            0 -1 49 2.7391489129513502e-04</internalNodes>
          <leafValues>
            2.0530068874359131e-01 -4.5710355043411255e-01</leafValues></_>
        <_>
          <internalNodes>
            0 -1 148 -7.8349513933062553e-04</internalNodes>
          <leafValues>
            -5.8955079317092896e-01 1.7397916316986084e-01</leafValues></_>
        <_>
          <internalNodes>
            0 -1 139 -8.4992632037028670e-04</internalNodes>
          <leafValues>
            2.1980482339859009e-01 -4.3779879808425903e-01</leafValues></_>
        <_>
          <internalNodes>
            0 -1 149 2.1811558690387756e-04</internalNodes>
          <leafValues>
            2.1399755775928497e-01 -4.6707674860954285e-01</leafValues></_>
        <_>
          <internalNodes>
            0 -1 239 1.2861695722676814e-04</internalNodes>
          <leafValues>
            2.3054102063179016e-01 -4.3364298343658447e-01</leafValues></_></weakClassifiers></_>
    <!-- stage 16 -->
    <_>
      <maxWeakCount>18</maxWeakCount>
      <stageThreshold>-8.1796306371688843e-01</stageThreshold>
      <weakClassifiers>
        <_>
          <internalNodes>
            0 -1 159 -7.7605657279491425e-03</internalNodes>
          <leafValues>
            -6.0000002384185791e-01 4.5263159275054932e-01</leafValues></_>
        <_>
          <internalNodes>
            0 -1 193 -4.8275746405124664e-02</internalNodes>
          <leafValues>
            -4.7811079025268555e-01 2.5878375768661499e-01</leafValues></_>
        <_>
          <internalNodes>
            0 -1 229 6.4281402155756950e-03</internalNodes>
          <leafValues>
            -1.7046743631362915e-01 7.4124771356582642e-01</leafValues></_>
        <_>
          <internalNodes>
            0 -1 46 -1.9066855311393738e-02</internalNodes>
          <leafValues>
            2.5261303782463074e-01 -4.2774325609207153e-01</leafValues></_>
        <_>
          <internalNodes>
            0 -1 215 2.5374013930559158e-03</internalNodes>
          <leafValues>
            -1.6876831650733948e-01 6.7356985807418823e-01</leafValues></_>
        <_>
          <internalNodes>
            0 -1 24 -3.0534475808963180e-04</internalNodes>
          <leafValues>
            -4.7617286443710327e-01 2.4635674059391022e-01</leafValues></_>
        <_>
          <internalNodes>
            0 -1 7 5.6930270511657000e-04</internalNodes>
          <leafValues>
            1.8854236602783203e-01 -4.6389079093933105e-01</leafValues></_>
        <_>
          <internalNodes>
            0 -1 234 -6.0872267931699753e-03</internalNodes>
          <leafValues>
            5.1274466514587402e-01 -1.9195337593555450e-01</leafValues></_>
        <_>
          <internalNodes>
            0 -1 237 -2.5494417641311884e-03</internalNodes>
          <leafValues>
            3.9850142598152161e-01 -2.4496082961559296e-01</leafValues></_>
        <_>
          <internalNodes>
            0 -1 93 -2.7718946337699890e-02</internalNodes>
          <leafValues>
            -9.1484332084655762e-01 1.1293996125459671e-01</leafValues></_>
        <_>
          <internalNodes>
            0 -1 61 -3.8195572793483734e-02</internalNodes>
          <leafValues>
            -9.0264397859573364e-01 8.2083001732826233e-02</leafValues></_>
        <_>
          <internalNodes>
            0 -1 190 -4.0804697200655937e-03</internalNodes>
          <leafValues>
            4.8392832279205322e-01 -1.9982421398162842e-01</leafValues></_>
        <_>
          <internalNodes>
            0 -1 231 1.0432522976770997e-03</internalNodes>
          <leafValues>
            1.6542626917362213e-01 -5.9709936380386353e-01</leafValues></_>
        <_>
          <internalNodes>
            0 -1 196 3.0864901840686798e-02</internalNodes>
          <leafValues>
            -1.6291873157024384e-01 6.7841106653213501e-01</leafValues></_>
        <_>
          <internalNodes>
            0 -1 217 -1.7226535826921463e-02</internalNodes>
          <leafValues>
            6.6972863674163818e-01 -1.5182912349700928e-01</leafValues></_>
        <_>
          <internalNodes>
            0 -1 117 7.1285180747509003e-03</internalNodes>
          <leafValues>
            1.4719311892986298e-01 -9.1667246818542480e-01</leafValues></_>
        <_>
          <internalNodes>
            0 -1 8 -4.0100393816828728e-03</internalNodes>
          <leafValues>
            5.6037533283233643e-01 -1.8773390352725983e-01</leafValues></_>
        <_>
          <internalNodes>
            0 -1 78 8.4633112419396639e-04</internalNodes>
          <leafValues>
            1.7117388546466827e-01 -5.9935808181762695e-01</leafValues></_></weakClassifiers></_>
    <!-- stage 17 -->
    <_>
      <maxWeakCount>21</maxWeakCount>
      <stageThreshold>-7.0530021190643311e-01</stageThreshold>
      <weakClassifiers>
        <_>
          <internalNodes>
            0 -1 120 -1.4584162272512913e-02</internalNodes>
          <leafValues>
            -8.3333331346511841e-01 4.3293717503547668e-01</leafValues></_>
        <_>
          <internalNodes>
            0 -1 17 6.8657146766781807e-03</internalNodes>
          <leafValues>
            -2.1555070579051971e-01 4.9560293555259705e-01</leafValues></_>
        <_>
          <internalNodes>
            0 -1 9 5.0303102470934391e-03</internalNodes>
          <leafValues>
            -1.5417936444282532e-01 7.0419526100158691e-01</leafValues></_>
        <_>
          <internalNodes>
            0 -1 14 5.6428767740726471e-02</internalNodes>
          <leafValues>
            -1.8636974692344666e-01 5.5314832925796509e-01</leafValues></_>
        <_>
          <internalNodes>
            0 -1 133 -3.8055241107940674e-02</internalNodes>
          <leafValues>
            -7.0690661668777466e-01 1.1491727828979492e-01</leafValues></_>
        <_>
          <internalNodes>
            0 -1 42 -4.8979544080793858e-03</internalNodes>
          <leafValues>
            2.8080144524574280e-01 -3.6362597346305847e-01</leafValues></_>
        <_>
          <internalNodes>
            0 -1 218 -2.2164223715662956e-02</internalNodes>
          <leafValues>
            6.0660886764526367e-01 -1.7467854917049408e-01</leafValues></_>
        <_>
          <internalNodes>
            0 -1 233 1.2189321219921112e-02</internalNodes>
          <leafValues>
            -1.1273635923862457e-01 7.8968751430511475e-01</leafValues></_>
        <_>
          <internalNodes>
            0 -1 73 1.1066163424402475e-03</internalNodes>
          <leafValues>
            -2.7032855153083801e-01 3.4028717875480652e-01</leafValues></_>
        <_>
          <internalNodes>
            0 -1 4 3.9062041789293289e-02</internalNodes>
          <leafValues>
            -8.6617283523082733e-02 8.7981766462326050e-01</leafValues></_>
        <_>
          <internalNodes>
            0 -1 146 5.9473374858498573e-03</internalNodes>
          <leafValues>
            -3.3392947912216187e-01 2.9379600286483765e-01</leafValues></_>
        <_>
          <internalNodes>
            0 -1 189 1.0031135752797127e-02</internalNodes>
          <leafValues>
            -1.6537471115589142e-01 5.9230989217758179e-01</leafValues></_>
        <_>
          <internalNodes>
            0 -1 111 4.4121453538537025e-03</internalNodes>
          <leafValues>
            -2.3171192407608032e-01 4.1419482231140137e-01</leafValues></_>
        <_>
          <internalNodes>
            0 -1 62 -1.9036829471588135e-02</internalNodes>
          <leafValues>
            -7.0884668827056885e-01 1.5162269771099091e-01</leafValues></_>
        <_>
          <internalNodes>
            0 -1 32 -2.8098472394049168e-03</internalNodes>
          <leafValues>
            7.2555178403854370e-01 -1.6462837159633636e-01</leafValues></_>
        <_>
          <internalNodes>
            0 -1 41 2.6508411392569542e-03</internalNodes>
          <leafValues>
            -2.5206661224365234e-01 4.2093393206596375e-01</leafValues></_>
        <_>
          <internalNodes>
            0 -1 171 1.0465362574905157e-03</internalNodes>
          <leafValues>
            2.9391872882843018e-01 -3.9561021327972412e-01</leafValues></_>
        <_>
          <internalNodes>
            0 -1 91 -7.2907302528619766e-03</internalNodes>
          <leafValues>
            4.1567292809486389e-01 -2.8927630186080933e-01</leafValues></_>
        <_>
          <internalNodes>
            0 -1 141 4.1912216693162918e-02</internalNodes>
          <leafValues>
            1.8542249500751495e-01 -6.5173393487930298e-01</leafValues></_>
        <_>
          <internalNodes>
            0 -1 179 2.0405787508934736e-03</internalNodes>
          <leafValues>
            -4.5053255558013916e-01 2.1791878342628479e-01</leafValues></_>
        <_>
          <internalNodes>
            0 -1 35 3.4368471242487431e-03</internalNodes>
          <leafValues>
            -2.0709744095802307e-01 5.2480363845825195e-01</leafValues></_></weakClassifiers></_>
    <!-- stage 18 -->
    <_>
      <maxWeakCount>19</maxWeakCount>
      <stageThreshold>-7.9972743988037109e-01</stageThreshold>
      <weakClassifiers>
        <_>
          <internalNodes>
            0 -1 94 4.1236905381083488e-03</internalNodes>
          <leafValues>
            9.0277776122093201e-02 5.9050446748733521e-01</leafValues></_>
        <_>
          <internalNodes>
            0 -1 66 -2.3436741903424263e-03</internalNodes>
          <leafValues>
            5.1559215784072876e-01 -1.2341479957103729e-01</leafValues></_>
        <_>
          <internalNodes>
            0 -1 115 8.5115246474742889e-04</internalNodes>
          <leafValues>
            -2.0732277631759644e-01 3.5936591029167175e-01</leafValues></_>
        <_>
          <internalNodes>
            0 -1 134 1.5072152018547058e-03</internalNodes>
          <leafValues>
            -2.6153764128684998e-01 3.6897599697113037e-01</leafValues></_>
        <_>
          <internalNodes>
            0 -1 100 4.5852409675717354e-03</internalNodes>
          <leafValues>
            -7.3829941451549530e-02 9.3435722589492798e-01</leafValues></_>
        <_>
          <internalNodes>
            0 -1 63 -5.3247073665261269e-03</internalNodes>
          <leafValues>
            3.0091625452041626e-01 -2.3651790618896484e-01</leafValues></_>
        <_>
          <internalNodes>
            0 -1 10 6.9255023263394833e-03</internalNodes>
          <leafValues>
            -1.2918864190578461e-01 6.7134702205657959e-01</leafValues></_>
        <_>
          <internalNodes>
            0 -1 105 -7.9374847700819373e-04</internalNodes>
          <leafValues>
            2.7070003747940063e-01 -3.4615060687065125e-01</leafValues></_>
        <_>
          <internalNodes>
            0 -1 11 4.8559005372226238e-03</internalNodes>
          <leafValues>
            -1.3347643613815308e-01 6.2354552745819092e-01</leafValues></_>
        <_>
          <internalNodes>
            0 -1 90 -1.0536177083849907e-02</internalNodes>
          <leafValues>
            3.5439634323120117e-01 -2.2276413440704346e-01</leafValues></_>
        <_>
          <internalNodes>
            0 -1 106 -1.2739837169647217e-02</internalNodes>
          <leafValues>
            3.6762452125549316e-01 -2.2357749938964844e-01</leafValues></_>
        <_>
          <internalNodes>
            0 -1 140 -1.6689471900463104e-02</internalNodes>
          <leafValues>
            -8.6036103963851929e-01 1.2089818716049194e-01</leafValues></_>
        <_>
          <internalNodes>
            0 -1 173 2.2462621331214905e-02</internalNodes>
          <leafValues>
            -1.4559189975261688e-01 7.5140035152435303e-01</leafValues></_>
        <_>
          <internalNodes>
            0 -1 160 -5.1846066489815712e-03</internalNodes>
          <leafValues>
            3.3385676145553589e-01 -2.8268402814865112e-01</leafValues></_>
        <_>
          <internalNodes>
            0 -1 201 -3.9174919947981834e-03</internalNodes>
          <leafValues>
            8.2312363386154175e-01 -1.2369041889905930e-01</leafValues></_>
        <_>
          <internalNodes>
            0 -1 127 -9.0106419520452619e-04</internalNodes>
          <leafValues>
            -5.7619613409042358e-01 1.9173921644687653e-01</leafValues></_>
        <_>
          <internalNodes>
            0 -1 128 -2.1892450749874115e-03</internalNodes>
          <leafValues>
            5.0962406396865845e-01 -2.1436665952205658e-01</leafValues></_>
        <_>
          <internalNodes>
            0 -1 200 4.4114682823419571e-03</internalNodes>
          <leafValues>
            -1.7486695945262909e-01 5.8606517314910889e-01</leafValues></_>
        <_>
          <internalNodes>
            0 -1 104 -4.2495885863900185e-03</internalNodes>
          <leafValues>
            3.5708263516426086e-01 -2.6410388946533203e-01</leafValues></_></weakClassifiers></_>
    <!-- stage 19 -->
    <_>
      <maxWeakCount>15</maxWeakCount>
      <stageThreshold>-6.7035084962844849e-01</stageThreshold>
      <weakClassifiers>
        <_>
          <internalNodes>
            0 -1 209 2.1967319480609149e-04</internalNodes>
          <leafValues>
            5.2400833368301392e-01 -1.7808219790458679e-01</leafValues></_>
        <_>
          <internalNodes>
            0 -1 53 -3.0562005122192204e-04</internalNodes>
          <leafValues>
            -4.1746783256530762e-01 2.8617218136787415e-01</leafValues></_>
        <_>
          <internalNodes>
            0 -1 19 -9.8950904794037342e-04</internalNodes>
          <leafValues>
            -4.9132093787193298e-01 1.8311853706836700e-01</leafValues></_>
        <_>
          <internalNodes>
            0 -1 210 -6.7893060622736812e-04</internalNodes>
          <leafValues>
            -4.4958788156509399e-01 1.8902672827243805e-01</leafValues></_>
        <_>
          <internalNodes>
            0 -1 188 1.8321466995985247e-05</internalNodes>
          <leafValues>
            2.2731515765190125e-01 -3.9586204290390015e-01</leafValues></_>
        <_>
          <internalNodes>
            0 -1 107 -4.8172234528465196e-05</internalNodes>
          <leafValues>
            2.5096094608306885e-01 -3.8000723719596863e-01</leafValues></_>
        <_>
          <internalNodes>
            0 -1 108 -2.3281613830476999e-03</internalNodes>
          <leafValues>
            2.9127803444862366e-01 -2.9939937591552734e-01</leafValues></_>
        <_>
          <internalNodes>
            0 -1 137 1.1892168782651424e-02</internalNodes>
          <leafValues>
            1.6149431467056274e-01 -6.5750092267990112e-01</leafValues></_>
        <_>
          <internalNodes>
            0 -1 70 9.7131193615496159e-04</internalNodes>
          <leafValues>
            -3.1955358386039734e-01 2.8927364945411682e-01</leafValues></_>
        <_>
          <internalNodes>
            0 -1 142 4.1160504333674908e-03</internalNodes>
          <leafValues>
            -1.3775786757469177e-01 7.5630396604537964e-01</leafValues></_>
        <_>
          <internalNodes>
            0 -1 12 -3.4378990530967712e-02</internalNodes>
          <leafValues>
            -6.4647328853607178e-01 1.8958465754985809e-01</leafValues></_>
        <_>
          <internalNodes>
            0 -1 240 -6.2961841467767954e-04</internalNodes>
          <leafValues>
            -5.3110247850418091e-01 1.6210635006427765e-01</leafValues></_>
        <_>
          <internalNodes>
            0 -1 241 2.0529258996248245e-02</internalNodes>
          <leafValues>
            -1.9106079638004303e-01 5.7012009620666504e-01</leafValues></_>
        <_>
          <internalNodes>
            0 -1 187 3.6851032637059689e-03</internalNodes>
          <leafValues>
            -2.2856590151786804e-01 4.5204934477806091e-01</leafValues></_>
        <_>
          <internalNodes>
            0 -1 232 -7.9204607754945755e-04</internalNodes>
          <leafValues>
            -4.5565584301948547e-01 2.6136752963066101e-01</leafValues></_></weakClassifiers></_></stages>
  <features>
    <_>
      <rects>
        <_>
          0 0 2 2 -1.</_>
        <_>
          1 0 1 2 2.</_></rects>
      <tilted>0</tilted></_>
    <_>
      <rects>
        <_>
          0 0 2 3 -1.</_>
        <_>
          1 0 1 3 2.</_></rects>
      <tilted>0</tilted></_>
    <_>
      <rects>
        <_>
          0 1 2 22 -1.</_>
        <_>
          0 1 1 11 2.</_>
        <_>
          1 12 1 11 2.</_></rects>
      <tilted>0</tilted></_>
    <_>
      <rects>
        <_>
          0 1 9 14 -1.</_>
        <_>
          0 8 9 7 2.</_></rects>
      <tilted>0</tilted></_>
    <_>
      <rects>
        <_>
          0 2 4 11 -1.</_>
        <_>
          2 2 2 11 2.</_></rects>
      <tilted>0</tilted></_>
    <_>
      <rects>
        <_>
          0 2 4 20 -1.</_>
        <_>
          2 2 2 20 2.</_></rects>
      <tilted>0</tilted></_>
    <_>
      <rects>
        <_>
          0 3 3 2 -1.</_>
        <_>
          0 4 3 1 2.</_></rects>
      <tilted>0</tilted></_>
    <_>
      <rects>
        <_>
          0 4 2 2 -1.</_>
        <_>
          0 5 2 1 2.</_></rects>
      <tilted>0</tilted></_>
    <_>
      <rects>
        <_>
          0 11 2 3 -1.</_>
        <_>
          1 11 1 3 2.</_></rects>
      <tilted>0</tilted></_>
    <_>
      <rects>
        <_>
          0 11 3 3 -1.</_>
        <_>
          1 11 1 3 3.</_></rects>
      <tilted>0</tilted></_>
    <_>
      <rects>
        <_>
          0 11 2 6 -1.</_>
        <_>
          0 11 1 3 2.</_>
        <_>
          1 14 1 3 2.</_></rects>
      <tilted>0</tilted></_>
    <_>
      <rects>
        <_>
          0 12 3 2 -1.</_>
        <_>
          1 12 1 2 3.</_></rects>
      <tilted>0</tilted></_>
    <_>
      <rects>
        <_>
          0 12 19 6 -1.</_>
        <_>
          0 15 19 3 2.</_></rects>
      <tilted>0</tilted></_>
    <_>
      <rects>
        <_>
          0 14 19 10 -1.</_>
        <_>
          0 19 19 5 2.</_></rects>
      <tilted>0</tilted></_>
    <_>
      <rects>
        <_>
          0 15 18 6 -1.</_>
        <_>
          6 15 6 6 3.</_></rects>
      <tilted>0</tilted></_>
    <_>
      <rects>
        <_>
          0 16 1 4 -1.</_>
        <_>
          0 18 1 2 2.</_></rects>
      <tilted>0</tilted></_>
    <_>
      <rects>
        <_>
          0 18 18 1 -1.</_>
        <_>
          6 18 6 1 3.</_></rects>
      <tilted>0</tilted></_>
    <_>
      <rects>
        <_>
          1 0 2 10 -1.</_>
        <_>
          1 5 2 5 2.</_></rects>
      <tilted>0</tilted></_>
    <_>
      <rects>
        <_>
          1 1 2 4 -1.</_>
        <_>
          2 1 1 4 2.</_></rects>
      <tilted>0</tilted></_>
    <_>
      <rects>
        <_>
          1 2 2 3 -1.</_>
        <_>
          2 2 1 3 2.</_></rects>
      <tilted>0</tilted></_>
    <_>
      <rects>
        <_>
          1 2 17 22 -1.</_>
        <_>
          1 13 17 11 2.</_></rects>
      <tilted>0</tilted></_>
    <_>
      <rects>
        <_>
          1 3 2 2 -1.</_>
        <_>
          2 3 1 2 2.</_></rects>
      <tilted>0</tilted></_>
    <_>
      <rects>
        <_>
          1 3 2 14 -1.</_>
        <_>
          1 3 1 7 2.</_>
        <_>
          2 10 1 7 2.</_></rects>
      <tilted>0</tilted></_>
    <_>
      <rects>
        <_>
          1 3 9 12 -1.</_>
        <_>
          1 9 9 6 2.</_></rects>
      <tilted>0</tilted></_>
    <_>
      <rects>
        <_>
          1 4 1 2 -1.</_>
        <_>
          1 5 1 1 2.</_></rects>
      <tilted>0</tilted></_>
    <_>
      <rects>
        <_>
          1 5 2 1 -1.</_>
        <_>
          2 5 1 1 2.</_></rects>
      <tilted>0</tilted></_>
    <_>
      <rects>
        <_>
          1 6 1 2 -1.</_>
        <_>
          1 7 1 1 2.</_></rects>
      <tilted>0</tilted></_>
    <_>
      <rects>
        <_>
          1 6 18 14 -1.</_>
        <_>
          10 6 9 14 2.</_></rects>
      <tilted>0</tilted></_>
    <_>
      <rects>
        <_>
          1 9 4 4 -1.</_>
        <_>
          1 9 2 2 2.</_>
        <_>
          3 11 2 2 2.</_></rects>
      <tilted>0</tilted></_>
    <_>
      <rects>
        <_>
          1 10 3 6 -1.</_>
        <_>
          2 10 1 6 3.</_></rects>
      <tilted>0</tilted></_>
    <_>
      <rects>
        <_>
          1 11 4 6 -1.</_>
        <_>
          1 11 2 3 2.</_>
        <_>
          3 14 2 3 2.</_></rects>
      <tilted>0</tilted></_>
    <_>
      <rects>
        <_>
          1 11 10 12 -1.</_>
        <_>
          1 15 10 4 3.</_></rects>
      <tilted>0</tilted></_>
    <_>
      <rects>
        <_>
          1 14 3 1 -1.</_>
        <_>
          2 14 1 1 3.</_></rects>
      <tilted>0</tilted></_>
    <_>
      <rects>
        <_>
          1 16 10 8 -1.</_>
        <_>
          1 20 10 4 2.</_></rects>
      <tilted>0</tilted></_>
    <_>
      <rects>
        <_>
          2 0 1 12 -1.</_>
        <_>
          2 4 1 4 3.</_></rects>
      <tilted>0</tilted></_>
    <_>
      <rects>
        <_>
          2 0 11 2 -1.</_>
        <_>
          2 1 11 1 2.</_></rects>
      <tilted>0</tilted></_>
    <_>
      <rects>
        <_>
          2 2 2 1 -1.</_>
        <_>
          3 2 1 1 2.</_></rects>
      <tilted>0</tilted></_>
    <_>
      <rects>
        <_>
          2 2 1 2 -1.</_>
        <_>
          2 3 1 1 2.</_></rects>
      <tilted>0</tilted></_>
    <_>
      <rects>
        <_>
          2 4 1 2 -1.</_>
        <_>
          2 5 1 1 2.</_></rects>
      <tilted>0</tilted></_>
    <_>
      <rects>
        <_>
          2 4 2 2 -1.</_>
        <_>
          3 4 1 2 2.</_></rects>
      <tilted>0</tilted></_>
    <_>
      <rects>
        <_>
          2 7 2 1 -1.</_>
        <_>
          3 7 1 1 2.</_></rects>
      <tilted>0</tilted></_>
    <_>
      <rects>
        <_>
          2 9 2 14 -1.</_>
        <_>
          2 9 1 7 2.</_>
        <_>
          3 16 1 7 2.</_></rects>
      <tilted>0</tilted></_>
    <_>
      <rects>
        <_>
          2 9 6 4 -1.</_>
        <_>
          5 9 3 4 2.</_></rects>
      <tilted>0</tilted></_>
    <_>
      <rects>
        <_>
          2 11 8 5 -1.</_>
        <_>
          6 11 4 5 2.</_></rects>
      <tilted>0</tilted></_>
    <_>
      <rects>
        <_>
          2 11 8 2 -1.</_>
        <_>
          2 12 8 1 2.</_></rects>
      <tilted>0</tilted></_>
    <_>
      <rects>
        <_>
          2 11 17 2 -1.</_>
        <_>
          2 12 17 1 2.</_></rects>
      <tilted>0</tilted></_>
    <_>
      <rects>
        <_>
          2 12 12 4 -1.</_>
        <_>
          6 12 4 4 3.</_></rects>
      <tilted>0</tilted></_>
    <_>
      <rects>
        <_>
          2 15 3 1 -1.</_>
        <_>
          3 15 1 1 3.</_></rects>
      <tilted>0</tilted></_>
    <_>
      <rects>
        <_>
          2 16 2 1 -1.</_>
        <_>
          3 16 1 1 2.</_></rects>
      <tilted>0</tilted></_>
    <_>
      <rects>
        <_>
          2 16 1 2 -1.</_>
        <_>
          2 17 1 1 2.</_></rects>
      <tilted>0</tilted></_>
    <_>
      <rects>
        <_>
          2 17 1 2 -1.</_>
        <_>
          2 18 1 1 2.</_></rects>
      <tilted>0</tilted></_>
    <_>
      <rects>
        <_>
          3 0 2 1 -1.</_>
        <_>
          4 0 1 1 2.</_></rects>
      <tilted>0</tilted></_>
    <_>
      <rects>
        <_>
          3 3 1 2 -1.</_>
        <_>
          3 4 1 1 2.</_></rects>
      <tilted>0</tilted></_>
    <_>
      <rects>
        <_>
          3 4 1 2 -1.</_>
        <_>
          3 5 1 1 2.</_></rects>
      <tilted>0</tilted></_>
    <_>
      <rects>
        <_>
          3 7 3 12 -1.</_>
        <_>
          4 7 1 12 3.</_></rects>
      <tilted>0</tilted></_>
    <_>
      <rects>
        <_>
          3 9 6 10 -1.</_>
        <_>
          6 9 3 10 2.</_></rects>
      <tilted>0</tilted></_>
    <_>
      <rects>
        <_>
          3 10 8 5 -1.</_>
        <_>
          7 10 4 5 2.</_></rects>
      <tilted>0</tilted></_>
    <_>
      <rects>
        <_>
          3 10 12 4 -1.</_>
        <_>
          3 10 6 2 2.</_>
        <_>
          9 12 6 2 2.</_></rects>
      <tilted>0</tilted></_>
    <_>
      <rects>
        <_>
          3 11 6 4 -1.</_>
        <_>
          6 11 3 4 2.</_></rects>
      <tilted>0</tilted></_>
    <_>
      <rects>
        <_>
          3 11 12 4 -1.</_>
        <_>
          7 11 4 4 3.</_></rects>
      <tilted>0</tilted></_>
    <_>
      <rects>
        <_>
          3 11 16 10 -1.</_>
        <_>
          3 11 8 5 2.</_>
        <_>
          11 16 8 5 2.</_></rects>
      <tilted>0</tilted></_>
    <_>
      <rects>
        <_>
          3 12 6 10 -1.</_>
        <_>
          5 12 2 10 3.</_></rects>
      <tilted>0</tilted></_>
    <_>
      <rects>
        <_>
          3 13 8 2 -1.</_>
        <_>
          7 13 4 2 2.</_></rects>
      <tilted>0</tilted></_>
    <_>
      <rects>
        <_>
          4 1 10 5 -1.</_>
        <_>
          9 1 5 5 2.</_></rects>
      <tilted>0</tilted></_>
    <_>
      <rects>
        <_>
          4 3 14 15 -1.</_>
        <_>
          11 3 7 15 2.</_></rects>
      <tilted>0</tilted></_>
    <_>
      <rects>
        <_>
          4 4 10 17 -1.</_>
        <_>
          9 4 5 17 2.</_></rects>
      <tilted>0</tilted></_>
    <_>
      <rects>
        <_>
          4 7 3 2 -1.</_>
        <_>
          4 8 3 1 2.</_></rects>
      <tilted>0</tilted></_>
    <_>
      <rects>
        <_>
          4 9 3 2 -1.</_>
        <_>
          5 9 1 2 3.</_></rects>
      <tilted>0</tilted></_>
    <_>
      <rects>
        <_>
          4 10 8 5 -1.</_>
        <_>
          8 10 4 5 2.</_></rects>
      <tilted>0</tilted></_>
    <_>
      <rects>
        <_>
          4 11 9 8 -1.</_>
        <_>
          7 11 3 8 3.</_></rects>
      <tilted>0</tilted></_>
    <_>
      <rects>
        <_>
          4 12 2 10 -1.</_>
        <_>
          4 12 1 5 2.</_>
        <_>
          5 17 1 5 2.</_></rects>
      <tilted>0</tilted></_>
    <_>
      <rects>
        <_>
          4 13 2 2 -1.</_>
        <_>
          4 13 1 1 2.</_>
        <_>
          5 14 1 1 2.</_></rects>
      <tilted>0</tilted></_>
    <_>
      <rects>
        <_>
          4 15 8 1 -1.</_>
        <_>
          8 15 4 1 2.</_></rects>
      <tilted>0</tilted></_>
    <_>
      <rects>
        <_>
          4 16 7 3 -1.</_>
        <_>
          4 17 7 1 3.</_></rects>
      <tilted>0</tilted></_>
    <_>
      <rects>
        <_>
          5 0 2 2 -1.</_>
        <_>
          6 0 1 2 2.</_></rects>
      <tilted>0</tilted></_>
    <_>
      <rects>
        <_>
          5 0 7 24 -1.</_>
        <_>
          5 8 7 8 3.</_></rects>
      <tilted>0</tilted></_>
    <_>
      <rects>
        <_>
          5 0 8 8 -1.</_>
        <_>
          5 4 8 4 2.</_></rects>
      <tilted>0</tilted></_>
    <_>
      <rects>
        <_>
          5 1 10 15 -1.</_>
        <_>
          10 1 5 15 2.</_></rects>
      <tilted>0</tilted></_>
    <_>
      <rects>
        <_>
          5 2 2 1 -1.</_>
        <_>
          6 2 1 1 2.</_></rects>
      <tilted>0</tilted></_>
    <_>
      <rects>
        <_>
          5 2 14 9 -1.</_>
        <_>
          12 2 7 9 2.</_></rects>
      <tilted>0</tilted></_>
    <_>
      <rects>
        <_>
          5 3 2 1 -1.</_>
        <_>
          6 3 1 1 2.</_></rects>
      <tilted>0</tilted></_>
    <_>
      <rects>
        <_>
          5 5 10 4 -1.</_>
        <_>
          10 5 5 4 2.</_></rects>
      <tilted>0</tilted></_>
    <_>
      <rects>
        <_>
          5 5 9 6 -1.</_>
        <_>
          5 8 9 3 2.</_></rects>
      <tilted>0</tilted></_>
    <_>
      <rects>
        <_>
          5 7 3 3 -1.</_>
        <_>
          5 8 3 1 3.</_></rects>
      <tilted>0</tilted></_>
    <_>
      <rects>
        <_>
          5 8 8 8 -1.</_>
        <_>
          5 8 4 4 2.</_>
        <_>
          9 12 4 4 2.</_></rects>
      <tilted>0</tilted></_>
    <_>
      <rects>
        <_>
          5 9 10 6 -1.</_>
        <_>
          5 9 5 3 2.</_>
        <_>
          10 12 5 3 2.</_></rects>
      <tilted>0</tilted></_>
    <_>
      <rects>
        <_>
          5 9 11 10 -1.</_>
        <_>
          5 14 11 5 2.</_></rects>
      <tilted>0</tilted></_>
    <_>
      <rects>
        <_>
          5 10 12 2 -1.</_>
        <_>
          9 10 4 2 3.</_></rects>
      <tilted>0</tilted></_>
    <_>
      <rects>
        <_>
          5 11 6 6 -1.</_>
        <_>
          8 11 3 6 2.</_></rects>
      <tilted>0</tilted></_>
    <_>
      <rects>
        <_>
          5 11 8 2 -1.</_>
        <_>
          9 11 4 2 2.</_></rects>
      <tilted>0</tilted></_>
    <_>
      <rects>
        <_>
          5 11 10 6 -1.</_>
        <_>
          5 11 5 3 2.</_>
        <_>
          10 14 5 3 2.</_></rects>
      <tilted>0</tilted></_>
    <_>
      <rects>
        <_>
          5 12 10 4 -1.</_>
        <_>
          5 12 5 2 2.</_>
        <_>
          10 14 5 2 2.</_></rects>
      <tilted>0</tilted></_>
    <_>
      <rects>
        <_>
          5 12 7 9 -1.</_>
        <_>
          5 15 7 3 3.</_></rects>
      <tilted>0</tilted></_>
    <_>
      <rects>
        <_>
          5 15 9 2 -1.</_>
        <_>
          8 15 3 2 3.</_></rects>
      <tilted>0</tilted></_>
    <_>
      <rects>
        <_>
          5 15 4 6 -1.</_>
        <_>
          5 17 4 2 3.</_></rects>
      <tilted>0</tilted></_>
    <_>
      <rects>
        <_>
          5 15 6 6 -1.</_>
        <_>
          5 17 6 2 3.</_></rects>
      <tilted>0</tilted></_>
    <_>
      <rects>
        <_>
          5 18 2 1 -1.</_>
        <_>
          6 18 1 1 2.</_></rects>
      <tilted>0</tilted></_>
    <_>
      <rects>
        <_>
          6 0 2 1 -1.</_>
        <_>
          7 0 1 1 2.</_></rects>
      <tilted>0</tilted></_>
    <_>
      <rects>
        <_>
          6 1 2 2 -1.</_>
        <_>
          6 1 1 1 2.</_>
        <_>
          7 2 1 1 2.</_></rects>
      <tilted>0</tilted></_>
    <_>
      <rects>
        <_>
          6 2 2 1 -1.</_>
        <_>
          7 2 1 1 2.</_></rects>
      <tilted>0</tilted></_>
    <_>
      <rects>
        <_>
          6 2 1 3 -1.</_>
        <_>
          6 3 1 1 3.</_></rects>
      <tilted>0</tilted></_>
    <_>
      <rects>
        <_>
          6 2 9 3 -1.</_>
        <_>
          6 3 9 1 3.</_></rects>
      <tilted>0</tilted></_>
    <_>
      <rects>
        <_>
          6 3 6 18 -1.</_>
        <_>
          6 3 3 9 2.</_>
        <_>
          9 12 3 9 2.</_></rects>
      <tilted>0</tilted></_>
    <_>
      <rects>
        <_>
          6 4 10 15 -1.</_>
        <_>
          11 4 5 15 2.</_></rects>
      <tilted>0</tilted></_>
    <_>
      <rects>
        <_>
          6 7 3 4 -1.</_>
        <_>
          6 9 3 2 2.</_></rects>
      <tilted>0</tilted></_>
    <_>
      <rects>
        <_>
          6 10 8 1 -1.</_>
        <_>
          10 10 4 1 2.</_></rects>
      <tilted>0</tilted></_>
    <_>
      <rects>
        <_>
          6 10 5 9 -1.</_>
        <_>
          6 13 5 3 3.</_></rects>
      <tilted>0</tilted></_>
    <_>
      <rects>
        <_>
          6 11 3 2 -1.</_>
        <_>
          6 12 3 1 2.</_></rects>
      <tilted>0</tilted></_>
    <_>
      <rects>
        <_>
          6 11 6 2 -1.</_>
        <_>
          9 11 3 2 2.</_></rects>
      <tilted>0</tilted></_>
    <_>
      <rects>
        <_>
          6 12 2 2 -1.</_>
        <_>
          6 12 1 1 2.</_>
        <_>
          7 13 1 1 2.</_></rects>
      <tilted>0</tilted></_>
    <_>
      <rects>
        <_>
          6 12 3 2 -1.</_>
        <_>
          7 12 1 2 3.</_></rects>
      <tilted>0</tilted></_>
    <_>
      <rects>
        <_>
          6 17 12 2 -1.</_>
        <_>
          10 17 4 2 3.</_></rects>
      <tilted>0</tilted></_>
    <_>
      <rects>
        <_>
          7 0 8 4 -1.</_>
        <_>
          7 2 8 2 2.</_></rects>
      <tilted>0</tilted></_>
    <_>
      <rects>
        <_>
          7 0 10 18 -1.</_>
        <_>
          7 9 10 9 2.</_></rects>
      <tilted>0</tilted></_>
    <_>
      <rects>
        <_>
          7 5 4 16 -1.</_>
        <_>
          7 5 2 8 2.</_>
        <_>
          9 13 2 8 2.</_></rects>
      <tilted>0</tilted></_>
    <_>
      <rects>
        <_>
          7 7 3 2 -1.</_>
        <_>
          8 7 1 2 3.</_></rects>
      <tilted>0</tilted></_>
    <_>
      <rects>
        <_>
          7 7 4 6 -1.</_>
        <_>
          7 10 4 3 2.</_></rects>
      <tilted>0</tilted></_>
    <_>
      <rects>
        <_>
          7 8 4 3 -1.</_>
        <_>
          9 8 2 3 2.</_></rects>
      <tilted>0</tilted></_>
    <_>
      <rects>
        <_>
          7 9 3 2 -1.</_>
        <_>
          7 10 3 1 2.</_></rects>
      <tilted>0</tilted></_>
    <_>
      <rects>
        <_>
          7 10 3 2 -1.</_>
        <_>
          8 10 1 2 3.</_></rects>
      <tilted>0</tilted></_>
    <_>
      <rects>
        <_>
          7 10 6 2 -1.</_>
        <_>
          10 10 3 2 2.</_></rects>
      <tilted>0</tilted></_>
    <_>
      <rects>
        <_>
          7 11 4 1 -1.</_>
        <_>
          9 11 2 1 2.</_></rects>
      <tilted>0</tilted></_>
    <_>
      <rects>
        <_>
          7 11 11 8 -1.</_>
        <_>
          7 15 11 4 2.</_></rects>
      <tilted>0</tilted></_>
    <_>
      <rects>
        <_>
          7 13 3 1 -1.</_>
        <_>
          8 13 1 1 3.</_></rects>
      <tilted>0</tilted></_>
    <_>
      <rects>
        <_>
          7 15 2 2 -1.</_>
        <_>
          7 16 2 1 2.</_></rects>
      <tilted>0</tilted></_>
    <_>
      <rects>
        <_>
          7 17 6 2 -1.</_>
        <_>
          10 17 3 2 2.</_></rects>
      <tilted>0</tilted></_>
    <_>
      <rects>
        <_>
          7 17 5 6 -1.</_>
        <_>
          7 20 5 3 2.</_></rects>
      <tilted>0</tilted></_>
    <_>
      <rects>
        <_>
          7 18 2 1 -1.</_>
        <_>
          8 18 1 1 2.</_></rects>
      <tilted>0</tilted></_>
    <_>
      <rects>
        <_>
          7 18 3 6 -1.</_>
        <_>
          8 18 1 6 3.</_></rects>
      <tilted>0</tilted></_>
    <_>
      <rects>
        <_>
          7 19 4 1 -1.</_>
        <_>
          9 19 2 1 2.</_></rects>
      <tilted>0</tilted></_>
    <_>
      <rects>
        <_>
          8 2 6 4 -1.</_>
        <_>
          8 2 3 2 2.</_>
        <_>
          11 4 3 2 2.</_></rects>
      <tilted>0</tilted></_>
    <_>
      <rects>
        <_>
          8 3 8 19 -1.</_>
        <_>
          12 3 4 19 2.</_></rects>
      <tilted>0</tilted></_>
    <_>
      <rects>
        <_>
          8 6 3 3 -1.</_>
        <_>
          9 6 1 3 3.</_></rects>
      <tilted>0</tilted></_>
    <_>
      <rects>
        <_>
          8 6 3 8 -1.</_>
        <_>
          8 10 3 4 2.</_></rects>
      <tilted>0</tilted></_>
    <_>
      <rects>
        <_>
          8 7 3 3 -1.</_>
        <_>
          9 7 1 3 3.</_></rects>
      <tilted>0</tilted></_>
    <_>
      <rects>
        <_>
          8 7 2 6 -1.</_>
        <_>
          8 10 2 3 2.</_></rects>
      <tilted>0</tilted></_>
    <_>
      <rects>
        <_>
          8 7 3 12 -1.</_>
        <_>
          8 11 3 4 3.</_></rects>
      <tilted>0</tilted></_>
    <_>
      <rects>
        <_>
          8 7 5 6 -1.</_>
        <_>
          8 9 5 2 3.</_></rects>
      <tilted>0</tilted></_>
    <_>
      <rects>
        <_>
          8 7 10 9 -1.</_>
        <_>
          8 10 10 3 3.</_></rects>
      <tilted>0</tilted></_>
    <_>
      <rects>
        <_>
          8 9 1 9 -1.</_>
        <_>
          8 12 1 3 3.</_></rects>
      <tilted>0</tilted></_>
    <_>
      <rects>
        <_>
          8 9 2 6 -1.</_>
        <_>
          8 12 2 3 2.</_></rects>
      <tilted>0</tilted></_>
    <_>
      <rects>
        <_>
          8 10 10 6 -1.</_>
        <_>
          8 13 10 3 2.</_></rects>
      <tilted>0</tilted></_>
    <_>
      <rects>
        <_>
          8 11 2 2 -1.</_>
        <_>
          8 11 1 1 2.</_>
        <_>
          9 12 1 1 2.</_></rects>
      <tilted>0</tilted></_>
    <_>
      <rects>
        <_>
          8 12 3 1 -1.</_>
        <_>
          9 12 1 1 3.</_></rects>
      <tilted>0</tilted></_>
    <_>
      <rects>
        <_>
          8 13 3 1 -1.</_>
        <_>
          9 13 1 1 3.</_></rects>
      <tilted>0</tilted></_>
    <_>
      <rects>
        <_>
          8 13 1 3 -1.</_>
        <_>
          8 14 1 1 3.</_></rects>
      <tilted>0</tilted></_>
    <_>
      <rects>
        <_>
          8 13 9 3 -1.</_>
        <_>
          11 13 3 3 3.</_></rects>
      <tilted>0</tilted></_>
    <_>
      <rects>
        <_>
          8 15 4 7 -1.</_>
        <_>
          10 15 2 7 2.</_></rects>
      <tilted>0</tilted></_>
    <_>
      <rects>
        <_>
          8 16 2 1 -1.</_>
        <_>
          9 16 1 1 2.</_></rects>
      <tilted>0</tilted></_>
    <_>
      <rects>
        <_>
          8 20 2 1 -1.</_>
        <_>
          9 20 1 1 2.</_></rects>
      <tilted>0</tilted></_>
    <_>
      <rects>
        <_>
          9 1 2 20 -1.</_>
        <_>
          9 1 1 10 2.</_>
        <_>
          10 11 1 10 2.</_></rects>
      <tilted>0</tilted></_>
    <_>
      <rects>
        <_>
          9 5 4 6 -1.</_>
        <_>
          9 8 4 3 2.</_></rects>
      <tilted>0</tilted></_>
    <_>
      <rects>
        <_>
          9 7 3 1 -1.</_>
        <_>
          10 7 1 1 3.</_></rects>
      <tilted>0</tilted></_>
    <_>
      <rects>
        <_>
          9 9 7 12 -1.</_>
        <_>
          9 15 7 6 2.</_></rects>
      <tilted>0</tilted></_>
    <_>
      <rects>
        <_>
          9 10 3 1 -1.</_>
        <_>
          10 10 1 1 3.</_></rects>
      <tilted>0</tilted></_>
    <_>
      <rects>
        <_>
          9 10 1 3 -1.</_>
        <_>
          9 11 1 1 3.</_></rects>
      <tilted>0</tilted></_>
    <_>
      <rects>
        <_>
          9 11 2 2 -1.</_>
        <_>
          9 11 1 1 2.</_>
        <_>
          10 12 1 1 2.</_></rects>
      <tilted>0</tilted></_>
    <_>
      <rects>
        <_>
          9 11 3 2 -1.</_>
        <_>
          10 11 1 2 3.</_></rects>
      <tilted>0</tilted></_>
    <_>
      <rects>
        <_>
          9 11 4 9 -1.</_>
        <_>
          11 11 2 9 2.</_></rects>
      <tilted>0</tilted></_>
    <_>
      <rects>
        <_>
          9 11 6 4 -1.</_>
        <_>
          9 13 6 2 2.</_></rects>
      <tilted>0</tilted></_>
    <_>
      <rects>
        <_>
          9 14 6 6 -1.</_>
        <_>
          9 14 3 3 2.</_>
        <_>
          12 17 3 3 2.</_></rects>
      <tilted>0</tilted></_>
    <_>
      <rects>
        <_>
          10 0 2 1 -1.</_>
        <_>
          11 0 1 1 2.</_></rects>
      <tilted>0</tilted></_>
    <_>
      <rects>
        <_>
          10 1 4 15 -1.</_>
        <_>
          10 6 4 5 3.</_></rects>
      <tilted>0</tilted></_>
    <_>
      <rects>
        <_>
          10 1 9 6 -1.</_>
        <_>
          10 3 9 2 3.</_></rects>
      <tilted>0</tilted></_>
    <_>
      <rects>
        <_>
          10 3 4 20 -1.</_>
        <_>
          10 13 4 10 2.</_></rects>
      <tilted>0</tilted></_>
    <_>
      <rects>
        <_>
          10 6 5 9 -1.</_>
        <_>
          10 9 5 3 3.</_></rects>
      <tilted>0</tilted></_>
    <_>
      <rects>
        <_>
          10 8 2 6 -1.</_>
        <_>
          10 8 1 3 2.</_>
        <_>
          11 11 1 3 2.</_></rects>
      <tilted>0</tilted></_>
    <_>
      <rects>
        <_>
          10 8 3 10 -1.</_>
        <_>
          10 13 3 5 2.</_></rects>
      <tilted>0</tilted></_>
    <_>
      <rects>
        <_>
          10 8 6 12 -1.</_>
        <_>
          10 14 6 6 2.</_></rects>
      <tilted>0</tilted></_>
    <_>
      <rects>
        <_>
          10 9 6 2 -1.</_>
        <_>
          12 9 2 2 3.</_></rects>
      <tilted>0</tilted></_>
    <_>
      <rects>
        <_>
          10 9 3 8 -1.</_>
        <_>
          10 13 3 4 2.</_></rects>
      <tilted>0</tilted></_>
    <_>
      <rects>
        <_>
          10 10 4 1 -1.</_>
        <_>
          12 10 2 1 2.</_></rects>
      <tilted>0</tilted></_>
    <_>
      <rects>
        <_>
          10 11 3 1 -1.</_>
        <_>
          11 11 1 1 3.</_></rects>
      <tilted>0</tilted></_>
    <_>
      <rects>
        <_>
          10 13 6 8 -1.</_>
        <_>
          10 13 3 4 2.</_>
        <_>
          13 17 3 4 2.</_></rects>
      <tilted>0</tilted></_>
    <_>
      <rects>
        <_>
          10 14 2 3 -1.</_>
        <_>
          10 15 2 1 3.</_></rects>
      <tilted>0</tilted></_>
    <_>
      <rects>
        <_>
          10 14 5 6 -1.</_>
        <_>
          10 16 5 2 3.</_></rects>
      <tilted>0</tilted></_>
    <_>
      <rects>
        <_>
          10 15 1 2 -1.</_>
        <_>
          10 16 1 1 2.</_></rects>
      <tilted>0</tilted></_>
    <_>
      <rects>
        <_>
          10 21 1 3 -1.</_>
        <_>
          10 22 1 1 3.</_></rects>
      <tilted>0</tilted></_>
    <_>
      <rects>
        <_>
          11 1 3 11 -1.</_>
        <_>
          12 1 1 11 3.</_></rects>
      <tilted>0</tilted></_>
    <_>
      <rects>
        <_>
          11 10 6 4 -1.</_>
        <_>
          11 12 6 2 2.</_></rects>
      <tilted>0</tilted></_>
    <_>
      <rects>
        <_>
          11 16 3 4 -1.</_>
        <_>
          12 16 1 4 3.</_></rects>
      <tilted>0</tilted></_>
    <_>
      <rects>
        <_>
          11 18 2 1 -1.</_>
        <_>
          12 18 1 1 2.</_></rects>
      <tilted>0</tilted></_>
    <_>
      <rects>
        <_>
          11 19 2 1 -1.</_>
        <_>
          12 19 1 1 2.</_></rects>
      <tilted>0</tilted></_>
    <_>
      <rects>
        <_>
          12 3 3 7 -1.</_>
        <_>
          13 3 1 7 3.</_></rects>
      <tilted>0</tilted></_>
    <_>
      <rects>
        <_>
          12 5 3 8 -1.</_>
        <_>
          13 5 1 8 3.</_></rects>
      <tilted>0</tilted></_>
    <_>
      <rects>
        <_>
          12 7 3 3 -1.</_>
        <_>
          13 7 1 3 3.</_></rects>
      <tilted>0</tilted></_>
    <_>
      <rects>
        <_>
          12 9 2 3 -1.</_>
        <_>
          12 10 2 1 3.</_></rects>
      <tilted>0</tilted></_>
    <_>
      <rects>
        <_>
          12 10 6 1 -1.</_>
        <_>
          14 10 2 1 3.</_></rects>
      <tilted>0</tilted></_>
    <_>
      <rects>
        <_>
          12 14 3 2 -1.</_>
        <_>
          12 15 3 1 2.</_></rects>
      <tilted>0</tilted></_>
    <_>
      <rects>
        <_>
          12 15 6 3 -1.</_>
        <_>
          15 15 3 3 2.</_></rects>
      <tilted>0</tilted></_>
    <_>
      <rects>
        <_>
          13 0 2 7 -1.</_>
        <_>
          14 0 1 7 2.</_></rects>
      <tilted>0</tilted></_>
    <_>
      <rects>
        <_>
          13 1 3 3 -1.</_>
        <_>
          13 2 3 1 3.</_></rects>
      <tilted>0</tilted></_>
    <_>
      <rects>
        <_>
          13 4 2 4 -1.</_>
        <_>
          13 4 1 2 2.</_>
        <_>
          14 6 1 2 2.</_></rects>
      <tilted>0</tilted></_>
    <_>
      <rects>
        <_>
          13 4 4 12 -1.</_>
        <_>
          13 8 4 4 3.</_></rects>
      <tilted>0</tilted></_>
    <_>
      <rects>
        <_>
          13 6 4 6 -1.</_>
        <_>
          13 6 2 3 2.</_>
        <_>
          15 9 2 3 2.</_></rects>
      <tilted>0</tilted></_>
    <_>
      <rects>
        <_>
          13 7 2 4 -1.</_>
        <_>
          13 7 1 2 2.</_>
        <_>
          14 9 1 2 2.</_></rects>
      <tilted>0</tilted></_>
    <_>
      <rects>
        <_>
          13 10 6 9 -1.</_>
        <_>
          16 10 3 9 2.</_></rects>
      <tilted>0</tilted></_>
    <_>
      <rects>
        <_>
          13 11 5 6 -1.</_>
        <_>
          13 13 5 2 3.</_></rects>
      <tilted>0</tilted></_>
    <_>
      <rects>
        <_>
          13 15 1 2 -1.</_>
        <_>
          13 16 1 1 2.</_></rects>
      <tilted>0</tilted></_>
    <_>
      <rects>
        <_>
          13 16 4 6 -1.</_>
        <_>
          13 16 2 3 2.</_>
        <_>
          15 19 2 3 2.</_></rects>
      <tilted>0</tilted></_>
    <_>
      <rects>
        <_>
          14 1 1 6 -1.</_>
        <_>
          14 3 1 2 3.</_></rects>
      <tilted>0</tilted></_>
    <_>
      <rects>
        <_>
          14 6 3 1 -1.</_>
        <_>
          15 6 1 1 3.</_></rects>
      <tilted>0</tilted></_>
    <_>
      <rects>
        <_>
          14 10 3 4 -1.</_>
        <_>
          15 10 1 4 3.</_></rects>
      <tilted>0</tilted></_>
    <_>
      <rects>
        <_>
          14 11 3 1 -1.</_>
        <_>
          15 11 1 1 3.</_></rects>
      <tilted>0</tilted></_>
    <_>
      <rects>
        <_>
          14 12 1 3 -1.</_>
        <_>
          14 13 1 1 3.</_></rects>
      <tilted>0</tilted></_>
    <_>
      <rects>
        <_>
          14 13 2 1 -1.</_>
        <_>
          15 13 1 1 2.</_></rects>
      <tilted>0</tilted></_>
    <_>
      <rects>
        <_>
          14 14 1 2 -1.</_>
        <_>
          14 15 1 1 2.</_></rects>
      <tilted>0</tilted></_>
    <_>
      <rects>
        <_>
          14 14 1 3 -1.</_>
        <_>
          14 15 1 1 3.</_></rects>
      <tilted>0</tilted></_>
    <_>
      <rects>
        <_>
          14 15 2 1 -1.</_>
        <_>
          15 15 1 1 2.</_></rects>
      <tilted>0</tilted></_>
    <_>
      <rects>
        <_>
          14 15 1 2 -1.</_>
        <_>
          14 16 1 1 2.</_></rects>
      <tilted>0</tilted></_>
    <_>
      <rects>
        <_>
          14 15 1 3 -1.</_>
        <_>
          14 16 1 1 3.</_></rects>
      <tilted>0</tilted></_>
    <_>
      <rects>
        <_>
          14 16 2 1 -1.</_>
        <_>
          15 16 1 1 2.</_></rects>
      <tilted>0</tilted></_>
    <_>
      <rects>
        <_>
          15 1 1 3 -1.</_>
        <_>
          15 2 1 1 3.</_></rects>
      <tilted>0</tilted></_>
    <_>
      <rects>
        <_>
          15 5 4 8 -1.</_>
        <_>
          15 5 2 4 2.</_>
        <_>
          17 9 2 4 2.</_></rects>
      <tilted>0</tilted></_>
    <_>
      <rects>
        <_>
          15 6 3 3 -1.</_>
        <_>
          16 6 1 3 3.</_></rects>
      <tilted>0</tilted></_>
    <_>
      <rects>
        <_>
          15 7 3 1 -1.</_>
        <_>
          16 7 1 1 3.</_></rects>
      <tilted>0</tilted></_>
    <_>
      <rects>
        <_>
          15 7 2 2 -1.</_>
        <_>
          15 7 1 1 2.</_>
        <_>
          16 8 1 1 2.</_></rects>
      <tilted>0</tilted></_>
    <_>
      <rects>
        <_>
          15 10 4 4 -1.</_>
        <_>
          17 10 2 4 2.</_></rects>
      <tilted>0</tilted></_>
    <_>
      <rects>
        <_>
          15 13 4 8 -1.</_>
        <_>
          17 13 2 8 2.</_></rects>
      <tilted>0</tilted></_>
    <_>
      <rects>
        <_>
          15 14 2 1 -1.</_>
        <_>
          16 14 1 1 2.</_></rects>
      <tilted>0</tilted></_>
    <_>
      <rects>
        <_>
          15 15 1 2 -1.</_>
        <_>
          15 16 1 1 2.</_></rects>
      <tilted>0</tilted></_>
    <_>
      <rects>
        <_>
          16 4 2 8 -1.</_>
        <_>
          16 4 1 4 2.</_>
        <_>
          17 8 1 4 2.</_></rects>
      <tilted>0</tilted></_>
    <_>
      <rects>
        <_>
          16 5 3 6 -1.</_>
        <_>
          17 5 1 6 3.</_></rects>
      <tilted>0</tilted></_>
    <_>
      <rects>
        <_>
          16 6 3 1 -1.</_>
        <_>
          17 6 1 1 3.</_></rects>
      <tilted>0</tilted></_>
    <_>
      <rects>
        <_>
          16 6 2 6 -1.</_>
        <_>
          16 6 1 3 2.</_>
        <_>
          17 9 1 3 2.</_></rects>
      <tilted>0</tilted></_>
    <_>
      <rects>
        <_>
          16 10 2 4 -1.</_>
        <_>
          17 10 1 4 2.</_></rects>
      <tilted>0</tilted></_>
    <_>
      <rects>
        <_>
          16 10 3 5 -1.</_>
        <_>
          17 10 1 5 3.</_></rects>
      <tilted>0</tilted></_>
    <_>
      <rects>
        <_>
          16 11 3 2 -1.</_>
        <_>
          17 11 1 2 3.</_></rects>
      <tilted>0</tilted></_>
    <_>
      <rects>
        <_>
          16 14 3 1 -1.</_>
        <_>
          17 14 1 1 3.</_></rects>
      <tilted>0</tilted></_>
    <_>
      <rects>
        <_>
          16 14 3 2 -1.</_>
        <_>
          17 14 1 2 3.</_></rects>
      <tilted>0</tilted></_>
    <_>
      <rects>
        <_>
          16 15 1 2 -1.</_>
        <_>
          16 16 1 1 2.</_></rects>
      <tilted>0</tilted></_>
    <_>
      <rects>
        <_>
          17 0 2 1 -1.</_>
        <_>
          18 0 1 1 2.</_></rects>
      <tilted>0</tilted></_>
    <_>
      <rects>
        <_>
          17 0 2 3 -1.</_>
        <_>
          18 0 1 3 2.</_></rects>
      <tilted>0</tilted></_>
    <_>
      <rects>
        <_>
          17 4 2 10 -1.</_>
        <_>
          17 4 1 5 2.</_>
        <_>
          18 9 1 5 2.</_></rects>
      <tilted>0</tilted></_>
    <_>
      <rects>
        <_>
          17 5 2 14 -1.</_>
        <_>
          17 5 1 7 2.</_>
        <_>
          18 12 1 7 2.</_></rects>
      <tilted>0</tilted></_>
    <_>
      <rects>
        <_>
          17 6 2 8 -1.</_>
        <_>
          17 6 1 4 2.</_>
        <_>
          18 10 1 4 2.</_></rects>
      <tilted>0</tilted></_>
    <_>
      <rects>
        <_>
          17 7 2 6 -1.</_>
        <_>
          17 7 1 3 2.</_>
        <_>
          18 10 1 3 2.</_></rects>
      <tilted>0</tilted></_>
    <_>
      <rects>
        <_>
          17 7 2 5 -1.</_>
        <_>
          18 7 1 5 2.</_></rects>
      <tilted>0</tilted></_>
    <_>
      <rects>
        <_>
          17 10 2 10 -1.</_>
        <_>
          17 10 1 5 2.</_>
        <_>
          18 15 1 5 2.</_></rects>
      <tilted>0</tilted></_>
    <_>
      <rects>
        <_>
          17 14 1 2 -1.</_>
        <_>
          17 15 1 1 2.</_></rects>
      <tilted>0</tilted></_>
    <_>
      <rects>
        <_>
          17 18 1 2 -1.</_>
        <_>
          17 19 1 1 2.</_></rects>
      <tilted>0</tilted></_>
    <_>
      <rects>
        <_>
          18 1 1 21 -1.</_>
        <_>
          18 8 1 7 3.</_></rects>
      <tilted>0</tilted></_></features></cascade>
</opencv_storage>
