<?xml version="1.0"?>
<opencv_storage>
<cascade>
  <stageType>BOOST</stageType>
  <featureType>HAAR</featureType>
  <height>88</height>
  <width>37</width>
  <stageParams>
    <boostType>GAB</boostType>
    <minHitRate>9.9900001287460327e-01</minHitRate>
    <maxFalseAlarm>5.0000000000000000e-01</maxFalseAlarm>
    <weightTrimRate>9.4999999999999996e-01</weightTrimRate>
    <maxDepth>1</maxDepth>
    <maxWeakCount>100</maxWeakCount></stageParams>
  <featureParams>
    <maxCatCount>0</maxCatCount>
    <featSize>1</featSize>
    <mode>BASIC</mode></featureParams>
  <stageNum>20</stageNum>
  <stages>
    <!-- stage 0 -->
    <_>
      <maxWeakCount>7</maxWeakCount>
      <stageThreshold>-4.2725610733032227e-01</stageThreshold>
      <weakClassifiers>
        <_>
          <internalNodes>
            0 -1 83 -6.5331072546541691e-03</internalNodes>
          <leafValues>
            6.9373548030853271e-01 -3.8144329190254211e-01</leafValues></_>
        <_>
          <internalNodes>
            0 -1 195 5.7204684708267450e-04</internalNodes>
          <leafValues>
            -2.5780680775642395e-01 8.3727335929870605e-01</leafValues></_>
        <_>
          <internalNodes>
            0 -1 104 -3.0764803523197770e-04</internalNodes>
          <leafValues>
            5.6907784938812256e-01 -4.5765796303749084e-01</leafValues></_>
        <_>
          <internalNodes>
            0 -1 228 -7.7436782885342836e-04</internalNodes>
          <leafValues>
            7.2661828994750977e-01 -4.2560392618179321e-01</leafValues></_>
        <_>
          <internalNodes>
            0 -1 147 -5.4871816246304661e-05</internalNodes>
          <leafValues>
            8.2415670156478882e-01 -2.5325599312782288e-01</leafValues></_>
        <_>
          <internalNodes>
            0 -1 50 9.9994894117116928e-04</internalNodes>
          <leafValues>
            -3.2756739854812622e-01 7.4086433649063110e-01</leafValues></_>
        <_>
          <internalNodes>
            0 -1 134 3.8303113542497158e-03</internalNodes>
          <leafValues>
            -3.7008512020111084e-01 6.4934343099594116e-01</leafValues></_></weakClassifiers></_>
    <!-- stage 1 -->
    <_>
      <maxWeakCount>8</maxWeakCount>
      <stageThreshold>-5.3621107339859009e-01</stageThreshold>
      <weakClassifiers>
        <_>
          <internalNodes>
            0 -1 17 2.3487329599447548e-04</internalNodes>
          <leafValues>
            2.8571428731083870e-02 8.9166665077209473e-01</leafValues></_>
        <_>
          <internalNodes>
            0 -1 168 7.4220602982677519e-05</internalNodes>
          <leafValues>
            -2.1494628489017487e-01 7.5477272272109985e-01</leafValues></_>
        <_>
          <internalNodes>
            0 -1 58 9.7396999597549438e-02</internalNodes>
          <leafValues>
            2.4974691867828369e-01 -9.1260176897048950e-01</leafValues></_>
        <_>
          <internalNodes>
            0 -1 202 4.8653475823812187e-04</internalNodes>
          <leafValues>
            -3.1625422835350037e-01 8.1809520721435547e-01</leafValues></_>
        <_>
          <internalNodes>
            0 -1 154 1.9778944551944733e-03</internalNodes>
          <leafValues>
            -4.3509760499000549e-01 4.7852250933647156e-01</leafValues></_>
        <_>
          <internalNodes>
            0 -1 176 1.1907328735105693e-04</internalNodes>
          <leafValues>
            -3.4352770447731018e-01 5.9807813167572021e-01</leafValues></_>
        <_>
          <internalNodes>
            0 -1 115 -1.2973189353942871e-02</internalNodes>
          <leafValues>
            -7.1786379814147949e-01 3.1733959913253784e-01</leafValues></_>
        <_>
          <internalNodes>
            0 -1 133 -1.2094960547983646e-03</internalNodes>
          <leafValues>
            6.3741368055343628e-01 -3.4281229972839355e-01</leafValues></_></weakClassifiers></_>
    <!-- stage 2 -->
    <_>
      <maxWeakCount>11</maxWeakCount>
      <stageThreshold>-4.6382513642311096e-01</stageThreshold>
      <weakClassifiers>
        <_>
          <internalNodes>
            0 -1 87 6.2964549288153648e-03</internalNodes>
          <leafValues>
            5.2919018268585205e-01 -5.9574466943740845e-01</leafValues></_>
        <_>
          <internalNodes>
            0 -1 214 8.9678354561328888e-04</internalNodes>
          <leafValues>
            -2.1651746332645416e-01 7.5546902418136597e-01</leafValues></_>
        <_>
          <internalNodes>
            0 -1 26 -7.8592803329229355e-03</internalNodes>
          <leafValues>
            6.2747442722320557e-01 -2.5660324096679688e-01</leafValues></_>
        <_>
          <internalNodes>
            0 -1 170 6.7478191340342164e-05</internalNodes>
          <leafValues>
            -2.3437130451202393e-01 8.3235812187194824e-01</leafValues></_>
        <_>
          <internalNodes>
            0 -1 125 -3.8813754916191101e-02</internalNodes>
          <leafValues>
            -9.1442579030990601e-01 2.2707255184650421e-01</leafValues></_>
        <_>
          <internalNodes>
            0 -1 81 2.5176942348480225e-02</internalNodes>
          <leafValues>
            -3.2654660940170288e-01 5.9078353643417358e-01</leafValues></_>
        <_>
          <internalNodes>
            0 -1 229 -3.7184354732744396e-04</internalNodes>
          <leafValues>
            7.2837585210800171e-01 -2.5870063900947571e-01</leafValues></_>
        <_>
          <internalNodes>
            0 -1 48 4.1203144064638764e-05</internalNodes>
          <leafValues>
            4.1361576318740845e-01 -5.1975423097610474e-01</leafValues></_>
        <_>
          <internalNodes>
            0 -1 216 9.0130267199128866e-04</internalNodes>
          <leafValues>
            -2.2965304553508759e-01 8.1955063343048096e-01</leafValues></_>
        <_>
          <internalNodes>
            0 -1 145 9.1645106294890866e-06</internalNodes>
          <leafValues>
            3.7203687429428101e-01 -5.2803832292556763e-01</leafValues></_>
        <_>
          <internalNodes>
            0 -1 139 1.5822384739294648e-04</internalNodes>
          <leafValues>
            -3.0310821533203125e-01 6.9087898731231689e-01</leafValues></_></weakClassifiers></_>
    <!-- stage 3 -->
    <_>
      <maxWeakCount>8</maxWeakCount>
      <stageThreshold>-3.3874171972274780e-01</stageThreshold>
      <weakClassifiers>
        <_>
          <internalNodes>
            0 -1 73 -7.9137668013572693e-02</internalNodes>
          <leafValues>
            -7.7215188741683960e-01 5.2380955219268799e-01</leafValues></_>
        <_>
          <internalNodes>
            0 -1 121 1.7780574853532016e-04</internalNodes>
          <leafValues>
            -2.5214138627052307e-01 7.5926101207733154e-01</leafValues></_>
        <_>
          <internalNodes>
            0 -1 62 1.7601573839783669e-02</internalNodes>
          <leafValues>
            -3.6332774162292480e-01 5.7690572738647461e-01</leafValues></_>
        <_>
          <internalNodes>
            0 -1 16 1.2119851307943463e-03</internalNodes>
          <leafValues>
            -4.7026062011718750e-01 4.9245145916938782e-01</leafValues></_>
        <_>
          <internalNodes>
            0 -1 185 6.9589051418006420e-04</internalNodes>
          <leafValues>
            -2.1147517859935760e-01 7.2341936826705933e-01</leafValues></_>
        <_>
          <internalNodes>
            0 -1 187 4.8032026825239882e-05</internalNodes>
          <leafValues>
            -2.4506086111068726e-01 6.7580568790435791e-01</leafValues></_>
        <_>
          <internalNodes>
            0 -1 166 3.0274554155766964e-03</internalNodes>
          <leafValues>
            2.1882931888103485e-01 -8.3058911561965942e-01</leafValues></_>
        <_>
          <internalNodes>
            0 -1 9 7.0393842179328203e-04</internalNodes>
          <leafValues>
            -3.5079640150070190e-01 4.9223789572715759e-01</leafValues></_></weakClassifiers></_>
    <!-- stage 4 -->
    <_>
      <maxWeakCount>10</maxWeakCount>
      <stageThreshold>-6.6047662496566772e-01</stageThreshold>
      <weakClassifiers>
        <_>
          <internalNodes>
            0 -1 11 -4.3977174907922745e-02</internalNodes>
          <leafValues>
            -8.1250000000000000e-01 4.9376115202903748e-01</leafValues></_>
        <_>
          <internalNodes>
            0 -1 197 -6.5546827390789986e-03</internalNodes>
          <leafValues>
            5.7519179582595825e-01 -2.8338879346847534e-01</leafValues></_>
        <_>
          <internalNodes>
            0 -1 100 3.4096566960215569e-03</internalNodes>
          <leafValues>
            -2.6548746228218079e-01 6.8319869041442871e-01</leafValues></_>
        <_>
          <internalNodes>
            0 -1 70 -9.8732307378668338e-05</internalNodes>
          <leafValues>
            -6.2026911973953247e-01 2.4866813421249390e-01</leafValues></_>
        <_>
          <internalNodes>
            0 -1 218 -3.6147248465567827e-03</internalNodes>
          <leafValues>
            6.2284308671951294e-01 -2.6265868544578552e-01</leafValues></_>
        <_>
          <internalNodes>
            0 -1 86 2.1635649318341166e-05</internalNodes>
          <leafValues>
            2.9776707291603088e-01 -6.4114004373550415e-01</leafValues></_>
        <_>
          <internalNodes>
            0 -1 95 -8.5093993693590164e-03</internalNodes>
          <leafValues>
            2.9615232348442078e-01 -5.4861795902252197e-01</leafValues></_>
        <_>
          <internalNodes>
            0 -1 88 9.9710057838819921e-05</internalNodes>
          <leafValues>
            -2.0472402870655060e-01 9.0577763319015503e-01</leafValues></_>
        <_>
          <internalNodes>
            0 -1 150 -5.4954004008322954e-04</internalNodes>
          <leafValues>
            5.2361369132995605e-01 -2.9082617163658142e-01</leafValues></_>
        <_>
          <internalNodes>
            0 -1 19 4.6694959746673703e-04</internalNodes>
          <leafValues>
            -2.3865033686161041e-01 7.1991056203842163e-01</leafValues></_></weakClassifiers></_>
    <!-- stage 5 -->
    <_>
      <maxWeakCount>13</maxWeakCount>
      <stageThreshold>-6.4958149194717407e-01</stageThreshold>
      <weakClassifiers>
        <_>
          <internalNodes>
            0 -1 39 -2.9648352414369583e-02</internalNodes>
          <leafValues>
            -3.6585366725921631e-01 5.3784859180450439e-01</leafValues></_>
        <_>
          <internalNodes>
            0 -1 186 1.1501179542392492e-03</internalNodes>
          <leafValues>
            -1.8363615870475769e-01 7.4661165475845337e-01</leafValues></_>
        <_>
          <internalNodes>
            0 -1 84 2.2845441475510597e-02</internalNodes>
          <leafValues>
            -2.3614455759525299e-01 6.2802702188491821e-01</leafValues></_>
        <_>
          <internalNodes>
            0 -1 74 -3.3663414797047153e-05</internalNodes>
          <leafValues>
            -6.4878588914871216e-01 2.4151371419429779e-01</leafValues></_>
        <_>
          <internalNodes>
            0 -1 141 -1.4831674052402377e-03</internalNodes>
          <leafValues>
            6.3711476325988770e-01 -2.4911917746067047e-01</leafValues></_>
        <_>
          <internalNodes>
            0 -1 143 7.8606803435832262e-04</internalNodes>
          <leafValues>
            -4.6747773885726929e-01 3.4570720791816711e-01</leafValues></_>
        <_>
          <internalNodes>
            0 -1 57 1.2250431609572843e-05</internalNodes>
          <leafValues>
            3.1782087683677673e-01 -5.2226579189300537e-01</leafValues></_>
        <_>
          <internalNodes>
            0 -1 72 -2.9893941245973110e-05</internalNodes>
          <leafValues>
            -4.6059963107109070e-01 3.6949592828750610e-01</leafValues></_>
        <_>
          <internalNodes>
            0 -1 129 -9.7437272779643536e-04</internalNodes>
          <leafValues>
            6.1825931072235107e-01 -3.0259099602699280e-01</leafValues></_>
        <_>
          <internalNodes>
            0 -1 140 -2.3918142542243004e-03</internalNodes>
          <leafValues>
            6.2539869546890259e-01 -2.5200727581977844e-01</leafValues></_>
        <_>
          <internalNodes>
            0 -1 208 -5.5692846217425540e-05</internalNodes>
          <leafValues>
            -7.3929369449615479e-01 2.4661523103713989e-01</leafValues></_>
        <_>
          <internalNodes>
            0 -1 203 1.1870835442095995e-03</internalNodes>
          <leafValues>
            -3.0107378959655762e-01 5.6840467453002930e-01</leafValues></_>
        <_>
          <internalNodes>
            0 -1 13 4.5692007988691330e-03</internalNodes>
          <leafValues>
            -2.4908879399299622e-01 7.1418845653533936e-01</leafValues></_></weakClassifiers></_>
    <!-- stage 6 -->
    <_>
      <maxWeakCount>11</maxWeakCount>
      <stageThreshold>-8.3228164911270142e-01</stageThreshold>
      <weakClassifiers>
        <_>
          <internalNodes>
            0 -1 206 4.3977953493595123e-02</internalNodes>
          <leafValues>
            -6.6666670143604279e-02 7.9354840517044067e-01</leafValues></_>
        <_>
          <internalNodes>
            0 -1 198 -2.1008064970374107e-02</internalNodes>
          <leafValues>
            8.8037145137786865e-01 -1.8645301461219788e-01</leafValues></_>
        <_>
          <internalNodes>
            0 -1 76 2.0902443677186966e-02</internalNodes>
          <leafValues>
            -3.1810727715492249e-01 6.3667947053909302e-01</leafValues></_>
        <_>
          <internalNodes>
            0 -1 222 5.1839171646861359e-05</internalNodes>
          <leafValues>
            3.3493089675903320e-01 -6.6475248336791992e-01</leafValues></_>
        <_>
          <internalNodes>
            0 -1 124 -3.7278506904840469e-02</internalNodes>
          <leafValues>
            6.5942400693893433e-01 -2.9844048619270325e-01</leafValues></_>
        <_>
          <internalNodes>
            0 -1 41 -8.8771179318428040e-02</internalNodes>
          <leafValues>
            8.7695389986038208e-01 -1.9738383591175079e-01</leafValues></_>
        <_>
          <internalNodes>
            0 -1 4 1.5640459954738617e-02</internalNodes>
          <leafValues>
            -2.3324562609195709e-01 6.9717103242874146e-01</leafValues></_>
        <_>
          <internalNodes>
            0 -1 226 2.2518786863656715e-05</internalNodes>
          <leafValues>
            3.0862870812416077e-01 -6.4519381523132324e-01</leafValues></_>
        <_>
          <internalNodes>
            0 -1 46 2.9777772724628448e-02</internalNodes>
          <leafValues>
            -3.3711734414100647e-01 6.1361593008041382e-01</leafValues></_>
        <_>
          <internalNodes>
            0 -1 204 2.6836693286895752e-03</internalNodes>
          <leafValues>
            -3.0200222134590149e-01 6.3431048393249512e-01</leafValues></_>
        <_>
          <internalNodes>
            0 -1 122 -9.5461327582597733e-03</internalNodes>
          <leafValues>
            4.8698112368583679e-01 -4.5305061340332031e-01</leafValues></_></weakClassifiers></_>
    <!-- stage 7 -->
    <_>
      <maxWeakCount>8</maxWeakCount>
      <stageThreshold>-6.0975241661071777e-01</stageThreshold>
      <weakClassifiers>
        <_>
          <internalNodes>
            0 -1 68 -6.0077392845414579e-05</internalNodes>
          <leafValues>
            -6.2831860780715942e-01 5.7812500000000000e-01</leafValues></_>
        <_>
          <internalNodes>
            0 -1 67 -1.1614995310083032e-04</internalNodes>
          <leafValues>
            -6.0817605257034302e-01 3.7010341882705688e-01</leafValues></_>
        <_>
          <internalNodes>
            0 -1 53 7.5205898610875010e-05</internalNodes>
          <leafValues>
            2.6601907610893250e-01 -7.6649004220962524e-01</leafValues></_>
        <_>
          <internalNodes>
            0 -1 1 3.5630952566862106e-02</internalNodes>
          <leafValues>
            -2.8844663500785828e-01 7.9129314422607422e-01</leafValues></_>
        <_>
          <internalNodes>
            0 -1 31 -3.9817779907025397e-05</internalNodes>
          <leafValues>
            -6.6971242427825928e-01 3.3322507143020630e-01</leafValues></_>
        <_>
          <internalNodes>
            0 -1 217 -5.3182719275355339e-03</internalNodes>
          <leafValues>
            7.0259660482406616e-01 -3.5336908698081970e-01</leafValues></_>
        <_>
          <internalNodes>
            0 -1 205 2.1433421352412552e-04</internalNodes>
          <leafValues>
            3.8319751620292664e-01 -6.5275794267654419e-01</leafValues></_>
        <_>
          <internalNodes>
            0 -1 111 -5.2432477241382003e-04</internalNodes>
          <leafValues>
            3.4379225969314575e-01 -5.8993589878082275e-01</leafValues></_></weakClassifiers></_>
    <!-- stage 8 -->
    <_>
      <maxWeakCount>11</maxWeakCount>
      <stageThreshold>-7.9443126916885376e-01</stageThreshold>
      <weakClassifiers>
        <_>
          <internalNodes>
            0 -1 59 -2.3616466933162883e-05</internalNodes>
          <leafValues>
            -5.0000000000000000e-01 5.3166985511779785e-01</leafValues></_>
        <_>
          <internalNodes>
            0 -1 56 -3.8365735672414303e-03</internalNodes>
          <leafValues>
            5.0687569379806519e-01 -2.7486824989318848e-01</leafValues></_>
        <_>
          <internalNodes>
            0 -1 163 -3.3575363457202911e-02</internalNodes>
          <leafValues>
            5.4848140478134155e-01 -2.4856135249137878e-01</leafValues></_>
        <_>
          <internalNodes>
            0 -1 212 -8.0448749940842390e-05</internalNodes>
          <leafValues>
            -6.6523659229278564e-01 2.0017048716545105e-01</leafValues></_>
        <_>
          <internalNodes>
            0 -1 103 8.7112654000520706e-04</internalNodes>
          <leafValues>
            -4.1219154000282288e-01 3.8077929615974426e-01</leafValues></_>
        <_>
          <internalNodes>
            0 -1 77 -6.5311876824125648e-05</internalNodes>
          <leafValues>
            -6.1008405685424805e-01 2.4174514412879944e-01</leafValues></_>
        <_>
          <internalNodes>
            0 -1 63 -3.2326960354112089e-04</internalNodes>
          <leafValues>
            3.6365139484405518e-01 -4.5165395736694336e-01</leafValues></_>
        <_>
          <internalNodes>
            0 -1 55 9.5013325335457921e-05</internalNodes>
          <leafValues>
            2.5336349010467529e-01 -6.3654202222824097e-01</leafValues></_>
        <_>
          <internalNodes>
            0 -1 189 -1.0783038305817172e-05</internalNodes>
          <leafValues>
            -5.8702886104583740e-01 2.6489067077636719e-01</leafValues></_>
        <_>
          <internalNodes>
            0 -1 23 2.7762756217271090e-03</internalNodes>
          <leafValues>
            -2.0424230396747589e-01 7.6034194231033325e-01</leafValues></_>
        <_>
          <internalNodes>
            0 -1 182 -6.2558916397392750e-04</internalNodes>
          <leafValues>
            4.5215612649917603e-01 -3.4935510158538818e-01</leafValues></_></weakClassifiers></_>
    <!-- stage 9 -->
    <_>
      <maxWeakCount>11</maxWeakCount>
      <stageThreshold>-4.8621335625648499e-01</stageThreshold>
      <weakClassifiers>
        <_>
          <internalNodes>
            0 -1 102 2.5954732671380043e-02</internalNodes>
          <leafValues>
            4.5611014962196350e-01 -9.0909093618392944e-01</leafValues></_>
        <_>
          <internalNodes>
            0 -1 174 -1.4059268869459629e-03</internalNodes>
          <leafValues>
            4.5700216293334961e-01 -2.9983672499656677e-01</leafValues></_>
        <_>
          <internalNodes>
            0 -1 29 -4.7722747549414635e-03</internalNodes>
          <leafValues>
            3.9877843856811523e-01 -3.5778200626373291e-01</leafValues></_>
        <_>
          <internalNodes>
            0 -1 146 4.2677161400206387e-04</internalNodes>
          <leafValues>
            -2.9758894443511963e-01 4.7155356407165527e-01</leafValues></_>
        <_>
          <internalNodes>
            0 -1 180 6.3541973941028118e-04</internalNodes>
          <leafValues>
            -2.8652405738830566e-01 5.4167509078979492e-01</leafValues></_>
        <_>
          <internalNodes>
            0 -1 192 6.9659756263718009e-04</internalNodes>
          <leafValues>
            -2.2768871486186981e-01 6.8871480226516724e-01</leafValues></_>
        <_>
          <internalNodes>
            0 -1 43 1.7632984963711351e-05</internalNodes>
          <leafValues>
            2.7782276272773743e-01 -5.5077725648880005e-01</leafValues></_>
        <_>
          <internalNodes>
            0 -1 230 -5.2419578423723578e-04</internalNodes>
          <leafValues>
            8.6637365818023682e-01 -1.9578337669372559e-01</leafValues></_>
        <_>
          <internalNodes>
            0 -1 18 -1.3010110706090927e-04</internalNodes>
          <leafValues>
            -5.9517920017242432e-01 3.0481344461441040e-01</leafValues></_>
        <_>
          <internalNodes>
            0 -1 183 2.4088979698717594e-03</internalNodes>
          <leafValues>
            -2.3953041434288025e-01 6.6885530948638916e-01</leafValues></_>
        <_>
          <internalNodes>
            0 -1 219 -1.1016004718840122e-03</internalNodes>
          <leafValues>
            5.8888590335845947e-01 -2.3363216221332550e-01</leafValues></_></weakClassifiers></_>
    <!-- stage 10 -->
    <_>
      <maxWeakCount>9</maxWeakCount>
      <stageThreshold>-6.4891380071640015e-01</stageThreshold>
      <weakClassifiers>
        <_>
          <internalNodes>
            0 -1 36 1.8109596567228436e-04</internalNodes>
          <leafValues>
            5.3166985511779785e-01 -5.0000000000000000e-01</leafValues></_>
        <_>
          <internalNodes>
            0 -1 152 -9.5044113695621490e-03</internalNodes>
          <leafValues>
            4.8354083299636841e-01 -3.6689725518226624e-01</leafValues></_>
        <_>
          <internalNodes>
            0 -1 225 -2.0715722348541021e-04</internalNodes>
          <leafValues>
            -7.4181246757507324e-01 2.1541197597980499e-01</leafValues></_>
        <_>
          <internalNodes>
            0 -1 2 5.9390584938228130e-03</internalNodes>
          <leafValues>
            -3.3761605620384216e-01 5.0308364629745483e-01</leafValues></_>
        <_>
          <internalNodes>
            0 -1 38 4.4867888092994690e-02</internalNodes>
          <leafValues>
            -2.5593668222427368e-01 5.9579348564147949e-01</leafValues></_>
        <_>
          <internalNodes>
            0 -1 199 -5.0680903950706124e-04</internalNodes>
          <leafValues>
            -8.0899000167846680e-01 1.9400380551815033e-01</leafValues></_>
        <_>
          <internalNodes>
            0 -1 221 -2.5143497623503208e-03</internalNodes>
          <leafValues>
            5.4325044155120850e-01 -2.8544533252716064e-01</leafValues></_>
        <_>
          <internalNodes>
            0 -1 99 -2.7827991289086640e-05</internalNodes>
          <leafValues>
            -4.6586176753044128e-01 3.3643683791160583e-01</leafValues></_>
        <_>
          <internalNodes>
            0 -1 52 3.5963203758001328e-02</internalNodes>
          <leafValues>
            -3.1235542893409729e-01 4.8702588677406311e-01</leafValues></_></weakClassifiers></_>
    <!-- stage 11 -->
    <_>
      <maxWeakCount>12</maxWeakCount>
      <stageThreshold>-6.3224637508392334e-01</stageThreshold>
      <weakClassifiers>
        <_>
          <internalNodes>
            0 -1 164 3.2300885766744614e-02</internalNodes>
          <leafValues>
            4.6206897497177124e-01 -9.5555555820465088e-01</leafValues></_>
        <_>
          <internalNodes>
            0 -1 172 -1.4435697812587023e-03</internalNodes>
          <leafValues>
            4.3768253922462463e-01 -2.7715879678726196e-01</leafValues></_>
        <_>
          <internalNodes>
            0 -1 175 2.0260491874068975e-03</internalNodes>
          <leafValues>
            -2.1380361914634705e-01 7.2999250888824463e-01</leafValues></_>
        <_>
          <internalNodes>
            0 -1 7 9.7202736651524901e-04</internalNodes>
          <leafValues>
            -2.5344806909561157e-01 5.4329568147659302e-01</leafValues></_>
        <_>
          <internalNodes>
            0 -1 165 -5.3382385522127151e-04</internalNodes>
          <leafValues>
            4.2475488781929016e-01 -3.1565731763839722e-01</leafValues></_>
        <_>
          <internalNodes>
            0 -1 160 4.9232682213187218e-03</internalNodes>
          <leafValues>
            2.0348238945007324e-01 -9.0559744834899902e-01</leafValues></_>
        <_>
          <internalNodes>
            0 -1 144 1.0802717879414558e-02</internalNodes>
          <leafValues>
            -2.4978330731391907e-01 5.6298464536666870e-01</leafValues></_>
        <_>
          <internalNodes>
            0 -1 32 2.9856037348508835e-02</internalNodes>
          <leafValues>
            -3.7383186817169189e-01 4.3860664963722229e-01</leafValues></_>
        <_>
          <internalNodes>
            0 -1 116 3.6047284083906561e-05</internalNodes>
          <leafValues>
            2.5492927432060242e-01 -5.5950558185577393e-01</leafValues></_>
        <_>
          <internalNodes>
            0 -1 223 1.8101472960552201e-05</internalNodes>
          <leafValues>
            1.7410503327846527e-01 -7.0282584428787231e-01</leafValues></_>
        <_>
          <internalNodes>
            0 -1 106 5.7293445570394397e-04</internalNodes>
          <leafValues>
            -2.6850190758705139e-01 5.3630048036575317e-01</leafValues></_>
        <_>
          <internalNodes>
            0 -1 97 5.0789263332262635e-04</internalNodes>
          <leafValues>
            2.8523221611976624e-01 -5.1306295394897461e-01</leafValues></_></weakClassifiers></_>
    <!-- stage 12 -->
    <_>
      <maxWeakCount>13</maxWeakCount>
      <stageThreshold>-4.9187666177749634e-01</stageThreshold>
      <weakClassifiers>
        <_>
          <internalNodes>
            0 -1 127 4.0096089243888855e-02</internalNodes>
          <leafValues>
            4.5017182826995850e-01 -8.6046510934829712e-01</leafValues></_>
        <_>
          <internalNodes>
            0 -1 128 4.5340945944190025e-03</internalNodes>
          <leafValues>
            -1.7579323053359985e-01 7.5274550914764404e-01</leafValues></_>
        <_>
          <internalNodes>
            0 -1 40 1.2914748862385750e-02</internalNodes>
          <leafValues>
            -2.3748835921287537e-01 4.9476879835128784e-01</leafValues></_>
        <_>
          <internalNodes>
            0 -1 93 1.8525133782532066e-05</internalNodes>
          <leafValues>
            2.4349851906299591e-01 -5.4007178544998169e-01</leafValues></_>
        <_>
          <internalNodes>
            0 -1 132 2.0288699306547642e-03</internalNodes>
          <leafValues>
            -3.1545305252075195e-01 4.3010032176971436e-01</leafValues></_>
        <_>
          <internalNodes>
            0 -1 181 1.2110595707781613e-04</internalNodes>
          <leafValues>
            -3.3384048938751221e-01 4.1821771860122681e-01</leafValues></_>
        <_>
          <internalNodes>
            0 -1 71 -1.6086698451545089e-04</internalNodes>
          <leafValues>
            2.3509778082370758e-01 -5.5649280548095703e-01</leafValues></_>
        <_>
          <internalNodes>
            0 -1 51 3.1374057289212942e-04</internalNodes>
          <leafValues>
            -2.8076845407485962e-01 5.3578424453735352e-01</leafValues></_>
        <_>
          <internalNodes>
            0 -1 25 -1.3083456724416465e-04</internalNodes>
          <leafValues>
            -6.9077175855636597e-01 2.0481178164482117e-01</leafValues></_>
        <_>
          <internalNodes>
            0 -1 210 6.0485603171400726e-05</internalNodes>
          <leafValues>
            -3.7607452273368835e-01 3.6814066767692566e-01</leafValues></_>
        <_>
          <internalNodes>
            0 -1 8 2.0565140992403030e-02</internalNodes>
          <leafValues>
            -1.9502091407775879e-01 6.5285742282867432e-01</leafValues></_>
        <_>
          <internalNodes>
            0 -1 42 1.9087859982391819e-05</internalNodes>
          <leafValues>
            2.4565494060516357e-01 -5.9743237495422363e-01</leafValues></_>
        <_>
          <internalNodes>
            0 -1 196 -3.2657529227435589e-03</internalNodes>
          <leafValues>
            2.3816598951816559e-01 -5.6162130832672119e-01</leafValues></_></weakClassifiers></_>
    <!-- stage 13 -->
    <_>
      <maxWeakCount>14</maxWeakCount>
      <stageThreshold>-6.2280255556106567e-01</stageThreshold>
      <weakClassifiers>
        <_>
          <internalNodes>
            0 -1 126 -4.6450033783912659e-02</internalNodes>
          <leafValues>
            -9.1666668653488159e-01 4.6620449423789978e-01</leafValues></_>
        <_>
          <internalNodes>
            0 -1 5 1.9623678177595139e-02</internalNodes>
          <leafValues>
            -1.6487511992454529e-01 6.6371864080429077e-01</leafValues></_>
        <_>
          <internalNodes>
            0 -1 137 -1.5992800763342530e-04</internalNodes>
          <leafValues>
            4.4695997238159180e-01 -2.8092789649963379e-01</leafValues></_>
        <_>
          <internalNodes>
            0 -1 61 -4.7596867079846561e-04</internalNodes>
          <leafValues>
            6.9356691837310791e-01 -2.0667944848537445e-01</leafValues></_>
        <_>
          <internalNodes>
            0 -1 123 1.8581186886876822e-03</internalNodes>
          <leafValues>
            -2.3756624758243561e-01 5.0449651479721069e-01</leafValues></_>
        <_>
          <internalNodes>
            0 -1 94 -1.6414134734077379e-05</internalNodes>
          <leafValues>
            -6.7514103651046753e-01 2.0024587213993073e-01</leafValues></_>
        <_>
          <internalNodes>
            0 -1 113 3.3912245999090374e-04</internalNodes>
          <leafValues>
            -4.1952124238014221e-01 3.2375404238700867e-01</leafValues></_>
        <_>
          <internalNodes>
            0 -1 211 -1.5964270569384098e-03</internalNodes>
          <leafValues>
            6.4804673194885254e-01 -1.9725753366947174e-01</leafValues></_>
        <_>
          <internalNodes>
            0 -1 177 -8.2422187551856041e-04</internalNodes>
          <leafValues>
            5.1380842924118042e-01 -2.2594603896141052e-01</leafValues></_>
        <_>
          <internalNodes>
            0 -1 159 1.3276976460474543e-05</internalNodes>
          <leafValues>
            -3.7268587946891785e-01 3.3334195613861084e-01</leafValues></_>
        <_>
          <internalNodes>
            0 -1 27 -1.3934695743955672e-04</internalNodes>
          <leafValues>
            -6.3381075859069824e-01 2.4066592752933502e-01</leafValues></_>
        <_>
          <internalNodes>
            0 -1 142 4.9627460539340973e-03</internalNodes>
          <leafValues>
            -3.1356725096702576e-01 5.0022780895233154e-01</leafValues></_>
        <_>
          <internalNodes>
            0 -1 207 -4.6718148514628410e-03</internalNodes>
          <leafValues>
            8.1313222646713257e-01 -1.5465880930423737e-01</leafValues></_>
        <_>
          <internalNodes>
            0 -1 136 -5.7028839364647865e-03</internalNodes>
          <leafValues>
            3.5173103213310242e-01 -3.7799280881881714e-01</leafValues></_></weakClassifiers></_>
    <!-- stage 14 -->
    <_>
      <maxWeakCount>14</maxWeakCount>
      <stageThreshold>-4.7444909811019897e-01</stageThreshold>
      <weakClassifiers>
        <_>
          <internalNodes>
            0 -1 178 -1.2248127721250057e-02</internalNodes>
          <leafValues>
            -6.1194032430648804e-01 4.7670251131057739e-01</leafValues></_>
        <_>
          <internalNodes>
            0 -1 75 -2.9974300559842959e-05</internalNodes>
          <leafValues>
            -5.4183351993560791e-01 2.3247544467449188e-01</leafValues></_>
        <_>
          <internalNodes>
            0 -1 227 -9.5464335754513741e-04</internalNodes>
          <leafValues>
            7.2759610414505005e-01 -1.5836811065673828e-01</leafValues></_>
        <_>
          <internalNodes>
            0 -1 119 -8.3206396084278822e-04</internalNodes>
          <leafValues>
            3.0439418554306030e-01 -3.4751024842262268e-01</leafValues></_>
        <_>
          <internalNodes>
            0 -1 34 5.4909982281969860e-05</internalNodes>
          <leafValues>
            1.6134738922119141e-01 -6.9655704498291016e-01</leafValues></_>
        <_>
          <internalNodes>
            0 -1 44 2.8043873608112335e-03</internalNodes>
          <leafValues>
            -2.2441571950912476e-01 6.1600589752197266e-01</leafValues></_>
        <_>
          <internalNodes>
            0 -1 60 -7.2666793130338192e-04</internalNodes>
          <leafValues>
            4.8719111084938049e-01 -2.8972885012626648e-01</leafValues></_>
        <_>
          <internalNodes>
            0 -1 30 7.1189168374985456e-04</internalNodes>
          <leafValues>
            2.2866715490818024e-01 -5.6610846519470215e-01</leafValues></_>
        <_>
          <internalNodes>
            0 -1 107 -1.4393213496077806e-04</internalNodes>
          <leafValues>
            5.2303731441497803e-01 -2.4741168320178986e-01</leafValues></_>
        <_>
          <internalNodes>
            0 -1 69 -3.2631240173941478e-05</internalNodes>
          <leafValues>
            -6.2872666120529175e-01 2.2533035278320312e-01</leafValues></_>
        <_>
          <internalNodes>
            0 -1 24 9.8714996129274368e-03</internalNodes>
          <leafValues>
            -2.5457271933555603e-01 5.1827168464660645e-01</leafValues></_>
        <_>
          <internalNodes>
            0 -1 82 1.8592691048979759e-02</internalNodes>
          <leafValues>
            -2.7536416053771973e-01 4.7673434019088745e-01</leafValues></_>
        <_>
          <internalNodes>
            0 -1 65 2.9777180403470993e-02</internalNodes>
          <leafValues>
            -2.0118558406829834e-01 6.2306076288223267e-01</leafValues></_>
        <_>
          <internalNodes>
            0 -1 191 7.0318186772055924e-05</internalNodes>
          <leafValues>
            -2.9012218117713928e-01 4.4005274772644043e-01</leafValues></_></weakClassifiers></_>
    <!-- stage 15 -->
    <_>
      <maxWeakCount>14</maxWeakCount>
      <stageThreshold>-7.4262577295303345e-01</stageThreshold>
      <weakClassifiers>
        <_>
          <internalNodes>
            0 -1 85 -1.4405940419237595e-05</internalNodes>
          <leafValues>
            -1.9178082048892975e-01 5.2818369865417480e-01</leafValues></_>
        <_>
          <internalNodes>
            0 -1 12 -1.9358385354280472e-02</internalNodes>
          <leafValues>
            9.3479293584823608e-01 -1.0233233869075775e-01</leafValues></_>
        <_>
          <internalNodes>
            0 -1 21 9.5048936782404780e-04</internalNodes>
          <leafValues>
            -2.5790283083915710e-01 5.8501321077346802e-01</leafValues></_>
        <_>
          <internalNodes>
            0 -1 3 9.3112830072641373e-03</internalNodes>
          <leafValues>
            -1.2663595378398895e-01 7.2267979383468628e-01</leafValues></_>
        <_>
          <internalNodes>
            0 -1 118 -8.6440134327858686e-04</internalNodes>
          <leafValues>
            2.1142214536666870e-01 -5.5257028341293335e-01</leafValues></_>
        <_>
          <internalNodes>
            0 -1 158 -1.4256333815865219e-04</internalNodes>
          <leafValues>
            4.8529961705207825e-01 -2.6216748356819153e-01</leafValues></_>
        <_>
          <internalNodes>
            0 -1 200 1.3401952855929267e-05</internalNodes>
          <leafValues>
            2.7697375416755676e-01 -4.7128456830978394e-01</leafValues></_>
        <_>
          <internalNodes>
            0 -1 148 5.4595735855400562e-04</internalNodes>
          <leafValues>
            -3.1506013870239258e-01 4.4822129607200623e-01</leafValues></_>
        <_>
          <internalNodes>
            0 -1 138 -2.1400742232799530e-02</internalNodes>
          <leafValues>
            4.5916315913200378e-01 -3.3843261003494263e-01</leafValues></_>
        <_>
          <internalNodes>
            0 -1 49 4.8072878271341324e-03</internalNodes>
          <leafValues>
            -1.6589553654193878e-01 7.5583362579345703e-01</leafValues></_>
        <_>
          <internalNodes>
            0 -1 117 -4.7928930143825710e-05</internalNodes>
          <leafValues>
            -5.4371273517608643e-01 2.7463260293006897e-01</leafValues></_>
        <_>
          <internalNodes>
            0 -1 157 -3.6013554199598730e-04</internalNodes>
          <leafValues>
            4.1341239213943481e-01 -3.1888809800148010e-01</leafValues></_>
        <_>
          <internalNodes>
            0 -1 162 -5.0101793021894991e-05</internalNodes>
          <leafValues>
            -5.3571748733520508e-01 2.7703416347503662e-01</leafValues></_>
        <_>
          <internalNodes>
            0 -1 188 9.2610134743154049e-04</internalNodes>
          <leafValues>
            -3.9210155606269836e-01 3.4545072913169861e-01</leafValues></_></weakClassifiers></_>
    <!-- stage 16 -->
    <_>
      <maxWeakCount>12</maxWeakCount>
      <stageThreshold>-5.0716578960418701e-01</stageThreshold>
      <weakClassifiers>
        <_>
          <internalNodes>
            0 -1 135 -9.4687014818191528e-02</internalNodes>
          <leafValues>
            -7.7272725105285645e-01 4.4578313827514648e-01</leafValues></_>
        <_>
          <internalNodes>
            0 -1 10 4.6728868037462234e-03</internalNodes>
          <leafValues>
            -2.0875929296016693e-01 5.5467849969863892e-01</leafValues></_>
        <_>
          <internalNodes>
            0 -1 78 2.8169743018224835e-05</internalNodes>
          <leafValues>
            1.5955612063407898e-01 -6.2557601928710938e-01</leafValues></_>
        <_>
          <internalNodes>
            0 -1 220 -2.0307747181504965e-03</internalNodes>
          <leafValues>
            3.4836935997009277e-01 -3.6461520195007324e-01</leafValues></_>
        <_>
          <internalNodes>
            0 -1 110 -3.2757013104856014e-04</internalNodes>
          <leafValues>
            4.1597196459770203e-01 -2.9370602965354919e-01</leafValues></_>
        <_>
          <internalNodes>
            0 -1 15 -1.0609792079776525e-03</internalNodes>
          <leafValues>
            8.3500367403030396e-01 -1.4483675360679626e-01</leafValues></_>
        <_>
          <internalNodes>
            0 -1 47 6.4652223954908550e-05</internalNodes>
          <leafValues>
            2.3918654024600983e-01 -5.7964873313903809e-01</leafValues></_>
        <_>
          <internalNodes>
            0 -1 153 1.3050570851191878e-04</internalNodes>
          <leafValues>
            -2.9081907868385315e-01 4.8884063959121704e-01</leafValues></_>
        <_>
          <internalNodes>
            0 -1 108 1.8608703976497054e-04</internalNodes>
          <leafValues>
            -2.9132789373397827e-01 4.3481811881065369e-01</leafValues></_>
        <_>
          <internalNodes>
            0 -1 120 -6.1476620612666011e-04</internalNodes>
          <leafValues>
            4.4661530852317810e-01 -2.8451517224311829e-01</leafValues></_>
        <_>
          <internalNodes>
            0 -1 54 4.5195891289040446e-05</internalNodes>
          <leafValues>
            2.1393126249313354e-01 -6.4205795526504517e-01</leafValues></_>
        <_>
          <internalNodes>
            0 -1 213 1.1534844525158405e-03</internalNodes>
          <leafValues>
            -2.1478731930255890e-01 6.4410281181335449e-01</leafValues></_></weakClassifiers></_>
    <!-- stage 17 -->
    <_>
      <maxWeakCount>14</maxWeakCount>
      <stageThreshold>-5.7758831977844238e-01</stageThreshold>
      <weakClassifiers>
        <_>
          <internalNodes>
            0 -1 161 -4.3546790257096291e-03</internalNodes>
          <leafValues>
            -7.5000000000000000e-01 4.5233967900276184e-01</leafValues></_>
        <_>
          <internalNodes>
            0 -1 167 2.5641340471338481e-05</internalNodes>
          <leafValues>
            -2.4241562187671661e-01 4.5861652493476868e-01</leafValues></_>
        <_>
          <internalNodes>
            0 -1 105 3.2162407296709716e-04</internalNodes>
          <leafValues>
            -2.7127569913864136e-01 4.8290306329727173e-01</leafValues></_>
        <_>
          <internalNodes>
            0 -1 66 -1.1805740650743246e-03</internalNodes>
          <leafValues>
            -5.8307528495788574e-01 2.0279277861118317e-01</leafValues></_>
        <_>
          <internalNodes>
            0 -1 37 1.7709966748952866e-02</internalNodes>
          <leafValues>
            -3.3397358655929565e-01 4.5307236909866333e-01</leafValues></_>
        <_>
          <internalNodes>
            0 -1 190 1.4595380052924156e-03</internalNodes>
          <leafValues>
            -1.8340820074081421e-01 5.7701444625854492e-01</leafValues></_>
        <_>
          <internalNodes>
            0 -1 92 3.0844214052194729e-05</internalNodes>
          <leafValues>
            2.4049311876296997e-01 -5.9241688251495361e-01</leafValues></_>
        <_>
          <internalNodes>
            0 -1 14 2.5558499619364738e-03</internalNodes>
          <leafValues>
            -1.8923419713973999e-01 7.0390731096267700e-01</leafValues></_>
        <_>
          <internalNodes>
            0 -1 169 1.9473759457468987e-03</internalNodes>
          <leafValues>
            1.6163261234760284e-01 -7.4563467502593994e-01</leafValues></_>
        <_>
          <internalNodes>
            0 -1 184 3.8571277400478721e-05</internalNodes>
          <leafValues>
            2.0716661214828491e-01 -5.4790186882019043e-01</leafValues></_>
        <_>
          <internalNodes>
            0 -1 45 7.6373131014406681e-04</internalNodes>
          <leafValues>
            -2.8421103954315186e-01 4.8010709881782532e-01</leafValues></_>
        <_>
          <internalNodes>
            0 -1 35 -1.2204456143081188e-03</internalNodes>
          <leafValues>
            5.9769552946090698e-01 -2.1871310472488403e-01</leafValues></_>
        <_>
          <internalNodes>
            0 -1 155 -2.0986758172512054e-03</internalNodes>
          <leafValues>
            -5.0387537479400635e-01 2.4306534230709076e-01</leafValues></_>
        <_>
          <internalNodes>
            0 -1 89 -1.2945133261382580e-02</internalNodes>
          <leafValues>
            4.6988508105278015e-01 -2.8531196713447571e-01</leafValues></_></weakClassifiers></_>
    <!-- stage 18 -->
    <_>
      <maxWeakCount>17</maxWeakCount>
      <stageThreshold>-8.5850173234939575e-01</stageThreshold>
      <weakClassifiers>
        <_>
          <internalNodes>
            0 -1 101 3.4169312566518784e-02</internalNodes>
          <leafValues>
            4.4027304649353027e-01 -8.4615385532379150e-01</leafValues></_>
        <_>
          <internalNodes>
            0 -1 151 -1.3496058818418533e-04</internalNodes>
          <leafValues>
            3.2335439324378967e-01 -3.7686860561370850e-01</leafValues></_>
        <_>
          <internalNodes>
            0 -1 33 -7.9179080785252154e-05</internalNodes>
          <leafValues>
            -6.6226828098297119e-01 1.5350793302059174e-01</leafValues></_>
        <_>
          <internalNodes>
            0 -1 201 -1.2878678739070892e-02</internalNodes>
          <leafValues>
            -8.1716454029083252e-01 1.1324875056743622e-01</leafValues></_>
        <_>
          <internalNodes>
            0 -1 171 3.2013957388699055e-03</internalNodes>
          <leafValues>
            -3.2975420355796814e-01 3.6981207132339478e-01</leafValues></_>
        <_>
          <internalNodes>
            0 -1 130 -4.0646409615874290e-04</internalNodes>
          <leafValues>
            3.5865256190299988e-01 -3.2317069172859192e-01</leafValues></_>
        <_>
          <internalNodes>
            0 -1 173 -6.4160088077187538e-03</internalNodes>
          <leafValues>
            6.0080075263977051e-01 -2.4728560447692871e-01</leafValues></_>
        <_>
          <internalNodes>
            0 -1 96 7.7460678294301033e-03</internalNodes>
          <leafValues>
            -2.6048922538757324e-01 4.2599055171012878e-01</leafValues></_>
        <_>
          <internalNodes>
            0 -1 6 4.9085012869909406e-04</internalNodes>
          <leafValues>
            -2.5421959161758423e-01 4.5854732394218445e-01</leafValues></_>
        <_>
          <internalNodes>
            0 -1 215 2.7943797249463387e-05</internalNodes>
          <leafValues>
            1.7260247468948364e-01 -7.4709767103195190e-01</leafValues></_>
        <_>
          <internalNodes>
            0 -1 91 -3.4952234273077920e-05</internalNodes>
          <leafValues>
            -5.0933474302291870e-01 2.3465898633003235e-01</leafValues></_>
        <_>
          <internalNodes>
            0 -1 193 3.6860359832644463e-03</internalNodes>
          <leafValues>
            -2.6583281159400940e-01 4.9193185567855835e-01</leafValues></_>
        <_>
          <internalNodes>
            0 -1 149 -1.6376685380237177e-05</internalNodes>
          <leafValues>
            -3.7491139769554138e-01 3.5209518671035767e-01</leafValues></_>
        <_>
          <internalNodes>
            0 -1 80 -3.5175751690985635e-05</internalNodes>
          <leafValues>
            3.6232900619506836e-01 -3.5051465034484863e-01</leafValues></_>
        <_>
          <internalNodes>
            0 -1 22 1.2312657199800014e-03</internalNodes>
          <leafValues>
            -1.9450540840625763e-01 6.4819115400314331e-01</leafValues></_>
        <_>
          <internalNodes>
            0 -1 109 -5.7474604545859620e-05</internalNodes>
          <leafValues>
            -8.1404113769531250e-01 1.8292582035064697e-01</leafValues></_>
        <_>
          <internalNodes>
            0 -1 179 1.6686599701642990e-02</internalNodes>
          <leafValues>
            8.9956998825073242e-02 -1.</leafValues></_></weakClassifiers></_>
    <!-- stage 19 -->
    <_>
      <maxWeakCount>14</maxWeakCount>
      <stageThreshold>-7.9510504007339478e-01</stageThreshold>
      <weakClassifiers>
        <_>
          <internalNodes>
            0 -1 28 -6.9528380408883095e-03</internalNodes>
          <leafValues>
            -5.7377046346664429e-01 4.6099290251731873e-01</leafValues></_>
        <_>
          <internalNodes>
            0 -1 90 8.7570369942113757e-05</internalNodes>
          <leafValues>
            2.5492426753044128e-01 -5.7053387165069580e-01</leafValues></_>
        <_>
          <internalNodes>
            0 -1 112 -8.8544809841550887e-05</internalNodes>
          <leafValues>
            5.5975955724716187e-01 -2.4598836898803711e-01</leafValues></_>
        <_>
          <internalNodes>
            0 -1 224 -2.5350423529744148e-03</internalNodes>
          <leafValues>
            5.3623664379119873e-01 -1.8740685284137726e-01</leafValues></_>
        <_>
          <internalNodes>
            0 -1 194 -5.8725697454065084e-04</internalNodes>
          <leafValues>
            4.9107402563095093e-01 -2.4714730679988861e-01</leafValues></_>
        <_>
          <internalNodes>
            0 -1 79 -2.8022699552820995e-05</internalNodes>
          <leafValues>
            -7.2039276361465454e-01 1.6940900683403015e-01</leafValues></_>
        <_>
          <internalNodes>
            0 -1 0 1.9182881340384483e-02</internalNodes>
          <leafValues>
            -2.6653224229812622e-01 4.4585272669792175e-01</leafValues></_>
        <_>
          <internalNodes>
            0 -1 209 -2.2792504169046879e-03</internalNodes>
          <leafValues>
            7.2749996185302734e-01 -1.5894472599029541e-01</leafValues></_>
        <_>
          <internalNodes>
            0 -1 20 2.1680776626453735e-05</internalNodes>
          <leafValues>
            2.9400867223739624e-01 -4.3797090649604797e-01</leafValues></_>
        <_>
          <internalNodes>
            0 -1 64 4.6843510062899441e-05</internalNodes>
          <leafValues>
            -2.8636017441749573e-01 4.2796814441680908e-01</leafValues></_>
        <_>
          <internalNodes>
            0 -1 156 -3.0305478721857071e-02</internalNodes>
          <leafValues>
            -8.8003176450729370e-01 1.3142362236976624e-01</leafValues></_>
        <_>
          <internalNodes>
            0 -1 131 -3.6629816167987883e-04</internalNodes>
          <leafValues>
            3.1190323829650879e-01 -3.7776330113410950e-01</leafValues></_>
        <_>
          <internalNodes>
            0 -1 98 -7.3356575740035623e-05</internalNodes>
          <leafValues>
            -5.3528392314910889e-01 2.3025469481945038e-01</leafValues></_>
        <_>
          <internalNodes>
            0 -1 114 -1.0018816101364791e-04</internalNodes>
          <leafValues>
            -7.1330654621124268e-01 1.6600434482097626e-01</leafValues></_></weakClassifiers></_></stages>
  <features>
    <_>
      <rects>
        <_>
          0 4 10 55 -1.</_>
        <_>
          5 4 5 55 2.</_></rects>
      <tilted>0</tilted></_>
    <_>
      <rects>
        <_>
          0 5 30 21 -1.</_>
        <_>
          10 5 10 21 3.</_></rects>
      <tilted>0</tilted></_>
    <_>
      <rects>
        <_>
          0 10 6 51 -1.</_>
        <_>
          3 10 3 51 2.</_></rects>
      <tilted>0</tilted></_>
    <_>
      <rects>
        <_>
          0 10 8 48 -1.</_>
        <_>
          0 10 4 24 2.</_>
        <_>
          4 34 4 24 2.</_></rects>
      <tilted>0</tilted></_>
    <_>
      <rects>
        <_>
          0 13 12 49 -1.</_>
        <_>
          4 13 4 49 3.</_></rects>
      <tilted>0</tilted></_>
    <_>
      <rects>
        <_>
          0 13 33 6 -1.</_>
        <_>
          11 13 11 6 3.</_></rects>
      <tilted>0</tilted></_>
    <_>
      <rects>
        <_>
          0 14 2 38 -1.</_>
        <_>
          0 14 1 19 2.</_>
        <_>
          1 33 1 19 2.</_></rects>
      <tilted>0</tilted></_>
    <_>
      <rects>
        <_>
          0 17 2 41 -1.</_>
        <_>
          1 17 1 41 2.</_></rects>
      <tilted>0</tilted></_>
    <_>
      <rects>
        <_>
          0 22 16 10 -1.</_>
        <_>
          8 22 8 10 2.</_></rects>
      <tilted>0</tilted></_>
    <_>
      <rects>
        <_>
          0 25 2 35 -1.</_>
        <_>
          1 25 1 35 2.</_></rects>
      <tilted>0</tilted></_>
    <_>
      <rects>
        <_>
          0 26 6 29 -1.</_>
        <_>
          3 26 3 29 2.</_></rects>
      <tilted>0</tilted></_>
    <_>
      <rects>
        <_>
          0 26 36 24 -1.</_>
        <_>
          0 34 36 8 3.</_></rects>
      <tilted>0</tilted></_>
    <_>
      <rects>
        <_>
          0 29 8 36 -1.</_>
        <_>
          0 29 4 18 2.</_>
        <_>
          4 47 4 18 2.</_></rects>
      <tilted>0</tilted></_>
    <_>
      <rects>
        <_>
          0 29 33 1 -1.</_>
        <_>
          11 29 11 1 3.</_></rects>
      <tilted>0</tilted></_>
    <_>
      <rects>
        <_>
          0 34 1 30 -1.</_>
        <_>
          0 49 1 15 2.</_></rects>
      <tilted>0</tilted></_>
    <_>
      <rects>
        <_>
          0 36 2 16 -1.</_>
        <_>
          0 36 1 8 2.</_>
        <_>
          1 44 1 8 2.</_></rects>
      <tilted>0</tilted></_>
    <_>
      <rects>
        <_>
          0 36 18 2 -1.</_>
        <_>
          6 36 6 2 3.</_></rects>
      <tilted>0</tilted></_>
    <_>
      <rects>
        <_>
          0 37 3 15 -1.</_>
        <_>
          1 37 1 15 3.</_></rects>
      <tilted>0</tilted></_>
    <_>
      <rects>
        <_>
          0 37 8 1 -1.</_>
        <_>
          4 37 4 1 2.</_></rects>
      <tilted>0</tilted></_>
    <_>
      <rects>
        <_>
          0 41 3 10 -1.</_>
        <_>
          1 41 1 10 3.</_></rects>
      <tilted>0</tilted></_>
    <_>
      <rects>
        <_>
          0 42 2 1 -1.</_>
        <_>
          1 42 1 1 2.</_></rects>
      <tilted>0</tilted></_>
    <_>
      <rects>
        <_>
          0 43 4 14 -1.</_>
        <_>
          0 43 2 7 2.</_>
        <_>
          2 50 2 7 2.</_></rects>
      <tilted>0</tilted></_>
    <_>
      <rects>
        <_>
          0 45 6 8 -1.</_>
        <_>
          0 45 3 4 2.</_>
        <_>
          3 49 3 4 2.</_></rects>
      <tilted>0</tilted></_>
    <_>
      <rects>
        <_>
          0 48 6 18 -1.</_>
        <_>
          0 48 3 9 2.</_>
        <_>
          3 57 3 9 2.</_></rects>
      <tilted>0</tilted></_>
    <_>
      <rects>
        <_>
          0 49 12 34 -1.</_>
        <_>
          0 49 6 17 2.</_>
        <_>
          6 66 6 17 2.</_></rects>
      <tilted>0</tilted></_>
    <_>
      <rects>
        <_>
          1 1 2 7 -1.</_>
        <_>
          2 1 1 7 2.</_></rects>
      <tilted>0</tilted></_>
    <_>
      <rects>
        <_>
          1 25 8 40 -1.</_>
        <_>
          1 25 4 20 2.</_>
        <_>
          5 45 4 20 2.</_></rects>
      <tilted>0</tilted></_>
    <_>
      <rects>
        <_>
          1 33 2 6 -1.</_>
        <_>
          1 36 2 3 2.</_></rects>
      <tilted>0</tilted></_>
    <_>
      <rects>
        <_>
          1 46 4 15 -1.</_>
        <_>
          1 51 4 5 3.</_></rects>
      <tilted>0</tilted></_>
    <_>
      <rects>
        <_>
          1 65 11 18 -1.</_>
        <_>
          1 74 11 9 2.</_></rects>
      <tilted>0</tilted></_>
    <_>
      <rects>
        <_>
          1 70 10 6 -1.</_>
        <_>
          1 73 10 3 2.</_></rects>
      <tilted>0</tilted></_>
    <_>
      <rects>
        <_>
          2 3 3 2 -1.</_>
        <_>
          3 3 1 2 3.</_></rects>
      <tilted>0</tilted></_>
    <_>
      <rects>
        <_>
          2 17 33 15 -1.</_>
        <_>
          13 17 11 15 3.</_></rects>
      <tilted>0</tilted></_>
    <_>
      <rects>
        <_>
          2 25 2 3 -1.</_>
        <_>
          2 26 2 1 3.</_></rects>
      <tilted>0</tilted></_>
    <_>
      <rects>
        <_>
          2 40 2 1 -1.</_>
        <_>
          3 40 1 1 2.</_></rects>
      <tilted>0</tilted></_>
    <_>
      <rects>
        <_>
          2 49 9 3 -1.</_>
        <_>
          5 49 3 3 3.</_></rects>
      <tilted>0</tilted></_>
    <_>
      <rects>
        <_>
          2 68 5 2 -1.</_>
        <_>
          2 69 5 1 2.</_></rects>
      <tilted>0</tilted></_>
    <_>
      <rects>
        <_>
          3 0 4 40 -1.</_>
        <_>
          3 20 4 20 2.</_></rects>
      <tilted>0</tilted></_>
    <_>
      <rects>
        <_>
          3 0 11 40 -1.</_>
        <_>
          3 20 11 20 2.</_></rects>
      <tilted>0</tilted></_>
    <_>
      <rects>
        <_>
          3 0 25 38 -1.</_>
        <_>
          3 19 25 19 2.</_></rects>
      <tilted>0</tilted></_>
    <_>
      <rects>
        <_>
          3 0 32 10 -1.</_>
        <_>
          3 5 32 5 2.</_></rects>
      <tilted>0</tilted></_>
    <_>
      <rects>
        <_>
          3 3 34 82 -1.</_>
        <_>
          3 3 17 41 2.</_>
        <_>
          20 44 17 41 2.</_></rects>
      <tilted>0</tilted></_>
    <_>
      <rects>
        <_>
          3 34 2 1 -1.</_>
        <_>
          4 34 1 1 2.</_></rects>
      <tilted>0</tilted></_>
    <_>
      <rects>
        <_>
          3 36 2 1 -1.</_>
        <_>
          4 36 1 1 2.</_></rects>
      <tilted>0</tilted></_>
    <_>
      <rects>
        <_>
          3 39 4 32 -1.</_>
        <_>
          5 39 2 32 2.</_></rects>
      <tilted>0</tilted></_>
    <_>
      <rects>
        <_>
          3 43 6 15 -1.</_>
        <_>
          5 43 2 15 3.</_></rects>
      <tilted>0</tilted></_>
    <_>
      <rects>
        <_>
          4 0 18 26 -1.</_>
        <_>
          4 13 18 13 2.</_></rects>
      <tilted>0</tilted></_>
    <_>
      <rects>
        <_>
          4 23 2 4 -1.</_>
        <_>
          5 23 1 4 2.</_></rects>
      <tilted>0</tilted></_>
    <_>
      <rects>
        <_>
          4 31 4 2 -1.</_>
        <_>
          6 31 2 2 2.</_></rects>
      <tilted>0</tilted></_>
    <_>
      <rects>
        <_>
          4 39 14 10 -1.</_>
        <_>
          4 39 7 5 2.</_>
        <_>
          11 44 7 5 2.</_></rects>
      <tilted>0</tilted></_>
    <_>
      <rects>
        <_>
          4 41 6 10 -1.</_>
        <_>
          6 41 2 10 3.</_></rects>
      <tilted>0</tilted></_>
    <_>
      <rects>
        <_>
          4 46 6 6 -1.</_>
        <_>
          4 46 3 3 2.</_>
        <_>
          7 49 3 3 2.</_></rects>
      <tilted>0</tilted></_>
    <_>
      <rects>
        <_>
          4 49 15 36 -1.</_>
        <_>
          4 61 15 12 3.</_></rects>
      <tilted>0</tilted></_>
    <_>
      <rects>
        <_>
          4 75 1 3 -1.</_>
        <_>
          4 76 1 1 3.</_></rects>
      <tilted>0</tilted></_>
    <_>
      <rects>
        <_>
          4 84 2 1 -1.</_>
        <_>
          5 84 1 1 2.</_></rects>
      <tilted>0</tilted></_>
    <_>
      <rects>
        <_>
          4 84 4 3 -1.</_>
        <_>
          4 85 4 1 3.</_></rects>
      <tilted>0</tilted></_>
    <_>
      <rects>
        <_>
          5 20 6 38 -1.</_>
        <_>
          5 20 3 19 2.</_>
        <_>
          8 39 3 19 2.</_></rects>
      <tilted>0</tilted></_>
    <_>
      <rects>
        <_>
          5 30 1 2 -1.</_>
        <_>
          5 31 1 1 2.</_></rects>
      <tilted>0</tilted></_>
    <_>
      <rects>
        <_>
          5 30 32 41 -1.</_>
        <_>
          21 30 16 41 2.</_></rects>
      <tilted>0</tilted></_>
    <_>
      <rects>
        <_>
          5 36 2 1 -1.</_>
        <_>
          6 36 1 1 2.</_></rects>
      <tilted>0</tilted></_>
    <_>
      <rects>
        <_>
          5 39 8 4 -1.</_>
        <_>
          5 41 8 2 2.</_></rects>
      <tilted>0</tilted></_>
    <_>
      <rects>
        <_>
          5 42 6 1 -1.</_>
        <_>
          8 42 3 1 2.</_></rects>
      <tilted>0</tilted></_>
    <_>
      <rects>
        <_>
          5 48 18 33 -1.</_>
        <_>
          5 59 18 11 3.</_></rects>
      <tilted>0</tilted></_>
    <_>
      <rects>
        <_>
          5 49 14 12 -1.</_>
        <_>
          12 49 7 12 2.</_></rects>
      <tilted>0</tilted></_>
    <_>
      <rects>
        <_>
          5 53 6 3 -1.</_>
        <_>
          5 54 6 1 3.</_></rects>
      <tilted>0</tilted></_>
    <_>
      <rects>
        <_>
          5 62 30 12 -1.</_>
        <_>
          15 62 10 12 3.</_></rects>
      <tilted>0</tilted></_>
    <_>
      <rects>
        <_>
          5 65 21 6 -1.</_>
        <_>
          5 67 21 2 3.</_></rects>
      <tilted>0</tilted></_>
    <_>
      <rects>
        <_>
          6 32 6 3 -1.</_>
        <_>
          6 33 6 1 3.</_></rects>
      <tilted>0</tilted></_>
    <_>
      <rects>
        <_>
          6 33 2 2 -1.</_>
        <_>
          6 34 2 1 2.</_></rects>
      <tilted>0</tilted></_>
    <_>
      <rects>
        <_>
          6 36 2 2 -1.</_>
        <_>
          7 36 1 2 2.</_></rects>
      <tilted>0</tilted></_>
    <_>
      <rects>
        <_>
          6 36 2 4 -1.</_>
        <_>
          6 38 2 2 2.</_></rects>
      <tilted>0</tilted></_>
    <_>
      <rects>
        <_>
          6 38 30 12 -1.</_>
        <_>
          6 44 30 6 2.</_></rects>
      <tilted>0</tilted></_>
    <_>
      <rects>
        <_>
          7 30 4 6 -1.</_>
        <_>
          7 32 4 2 3.</_></rects>
      <tilted>0</tilted></_>
    <_>
      <rects>
        <_>
          7 32 30 30 -1.</_>
        <_>
          22 32 15 30 2.</_></rects>
      <tilted>0</tilted></_>
    <_>
      <rects>
        <_>
          7 33 1 4 -1.</_>
        <_>
          7 35 1 2 2.</_></rects>
      <tilted>0</tilted></_>
    <_>
      <rects>
        <_>
          7 33 2 3 -1.</_>
        <_>
          7 34 2 1 3.</_></rects>
      <tilted>0</tilted></_>
    <_>
      <rects>
        <_>
          7 33 24 22 -1.</_>
        <_>
          7 33 12 11 2.</_>
        <_>
          19 44 12 11 2.</_></rects>
      <tilted>0</tilted></_>
    <_>
      <rects>
        <_>
          7 34 6 2 -1.</_>
        <_>
          7 35 6 1 2.</_></rects>
      <tilted>0</tilted></_>
    <_>
      <rects>
        <_>
          7 35 2 1 -1.</_>
        <_>
          8 35 1 1 2.</_></rects>
      <tilted>0</tilted></_>
    <_>
      <rects>
        <_>
          7 36 1 3 -1.</_>
        <_>
          7 37 1 1 3.</_></rects>
      <tilted>0</tilted></_>
    <_>
      <rects>
        <_>
          7 42 15 1 -1.</_>
        <_>
          12 42 5 1 3.</_></rects>
      <tilted>0</tilted></_>
    <_>
      <rects>
        <_>
          7 52 12 36 -1.</_>
        <_>
          7 64 12 12 3.</_></rects>
      <tilted>0</tilted></_>
    <_>
      <rects>
        <_>
          8 0 29 14 -1.</_>
        <_>
          8 7 29 7 2.</_></rects>
      <tilted>0</tilted></_>
    <_>
      <rects>
        <_>
          8 31 16 24 -1.</_>
        <_>
          8 43 16 12 2.</_></rects>
      <tilted>0</tilted></_>
    <_>
      <rects>
        <_>
          8 32 20 24 -1.</_>
        <_>
          8 32 10 12 2.</_>
        <_>
          18 44 10 12 2.</_></rects>
      <tilted>0</tilted></_>
    <_>
      <rects>
        <_>
          8 35 2 1 -1.</_>
        <_>
          9 35 1 1 2.</_></rects>
      <tilted>0</tilted></_>
    <_>
      <rects>
        <_>
          8 35 2 3 -1.</_>
        <_>
          9 35 1 3 2.</_></rects>
      <tilted>0</tilted></_>
    <_>
      <rects>
        <_>
          8 36 14 9 -1.</_>
        <_>
          15 36 7 9 2.</_></rects>
      <tilted>0</tilted></_>
    <_>
      <rects>
        <_>
          8 47 3 1 -1.</_>
        <_>
          9 47 1 1 3.</_></rects>
      <tilted>0</tilted></_>
    <_>
      <rects>
        <_>
          9 0 22 32 -1.</_>
        <_>
          9 0 11 16 2.</_>
        <_>
          20 16 11 16 2.</_></rects>
      <tilted>0</tilted></_>
    <_>
      <rects>
        <_>
          9 22 2 2 -1.</_>
        <_>
          9 23 2 1 2.</_></rects>
      <tilted>0</tilted></_>
    <_>
      <rects>
        <_>
          9 24 6 1 -1.</_>
        <_>
          11 24 2 1 3.</_></rects>
      <tilted>0</tilted></_>
    <_>
      <rects>
        <_>
          9 25 2 2 -1.</_>
        <_>
          10 25 1 2 2.</_></rects>
      <tilted>0</tilted></_>
    <_>
      <rects>
        <_>
          9 29 2 1 -1.</_>
        <_>
          10 29 1 1 2.</_></rects>
      <tilted>0</tilted></_>
    <_>
      <rects>
        <_>
          9 34 1 2 -1.</_>
        <_>
          9 35 1 1 2.</_></rects>
      <tilted>0</tilted></_>
    <_>
      <rects>
        <_>
          9 34 27 20 -1.</_>
        <_>
          9 44 27 10 2.</_></rects>
      <tilted>0</tilted></_>
    <_>
      <rects>
        <_>
          9 63 28 22 -1.</_>
        <_>
          9 63 14 11 2.</_>
        <_>
          23 74 14 11 2.</_></rects>
      <tilted>0</tilted></_>
    <_>
      <rects>
        <_>
          10 21 7 9 -1.</_>
        <_>
          10 24 7 3 3.</_></rects>
      <tilted>0</tilted></_>
    <_>
      <rects>
        <_>
          10 30 3 4 -1.</_>
        <_>
          10 32 3 2 2.</_></rects>
      <tilted>0</tilted></_>
    <_>
      <rects>
        <_>
          10 30 5 3 -1.</_>
        <_>
          10 31 5 1 3.</_></rects>
      <tilted>0</tilted></_>
    <_>
      <rects>
        <_>
          10 35 14 8 -1.</_>
        <_>
          10 35 7 4 2.</_>
        <_>
          17 39 7 4 2.</_></rects>
      <tilted>0</tilted></_>
    <_>
      <rects>
        <_>
          10 35 9 36 -1.</_>
        <_>
          10 53 9 18 2.</_></rects>
      <tilted>0</tilted></_>
    <_>
      <rects>
        <_>
          10 35 24 10 -1.</_>
        <_>
          22 35 12 10 2.</_></rects>
      <tilted>0</tilted></_>
    <_>
      <rects>
        <_>
          10 39 20 6 -1.</_>
        <_>
          10 39 10 3 2.</_>
        <_>
          20 42 10 3 2.</_></rects>
      <tilted>0</tilted></_>
    <_>
      <rects>
        <_>
          10 43 2 8 -1.</_>
        <_>
          10 47 2 4 2.</_></rects>
      <tilted>0</tilted></_>
    <_>
      <rects>
        <_>
          10 44 6 4 -1.</_>
        <_>
          10 44 3 2 2.</_>
        <_>
          13 46 3 2 2.</_></rects>
      <tilted>0</tilted></_>
    <_>
      <rects>
        <_>
          10 45 6 4 -1.</_>
        <_>
          12 45 2 4 3.</_></rects>
      <tilted>0</tilted></_>
    <_>
      <rects>
        <_>
          10 46 8 3 -1.</_>
        <_>
          10 47 8 1 3.</_></rects>
      <tilted>0</tilted></_>
    <_>
      <rects>
        <_>
          10 61 5 6 -1.</_>
        <_>
          10 64 5 3 2.</_></rects>
      <tilted>0</tilted></_>
    <_>
      <rects>
        <_>
          11 32 1 2 -1.</_>
        <_>
          11 33 1 1 2.</_></rects>
      <tilted>0</tilted></_>
    <_>
      <rects>
        <_>
          11 40 5 9 -1.</_>
        <_>
          11 43 5 3 3.</_></rects>
      <tilted>0</tilted></_>
    <_>
      <rects>
        <_>
          11 45 4 10 -1.</_>
        <_>
          11 50 4 5 2.</_></rects>
      <tilted>0</tilted></_>
    <_>
      <rects>
        <_>
          11 52 4 2 -1.</_>
        <_>
          11 52 2 1 2.</_>
        <_>
          13 53 2 1 2.</_></rects>
      <tilted>0</tilted></_>
    <_>
      <rects>
        <_>
          11 60 15 9 -1.</_>
        <_>
          11 63 15 3 3.</_></rects>
      <tilted>0</tilted></_>
    <_>
      <rects>
        <_>
          11 63 2 3 -1.</_>
        <_>
          11 64 2 1 3.</_></rects>
      <tilted>0</tilted></_>
    <_>
      <rects>
        <_>
          12 1 20 54 -1.</_>
        <_>
          12 19 20 18 3.</_></rects>
      <tilted>0</tilted></_>
    <_>
      <rects>
        <_>
          12 20 2 3 -1.</_>
        <_>
          13 20 1 3 2.</_></rects>
      <tilted>0</tilted></_>
    <_>
      <rects>
        <_>
          12 21 3 2 -1.</_>
        <_>
          13 21 1 2 3.</_></rects>
      <tilted>0</tilted></_>
    <_>
      <rects>
        <_>
          12 33 25 22 -1.</_>
        <_>
          12 44 25 11 2.</_></rects>
      <tilted>0</tilted></_>
    <_>
      <rects>
        <_>
          12 40 12 10 -1.</_>
        <_>
          16 40 4 10 3.</_></rects>
      <tilted>0</tilted></_>
    <_>
      <rects>
        <_>
          12 47 3 9 -1.</_>
        <_>
          12 50 3 3 3.</_></rects>
      <tilted>0</tilted></_>
    <_>
      <rects>
        <_>
          12 48 6 3 -1.</_>
        <_>
          12 49 6 1 3.</_></rects>
      <tilted>0</tilted></_>
    <_>
      <rects>
        <_>
          12 56 9 32 -1.</_>
        <_>
          12 72 9 16 2.</_></rects>
      <tilted>0</tilted></_>
    <_>
      <rects>
        <_>
          13 8 1 26 -1.</_>
        <_>
          13 21 1 13 2.</_></rects>
      <tilted>0</tilted></_>
    <_>
      <rects>
        <_>
          13 9 24 23 -1.</_>
        <_>
          25 9 12 23 2.</_></rects>
      <tilted>0</tilted></_>
    <_>
      <rects>
        <_>
          13 10 23 42 -1.</_>
        <_>
          13 24 23 14 3.</_></rects>
      <tilted>0</tilted></_>
    <_>
      <rects>
        <_>
          13 20 21 33 -1.</_>
        <_>
          13 31 21 11 3.</_></rects>
      <tilted>0</tilted></_>
    <_>
      <rects>
        <_>
          13 27 18 24 -1.</_>
        <_>
          13 35 18 8 3.</_></rects>
      <tilted>0</tilted></_>
    <_>
      <rects>
        <_>
          13 37 14 8 -1.</_>
        <_>
          13 37 7 4 2.</_>
        <_>
          20 41 7 4 2.</_></rects>
      <tilted>0</tilted></_>
    <_>
      <rects>
        <_>
          13 48 2 9 -1.</_>
        <_>
          13 51 2 3 3.</_></rects>
      <tilted>0</tilted></_>
    <_>
      <rects>
        <_>
          14 30 12 6 -1.</_>
        <_>
          18 30 4 6 3.</_></rects>
      <tilted>0</tilted></_>
    <_>
      <rects>
        <_>
          14 30 19 6 -1.</_>
        <_>
          14 33 19 3 2.</_></rects>
      <tilted>0</tilted></_>
    <_>
      <rects>
        <_>
          14 33 16 10 -1.</_>
        <_>
          22 33 8 10 2.</_></rects>
      <tilted>0</tilted></_>
    <_>
      <rects>
        <_>
          14 67 2 12 -1.</_>
        <_>
          14 73 2 6 2.</_></rects>
      <tilted>0</tilted></_>
    <_>
      <rects>
        <_>
          15 30 8 24 -1.</_>
        <_>
          15 30 4 12 2.</_>
        <_>
          19 42 4 12 2.</_></rects>
      <tilted>0</tilted></_>
    <_>
      <rects>
        <_>
          15 30 21 32 -1.</_>
        <_>
          15 46 21 16 2.</_></rects>
      <tilted>0</tilted></_>
    <_>
      <rects>
        <_>
          15 37 22 34 -1.</_>
        <_>
          15 37 11 17 2.</_>
        <_>
          26 54 11 17 2.</_></rects>
      <tilted>0</tilted></_>
    <_>
      <rects>
        <_>
          15 44 6 1 -1.</_>
        <_>
          17 44 2 1 3.</_></rects>
      <tilted>0</tilted></_>
    <_>
      <rects>
        <_>
          15 44 22 40 -1.</_>
        <_>
          15 44 11 20 2.</_>
        <_>
          26 64 11 20 2.</_></rects>
      <tilted>0</tilted></_>
    <_>
      <rects>
        <_>
          15 45 6 3 -1.</_>
        <_>
          15 46 6 1 3.</_></rects>
      <tilted>0</tilted></_>
    <_>
      <rects>
        <_>
          16 32 9 6 -1.</_>
        <_>
          19 32 3 6 3.</_></rects>
      <tilted>0</tilted></_>
    <_>
      <rects>
        <_>
          16 42 6 10 -1.</_>
        <_>
          16 42 3 5 2.</_>
        <_>
          19 47 3 5 2.</_></rects>
      <tilted>0</tilted></_>
    <_>
      <rects>
        <_>
          17 15 6 66 -1.</_>
        <_>
          17 15 3 33 2.</_>
        <_>
          20 48 3 33 2.</_></rects>
      <tilted>0</tilted></_>
    <_>
      <rects>
        <_>
          17 26 20 18 -1.</_>
        <_>
          17 26 10 9 2.</_>
        <_>
          27 35 10 9 2.</_></rects>
      <tilted>0</tilted></_>
    <_>
      <rects>
        <_>
          17 27 12 30 -1.</_>
        <_>
          23 27 6 30 2.</_></rects>
      <tilted>0</tilted></_>
    <_>
      <rects>
        <_>
          17 32 8 4 -1.</_>
        <_>
          17 34 8 2 2.</_></rects>
      <tilted>0</tilted></_>
    <_>
      <rects>
        <_>
          17 41 8 4 -1.</_>
        <_>
          17 41 4 2 2.</_>
        <_>
          21 43 4 2 2.</_></rects>
      <tilted>0</tilted></_>
    <_>
      <rects>
        <_>
          17 43 2 4 -1.</_>
        <_>
          17 43 1 2 2.</_>
        <_>
          18 45 1 2 2.</_></rects>
      <tilted>0</tilted></_>
    <_>
      <rects>
        <_>
          17 54 12 4 -1.</_>
        <_>
          21 54 4 4 3.</_></rects>
      <tilted>0</tilted></_>
    <_>
      <rects>
        <_>
          17 58 5 6 -1.</_>
        <_>
          17 60 5 2 3.</_></rects>
      <tilted>0</tilted></_>
    <_>
      <rects>
        <_>
          18 30 5 6 -1.</_>
        <_>
          18 33 5 3 2.</_></rects>
      <tilted>0</tilted></_>
    <_>
      <rects>
        <_>
          18 32 11 4 -1.</_>
        <_>
          18 34 11 2 2.</_></rects>
      <tilted>0</tilted></_>
    <_>
      <rects>
        <_>
          18 36 18 44 -1.</_>
        <_>
          18 36 9 22 2.</_>
        <_>
          27 58 9 22 2.</_></rects>
      <tilted>0</tilted></_>
    <_>
      <rects>
        <_>
          18 43 14 2 -1.</_>
        <_>
          18 43 7 1 2.</_>
        <_>
          25 44 7 1 2.</_></rects>
      <tilted>0</tilted></_>
    <_>
      <rects>
        <_>
          18 46 12 10 -1.</_>
        <_>
          24 46 6 10 2.</_></rects>
      <tilted>0</tilted></_>
    <_>
      <rects>
        <_>
          19 3 16 51 -1.</_>
        <_>
          19 20 16 17 3.</_></rects>
      <tilted>0</tilted></_>
    <_>
      <rects>
        <_>
          19 24 18 27 -1.</_>
        <_>
          19 33 18 9 3.</_></rects>
      <tilted>0</tilted></_>
    <_>
      <rects>
        <_>
          19 31 4 12 -1.</_>
        <_>
          19 31 2 6 2.</_>
        <_>
          21 37 2 6 2.</_></rects>
      <tilted>0</tilted></_>
    <_>
      <rects>
        <_>
          19 38 4 4 -1.</_>
        <_>
          19 38 2 2 2.</_>
        <_>
          21 40 2 2 2.</_></rects>
      <tilted>0</tilted></_>
    <_>
      <rects>
        <_>
          19 39 1 6 -1.</_>
        <_>
          19 41 1 2 3.</_></rects>
      <tilted>0</tilted></_>
    <_>
      <rects>
        <_>
          19 39 10 8 -1.</_>
        <_>
          24 39 5 8 2.</_></rects>
      <tilted>0</tilted></_>
    <_>
      <rects>
        <_>
          19 40 14 3 -1.</_>
        <_>
          26 40 7 3 2.</_></rects>
      <tilted>0</tilted></_>
    <_>
      <rects>
        <_>
          19 83 2 4 -1.</_>
        <_>
          19 83 1 2 2.</_>
        <_>
          20 85 1 2 2.</_></rects>
      <tilted>0</tilted></_>
    <_>
      <rects>
        <_>
          20 6 16 69 -1.</_>
        <_>
          28 6 8 69 2.</_></rects>
      <tilted>0</tilted></_>
    <_>
      <rects>
        <_>
          20 27 9 40 -1.</_>
        <_>
          20 47 9 20 2.</_></rects>
      <tilted>0</tilted></_>
    <_>
      <rects>
        <_>
          20 30 12 2 -1.</_>
        <_>
          24 30 4 2 3.</_></rects>
      <tilted>0</tilted></_>
    <_>
      <rects>
        <_>
          20 38 6 11 -1.</_>
        <_>
          23 38 3 11 2.</_></rects>
      <tilted>0</tilted></_>
    <_>
      <rects>
        <_>
          20 40 2 4 -1.</_>
        <_>
          20 40 1 2 2.</_>
        <_>
          21 42 1 2 2.</_></rects>
      <tilted>0</tilted></_>
    <_>
      <rects>
        <_>
          20 42 3 3 -1.</_>
        <_>
          21 42 1 3 3.</_></rects>
      <tilted>0</tilted></_>
    <_>
      <rects>
        <_>
          20 42 10 3 -1.</_>
        <_>
          25 42 5 3 2.</_></rects>
      <tilted>0</tilted></_>
    <_>
      <rects>
        <_>
          20 44 3 1 -1.</_>
        <_>
          21 44 1 1 3.</_></rects>
      <tilted>0</tilted></_>
    <_>
      <rects>
        <_>
          20 45 10 11 -1.</_>
        <_>
          25 45 5 11 2.</_></rects>
      <tilted>0</tilted></_>
    <_>
      <rects>
        <_>
          21 21 6 30 -1.</_>
        <_>
          21 31 6 10 3.</_></rects>
      <tilted>0</tilted></_>
    <_>
      <rects>
        <_>
          21 25 12 10 -1.</_>
        <_>
          25 25 4 10 3.</_></rects>
      <tilted>0</tilted></_>
    <_>
      <rects>
        <_>
          21 26 5 21 -1.</_>
        <_>
          21 33 5 7 3.</_></rects>
      <tilted>0</tilted></_>
    <_>
      <rects>
        <_>
          21 29 9 3 -1.</_>
        <_>
          24 29 3 3 3.</_></rects>
      <tilted>0</tilted></_>
    <_>
      <rects>
        <_>
          22 25 3 12 -1.</_>
        <_>
          23 25 1 12 3.</_></rects>
      <tilted>0</tilted></_>
    <_>
      <rects>
        <_>
          22 28 9 4 -1.</_>
        <_>
          25 28 3 4 3.</_></rects>
      <tilted>0</tilted></_>
    <_>
      <rects>
        <_>
          22 29 13 12 -1.</_>
        <_>
          22 35 13 6 2.</_></rects>
      <tilted>0</tilted></_>
    <_>
      <rects>
        <_>
          22 32 6 28 -1.</_>
        <_>
          22 46 6 14 2.</_></rects>
      <tilted>0</tilted></_>
    <_>
      <rects>
        <_>
          22 33 6 5 -1.</_>
        <_>
          24 33 2 5 3.</_></rects>
      <tilted>0</tilted></_>
    <_>
      <rects>
        <_>
          22 46 4 6 -1.</_>
        <_>
          22 46 2 3 2.</_>
        <_>
          24 49 2 3 2.</_></rects>
      <tilted>0</tilted></_>
    <_>
      <rects>
        <_>
          23 3 4 27 -1.</_>
        <_>
          25 3 2 27 2.</_></rects>
      <tilted>0</tilted></_>
    <_>
      <rects>
        <_>
          23 7 6 20 -1.</_>
        <_>
          23 7 3 10 2.</_>
        <_>
          26 17 3 10 2.</_></rects>
      <tilted>0</tilted></_>
    <_>
      <rects>
        <_>
          23 15 2 2 -1.</_>
        <_>
          23 16 2 1 2.</_></rects>
      <tilted>0</tilted></_>
    <_>
      <rects>
        <_>
          23 18 2 26 -1.</_>
        <_>
          23 18 1 13 2.</_>
        <_>
          24 31 1 13 2.</_></rects>
      <tilted>0</tilted></_>
    <_>
      <rects>
        <_>
          23 30 6 7 -1.</_>
        <_>
          25 30 2 7 3.</_></rects>
      <tilted>0</tilted></_>
    <_>
      <rects>
        <_>
          23 42 2 4 -1.</_>
        <_>
          23 42 1 2 2.</_>
        <_>
          24 44 1 2 2.</_></rects>
      <tilted>0</tilted></_>
    <_>
      <rects>
        <_>
          23 50 9 27 -1.</_>
        <_>
          26 50 3 27 3.</_></rects>
      <tilted>0</tilted></_>
    <_>
      <rects>
        <_>
          24 6 1 3 -1.</_>
        <_>
          24 7 1 1 3.</_></rects>
      <tilted>0</tilted></_>
    <_>
      <rects>
        <_>
          24 36 9 3 -1.</_>
        <_>
          27 36 3 3 3.</_></rects>
      <tilted>0</tilted></_>
    <_>
      <rects>
        <_>
          24 39 3 13 -1.</_>
        <_>
          25 39 1 13 3.</_></rects>
      <tilted>0</tilted></_>
    <_>
      <rects>
        <_>
          25 32 6 3 -1.</_>
        <_>
          27 32 2 3 3.</_></rects>
      <tilted>0</tilted></_>
    <_>
      <rects>
        <_>
          26 22 6 24 -1.</_>
        <_>
          26 22 3 12 2.</_>
        <_>
          29 34 3 12 2.</_></rects>
      <tilted>0</tilted></_>
    <_>
      <rects>
        <_>
          26 26 2 12 -1.</_>
        <_>
          26 32 2 6 2.</_></rects>
      <tilted>0</tilted></_>
    <_>
      <rects>
        <_>
          26 33 6 5 -1.</_>
        <_>
          28 33 2 5 3.</_></rects>
      <tilted>0</tilted></_>
    <_>
      <rects>
        <_>
          26 45 7 42 -1.</_>
        <_>
          26 66 7 21 2.</_></rects>
      <tilted>0</tilted></_>
    <_>
      <rects>
        <_>
          26 52 3 36 -1.</_>
        <_>
          26 70 3 18 2.</_></rects>
      <tilted>0</tilted></_>
    <_>
      <rects>
        <_>
          27 31 10 49 -1.</_>
        <_>
          32 31 5 49 2.</_></rects>
      <tilted>0</tilted></_>
    <_>
      <rects>
        <_>
          27 36 9 2 -1.</_>
        <_>
          27 37 9 1 2.</_></rects>
      <tilted>0</tilted></_>
    <_>
      <rects>
        <_>
          28 13 2 2 -1.</_>
        <_>
          28 14 2 1 2.</_></rects>
      <tilted>0</tilted></_>
    <_>
      <rects>
        <_>
          28 27 9 27 -1.</_>
        <_>
          28 36 9 9 3.</_></rects>
      <tilted>0</tilted></_>
    <_>
      <rects>
        <_>
          28 28 3 25 -1.</_>
        <_>
          29 28 1 25 3.</_></rects>
      <tilted>0</tilted></_>
    <_>
      <rects>
        <_>
          28 30 6 10 -1.</_>
        <_>
          30 30 2 10 3.</_></rects>
      <tilted>0</tilted></_>
    <_>
      <rects>
        <_>
          28 40 9 8 -1.</_>
        <_>
          31 40 3 8 3.</_></rects>
      <tilted>0</tilted></_>
    <_>
      <rects>
        <_>
          28 82 6 3 -1.</_>
        <_>
          28 83 6 1 3.</_></rects>
      <tilted>0</tilted></_>
    <_>
      <rects>
        <_>
          29 1 8 84 -1.</_>
        <_>
          29 29 8 28 3.</_></rects>
      <tilted>0</tilted></_>
    <_>
      <rects>
        <_>
          29 4 4 32 -1.</_>
        <_>
          29 4 2 16 2.</_>
        <_>
          31 20 2 16 2.</_></rects>
      <tilted>0</tilted></_>
    <_>
      <rects>
        <_>
          29 7 2 2 -1.</_>
        <_>
          29 8 2 1 2.</_></rects>
      <tilted>0</tilted></_>
    <_>
      <rects>
        <_>
          29 20 4 16 -1.</_>
        <_>
          29 20 2 8 2.</_>
        <_>
          31 28 2 8 2.</_></rects>
      <tilted>0</tilted></_>
    <_>
      <rects>
        <_>
          29 36 3 21 -1.</_>
        <_>
          30 36 1 21 3.</_></rects>
      <tilted>0</tilted></_>
    <_>
      <rects>
        <_>
          29 52 6 3 -1.</_>
        <_>
          32 52 3 3 2.</_></rects>
      <tilted>0</tilted></_>
    <_>
      <rects>
        <_>
          30 9 3 3 -1.</_>
        <_>
          30 10 3 1 3.</_></rects>
      <tilted>0</tilted></_>
    <_>
      <rects>
        <_>
          30 30 6 4 -1.</_>
        <_>
          32 30 2 4 3.</_></rects>
      <tilted>0</tilted></_>
    <_>
      <rects>
        <_>
          30 39 6 4 -1.</_>
        <_>
          32 39 2 4 3.</_></rects>
      <tilted>0</tilted></_>
    <_>
      <rects>
        <_>
          31 1 2 1 -1.</_>
        <_>
          32 1 1 1 2.</_></rects>
      <tilted>0</tilted></_>
    <_>
      <rects>
        <_>
          31 34 6 6 -1.</_>
        <_>
          33 34 2 6 3.</_></rects>
      <tilted>0</tilted></_>
    <_>
      <rects>
        <_>
          31 44 6 15 -1.</_>
        <_>
          34 44 3 15 2.</_></rects>
      <tilted>0</tilted></_>
    <_>
      <rects>
        <_>
          31 48 6 12 -1.</_>
        <_>
          34 48 3 12 2.</_></rects>
      <tilted>0</tilted></_>
    <_>
      <rects>
        <_>
          31 51 4 8 -1.</_>
        <_>
          33 51 2 8 2.</_></rects>
      <tilted>0</tilted></_>
    <_>
      <rects>
        <_>
          32 25 4 44 -1.</_>
        <_>
          34 25 2 44 2.</_></rects>
      <tilted>0</tilted></_>
    <_>
      <rects>
        <_>
          33 2 4 44 -1.</_>
        <_>
          33 2 2 22 2.</_>
        <_>
          35 24 2 22 2.</_></rects>
      <tilted>0</tilted></_>
    <_>
      <rects>
        <_>
          33 5 2 3 -1.</_>
        <_>
          33 6 2 1 3.</_></rects>
      <tilted>0</tilted></_>
    <_>
      <rects>
        <_>
          33 8 2 2 -1.</_>
        <_>
          33 8 1 1 2.</_>
        <_>
          34 9 1 1 2.</_></rects>
      <tilted>0</tilted></_>
    <_>
      <rects>
        <_>
          33 27 4 34 -1.</_>
        <_>
          33 27 2 17 2.</_>
        <_>
          35 44 2 17 2.</_></rects>
      <tilted>0</tilted></_>
    <_>
      <rects>
        <_>
          33 63 3 3 -1.</_>
        <_>
          33 64 3 1 3.</_></rects>
      <tilted>0</tilted></_>
    <_>
      <rects>
        <_>
          34 1 3 1 -1.</_>
        <_>
          35 1 1 1 3.</_></rects>
      <tilted>0</tilted></_>
    <_>
      <rects>
        <_>
          35 33 2 18 -1.</_>
        <_>
          35 33 1 9 2.</_>
        <_>
          36 42 1 9 2.</_></rects>
      <tilted>0</tilted></_>
    <_>
      <rects>
        <_>
          35 35 2 42 -1.</_>
        <_>
          36 35 1 42 2.</_></rects>
      <tilted>0</tilted></_>
    <_>
      <rects>
        <_>
          35 40 2 12 -1.</_>
        <_>
          35 40 1 6 2.</_>
        <_>
          36 46 1 6 2.</_></rects>
      <tilted>0</tilted></_>
    <_>
      <rects>
        <_>
          35 46 2 6 -1.</_>
        <_>
          35 46 1 3 2.</_>
        <_>
          36 49 1 3 2.</_></rects>
      <tilted>0</tilted></_></features></cascade>
</opencv_storage>
