<?xml version="1.0"?>
<opencv_storage>
<cascade>
  <stageType>BOOST</stageType>
  <featureType>HAAR</featureType>
  <height>36</height>
  <width>22</width>
  <stageParams>
    <boostType>GAB</boostType>
    <minHitRate>9.9900001287460327e-01</minHitRate>
    <maxFalseAlarm>5.0000000000000000e-01</maxFalseAlarm>
    <weightTrimRate>9.4999999999999996e-01</weightTrimRate>
    <maxDepth>1</maxDepth>
    <maxWeakCount>100</maxWeakCount></stageParams>
  <featureParams>
    <maxCatCount>0</maxCatCount>
    <featSize>1</featSize>
    <mode>BASIC</mode></featureParams>
  <stageNum>20</stageNum>
  <stages>
    <!-- stage 0 -->
    <_>
      <maxWeakCount>6</maxWeakCount>
      <stageThreshold>-4.1699644923210144e-01</stageThreshold>
      <weakClassifiers>
        <_>
          <internalNodes>
            0 -1 88 -2.5942798703908920e-02</internalNodes>
          <leafValues>
            8.3554375171661377e-01 -3.6290323734283447e-01</leafValues></_>
        <_>
          <internalNodes>
            0 -1 113 4.8526864498853683e-02</internalNodes>
          <leafValues>
            3.5831889510154724e-01 -8.9673721790313721e-01</leafValues></_>
        <_>
          <internalNodes>
            0 -1 157 1.1818220373243093e-03</internalNodes>
          <leafValues>
            -2.9498383402824402e-01 6.7156237363815308e-01</leafValues></_>
        <_>
          <internalNodes>
            0 -1 14 2.8952792286872864e-02</internalNodes>
          <leafValues>
            -2.8023165464401245e-01 6.7616587877273560e-01</leafValues></_>
        <_>
          <internalNodes>
            0 -1 32 -4.7583510167896748e-03</internalNodes>
          <leafValues>
            6.6350257396697998e-01 -2.5734129548072815e-01</leafValues></_>
        <_>
          <internalNodes>
            0 -1 130 1.6196609940379858e-03</internalNodes>
          <leafValues>
            -2.4774292111396790e-01 7.7446776628494263e-01</leafValues></_></weakClassifiers></_>
    <!-- stage 1 -->
    <_>
      <maxWeakCount>8</maxWeakCount>
      <stageThreshold>-3.5582974553108215e-01</stageThreshold>
      <weakClassifiers>
        <_>
          <internalNodes>
            0 -1 109 -9.0909246355295181e-03</internalNodes>
          <leafValues>
            6.0085839033126831e-01 -3.4591194987297058e-01</leafValues></_>
        <_>
          <internalNodes>
            0 -1 162 -3.5736770369112492e-03</internalNodes>
          <leafValues>
            8.7093538045883179e-01 -1.6766664385795593e-01</leafValues></_>
        <_>
          <internalNodes>
            0 -1 163 2.8456549625843763e-03</internalNodes>
          <leafValues>
            -2.9882797598838806e-01 8.0795389413833618e-01</leafValues></_>
        <_>
          <internalNodes>
            0 -1 205 -2.4382360279560089e-03</internalNodes>
          <leafValues>
            8.3541440963745117e-01 -1.5723262727260590e-01</leafValues></_>
        <_>
          <internalNodes>
            0 -1 206 2.6512579061090946e-03</internalNodes>
          <leafValues>
            -2.9846662282943726e-01 6.4543467760086060e-01</leafValues></_>
        <_>
          <internalNodes>
            0 -1 212 -1.3467720709741116e-03</internalNodes>
          <leafValues>
            9.0531992912292480e-01 -1.8678295612335205e-01</leafValues></_>
        <_>
          <internalNodes>
            0 -1 58 -3.8669672794640064e-03</internalNodes>
          <leafValues>
            3.9560967683792114e-01 -4.8886957764625549e-01</leafValues></_>
        <_>
          <internalNodes>
            0 -1 61 1.7811385914683342e-03</internalNodes>
          <leafValues>
            -2.4045190215110779e-01 8.1057333946228027e-01</leafValues></_></weakClassifiers></_>
    <!-- stage 2 -->
    <_>
      <maxWeakCount>10</maxWeakCount>
      <stageThreshold>-8.2162988185882568e-01</stageThreshold>
      <weakClassifiers>
        <_>
          <internalNodes>
            0 -1 3 -4.5321899652481079e-01</internalNodes>
          <leafValues>
            -8.0821919441223145e-01 5.1449275016784668e-01</leafValues></_>
        <_>
          <internalNodes>
            0 -1 9 3.4426697529852390e-03</internalNodes>
          <leafValues>
            -2.9686480760574341e-01 6.5125435590744019e-01</leafValues></_>
        <_>
          <internalNodes>
            0 -1 131 -1.8959771841764450e-03</internalNodes>
          <leafValues>
            6.5705996751785278e-01 -2.7355915307998657e-01</leafValues></_>
        <_>
          <internalNodes>
            0 -1 198 7.1127787232398987e-03</internalNodes>
          <leafValues>
            -2.6519101858139038e-01 8.1853598356246948e-01</leafValues></_>
        <_>
          <internalNodes>
            0 -1 77 6.0797780752182007e-02</internalNodes>
          <leafValues>
            2.2201813757419586e-01 -9.6199834346771240e-01</leafValues></_>
        <_>
          <internalNodes>
            0 -1 168 8.6839459836483002e-03</internalNodes>
          <leafValues>
            -2.8505042195320129e-01 7.4456489086151123e-01</leafValues></_>
        <_>
          <internalNodes>
            0 -1 154 1.1515840888023376e-03</internalNodes>
          <leafValues>
            -2.1939669549465179e-01 8.1252068281173706e-01</leafValues></_>
        <_>
          <internalNodes>
            0 -1 84 -3.9286278188228607e-02</internalNodes>
          <leafValues>
            -8.4154748916625977e-01 2.7136620879173279e-01</leafValues></_>
        <_>
          <internalNodes>
            0 -1 21 3.1938548199832439e-03</internalNodes>
          <leafValues>
            -2.7300292253494263e-01 7.9417216777801514e-01</leafValues></_>
        <_>
          <internalNodes>
            0 -1 62 1.0391297983005643e-03</internalNodes>
          <leafValues>
            -2.1644198894500732e-01 8.7552630901336670e-01</leafValues></_></weakClassifiers></_>
    <!-- stage 3 -->
    <_>
      <maxWeakCount>12</maxWeakCount>
      <stageThreshold>-6.4471894502639771e-01</stageThreshold>
      <weakClassifiers>
        <_>
          <internalNodes>
            0 -1 101 -8.7706604972481728e-04</internalNodes>
          <leafValues>
            6.7664670944213867e-01 -3.4364261664450169e-03</leafValues></_>
        <_>
          <internalNodes>
            0 -1 136 1.9320916617289186e-03</internalNodes>
          <leafValues>
            -1.4302593469619751e-01 8.0107456445693970e-01</leafValues></_>
        <_>
          <internalNodes>
            0 -1 111 1.1905506253242493e-03</internalNodes>
          <leafValues>
            -1.9714240729808807e-01 8.0818670988082886e-01</leafValues></_>
        <_>
          <internalNodes>
            0 -1 166 2.8027733787894249e-03</internalNodes>
          <leafValues>
            -1.5638172626495361e-01 8.4152692556381226e-01</leafValues></_>
        <_>
          <internalNodes>
            0 -1 165 -1.9636540673673153e-03</internalNodes>
          <leafValues>
            6.9486296176910400e-01 -2.3612017929553986e-01</leafValues></_>
        <_>
          <internalNodes>
            0 -1 204 6.0752481222152710e-03</internalNodes>
          <leafValues>
            -2.2274909913539886e-01 6.8033939599990845e-01</leafValues></_>
        <_>
          <internalNodes>
            0 -1 66 2.9542975127696991e-02</internalNodes>
          <leafValues>
            1.8937543034553528e-01 -9.5638728141784668e-01</leafValues></_>
        <_>
          <internalNodes>
            0 -1 153 -3.6236715968698263e-03</internalNodes>
          <leafValues>
            8.6468976736068726e-01 -2.0278567075729370e-01</leafValues></_>
        <_>
          <internalNodes>
            0 -1 140 2.7744419639930129e-04</internalNodes>
          <leafValues>
            -3.5813909769058228e-01 4.3737474083900452e-01</leafValues></_>
        <_>
          <internalNodes>
            0 -1 103 5.2039590664207935e-03</internalNodes>
          <leafValues>
            -3.2648277282714844e-01 4.9093717336654663e-01</leafValues></_>
        <_>
          <internalNodes>
            0 -1 114 -2.6440052315592766e-03</internalNodes>
          <leafValues>
            8.6928963661193848e-01 -1.8133389949798584e-01</leafValues></_>
        <_>
          <internalNodes>
            0 -1 95 -6.8369910120964050e-02</internalNodes>
          <leafValues>
            3.9798897504806519e-01 -4.2755243182182312e-01</leafValues></_></weakClassifiers></_>
    <!-- stage 4 -->
    <_>
      <maxWeakCount>13</maxWeakCount>
      <stageThreshold>-8.3024001121520996e-01</stageThreshold>
      <weakClassifiers>
        <_>
          <internalNodes>
            0 -1 71 3.2930839806795120e-03</internalNodes>
          <leafValues>
            5.5279505252838135e-01 -2.9577463865280151e-01</leafValues></_>
        <_>
          <internalNodes>
            0 -1 96 -9.8058329895138741e-03</internalNodes>
          <leafValues>
            8.3316177129745483e-01 -1.5133956074714661e-01</leafValues></_>
        <_>
          <internalNodes>
            0 -1 210 -1.5500826761126518e-02</internalNodes>
          <leafValues>
            7.0853203535079956e-01 -1.7717202007770538e-01</leafValues></_>
        <_>
          <internalNodes>
            0 -1 192 -9.2844273895025253e-03</internalNodes>
          <leafValues>
            6.8657553195953369e-01 -2.0830562710762024e-01</leafValues></_>
        <_>
          <internalNodes>
            0 -1 135 1.1560327839106321e-03</internalNodes>
          <leafValues>
            -1.8220937252044678e-01 8.8202571868896484e-01</leafValues></_>
        <_>
          <internalNodes>
            0 -1 25 4.5160264708101749e-03</internalNodes>
          <leafValues>
            -1.7364183068275452e-01 6.9330483675003052e-01</leafValues></_>
        <_>
          <internalNodes>
            0 -1 5 -1.2677644193172455e-01</internalNodes>
          <leafValues>
            -8.4390884637832642e-01 2.0074830949306488e-01</leafValues></_>
        <_>
          <internalNodes>
            0 -1 74 2.4086361750960350e-02</internalNodes>
          <leafValues>
            -2.7506604790687561e-01 6.0326915979385376e-01</leafValues></_>
        <_>
          <internalNodes>
            0 -1 177 1.6032591229304671e-03</internalNodes>
          <leafValues>
            -1.7732603847980499e-01 7.5033712387084961e-01</leafValues></_>
        <_>
          <internalNodes>
            0 -1 172 -3.3177980221807957e-03</internalNodes>
          <leafValues>
            7.3375946283340454e-01 -1.8351793289184570e-01</leafValues></_>
        <_>
          <internalNodes>
            0 -1 90 3.1102387583814561e-04</internalNodes>
          <leafValues>
            -1.9791986048221588e-01 6.6186481714248657e-01</leafValues></_>
        <_>
          <internalNodes>
            0 -1 120 1.0228990868199617e-04</internalNodes>
          <leafValues>
            3.2277756929397583e-01 -5.3243505954742432e-01</leafValues></_>
        <_>
          <internalNodes>
            0 -1 211 -1.6385091003030539e-03</internalNodes>
          <leafValues>
            9.5319795608520508e-01 -1.8006265163421631e-01</leafValues></_></weakClassifiers></_>
    <!-- stage 5 -->
    <_>
      <maxWeakCount>12</maxWeakCount>
      <stageThreshold>-4.4877806305885315e-01</stageThreshold>
      <weakClassifiers>
        <_>
          <internalNodes>
            0 -1 169 3.6343287210911512e-03</internalNodes>
          <leafValues>
            5.0000000000000000e-01 -4.8314607143402100e-01</leafValues></_>
        <_>
          <internalNodes>
            0 -1 69 -3.6942064762115479e-03</internalNodes>
          <leafValues>
            3.2989764213562012e-01 -4.9446704983711243e-01</leafValues></_>
        <_>
          <internalNodes>
            0 -1 171 -4.1333884000778198e-03</internalNodes>
          <leafValues>
            8.1155019998550415e-01 -1.7013877630233765e-01</leafValues></_>
        <_>
          <internalNodes>
            0 -1 218 -1.6485062660649419e-03</internalNodes>
          <leafValues>
            8.9745384454727173e-01 -1.7528562247753143e-01</leafValues></_>
        <_>
          <internalNodes>
            0 -1 11 1.2151658535003662e-02</internalNodes>
          <leafValues>
            -2.3036265373229980e-01 5.8690941333770752e-01</leafValues></_>
        <_>
          <internalNodes>
            0 -1 30 1.7851531505584717e-02</internalNodes>
          <leafValues>
            -1.6589860618114471e-01 7.1154928207397461e-01</leafValues></_>
        <_>
          <internalNodes>
            0 -1 72 5.5813783546909690e-04</internalNodes>
          <leafValues>
            -1.3869622349739075e-01 8.6271333694458008e-01</leafValues></_>
        <_>
          <internalNodes>
            0 -1 128 1.6657495871186256e-04</internalNodes>
          <leafValues>
            2.4151150882244110e-01 -5.8357578516006470e-01</leafValues></_>
        <_>
          <internalNodes>
            0 -1 47 -1.7507642041891813e-03</internalNodes>
          <leafValues>
            6.2381815910339355e-01 -2.3531025648117065e-01</leafValues></_>
        <_>
          <internalNodes>
            0 -1 46 2.8201052919030190e-03</internalNodes>
          <leafValues>
            -1.9188354909420013e-01 6.5200001001358032e-01</leafValues></_>
        <_>
          <internalNodes>
            0 -1 100 2.2444562986493111e-02</internalNodes>
          <leafValues>
            1.8875564634799957e-01 -9.8666650056838989e-01</leafValues></_>
        <_>
          <internalNodes>
            0 -1 16 2.8896201401948929e-03</internalNodes>
          <leafValues>
            -2.9985630512237549e-01 5.8177888393402100e-01</leafValues></_></weakClassifiers></_>
    <!-- stage 6 -->
    <_>
      <maxWeakCount>12</maxWeakCount>
      <stageThreshold>-8.0185663700103760e-01</stageThreshold>
      <weakClassifiers>
        <_>
          <internalNodes>
            0 -1 141 -9.0659856796264648e-03</internalNodes>
          <leafValues>
            -8.9655172824859619e-01 4.8853614926338196e-01</leafValues></_>
        <_>
          <internalNodes>
            0 -1 213 -3.6432249471545219e-03</internalNodes>
          <leafValues>
            8.7089604139328003e-01 -1.4451958239078522e-01</leafValues></_>
        <_>
          <internalNodes>
            0 -1 176 1.5132299158722162e-03</internalNodes>
          <leafValues>
            -1.4856511354446411e-01 8.2593232393264771e-01</leafValues></_>
        <_>
          <internalNodes>
            0 -1 179 2.9405346140265465e-04</internalNodes>
          <leafValues>
            -2.0763525366783142e-01 6.5130847692489624e-01</leafValues></_>
        <_>
          <internalNodes>
            0 -1 118 -1.0452644200995564e-03</internalNodes>
          <leafValues>
            -7.2042590379714966e-01 1.9932076334953308e-01</leafValues></_>
        <_>
          <internalNodes>
            0 -1 31 -4.8427861183881760e-03</internalNodes>
          <leafValues>
            6.5163207054138184e-01 -2.1762830018997192e-01</leafValues></_>
        <_>
          <internalNodes>
            0 -1 63 4.0363933891057968e-02</internalNodes>
          <leafValues>
            1.8219114840030670e-01 -7.8260582685470581e-01</leafValues></_>
        <_>
          <internalNodes>
            0 -1 160 4.4543913099914789e-04</internalNodes>
          <leafValues>
            -2.4143591523170471e-01 6.0852086544036865e-01</leafValues></_>
        <_>
          <internalNodes>
            0 -1 199 3.5228112246841192e-03</internalNodes>
          <leafValues>
            -1.5922035276889801e-01 8.2830560207366943e-01</leafValues></_>
        <_>
          <internalNodes>
            0 -1 92 -7.7340626157820225e-03</internalNodes>
          <leafValues>
            4.7257366776466370e-01 -3.1736448407173157e-01</leafValues></_>
        <_>
          <internalNodes>
            0 -1 1 -4.4556418433785439e-03</internalNodes>
          <leafValues>
            -5.3135293722152710e-01 2.9609829187393188e-01</leafValues></_>
        <_>
          <internalNodes>
            0 -1 143 -8.1447779666632414e-04</internalNodes>
          <leafValues>
            3.9895069599151611e-01 -3.5677513480186462e-01</leafValues></_></weakClassifiers></_>
    <!-- stage 7 -->
    <_>
      <maxWeakCount>13</maxWeakCount>
      <stageThreshold>-8.4312456846237183e-01</stageThreshold>
      <weakClassifiers>
        <_>
          <internalNodes>
            0 -1 158 -4.6346653252840042e-03</internalNodes>
          <leafValues>
            -9.4285714626312256e-01 4.3728813529014587e-01</leafValues></_>
        <_>
          <internalNodes>
            0 -1 79 -5.0078585743904114e-02</internalNodes>
          <leafValues>
            5.0126910209655762e-01 -2.3984172940254211e-01</leafValues></_>
        <_>
          <internalNodes>
            0 -1 129 1.9198970869183540e-02</internalNodes>
          <leafValues>
            -1.6140156984329224e-01 8.0566877126693726e-01</leafValues></_>
        <_>
          <internalNodes>
            0 -1 123 -7.1579404175281525e-03</internalNodes>
          <leafValues>
            5.4234820604324341e-01 -2.9470571875572205e-01</leafValues></_>
        <_>
          <internalNodes>
            0 -1 27 -1.9926849752664566e-02</internalNodes>
          <leafValues>
            -6.6230309009552002e-01 1.9817197322845459e-01</leafValues></_>
        <_>
          <internalNodes>
            0 -1 89 1.6340899746865034e-03</internalNodes>
          <leafValues>
            -2.0603226125240326e-01 6.9189757108688354e-01</leafValues></_>
        <_>
          <internalNodes>
            0 -1 99 -1.0311184450984001e-03</internalNodes>
          <leafValues>
            4.9031385779380798e-01 -3.7552908062934875e-01</leafValues></_>
        <_>
          <internalNodes>
            0 -1 65 -5.7704694569110870e-02</internalNodes>
          <leafValues>
            -9.3205356597900391e-01 1.5524610877037048e-01</leafValues></_>
        <_>
          <internalNodes>
            0 -1 167 -3.6867763847112656e-03</internalNodes>
          <leafValues>
            7.5054603815078735e-01 -2.0489944517612457e-01</leafValues></_>
        <_>
          <internalNodes>
            0 -1 164 5.9990077279508114e-03</internalNodes>
          <leafValues>
            -1.5448611974716187e-01 7.8533703088760376e-01</leafValues></_>
        <_>
          <internalNodes>
            0 -1 4 7.7256555669009686e-03</internalNodes>
          <leafValues>
            -2.4510084092617035e-01 5.6192314624786377e-01</leafValues></_>
        <_>
          <internalNodes>
            0 -1 55 3.2132527849171311e-05</internalNodes>
          <leafValues>
            3.3315220475196838e-01 -4.4569307565689087e-01</leafValues></_>
        <_>
          <internalNodes>
            0 -1 203 -7.6628718525171280e-03</internalNodes>
          <leafValues>
            5.1488828659057617e-01 -2.4596412479877472e-01</leafValues></_></weakClassifiers></_>
    <!-- stage 8 -->
    <_>
      <maxWeakCount>8</maxWeakCount>
      <stageThreshold>-1.0693116188049316e+00</stageThreshold>
      <weakClassifiers>
        <_>
          <internalNodes>
            0 -1 86 -3.7647165358066559e-02</internalNodes>
          <leafValues>
            8.0000001192092896e-01 -2.7843138575553894e-01</leafValues></_>
        <_>
          <internalNodes>
            0 -1 190 -1.2668242678046227e-02</internalNodes>
          <leafValues>
            -8.2331496477127075e-01 3.4809580445289612e-01</leafValues></_>
        <_>
          <internalNodes>
            0 -1 36 -4.0044791996479034e-02</internalNodes>
          <leafValues>
            8.1625592708587646e-01 -2.8396362066268921e-01</leafValues></_>
        <_>
          <internalNodes>
            0 -1 184 -2.2310581058263779e-02</internalNodes>
          <leafValues>
            8.9162117242813110e-01 -2.0552919805049896e-01</leafValues></_>
        <_>
          <internalNodes>
            0 -1 82 -5.5495875130873173e-05</internalNodes>
          <leafValues>
            -5.4892921447753906e-01 4.0272641181945801e-01</leafValues></_>
        <_>
          <internalNodes>
            0 -1 49 -2.0920971408486366e-02</internalNodes>
          <leafValues>
            -8.7311810255050659e-01 2.4928006529808044e-01</leafValues></_>
        <_>
          <internalNodes>
            0 -1 24 -1.2102320790290833e-02</internalNodes>
          <leafValues>
            4.4229611754417419e-01 -5.0062811374664307e-01</leafValues></_>
        <_>
          <internalNodes>
            0 -1 142 -5.4510112386196852e-04</internalNodes>
          <leafValues>
            -7.1267229318618774e-01 3.2153651118278503e-01</leafValues></_></weakClassifiers></_>
    <!-- stage 9 -->
    <_>
      <maxWeakCount>9</maxWeakCount>
      <stageThreshold>-9.6701329946517944e-01</stageThreshold>
      <weakClassifiers>
        <_>
          <internalNodes>
            0 -1 54 -2.6733383536338806e-02</internalNodes>
          <leafValues>
            -6.7796611785888672e-01 6.0157793760299683e-01</leafValues></_>
        <_>
          <internalNodes>
            0 -1 87 -3.8392957299947739e-02</internalNodes>
          <leafValues>
            4.3459084630012512e-01 -4.0908721089363098e-01</leafValues></_>
        <_>
          <internalNodes>
            0 -1 195 -1.5546310693025589e-02</internalNodes>
          <leafValues>
            -7.2887170314788818e-01 2.2029002010822296e-01</leafValues></_>
        <_>
          <internalNodes>
            0 -1 144 1.1883181286975741e-03</internalNodes>
          <leafValues>
            1.9106847047805786e-01 -7.9597395658493042e-01</leafValues></_>
        <_>
          <internalNodes>
            0 -1 13 1.4475148171186447e-02</internalNodes>
          <leafValues>
            -2.1183027327060699e-01 8.2261639833450317e-01</leafValues></_>
        <_>
          <internalNodes>
            0 -1 59 4.8689130693674088e-02</internalNodes>
          <leafValues>
            -2.2205589711666107e-01 7.7028250694274902e-01</leafValues></_>
        <_>
          <internalNodes>
            0 -1 220 4.4872029684484005e-04</internalNodes>
          <leafValues>
            2.9143986105918884e-01 -6.9855809211730957e-01</leafValues></_>
        <_>
          <internalNodes>
            0 -1 10 -4.5279297977685928e-02</internalNodes>
          <leafValues>
            7.3422491550445557e-01 -2.9215806722640991e-01</leafValues></_>
        <_>
          <internalNodes>
            0 -1 23 7.8300386667251587e-02</internalNodes>
          <leafValues>
            -1.4921571314334869e-01 7.6706564426422119e-01</leafValues></_></weakClassifiers></_>
    <!-- stage 10 -->
    <_>
      <maxWeakCount>8</maxWeakCount>
      <stageThreshold>-7.2687941789627075e-01</stageThreshold>
      <weakClassifiers>
        <_>
          <internalNodes>
            0 -1 28 3.5506510175764561e-04</internalNodes>
          <leafValues>
            6.1440676450729370e-01 -4.2483660578727722e-01</leafValues></_>
        <_>
          <internalNodes>
            0 -1 148 -3.6449992330744863e-04</internalNodes>
          <leafValues>
            -7.7822446823120117e-01 3.1122511625289917e-01</leafValues></_>
        <_>
          <internalNodes>
            0 -1 149 2.9869191348552704e-04</internalNodes>
          <leafValues>
            3.4673973917961121e-01 -6.5762865543365479e-01</leafValues></_>
        <_>
          <internalNodes>
            0 -1 26 7.3481917381286621e-02</internalNodes>
          <leafValues>
            -3.1523630023002625e-01 7.7185827493667603e-01</leafValues></_>
        <_>
          <internalNodes>
            0 -1 216 -3.5844012745656073e-04</internalNodes>
          <leafValues>
            -6.3273400068283081e-01 3.1553050875663757e-01</leafValues></_>
        <_>
          <internalNodes>
            0 -1 220 -3.5090348683297634e-04</internalNodes>
          <leafValues>
            -7.4081420898437500e-01 2.5842499732971191e-01</leafValues></_>
        <_>
          <internalNodes>
            0 -1 57 -1.6342561691999435e-02</internalNodes>
          <leafValues>
            3.8281530141830444e-01 -4.7469863295555115e-01</leafValues></_>
        <_>
          <internalNodes>
            0 -1 94 1.4452937990427017e-02</internalNodes>
          <leafValues>
            3.5276979207992554e-01 -5.9717381000518799e-01</leafValues></_></weakClassifiers></_>
    <!-- stage 11 -->
    <_>
      <maxWeakCount>11</maxWeakCount>
      <stageThreshold>-9.6953111886978149e-01</stageThreshold>
      <weakClassifiers>
        <_>
          <internalNodes>
            0 -1 117 -9.1512147337198257e-03</internalNodes>
          <leafValues>
            -8.5185188055038452e-01 4.7460594773292542e-01</leafValues></_>
        <_>
          <internalNodes>
            0 -1 43 -2.2519846970681101e-04</internalNodes>
          <leafValues>
            -5.7573449611663818e-01 2.9931154847145081e-01</leafValues></_>
        <_>
          <internalNodes>
            0 -1 174 -4.4659178820438683e-04</internalNodes>
          <leafValues>
            -6.9513016939163208e-01 1.8145471811294556e-01</leafValues></_>
        <_>
          <internalNodes>
            0 -1 175 -3.8254531682468951e-04</internalNodes>
          <leafValues>
            -6.5595954656600952e-01 2.5921526551246643e-01</leafValues></_>
        <_>
          <internalNodes>
            0 -1 150 -2.4792191106826067e-04</internalNodes>
          <leafValues>
            -6.4111036062240601e-01 2.4801246821880341e-01</leafValues></_>
        <_>
          <internalNodes>
            0 -1 8 2.2658936679363251e-02</internalNodes>
          <leafValues>
            -2.3790699243545532e-01 6.7118245363235474e-01</leafValues></_>
        <_>
          <internalNodes>
            0 -1 170 3.6700727650895715e-04</internalNodes>
          <leafValues>
            2.2509978711605072e-01 -6.2226295471191406e-01</leafValues></_>
        <_>
          <internalNodes>
            0 -1 39 -1.3184692943468690e-04</internalNodes>
          <leafValues>
            -4.9556750059127808e-01 2.9933676123619080e-01</leafValues></_>
        <_>
          <internalNodes>
            0 -1 12 3.6958407144993544e-04</internalNodes>
          <leafValues>
            2.0251119136810303e-01 -6.7623525857925415e-01</leafValues></_>
        <_>
          <internalNodes>
            0 -1 217 -4.4740588054992259e-04</internalNodes>
          <leafValues>
            -5.8874911069869995e-01 2.3726990818977356e-01</leafValues></_>
        <_>
          <internalNodes>
            0 -1 188 -1.9383465405553579e-04</internalNodes>
          <leafValues>
            -5.7177782058715820e-01 2.3607937991619110e-01</leafValues></_></weakClassifiers></_>
    <!-- stage 12 -->
    <_>
      <maxWeakCount>10</maxWeakCount>
      <stageThreshold>-6.9392657279968262e-01</stageThreshold>
      <weakClassifiers>
        <_>
          <internalNodes>
            0 -1 97 -2.1014552563428879e-02</internalNodes>
          <leafValues>
            6.8500000238418579e-01 -2.1777777373790741e-01</leafValues></_>
        <_>
          <internalNodes>
            0 -1 50 4.6881850808858871e-02</internalNodes>
          <leafValues>
            -2.0457448065280914e-01 7.2554373741149902e-01</leafValues></_>
        <_>
          <internalNodes>
            0 -1 121 3.3178888261318207e-02</internalNodes>
          <leafValues>
            -1.7523333430290222e-01 8.7700438499450684e-01</leafValues></_>
        <_>
          <internalNodes>
            0 -1 125 -1.7116345465183258e-02</internalNodes>
          <leafValues>
            7.6117771863937378e-01 -2.7177569270133972e-01</leafValues></_>
        <_>
          <internalNodes>
            0 -1 139 -9.3855557497590780e-04</internalNodes>
          <leafValues>
            -6.8368995189666748e-01 2.9654413461685181e-01</leafValues></_>
        <_>
          <internalNodes>
            0 -1 124 1.7631489026825875e-04</internalNodes>
          <leafValues>
            2.9652905464172363e-01 -6.0866516828536987e-01</leafValues></_>
        <_>
          <internalNodes>
            0 -1 75 -3.5433232784271240e-02</internalNodes>
          <leafValues>
            9.1548883914947510e-01 -2.3584820330142975e-01</leafValues></_>
        <_>
          <internalNodes>
            0 -1 221 -2.4129363009706140e-04</internalNodes>
          <leafValues>
            -5.6683737039566040e-01 3.6944735050201416e-01</leafValues></_>
        <_>
          <internalNodes>
            0 -1 208 4.4640529900789261e-02</internalNodes>
          <leafValues>
            -2.5419965386390686e-01 7.0405769348144531e-01</leafValues></_>
        <_>
          <internalNodes>
            0 -1 191 -1.1014751158654690e-02</internalNodes>
          <leafValues>
            7.1265918016433716e-01 -2.6353102922439575e-01</leafValues></_></weakClassifiers></_>
    <!-- stage 13 -->
    <_>
      <maxWeakCount>10</maxWeakCount>
      <stageThreshold>-6.6638576984405518e-01</stageThreshold>
      <weakClassifiers>
        <_>
          <internalNodes>
            0 -1 85 -3.6783300340175629e-02</internalNodes>
          <leafValues>
            6.8311691284179688e-01 -1.5833333134651184e-01</leafValues></_>
        <_>
          <internalNodes>
            0 -1 83 -1.2530012987554073e-02</internalNodes>
          <leafValues>
            -7.3230755329132080e-01 2.8470441699028015e-01</leafValues></_>
        <_>
          <internalNodes>
            0 -1 128 -2.0347913959994912e-04</internalNodes>
          <leafValues>
            -6.1962753534317017e-01 2.5525829195976257e-01</leafValues></_>
        <_>
          <internalNodes>
            0 -1 0 -1.7249592929147184e-04</internalNodes>
          <leafValues>
            -5.9177237749099731e-01 2.7012914419174194e-01</leafValues></_>
        <_>
          <internalNodes>
            0 -1 147 6.3872806727886200e-02</internalNodes>
          <leafValues>
            -2.3668207228183746e-01 7.5024187564849854e-01</leafValues></_>
        <_>
          <internalNodes>
            0 -1 222 3.4055236028507352e-04</internalNodes>
          <leafValues>
            2.6504144072532654e-01 -7.0048147439956665e-01</leafValues></_>
        <_>
          <internalNodes>
            0 -1 181 -3.8564980030059814e-02</internalNodes>
          <leafValues>
            6.6979813575744629e-01 -2.9008638858795166e-01</leafValues></_>
        <_>
          <internalNodes>
            0 -1 67 1.7190712969750166e-04</internalNodes>
          <leafValues>
            3.5891515016555786e-01 -5.9071415662765503e-01</leafValues></_>
        <_>
          <internalNodes>
            0 -1 93 -4.1310049709863961e-04</internalNodes>
          <leafValues>
            -6.5505617856979370e-01 2.9659464955329895e-01</leafValues></_>
        <_>
          <internalNodes>
            0 -1 202 4.2077733087353408e-04</internalNodes>
          <leafValues>
            2.6035255193710327e-01 -6.3163310289382935e-01</leafValues></_></weakClassifiers></_>
    <!-- stage 14 -->
    <_>
      <maxWeakCount>13</maxWeakCount>
      <stageThreshold>-5.9362274408340454e-01</stageThreshold>
      <weakClassifiers>
        <_>
          <internalNodes>
            0 -1 194 2.9768145759589970e-04</internalNodes>
          <leafValues>
            5.0282484292984009e-01 -4.4680851697921753e-01</leafValues></_>
        <_>
          <internalNodes>
            0 -1 104 -9.8250508308410645e-03</internalNodes>
          <leafValues>
            4.2670553922653198e-01 -2.5636249780654907e-01</leafValues></_>
        <_>
          <internalNodes>
            0 -1 7 1.9919063895940781e-02</internalNodes>
          <leafValues>
            -1.9016249477863312e-01 6.1536943912506104e-01</leafValues></_>
        <_>
          <internalNodes>
            0 -1 76 -2.1071791648864746e-02</internalNodes>
          <leafValues>
            7.8556668758392334e-01 -2.2562393546104431e-01</leafValues></_>
        <_>
          <internalNodes>
            0 -1 183 -4.8659835010766983e-02</internalNodes>
          <leafValues>
            -7.6659178733825684e-01 2.1982313692569733e-01</leafValues></_>
        <_>
          <internalNodes>
            0 -1 189 -4.1198436520062387e-04</internalNodes>
          <leafValues>
            -6.4439702033996582e-01 1.8723474442958832e-01</leafValues></_>
        <_>
          <internalNodes>
            0 -1 200 1.8701821565628052e-02</internalNodes>
          <leafValues>
            -1.8002875149250031e-01 7.6675838232040405e-01</leafValues></_>
        <_>
          <internalNodes>
            0 -1 20 3.0857618898153305e-02</internalNodes>
          <leafValues>
            1.8287995457649231e-01 -7.7358061075210571e-01</leafValues></_>
        <_>
          <internalNodes>
            0 -1 215 2.2449476644396782e-02</internalNodes>
          <leafValues>
            -1.7428225278854370e-01 9.0416932106018066e-01</leafValues></_>
        <_>
          <internalNodes>
            0 -1 116 4.1407258249819279e-03</internalNodes>
          <leafValues>
            -1.9583241641521454e-01 5.3969883918762207e-01</leafValues></_>
        <_>
          <internalNodes>
            0 -1 80 -1.3146260753273964e-02</internalNodes>
          <leafValues>
            4.0816456079483032e-01 -2.9938337206840515e-01</leafValues></_>
        <_>
          <internalNodes>
            0 -1 22 5.9054519981145859e-02</internalNodes>
          <leafValues>
            -1.7332670092582703e-01 7.5604212284088135e-01</leafValues></_>
        <_>
          <internalNodes>
            0 -1 127 -1.2986446381546557e-04</internalNodes>
          <leafValues>
            -5.0055527687072754e-01 2.8200957179069519e-01</leafValues></_></weakClassifiers></_>
    <!-- stage 15 -->
    <_>
      <maxWeakCount>15</maxWeakCount>
      <stageThreshold>-6.8456715345382690e-01</stageThreshold>
      <weakClassifiers>
        <_>
          <internalNodes>
            0 -1 152 -1.9157312810420990e-02</internalNodes>
          <leafValues>
            -3.9240506291389465e-01 4.6886447072029114e-01</leafValues></_>
        <_>
          <internalNodes>
            0 -1 78 1.1835510842502117e-02</internalNodes>
          <leafValues>
            1.7126032710075378e-01 -7.2514688968658447e-01</leafValues></_>
        <_>
          <internalNodes>
            0 -1 108 -1.2892352417111397e-02</internalNodes>
          <leafValues>
            7.4550187587738037e-01 -1.5958400070667267e-01</leafValues></_>
        <_>
          <internalNodes>
            0 -1 56 -1.3680562551598996e-04</internalNodes>
          <leafValues>
            -4.4657900929450989e-01 2.4001936614513397e-01</leafValues></_>
        <_>
          <internalNodes>
            0 -1 151 2.2927508689463139e-04</internalNodes>
          <leafValues>
            1.4668296277523041e-01 -6.7314195632934570e-01</leafValues></_>
        <_>
          <internalNodes>
            0 -1 133 1.4657939784228802e-02</internalNodes>
          <leafValues>
            -1.9077029824256897e-01 6.8678492307662964e-01</leafValues></_>
        <_>
          <internalNodes>
            0 -1 196 2.2461209446191788e-02</internalNodes>
          <leafValues>
            -2.3037794232368469e-01 5.2406090497970581e-01</leafValues></_>
        <_>
          <internalNodes>
            0 -1 145 2.8602855745702982e-03</internalNodes>
          <leafValues>
            -3.9645069837570190e-01 2.7145436406135559e-01</leafValues></_>
        <_>
          <internalNodes>
            0 -1 137 -1.7648534849286079e-03</internalNodes>
          <leafValues>
            5.0529223680496216e-01 -2.5595885515213013e-01</leafValues></_>
        <_>
          <internalNodes>
            0 -1 37 -3.8910401053726673e-03</internalNodes>
          <leafValues>
            5.9551680088043213e-01 -1.8752110004425049e-01</leafValues></_>
        <_>
          <internalNodes>
            0 -1 119 1.8884641758631915e-04</internalNodes>
          <leafValues>
            2.3752920329570770e-01 -5.2227556705474854e-01</leafValues></_>
        <_>
          <internalNodes>
            0 -1 161 -1.7969783395528793e-02</internalNodes>
          <leafValues>
            4.7912386059761047e-01 -2.4239008128643036e-01</leafValues></_>
        <_>
          <internalNodes>
            0 -1 186 2.3123077116906643e-03</internalNodes>
          <leafValues>
            -2.4270081520080566e-01 5.3405320644378662e-01</leafValues></_>
        <_>
          <internalNodes>
            0 -1 126 -2.2834315313957632e-04</internalNodes>
          <leafValues>
            -6.1372452974319458e-01 2.0042943954467773e-01</leafValues></_>
        <_>
          <internalNodes>
            0 -1 18 -3.4757433459162712e-03</internalNodes>
          <leafValues>
            2.7700909972190857e-01 -4.3455600738525391e-01</leafValues></_></weakClassifiers></_>
    <!-- stage 16 -->
    <_>
      <maxWeakCount>14</maxWeakCount>
      <stageThreshold>-6.0151457786560059e-01</stageThreshold>
      <weakClassifiers>
        <_>
          <internalNodes>
            0 -1 91 -2.1645363420248032e-02</internalNodes>
          <leafValues>
            -9.3939393758773804e-01 4.3243244290351868e-01</leafValues></_>
        <_>
          <internalNodes>
            0 -1 159 8.3971945059602149e-06</internalNodes>
          <leafValues>
            -3.3078080415725708e-01 3.2786625623703003e-01</leafValues></_>
        <_>
          <internalNodes>
            0 -1 45 -1.8431551870889962e-04</internalNodes>
          <leafValues>
            -4.6777385473251343e-01 2.0980776846408844e-01</leafValues></_>
        <_>
          <internalNodes>
            0 -1 106 1.1186275631189346e-02</internalNodes>
          <leafValues>
            -1.2771204113960266e-01 7.7702909708023071e-01</leafValues></_>
        <_>
          <internalNodes>
            0 -1 180 -1.7393389134667814e-04</internalNodes>
          <leafValues>
            2.5025257468223572e-01 -3.9004099369049072e-01</leafValues></_>
        <_>
          <internalNodes>
            0 -1 138 2.1889200434088707e-03</internalNodes>
          <leafValues>
            -1.2436944246292114e-01 8.7955969572067261e-01</leafValues></_>
        <_>
          <internalNodes>
            0 -1 122 2.2252919734455645e-04</internalNodes>
          <leafValues>
            2.1459452807903290e-01 -5.0095677375793457e-01</leafValues></_>
        <_>
          <internalNodes>
            0 -1 64 -1.3583188410848379e-04</internalNodes>
          <leafValues>
            -4.3897339701652527e-01 2.4433690309524536e-01</leafValues></_>
        <_>
          <internalNodes>
            0 -1 197 -1.9796392007265240e-04</internalNodes>
          <leafValues>
            -5.3915441036224365e-01 1.8209397792816162e-01</leafValues></_>
        <_>
          <internalNodes>
            0 -1 70 -9.9783414043486118e-05</internalNodes>
          <leafValues>
            -4.4092804193496704e-01 2.2919158637523651e-01</leafValues></_>
        <_>
          <internalNodes>
            0 -1 53 -5.6691586971282959e-02</internalNodes>
          <leafValues>
            9.2800951004028320e-01 -1.3773277401924133e-01</leafValues></_>
        <_>
          <internalNodes>
            0 -1 41 3.9186924695968628e-03</internalNodes>
          <leafValues>
            -2.4270138144493103e-01 4.7461697459220886e-01</leafValues></_>
        <_>
          <internalNodes>
            0 -1 102 3.0828160233795643e-03</internalNodes>
          <leafValues>
            -1.8399797379970551e-01 6.0879904031753540e-01</leafValues></_>
        <_>
          <internalNodes>
            0 -1 178 1.5750303864479065e-02</internalNodes>
          <leafValues>
            1.4396202564239502e-01 -8.9187026023864746e-01</leafValues></_></weakClassifiers></_>
    <!-- stage 17 -->
    <_>
      <maxWeakCount>15</maxWeakCount>
      <stageThreshold>-7.3435062170028687e-01</stageThreshold>
      <weakClassifiers>
        <_>
          <internalNodes>
            0 -1 156 -1.2674506753683090e-02</internalNodes>
          <leafValues>
            -7.5609755516052246e-01 4.3835616111755371e-01</leafValues></_>
        <_>
          <internalNodes>
            0 -1 42 4.4369247916620225e-05</internalNodes>
          <leafValues>
            3.4830078482627869e-01 -3.2622617483139038e-01</leafValues></_>
        <_>
          <internalNodes>
            0 -1 134 -8.9358072727918625e-03</internalNodes>
          <leafValues>
            4.3815785646438599e-01 -2.9317587614059448e-01</leafValues></_>
        <_>
          <internalNodes>
            0 -1 146 -2.7899142354726791e-02</internalNodes>
          <leafValues>
            6.8988853693008423e-01 -1.8436136841773987e-01</leafValues></_>
        <_>
          <internalNodes>
            0 -1 209 3.4592871088534594e-03</internalNodes>
          <leafValues>
            -1.1473642289638519e-01 8.4395974874496460e-01</leafValues></_>
        <_>
          <internalNodes>
            0 -1 207 3.5429284907877445e-03</internalNodes>
          <leafValues>
            -1.7017549276351929e-01 5.3897678852081299e-01</leafValues></_>
        <_>
          <internalNodes>
            0 -1 68 4.3640425428748131e-03</internalNodes>
          <leafValues>
            -2.4245421588420868e-01 3.9645218849182129e-01</leafValues></_>
        <_>
          <internalNodes>
            0 -1 214 9.8798237740993500e-04</internalNodes>
          <leafValues>
            1.1881098151206970e-01 -8.8164407014846802e-01</leafValues></_>
        <_>
          <internalNodes>
            0 -1 33 1.5180937945842743e-02</internalNodes>
          <leafValues>
            -2.2264268994331360e-01 4.7703856229782104e-01</leafValues></_>
        <_>
          <internalNodes>
            0 -1 38 1.9358325516805053e-04</internalNodes>
          <leafValues>
            2.1736621856689453e-01 -5.5933094024658203e-01</leafValues></_>
        <_>
          <internalNodes>
            0 -1 6 1.5923797618597746e-03</internalNodes>
          <leafValues>
            -2.6512801647186279e-01 4.2036217451095581e-01</leafValues></_>
        <_>
          <internalNodes>
            0 -1 52 9.8724573035724461e-05</internalNodes>
          <leafValues>
            2.5288835167884827e-01 -4.6073538064956665e-01</leafValues></_>
        <_>
          <internalNodes>
            0 -1 155 1.6338939312845469e-03</internalNodes>
          <leafValues>
            -1.8558530509471893e-01 6.1740869283676147e-01</leafValues></_>
        <_>
          <internalNodes>
            0 -1 51 -1.1247373186051846e-03</internalNodes>
          <leafValues>
            4.2606654763221741e-01 -3.2271775603294373e-01</leafValues></_>
        <_>
          <internalNodes>
            0 -1 182 -2.5907769799232483e-02</internalNodes>
          <leafValues>
            8.4631890058517456e-01 -1.1346095800399780e-01</leafValues></_></weakClassifiers></_>
    <!-- stage 18 -->
    <_>
      <maxWeakCount>12</maxWeakCount>
      <stageThreshold>-8.5318821668624878e-01</stageThreshold>
      <weakClassifiers>
        <_>
          <internalNodes>
            0 -1 169 -6.7549664527177811e-03</internalNodes>
          <leafValues>
            -5.5932205915451050e-01 4.5583039522171021e-01</leafValues></_>
        <_>
          <internalNodes>
            0 -1 201 1.0634623467922211e-02</internalNodes>
          <leafValues>
            -1.0615652799606323e-01 7.2833943367004395e-01</leafValues></_>
        <_>
          <internalNodes>
            0 -1 2 2.2634701803326607e-02</internalNodes>
          <leafValues>
            -2.4498984217643738e-01 4.5481842756271362e-01</leafValues></_>
        <_>
          <internalNodes>
            0 -1 110 -3.4104147925972939e-04</internalNodes>
          <leafValues>
            -5.8759969472885132e-01 1.6818186640739441e-01</leafValues></_>
        <_>
          <internalNodes>
            0 -1 73 -8.7989197345450521e-04</internalNodes>
          <leafValues>
            2.4099254608154297e-01 -4.7766658663749695e-01</leafValues></_>
        <_>
          <internalNodes>
            0 -1 193 -2.3474473506212234e-02</internalNodes>
          <leafValues>
            6.6605639457702637e-01 -2.3061907291412354e-01</leafValues></_>
        <_>
          <internalNodes>
            0 -1 34 -9.7652217373251915e-03</internalNodes>
          <leafValues>
            4.2637312412261963e-01 -2.3327289521694183e-01</leafValues></_>
        <_>
          <internalNodes>
            0 -1 17 2.6894910261034966e-03</internalNodes>
          <leafValues>
            -3.3654424548149109e-01 4.0757927298545837e-01</leafValues></_>
        <_>
          <internalNodes>
            0 -1 44 1.9006397633347660e-04</internalNodes>
          <leafValues>
            2.7330759167671204e-01 -4.7001641988754272e-01</leafValues></_>
        <_>
          <internalNodes>
            0 -1 115 2.0847525447607040e-03</internalNodes>
          <leafValues>
            -2.3718622326850891e-01 4.8168960213661194e-01</leafValues></_>
        <_>
          <internalNodes>
            0 -1 107 -6.9550187618006021e-05</internalNodes>
          <leafValues>
            -4.7629970312118530e-01 2.5766623020172119e-01</leafValues></_>
        <_>
          <internalNodes>
            0 -1 35 2.0615503191947937e-02</internalNodes>
          <leafValues>
            -1.5189649164676666e-01 8.1168675422668457e-01</leafValues></_></weakClassifiers></_>
    <!-- stage 19 -->
    <_>
      <maxWeakCount>15</maxWeakCount>
      <stageThreshold>-8.2207781076431274e-01</stageThreshold>
      <weakClassifiers>
        <_>
          <internalNodes>
            0 -1 132 5.1363529637455940e-03</internalNodes>
          <leafValues>
            4.5104894042015076e-01 -6.2264150381088257e-01</leafValues></_>
        <_>
          <internalNodes>
            0 -1 29 -6.1008343473076820e-03</internalNodes>
          <leafValues>
            8.3083802461624146e-01 -5.5344182997941971e-02</leafValues></_>
        <_>
          <internalNodes>
            0 -1 48 1.2196662137284875e-03</internalNodes>
          <leafValues>
            -2.3427601158618927e-01 4.9414554238319397e-01</leafValues></_>
        <_>
          <internalNodes>
            0 -1 98 -3.1589962542057037e-02</internalNodes>
          <leafValues>
            2.8068622946739197e-01 -3.5145556926727295e-01</leafValues></_>
        <_>
          <internalNodes>
            0 -1 219 6.9311140105128288e-03</internalNodes>
          <leafValues>
            -1.4782573282718658e-01 8.6078488826751709e-01</leafValues></_>
        <_>
          <internalNodes>
            0 -1 60 -7.0251198485493660e-03</internalNodes>
          <leafValues>
            -3.6620712280273438e-01 3.3002838492393494e-01</leafValues></_>
        <_>
          <internalNodes>
            0 -1 187 1.4998344704508781e-02</internalNodes>
          <leafValues>
            -2.2593535482883453e-01 4.9764445424079895e-01</leafValues></_>
        <_>
          <internalNodes>
            0 -1 19 -2.0786829292774200e-02</internalNodes>
          <leafValues>
            -9.2464405298233032e-01 1.3996091485023499e-01</leafValues></_>
        <_>
          <internalNodes>
            0 -1 112 -4.8097101971507072e-03</internalNodes>
          <leafValues>
            4.6170526742935181e-01 -2.3712955415248871e-01</leafValues></_>
        <_>
          <internalNodes>
            0 -1 15 -7.3852861532941461e-04</internalNodes>
          <leafValues>
            -6.5522199869155884e-01 1.8299949169158936e-01</leafValues></_>
        <_>
          <internalNodes>
            0 -1 81 1.0908795520663261e-03</internalNodes>
          <leafValues>
            -2.0841240882873535e-01 5.6202149391174316e-01</leafValues></_>
        <_>
          <internalNodes>
            0 -1 40 -5.9754368849098682e-03</internalNodes>
          <leafValues>
            -5.3933000564575195e-01 2.1757958829402924e-01</leafValues></_>
        <_>
          <internalNodes>
            0 -1 173 4.4280542060732841e-03</internalNodes>
          <leafValues>
            -1.5820834040641785e-01 7.0073580741882324e-01</leafValues></_>
        <_>
          <internalNodes>
            0 -1 185 1.7223657778231427e-05</internalNodes>
          <leafValues>
            -2.7920812368392944e-01 4.0194922685623169e-01</leafValues></_>
        <_>
          <internalNodes>
            0 -1 105 -3.4408201463520527e-04</internalNodes>
          <leafValues>
            4.2854112386703491e-01 -2.4849918484687805e-01</leafValues></_></weakClassifiers></_></stages>
  <features>
    <_>
      <rects>
        <_>
          0 0 2 1 -1.</_>
        <_>
          1 0 1 1 2.</_></rects>
      <tilted>0</tilted></_>
    <_>
      <rects>
        <_>
          0 0 17 10 -1.</_>
        <_>
          0 5 17 5 2.</_></rects>
      <tilted>0</tilted></_>
    <_>
      <rects>
        <_>
          0 0 22 6 -1.</_>
        <_>
          0 3 22 3 2.</_></rects>
      <tilted>0</tilted></_>
    <_>
      <rects>
        <_>
          0 0 22 28 -1.</_>
        <_>
          0 14 22 14 2.</_></rects>
      <tilted>0</tilted></_>
    <_>
      <rects>
        <_>
          0 7 4 18 -1.</_>
        <_>
          0 7 2 9 2.</_>
        <_>
          2 16 2 9 2.</_></rects>
      <tilted>0</tilted></_>
    <_>
      <rects>
        <_>
          0 7 18 17 -1.</_>
        <_>
          9 7 9 17 2.</_></rects>
      <tilted>0</tilted></_>
    <_>
      <rects>
        <_>
          0 9 8 1 -1.</_>
        <_>
          4 9 4 1 2.</_></rects>
      <tilted>0</tilted></_>
    <_>
      <rects>
        <_>
          0 9 12 4 -1.</_>
        <_>
          4 9 4 4 3.</_></rects>
      <tilted>0</tilted></_>
    <_>
      <rects>
        <_>
          0 10 4 19 -1.</_>
        <_>
          2 10 2 19 2.</_></rects>
      <tilted>0</tilted></_>
    <_>
      <rects>
        <_>
          0 11 2 18 -1.</_>
        <_>
          1 11 1 18 2.</_></rects>
      <tilted>0</tilted></_>
    <_>
      <rects>
        <_>
          0 11 12 12 -1.</_>
        <_>
          6 11 6 12 2.</_></rects>
      <tilted>0</tilted></_>
    <_>
      <rects>
        <_>
          0 12 6 9 -1.</_>
        <_>
          2 12 2 9 3.</_></rects>
      <tilted>0</tilted></_>
    <_>
      <rects>
        <_>
          0 13 2 2 -1.</_>
        <_>
          0 13 1 1 2.</_>
        <_>
          1 14 1 1 2.</_></rects>
      <tilted>0</tilted></_>
    <_>
      <rects>
        <_>
          0 13 4 6 -1.</_>
        <_>
          2 13 2 6 2.</_></rects>
      <tilted>0</tilted></_>
    <_>
      <rects>
        <_>
          0 13 9 13 -1.</_>
        <_>
          3 13 3 13 3.</_></rects>
      <tilted>0</tilted></_>
    <_>
      <rects>
        <_>
          0 14 2 2 -1.</_>
        <_>
          1 14 1 2 2.</_></rects>
      <tilted>0</tilted></_>
    <_>
      <rects>
        <_>
          0 15 3 5 -1.</_>
        <_>
          1 15 1 5 3.</_></rects>
      <tilted>0</tilted></_>
    <_>
      <rects>
        <_>
          0 15 9 1 -1.</_>
        <_>
          3 15 3 1 3.</_></rects>
      <tilted>0</tilted></_>
    <_>
      <rects>
        <_>
          0 15 8 12 -1.</_>
        <_>
          0 19 8 4 3.</_></rects>
      <tilted>0</tilted></_>
    <_>
      <rects>
        <_>
          0 16 4 9 -1.</_>
        <_>
          0 19 4 3 3.</_></rects>
      <tilted>0</tilted></_>
    <_>
      <rects>
        <_>
          0 16 22 9 -1.</_>
        <_>
          0 19 22 3 3.</_></rects>
      <tilted>0</tilted></_>
    <_>
      <rects>
        <_>
          0 19 6 1 -1.</_>
        <_>
          2 19 2 1 3.</_></rects>
      <tilted>0</tilted></_>
    <_>
      <rects>
        <_>
          0 19 21 11 -1.</_>
        <_>
          7 19 7 11 3.</_></rects>
      <tilted>0</tilted></_>
    <_>
      <rects>
        <_>
          0 24 21 12 -1.</_>
        <_>
          7 24 7 12 3.</_></rects>
      <tilted>0</tilted></_>
    <_>
      <rects>
        <_>
          0 24 11 12 -1.</_>
        <_>
          0 30 11 6 2.</_></rects>
      <tilted>0</tilted></_>
    <_>
      <rects>
        <_>
          1 0 3 23 -1.</_>
        <_>
          2 0 1 23 3.</_></rects>
      <tilted>0</tilted></_>
    <_>
      <rects>
        <_>
          1 0 21 12 -1.</_>
        <_>
          8 0 7 12 3.</_></rects>
      <tilted>0</tilted></_>
    <_>
      <rects>
        <_>
          1 0 21 30 -1.</_>
        <_>
          1 10 21 10 3.</_></rects>
      <tilted>0</tilted></_>
    <_>
      <rects>
        <_>
          1 10 1 3 -1.</_>
        <_>
          1 11 1 1 3.</_></rects>
      <tilted>0</tilted></_>
    <_>
      <rects>
        <_>
          1 12 2 10 -1.</_>
        <_>
          1 12 1 5 2.</_>
        <_>
          2 17 1 5 2.</_></rects>
      <tilted>0</tilted></_>
    <_>
      <rects>
        <_>
          1 13 8 5 -1.</_>
        <_>
          5 13 4 5 2.</_></rects>
      <tilted>0</tilted></_>
    <_>
      <rects>
        <_>
          1 16 2 16 -1.</_>
        <_>
          1 16 1 8 2.</_>
        <_>
          2 24 1 8 2.</_></rects>
      <tilted>0</tilted></_>
    <_>
      <rects>
        <_>
          1 18 6 3 -1.</_>
        <_>
          4 18 3 3 2.</_></rects>
      <tilted>0</tilted></_>
    <_>
      <rects>
        <_>
          1 19 6 7 -1.</_>
        <_>
          3 19 2 7 3.</_></rects>
      <tilted>0</tilted></_>
    <_>
      <rects>
        <_>
          1 26 8 10 -1.</_>
        <_>
          1 31 8 5 2.</_></rects>
      <tilted>0</tilted></_>
    <_>
      <rects>
        <_>
          2 0 4 32 -1.</_>
        <_>
          2 0 2 16 2.</_>
        <_>
          4 16 2 16 2.</_></rects>
      <tilted>0</tilted></_>
    <_>
      <rects>
        <_>
          2 1 10 24 -1.</_>
        <_>
          2 1 5 12 2.</_>
        <_>
          7 13 5 12 2.</_></rects>
      <tilted>0</tilted></_>
    <_>
      <rects>
        <_>
          2 2 10 6 -1.</_>
        <_>
          2 2 5 3 2.</_>
        <_>
          7 5 5 3 2.</_></rects>
      <tilted>0</tilted></_>
    <_>
      <rects>
        <_>
          2 4 1 2 -1.</_>
        <_>
          2 5 1 1 2.</_></rects>
      <tilted>0</tilted></_>
    <_>
      <rects>
        <_>
          2 5 1 3 -1.</_>
        <_>
          2 6 1 1 3.</_></rects>
      <tilted>0</tilted></_>
    <_>
      <rects>
        <_>
          2 8 11 6 -1.</_>
        <_>
          2 10 11 2 3.</_></rects>
      <tilted>0</tilted></_>
    <_>
      <rects>
        <_>
          2 11 10 8 -1.</_>
        <_>
          2 11 5 4 2.</_>
        <_>
          7 15 5 4 2.</_></rects>
      <tilted>0</tilted></_>
    <_>
      <rects>
        <_>
          2 13 2 1 -1.</_>
        <_>
          3 13 1 1 2.</_></rects>
      <tilted>0</tilted></_>
    <_>
      <rects>
        <_>
          2 13 1 2 -1.</_>
        <_>
          2 14 1 1 2.</_></rects>
      <tilted>0</tilted></_>
    <_>
      <rects>
        <_>
          2 14 2 1 -1.</_>
        <_>
          3 14 1 1 2.</_></rects>
      <tilted>0</tilted></_>
    <_>
      <rects>
        <_>
          2 14 2 2 -1.</_>
        <_>
          2 15 2 1 2.</_></rects>
      <tilted>0</tilted></_>
    <_>
      <rects>
        <_>
          2 16 3 6 -1.</_>
        <_>
          3 16 1 6 3.</_></rects>
      <tilted>0</tilted></_>
    <_>
      <rects>
        <_>
          2 16 3 7 -1.</_>
        <_>
          3 16 1 7 3.</_></rects>
      <tilted>0</tilted></_>
    <_>
      <rects>
        <_>
          2 21 3 1 -1.</_>
        <_>
          3 21 1 1 3.</_></rects>
      <tilted>0</tilted></_>
    <_>
      <rects>
        <_>
          2 22 17 6 -1.</_>
        <_>
          2 24 17 2 3.</_></rects>
      <tilted>0</tilted></_>
    <_>
      <rects>
        <_>
          3 0 3 36 -1.</_>
        <_>
          3 12 3 12 3.</_></rects>
      <tilted>0</tilted></_>
    <_>
      <rects>
        <_>
          3 5 12 6 -1.</_>
        <_>
          3 5 6 3 2.</_>
        <_>
          9 8 6 3 2.</_></rects>
      <tilted>0</tilted></_>
    <_>
      <rects>
        <_>
          3 6 2 1 -1.</_>
        <_>
          4 6 1 1 2.</_></rects>
      <tilted>0</tilted></_>
    <_>
      <rects>
        <_>
          3 6 8 16 -1.</_>
        <_>
          3 6 4 8 2.</_>
        <_>
          7 14 4 8 2.</_></rects>
      <tilted>0</tilted></_>
    <_>
      <rects>
        <_>
          3 6 10 9 -1.</_>
        <_>
          3 9 10 3 3.</_></rects>
      <tilted>0</tilted></_>
    <_>
      <rects>
        <_>
          3 12 2 1 -1.</_>
        <_>
          4 12 1 1 2.</_></rects>
      <tilted>0</tilted></_>
    <_>
      <rects>
        <_>
          3 12 2 2 -1.</_>
        <_>
          3 13 2 1 2.</_></rects>
      <tilted>0</tilted></_>
    <_>
      <rects>
        <_>
          3 13 12 12 -1.</_>
        <_>
          7 13 4 12 3.</_></rects>
      <tilted>0</tilted></_>
    <_>
      <rects>
        <_>
          3 14 5 8 -1.</_>
        <_>
          3 18 5 4 2.</_></rects>
      <tilted>0</tilted></_>
    <_>
      <rects>
        <_>
          3 16 18 5 -1.</_>
        <_>
          9 16 6 5 3.</_></rects>
      <tilted>0</tilted></_>
    <_>
      <rects>
        <_>
          3 16 16 6 -1.</_>
        <_>
          11 16 8 6 2.</_></rects>
      <tilted>0</tilted></_>
    <_>
      <rects>
        <_>
          3 19 2 6 -1.</_>
        <_>
          3 19 1 3 2.</_>
        <_>
          4 22 1 3 2.</_></rects>
      <tilted>0</tilted></_>
    <_>
      <rects>
        <_>
          3 21 3 1 -1.</_>
        <_>
          4 21 1 1 3.</_></rects>
      <tilted>0</tilted></_>
    <_>
      <rects>
        <_>
          3 24 18 10 -1.</_>
        <_>
          3 29 18 5 2.</_></rects>
      <tilted>0</tilted></_>
    <_>
      <rects>
        <_>
          4 1 1 4 -1.</_>
        <_>
          4 3 1 2 2.</_></rects>
      <tilted>0</tilted></_>
    <_>
      <rects>
        <_>
          4 8 12 10 -1.</_>
        <_>
          10 8 6 10 2.</_></rects>
      <tilted>0</tilted></_>
    <_>
      <rects>
        <_>
          4 11 16 7 -1.</_>
        <_>
          12 11 8 7 2.</_></rects>
      <tilted>0</tilted></_>
    <_>
      <rects>
        <_>
          4 12 2 1 -1.</_>
        <_>
          5 12 1 1 2.</_></rects>
      <tilted>0</tilted></_>
    <_>
      <rects>
        <_>
          4 13 8 6 -1.</_>
        <_>
          4 13 4 3 2.</_>
        <_>
          8 16 4 3 2.</_></rects>
      <tilted>0</tilted></_>
    <_>
      <rects>
        <_>
          4 14 12 9 -1.</_>
        <_>
          8 14 4 9 3.</_></rects>
      <tilted>0</tilted></_>
    <_>
      <rects>
        <_>
          4 15 2 1 -1.</_>
        <_>
          5 15 1 1 2.</_></rects>
      <tilted>0</tilted></_>
    <_>
      <rects>
        <_>
          4 15 6 10 -1.</_>
        <_>
          7 15 3 10 2.</_></rects>
      <tilted>0</tilted></_>
    <_>
      <rects>
        <_>
          4 18 2 2 -1.</_>
        <_>
          4 18 1 1 2.</_>
        <_>
          5 19 1 1 2.</_></rects>
      <tilted>0</tilted></_>
    <_>
      <rects>
        <_>
          4 18 6 7 -1.</_>
        <_>
          7 18 3 7 2.</_></rects>
      <tilted>0</tilted></_>
    <_>
      <rects>
        <_>
          5 1 9 9 -1.</_>
        <_>
          8 1 3 9 3.</_></rects>
      <tilted>0</tilted></_>
    <_>
      <rects>
        <_>
          5 1 9 16 -1.</_>
        <_>
          8 1 3 16 3.</_></rects>
      <tilted>0</tilted></_>
    <_>
      <rects>
        <_>
          5 8 6 10 -1.</_>
        <_>
          5 8 3 5 2.</_>
        <_>
          8 13 3 5 2.</_></rects>
      <tilted>0</tilted></_>
    <_>
      <rects>
        <_>
          5 8 14 14 -1.</_>
        <_>
          12 8 7 14 2.</_></rects>
      <tilted>0</tilted></_>
    <_>
      <rects>
        <_>
          5 11 14 4 -1.</_>
        <_>
          12 11 7 4 2.</_></rects>
      <tilted>0</tilted></_>
    <_>
      <rects>
        <_>
          5 11 10 18 -1.</_>
        <_>
          5 17 10 6 3.</_></rects>
      <tilted>0</tilted></_>
    <_>
      <rects>
        <_>
          5 16 12 11 -1.</_>
        <_>
          9 16 4 11 3.</_></rects>
      <tilted>0</tilted></_>
    <_>
      <rects>
        <_>
          5 22 2 4 -1.</_>
        <_>
          5 22 1 2 2.</_>
        <_>
          6 24 1 2 2.</_></rects>
      <tilted>0</tilted></_>
    <_>
      <rects>
        <_>
          6 3 1 2 -1.</_>
        <_>
          6 4 1 1 2.</_></rects>
      <tilted>0</tilted></_>
    <_>
      <rects>
        <_>
          6 5 12 6 -1.</_>
        <_>
          6 7 12 2 3.</_></rects>
      <tilted>0</tilted></_>
    <_>
      <rects>
        <_>
          6 10 12 9 -1.</_>
        <_>
          12 10 6 9 2.</_></rects>
      <tilted>0</tilted></_>
    <_>
      <rects>
        <_>
          6 11 8 14 -1.</_>
        <_>
          6 18 8 7 2.</_></rects>
      <tilted>0</tilted></_>
    <_>
      <rects>
        <_>
          6 11 9 16 -1.</_>
        <_>
          6 19 9 8 2.</_></rects>
      <tilted>0</tilted></_>
    <_>
      <rects>
        <_>
          6 11 9 18 -1.</_>
        <_>
          6 20 9 9 2.</_></rects>
      <tilted>0</tilted></_>
    <_>
      <rects>
        <_>
          6 12 9 12 -1.</_>
        <_>
          6 18 9 6 2.</_></rects>
      <tilted>0</tilted></_>
    <_>
      <rects>
        <_>
          6 15 6 2 -1.</_>
        <_>
          6 15 3 1 2.</_>
        <_>
          9 16 3 1 2.</_></rects>
      <tilted>0</tilted></_>
    <_>
      <rects>
        <_>
          6 16 2 2 -1.</_>
        <_>
          6 16 1 1 2.</_>
        <_>
          7 17 1 1 2.</_></rects>
      <tilted>0</tilted></_>
    <_>
      <rects>
        <_>
          6 18 9 4 -1.</_>
        <_>
          9 18 3 4 3.</_></rects>
      <tilted>0</tilted></_>
    <_>
      <rects>
        <_>
          6 18 12 8 -1.</_>
        <_>
          10 18 4 8 3.</_></rects>
      <tilted>0</tilted></_>
    <_>
      <rects>
        <_>
          7 4 2 2 -1.</_>
        <_>
          8 4 1 2 2.</_></rects>
      <tilted>0</tilted></_>
    <_>
      <rects>
        <_>
          7 5 10 9 -1.</_>
        <_>
          7 8 10 3 3.</_></rects>
      <tilted>0</tilted></_>
    <_>
      <rects>
        <_>
          7 7 7 24 -1.</_>
        <_>
          7 19 7 12 2.</_></rects>
      <tilted>0</tilted></_>
    <_>
      <rects>
        <_>
          7 9 6 6 -1.</_>
        <_>
          9 9 2 6 3.</_></rects>
      <tilted>0</tilted></_>
    <_>
      <rects>
        <_>
          7 11 5 16 -1.</_>
        <_>
          7 19 5 8 2.</_></rects>
      <tilted>0</tilted></_>
    <_>
      <rects>
        <_>
          7 11 8 16 -1.</_>
        <_>
          7 19 8 8 2.</_></rects>
      <tilted>0</tilted></_>
    <_>
      <rects>
        <_>
          7 14 8 4 -1.</_>
        <_>
          7 14 4 2 2.</_>
        <_>
          11 16 4 2 2.</_></rects>
      <tilted>0</tilted></_>
    <_>
      <rects>
        <_>
          7 14 8 6 -1.</_>
        <_>
          11 14 4 6 2.</_></rects>
      <tilted>0</tilted></_>
    <_>
      <rects>
        <_>
          7 15 4 3 -1.</_>
        <_>
          9 15 2 3 2.</_></rects>
      <tilted>0</tilted></_>
    <_>
      <rects>
        <_>
          7 16 4 4 -1.</_>
        <_>
          7 16 2 2 2.</_>
        <_>
          9 18 2 2 2.</_></rects>
      <tilted>0</tilted></_>
    <_>
      <rects>
        <_>
          7 20 5 15 -1.</_>
        <_>
          7 25 5 5 3.</_></rects>
      <tilted>0</tilted></_>
    <_>
      <rects>
        <_>
          7 20 14 10 -1.</_>
        <_>
          7 20 7 5 2.</_>
        <_>
          14 25 7 5 2.</_></rects>
      <tilted>0</tilted></_>
    <_>
      <rects>
        <_>
          7 21 4 2 -1.</_>
        <_>
          7 21 2 1 2.</_>
        <_>
          9 22 2 1 2.</_></rects>
      <tilted>0</tilted></_>
    <_>
      <rects>
        <_>
          8 2 4 12 -1.</_>
        <_>
          8 2 2 6 2.</_>
        <_>
          10 8 2 6 2.</_></rects>
      <tilted>0</tilted></_>
    <_>
      <rects>
        <_>
          8 6 1 3 -1.</_>
        <_>
          8 7 1 1 3.</_></rects>
      <tilted>0</tilted></_>
    <_>
      <rects>
        <_>
          8 6 6 6 -1.</_>
        <_>
          10 6 2 6 3.</_></rects>
      <tilted>0</tilted></_>
    <_>
      <rects>
        <_>
          8 10 5 14 -1.</_>
        <_>
          8 17 5 7 2.</_></rects>
      <tilted>0</tilted></_>
    <_>
      <rects>
        <_>
          8 11 1 2 -1.</_>
        <_>
          8 12 1 1 2.</_></rects>
      <tilted>0</tilted></_>
    <_>
      <rects>
        <_>
          8 11 3 2 -1.</_>
        <_>
          9 11 1 2 3.</_></rects>
      <tilted>0</tilted></_>
    <_>
      <rects>
        <_>
          8 11 4 8 -1.</_>
        <_>
          8 11 2 4 2.</_>
        <_>
          10 15 2 4 2.</_></rects>
      <tilted>0</tilted></_>
    <_>
      <rects>
        <_>
          8 11 12 20 -1.</_>
        <_>
          8 21 12 10 2.</_></rects>
      <tilted>0</tilted></_>
    <_>
      <rects>
        <_>
          8 13 4 4 -1.</_>
        <_>
          8 13 2 2 2.</_>
        <_>
          10 15 2 2 2.</_></rects>
      <tilted>0</tilted></_>
    <_>
      <rects>
        <_>
          8 14 4 4 -1.</_>
        <_>
          8 14 2 2 2.</_>
        <_>
          10 16 2 2 2.</_></rects>
      <tilted>0</tilted></_>
    <_>
      <rects>
        <_>
          8 14 4 6 -1.</_>
        <_>
          8 14 2 3 2.</_>
        <_>
          10 17 2 3 2.</_></rects>
      <tilted>0</tilted></_>
    <_>
      <rects>
        <_>
          8 16 6 6 -1.</_>
        <_>
          8 16 3 3 2.</_>
        <_>
          11 19 3 3 2.</_></rects>
      <tilted>0</tilted></_>
    <_>
      <rects>
        <_>
          8 17 4 2 -1.</_>
        <_>
          10 17 2 2 2.</_></rects>
      <tilted>0</tilted></_>
    <_>
      <rects>
        <_>
          9 0 1 2 -1.</_>
        <_>
          9 1 1 1 2.</_></rects>
      <tilted>0</tilted></_>
    <_>
      <rects>
        <_>
          9 1 2 1 -1.</_>
        <_>
          10 1 1 1 2.</_></rects>
      <tilted>0</tilted></_>
    <_>
      <rects>
        <_>
          9 1 9 13 -1.</_>
        <_>
          12 1 3 13 3.</_></rects>
      <tilted>0</tilted></_>
    <_>
      <rects>
        <_>
          9 2 1 2 -1.</_>
        <_>
          9 3 1 1 2.</_></rects>
      <tilted>0</tilted></_>
    <_>
      <rects>
        <_>
          9 5 4 14 -1.</_>
        <_>
          11 5 2 14 2.</_></rects>
      <tilted>0</tilted></_>
    <_>
      <rects>
        <_>
          9 6 1 2 -1.</_>
        <_>
          9 7 1 1 2.</_></rects>
      <tilted>0</tilted></_>
    <_>
      <rects>
        <_>
          9 6 9 9 -1.</_>
        <_>
          12 6 3 9 3.</_></rects>
      <tilted>0</tilted></_>
    <_>
      <rects>
        <_>
          9 7 1 2 -1.</_>
        <_>
          9 8 1 1 2.</_></rects>
      <tilted>0</tilted></_>
    <_>
      <rects>
        <_>
          9 7 1 3 -1.</_>
        <_>
          9 8 1 1 3.</_></rects>
      <tilted>0</tilted></_>
    <_>
      <rects>
        <_>
          9 8 1 2 -1.</_>
        <_>
          9 9 1 1 2.</_></rects>
      <tilted>0</tilted></_>
    <_>
      <rects>
        <_>
          9 9 6 7 -1.</_>
        <_>
          11 9 2 7 3.</_></rects>
      <tilted>0</tilted></_>
    <_>
      <rects>
        <_>
          9 11 2 6 -1.</_>
        <_>
          9 11 1 3 2.</_>
        <_>
          10 14 1 3 2.</_></rects>
      <tilted>0</tilted></_>
    <_>
      <rects>
        <_>
          9 12 3 6 -1.</_>
        <_>
          9 14 3 2 3.</_></rects>
      <tilted>0</tilted></_>
    <_>
      <rects>
        <_>
          9 12 7 3 -1.</_>
        <_>
          9 13 7 1 3.</_></rects>
      <tilted>0</tilted></_>
    <_>
      <rects>
        <_>
          9 12 7 8 -1.</_>
        <_>
          9 16 7 4 2.</_></rects>
      <tilted>0</tilted></_>
    <_>
      <rects>
        <_>
          9 12 8 6 -1.</_>
        <_>
          9 15 8 3 2.</_></rects>
      <tilted>0</tilted></_>
    <_>
      <rects>
        <_>
          9 13 3 1 -1.</_>
        <_>
          10 13 1 1 3.</_></rects>
      <tilted>0</tilted></_>
    <_>
      <rects>
        <_>
          9 14 2 8 -1.</_>
        <_>
          9 14 1 4 2.</_>
        <_>
          10 18 1 4 2.</_></rects>
      <tilted>0</tilted></_>
    <_>
      <rects>
        <_>
          9 14 4 4 -1.</_>
        <_>
          9 14 2 2 2.</_>
        <_>
          11 16 2 2 2.</_></rects>
      <tilted>0</tilted></_>
    <_>
      <rects>
        <_>
          9 15 4 2 -1.</_>
        <_>
          9 15 2 1 2.</_>
        <_>
          11 16 2 1 2.</_></rects>
      <tilted>0</tilted></_>
    <_>
      <rects>
        <_>
          9 16 2 6 -1.</_>
        <_>
          9 16 1 3 2.</_>
        <_>
          10 19 1 3 2.</_></rects>
      <tilted>0</tilted></_>
    <_>
      <rects>
        <_>
          9 16 3 3 -1.</_>
        <_>
          9 17 3 1 3.</_></rects>
      <tilted>0</tilted></_>
    <_>
      <rects>
        <_>
          9 16 6 6 -1.</_>
        <_>
          12 16 3 6 2.</_></rects>
      <tilted>0</tilted></_>
    <_>
      <rects>
        <_>
          9 17 1 3 -1.</_>
        <_>
          9 18 1 1 3.</_></rects>
      <tilted>0</tilted></_>
    <_>
      <rects>
        <_>
          9 20 2 16 -1.</_>
        <_>
          9 20 1 8 2.</_>
        <_>
          10 28 1 8 2.</_></rects>
      <tilted>0</tilted></_>
    <_>
      <rects>
        <_>
          9 28 2 2 -1.</_>
        <_>
          9 29 2 1 2.</_></rects>
      <tilted>0</tilted></_>
    <_>
      <rects>
        <_>
          10 3 4 20 -1.</_>
        <_>
          10 3 2 10 2.</_>
        <_>
          12 13 2 10 2.</_></rects>
      <tilted>0</tilted></_>
    <_>
      <rects>
        <_>
          10 3 12 16 -1.</_>
        <_>
          10 3 6 8 2.</_>
        <_>
          16 11 6 8 2.</_></rects>
      <tilted>0</tilted></_>
    <_>
      <rects>
        <_>
          10 3 12 24 -1.</_>
        <_>
          10 3 6 12 2.</_>
        <_>
          16 15 6 12 2.</_></rects>
      <tilted>0</tilted></_>
    <_>
      <rects>
        <_>
          10 4 1 2 -1.</_>
        <_>
          10 5 1 1 2.</_></rects>
      <tilted>0</tilted></_>
    <_>
      <rects>
        <_>
          10 4 1 3 -1.</_>
        <_>
          10 5 1 1 3.</_></rects>
      <tilted>0</tilted></_>
    <_>
      <rects>
        <_>
          10 6 1 3 -1.</_>
        <_>
          10 7 1 1 3.</_></rects>
      <tilted>0</tilted></_>
    <_>
      <rects>
        <_>
          10 7 1 2 -1.</_>
        <_>
          10 8 1 1 2.</_></rects>
      <tilted>0</tilted></_>
    <_>
      <rects>
        <_>
          10 11 1 22 -1.</_>
        <_>
          10 22 1 11 2.</_></rects>
      <tilted>0</tilted></_>
    <_>
      <rects>
        <_>
          10 11 3 12 -1.</_>
        <_>
          11 11 1 12 3.</_></rects>
      <tilted>0</tilted></_>
    <_>
      <rects>
        <_>
          10 13 3 3 -1.</_>
        <_>
          11 13 1 3 3.</_></rects>
      <tilted>0</tilted></_>
    <_>
      <rects>
        <_>
          10 14 3 2 -1.</_>
        <_>
          11 14 1 2 3.</_></rects>
      <tilted>0</tilted></_>
    <_>
      <rects>
        <_>
          10 15 6 8 -1.</_>
        <_>
          12 15 2 8 3.</_></rects>
      <tilted>0</tilted></_>
    <_>
      <rects>
        <_>
          10 15 5 3 -1.</_>
        <_>
          10 16 5 1 3.</_></rects>
      <tilted>0</tilted></_>
    <_>
      <rects>
        <_>
          10 16 2 4 -1.</_>
        <_>
          10 18 2 2 2.</_></rects>
      <tilted>0</tilted></_>
    <_>
      <rects>
        <_>
          10 17 2 2 -1.</_>
        <_>
          11 17 1 2 2.</_></rects>
      <tilted>0</tilted></_>
    <_>
      <rects>
        <_>
          10 18 1 3 -1.</_>
        <_>
          10 19 1 1 3.</_></rects>
      <tilted>0</tilted></_>
    <_>
      <rects>
        <_>
          10 22 10 14 -1.</_>
        <_>
          10 22 5 7 2.</_>
        <_>
          15 29 5 7 2.</_></rects>
      <tilted>0</tilted></_>
    <_>
      <rects>
        <_>
          11 4 3 13 -1.</_>
        <_>
          12 4 1 13 3.</_></rects>
      <tilted>0</tilted></_>
    <_>
      <rects>
        <_>
          11 8 3 9 -1.</_>
        <_>
          12 8 1 9 3.</_></rects>
      <tilted>0</tilted></_>
    <_>
      <rects>
        <_>
          11 9 3 7 -1.</_>
        <_>
          12 9 1 7 3.</_></rects>
      <tilted>0</tilted></_>
    <_>
      <rects>
        <_>
          11 11 3 8 -1.</_>
        <_>
          12 11 1 8 3.</_></rects>
      <tilted>0</tilted></_>
    <_>
      <rects>
        <_>
          11 12 3 4 -1.</_>
        <_>
          12 12 1 4 3.</_></rects>
      <tilted>0</tilted></_>
    <_>
      <rects>
        <_>
          11 13 3 4 -1.</_>
        <_>
          12 13 1 4 3.</_></rects>
      <tilted>0</tilted></_>
    <_>
      <rects>
        <_>
          11 13 6 4 -1.</_>
        <_>
          13 13 2 4 3.</_></rects>
      <tilted>0</tilted></_>
    <_>
      <rects>
        <_>
          11 18 6 2 -1.</_>
        <_>
          14 18 3 2 2.</_></rects>
      <tilted>0</tilted></_>
    <_>
      <rects>
        <_>
          11 27 1 2 -1.</_>
        <_>
          11 28 1 1 2.</_></rects>
      <tilted>0</tilted></_>
    <_>
      <rects>
        <_>
          12 9 3 5 -1.</_>
        <_>
          13 9 1 5 3.</_></rects>
      <tilted>0</tilted></_>
    <_>
      <rects>
        <_>
          12 9 3 7 -1.</_>
        <_>
          13 9 1 7 3.</_></rects>
      <tilted>0</tilted></_>
    <_>
      <rects>
        <_>
          12 10 3 6 -1.</_>
        <_>
          13 10 1 6 3.</_></rects>
      <tilted>0</tilted></_>
    <_>
      <rects>
        <_>
          12 11 1 3 -1.</_>
        <_>
          12 12 1 1 3.</_></rects>
      <tilted>0</tilted></_>
    <_>
      <rects>
        <_>
          12 12 1 2 -1.</_>
        <_>
          12 13 1 1 2.</_></rects>
      <tilted>0</tilted></_>
    <_>
      <rects>
        <_>
          12 14 3 1 -1.</_>
        <_>
          13 14 1 1 3.</_></rects>
      <tilted>0</tilted></_>
    <_>
      <rects>
        <_>
          12 14 3 2 -1.</_>
        <_>
          13 14 1 2 3.</_></rects>
      <tilted>0</tilted></_>
    <_>
      <rects>
        <_>
          12 14 6 10 -1.</_>
        <_>
          12 19 6 5 2.</_></rects>
      <tilted>0</tilted></_>
    <_>
      <rects>
        <_>
          12 15 2 2 -1.</_>
        <_>
          12 15 1 1 2.</_>
        <_>
          13 16 1 1 2.</_></rects>
      <tilted>0</tilted></_>
    <_>
      <rects>
        <_>
          12 15 2 4 -1.</_>
        <_>
          12 17 2 2 2.</_></rects>
      <tilted>0</tilted></_>
    <_>
      <rects>
        <_>
          12 16 10 15 -1.</_>
        <_>
          17 16 5 15 2.</_></rects>
      <tilted>0</tilted></_>
    <_>
      <rects>
        <_>
          12 17 8 4 -1.</_>
        <_>
          16 17 4 4 2.</_></rects>
      <tilted>0</tilted></_>
    <_>
      <rects>
        <_>
          13 12 9 15 -1.</_>
        <_>
          13 17 9 5 3.</_></rects>
      <tilted>0</tilted></_>
    <_>
      <rects>
        <_>
          13 15 6 9 -1.</_>
        <_>
          16 15 3 9 2.</_></rects>
      <tilted>0</tilted></_>
    <_>
      <rects>
        <_>
          13 18 2 1 -1.</_>
        <_>
          14 18 1 1 2.</_></rects>
      <tilted>0</tilted></_>
    <_>
      <rects>
        <_>
          13 27 6 6 -1.</_>
        <_>
          13 27 3 3 2.</_>
        <_>
          16 30 3 3 2.</_></rects>
      <tilted>0</tilted></_>
    <_>
      <rects>
        <_>
          14 0 8 8 -1.</_>
        <_>
          14 4 8 4 2.</_></rects>
      <tilted>0</tilted></_>
    <_>
      <rects>
        <_>
          14 8 1 3 -1.</_>
        <_>
          14 9 1 1 3.</_></rects>
      <tilted>0</tilted></_>
    <_>
      <rects>
        <_>
          14 12 1 3 -1.</_>
        <_>
          14 13 1 1 3.</_></rects>
      <tilted>0</tilted></_>
    <_>
      <rects>
        <_>
          14 12 8 6 -1.</_>
        <_>
          14 14 8 2 3.</_></rects>
      <tilted>0</tilted></_>
    <_>
      <rects>
        <_>
          14 14 6 5 -1.</_>
        <_>
          17 14 3 5 2.</_></rects>
      <tilted>0</tilted></_>
    <_>
      <rects>
        <_>
          14 16 6 4 -1.</_>
        <_>
          16 16 2 4 3.</_></rects>
      <tilted>0</tilted></_>
    <_>
      <rects>
        <_>
          14 16 6 7 -1.</_>
        <_>
          17 16 3 7 2.</_></rects>
      <tilted>0</tilted></_>
    <_>
      <rects>
        <_>
          14 17 2 1 -1.</_>
        <_>
          15 17 1 1 2.</_></rects>
      <tilted>0</tilted></_>
    <_>
      <rects>
        <_>
          14 17 5 9 -1.</_>
        <_>
          14 20 5 3 3.</_></rects>
      <tilted>0</tilted></_>
    <_>
      <rects>
        <_>
          15 3 6 22 -1.</_>
        <_>
          15 3 3 11 2.</_>
        <_>
          18 14 3 11 2.</_></rects>
      <tilted>0</tilted></_>
    <_>
      <rects>
        <_>
          15 7 1 3 -1.</_>
        <_>
          15 8 1 1 3.</_></rects>
      <tilted>0</tilted></_>
    <_>
      <rects>
        <_>
          15 12 6 6 -1.</_>
        <_>
          15 12 3 3 2.</_>
        <_>
          18 15 3 3 2.</_></rects>
      <tilted>0</tilted></_>
    <_>
      <rects>
        <_>
          15 15 6 1 -1.</_>
        <_>
          17 15 2 1 3.</_></rects>
      <tilted>0</tilted></_>
    <_>
      <rects>
        <_>
          15 16 6 14 -1.</_>
        <_>
          15 16 3 7 2.</_>
        <_>
          18 23 3 7 2.</_></rects>
      <tilted>0</tilted></_>
    <_>
      <rects>
        <_>
          15 17 6 3 -1.</_>
        <_>
          18 17 3 3 2.</_></rects>
      <tilted>0</tilted></_>
    <_>
      <rects>
        <_>
          16 4 2 2 -1.</_>
        <_>
          16 5 2 1 2.</_></rects>
      <tilted>0</tilted></_>
    <_>
      <rects>
        <_>
          16 13 4 20 -1.</_>
        <_>
          16 13 2 10 2.</_>
        <_>
          18 23 2 10 2.</_></rects>
      <tilted>0</tilted></_>
    <_>
      <rects>
        <_>
          16 15 6 3 -1.</_>
        <_>
          18 15 2 3 3.</_></rects>
      <tilted>0</tilted></_>
    <_>
      <rects>
        <_>
          16 16 2 6 -1.</_>
        <_>
          17 16 1 6 2.</_></rects>
      <tilted>0</tilted></_>
    <_>
      <rects>
        <_>
          16 16 6 2 -1.</_>
        <_>
          18 16 2 2 3.</_></rects>
      <tilted>0</tilted></_>
    <_>
      <rects>
        <_>
          16 19 4 2 -1.</_>
        <_>
          18 19 2 2 2.</_></rects>
      <tilted>0</tilted></_>
    <_>
      <rects>
        <_>
          17 0 3 33 -1.</_>
        <_>
          17 11 3 11 3.</_></rects>
      <tilted>0</tilted></_>
    <_>
      <rects>
        <_>
          17 6 2 6 -1.</_>
        <_>
          17 6 1 3 2.</_>
        <_>
          18 9 1 3 2.</_></rects>
      <tilted>0</tilted></_>
    <_>
      <rects>
        <_>
          17 9 4 17 -1.</_>
        <_>
          19 9 2 17 2.</_></rects>
      <tilted>0</tilted></_>
    <_>
      <rects>
        <_>
          17 13 3 1 -1.</_>
        <_>
          18 13 1 1 3.</_></rects>
      <tilted>0</tilted></_>
    <_>
      <rects>
        <_>
          17 14 3 3 -1.</_>
        <_>
          18 14 1 3 3.</_></rects>
      <tilted>0</tilted></_>
    <_>
      <rects>
        <_>
          17 17 2 12 -1.</_>
        <_>
          17 17 1 6 2.</_>
        <_>
          18 23 1 6 2.</_></rects>
      <tilted>0</tilted></_>
    <_>
      <rects>
        <_>
          17 33 2 1 -1.</_>
        <_>
          18 33 1 1 2.</_></rects>
      <tilted>0</tilted></_>
    <_>
      <rects>
        <_>
          18 8 4 20 -1.</_>
        <_>
          18 8 2 10 2.</_>
        <_>
          20 18 2 10 2.</_></rects>
      <tilted>0</tilted></_>
    <_>
      <rects>
        <_>
          18 21 1 2 -1.</_>
        <_>
          18 22 1 1 2.</_></rects>
      <tilted>0</tilted></_>
    <_>
      <rects>
        <_>
          18 25 1 3 -1.</_>
        <_>
          18 26 1 1 3.</_></rects>
      <tilted>0</tilted></_>
    <_>
      <rects>
        <_>
          19 11 2 4 -1.</_>
        <_>
          19 11 1 2 2.</_>
        <_>
          20 13 1 2 2.</_></rects>
      <tilted>0</tilted></_>
    <_>
      <rects>
        <_>
          19 14 2 12 -1.</_>
        <_>
          19 14 1 6 2.</_>
        <_>
          20 20 1 6 2.</_></rects>
      <tilted>0</tilted></_>
    <_>
      <rects>
        <_>
          20 0 2 1 -1.</_>
        <_>
          21 0 1 1 2.</_></rects>
      <tilted>0</tilted></_>
    <_>
      <rects>
        <_>
          20 15 1 2 -1.</_>
        <_>
          20 16 1 1 2.</_></rects>
      <tilted>0</tilted></_>
    <_>
      <rects>
        <_>
          20 29 1 2 -1.</_>
        <_>
          20 30 1 1 2.</_></rects>
      <tilted>0</tilted></_></features></cascade>
</opencv_storage>
