<?xml version="1.0"?>
<opencv_storage>
<cascade>
  <stageType>BOOST</stageType>
  <featureType>HAAR</featureType>
  <height>89</height>
  <width>43</width>
  <stageParams>
    <boostType>GAB</boostType>
    <minHitRate>9.9900001287460327e-01</minHitRate>
    <maxFalseAlarm>5.0000000000000000e-01</maxFalseAlarm>
    <weightTrimRate>9.4999999999999996e-01</weightTrimRate>
    <maxDepth>1</maxDepth>
    <maxWeakCount>100</maxWeakCount></stageParams>
  <featureParams>
    <maxCatCount>0</maxCatCount>
    <featSize>1</featSize>
    <mode>BASIC</mode></featureParams>
  <stageNum>20</stageNum>
  <stages>
    <!-- stage 0 -->
    <_>
      <maxWeakCount>7</maxWeakCount>
      <stageThreshold>-7.6716244220733643e-01</stageThreshold>
      <weakClassifiers>
        <_>
          <internalNodes>
            0 -1 145 3.5590794868767262e-04</internalNodes>
          <leafValues>
            5.5133080482482910e-01 -6.5656566619873047e-01</leafValues></_>
        <_>
          <internalNodes>
            0 -1 27 -6.6670272499322891e-03</internalNodes>
          <leafValues>
            5.7350146770477295e-01 -3.8744255900382996e-01</leafValues></_>
        <_>
          <internalNodes>
            0 -1 99 -1.3674290850758553e-02</internalNodes>
          <leafValues>
            -7.3775416612625122e-01 3.0276349186897278e-01</leafValues></_>
        <_>
          <internalNodes>
            0 -1 11 1.5190029516816139e-03</internalNodes>
          <leafValues>
            -2.7959242463111877e-01 8.4136861562728882e-01</leafValues></_>
        <_>
          <internalNodes>
            0 -1 203 4.3384605669416487e-04</internalNodes>
          <leafValues>
            -2.1845373511314392e-01 8.4343177080154419e-01</leafValues></_>
        <_>
          <internalNodes>
            0 -1 184 -2.0573884830810130e-04</internalNodes>
          <leafValues>
            5.3090220689773560e-01 -3.4739580750465393e-01</leafValues></_>
        <_>
          <internalNodes>
            0 -1 204 -2.2469816030934453e-04</internalNodes>
          <leafValues>
            7.2729915380477905e-01 -2.4236121773719788e-01</leafValues></_></weakClassifiers></_>
    <!-- stage 1 -->
    <_>
      <maxWeakCount>13</maxWeakCount>
      <stageThreshold>-9.4653928279876709e-01</stageThreshold>
      <weakClassifiers>
        <_>
          <internalNodes>
            0 -1 89 1.8998751416802406e-02</internalNodes>
          <leafValues>
            5.0272232294082642e-01 -7.0270270109176636e-01</leafValues></_>
        <_>
          <internalNodes>
            0 -1 98 -3.9495561271905899e-02</internalNodes>
          <leafValues>
            -8.5390257835388184e-01 2.7493503689765930e-01</leafValues></_>
        <_>
          <internalNodes>
            0 -1 144 -3.7245906423777342e-04</internalNodes>
          <leafValues>
            4.8133549094200134e-01 -4.5307430624961853e-01</leafValues></_>
        <_>
          <internalNodes>
            0 -1 126 1.2155026197433472e-03</internalNodes>
          <leafValues>
            -3.4167224168777466e-01 5.7964396476745605e-01</leafValues></_>
        <_>
          <internalNodes>
            0 -1 13 1.9464261829853058e-02</internalNodes>
          <leafValues>
            -2.4579568207263947e-01 6.7613160610198975e-01</leafValues></_>
        <_>
          <internalNodes>
            0 -1 52 5.6173279881477356e-04</internalNodes>
          <leafValues>
            -2.9536888003349304e-01 5.2261316776275635e-01</leafValues></_>
        <_>
          <internalNodes>
            0 -1 102 -5.7347165420651436e-03</internalNodes>
          <leafValues>
            8.5181242227554321e-01 -1.8249815702438354e-01</leafValues></_>
        <_>
          <internalNodes>
            0 -1 106 -4.3853139504790306e-04</internalNodes>
          <leafValues>
            5.3984278440475464e-01 -2.9902800917625427e-01</leafValues></_>
        <_>
          <internalNodes>
            0 -1 217 1.3090195134282112e-03</internalNodes>
          <leafValues>
            -1.7464902997016907e-01 6.6396999359130859e-01</leafValues></_>
        <_>
          <internalNodes>
            0 -1 223 -9.3441200442612171e-04</internalNodes>
          <leafValues>
            4.4234597682952881e-01 -3.0439317226409912e-01</leafValues></_>
        <_>
          <internalNodes>
            0 -1 181 2.3387607187032700e-02</internalNodes>
          <leafValues>
            2.1810840070247650e-01 -6.4339983463287354e-01</leafValues></_>
        <_>
          <internalNodes>
            0 -1 239 4.2738608317449689e-04</internalNodes>
          <leafValues>
            -2.1569555997848511e-01 6.2783658504486084e-01</leafValues></_>
        <_>
          <internalNodes>
            0 -1 51 9.5621198415756226e-03</internalNodes>
          <leafValues>
            2.3321121931076050e-01 -5.6288141012191772e-01</leafValues></_></weakClassifiers></_>
    <!-- stage 2 -->
    <_>
      <maxWeakCount>8</maxWeakCount>
      <stageThreshold>-5.2369183301925659e-01</stageThreshold>
      <weakClassifiers>
        <_>
          <internalNodes>
            0 -1 111 -2.4837665259838104e-02</internalNodes>
          <leafValues>
            -6.1643832921981812e-01 4.8913043737411499e-01</leafValues></_>
        <_>
          <internalNodes>
            0 -1 141 8.9911767281591892e-04</internalNodes>
          <leafValues>
            -2.1721863746643066e-01 7.3614060878753662e-01</leafValues></_>
        <_>
          <internalNodes>
            0 -1 253 -3.0131457606330514e-04</internalNodes>
          <leafValues>
            4.8755154013633728e-01 -3.3647069334983826e-01</leafValues></_>
        <_>
          <internalNodes>
            0 -1 123 2.6184981688857079e-03</internalNodes>
          <leafValues>
            -3.0390846729278564e-01 6.4075618982315063e-01</leafValues></_>
        <_>
          <internalNodes>
            0 -1 24 2.7934829704463482e-03</internalNodes>
          <leafValues>
            -1.5587106347084045e-01 8.5421627759933472e-01</leafValues></_>
        <_>
          <internalNodes>
            0 -1 198 -9.7003561677411199e-05</internalNodes>
          <leafValues>
            4.9291399121284485e-01 -2.9747301340103149e-01</leafValues></_>
        <_>
          <internalNodes>
            0 -1 113 2.5235032662749290e-03</internalNodes>
          <leafValues>
            -2.0633393526077271e-01 9.3009030818939209e-01</leafValues></_>
        <_>
          <internalNodes>
            0 -1 86 -1.1594985611736774e-02</internalNodes>
          <leafValues>
            7.8600007295608521e-01 -1.9153608381748199e-01</leafValues></_></weakClassifiers></_>
    <!-- stage 3 -->
    <_>
      <maxWeakCount>12</maxWeakCount>
      <stageThreshold>-1.0386507511138916e+00</stageThreshold>
      <weakClassifiers>
        <_>
          <internalNodes>
            0 -1 35 -3.4390658140182495e-02</internalNodes>
          <leafValues>
            -7.5000000000000000e-01 4.6924430131912231e-01</leafValues></_>
        <_>
          <internalNodes>
            0 -1 179 -8.1972213229164481e-04</internalNodes>
          <leafValues>
            8.2931768894195557e-01 -1.9119210541248322e-01</leafValues></_>
        <_>
          <internalNodes>
            0 -1 37 2.3585548624396324e-03</internalNodes>
          <leafValues>
            -2.5374233722686768e-01 7.2902196645736694e-01</leafValues></_>
        <_>
          <internalNodes>
            0 -1 68 1.3033037073910236e-02</internalNodes>
          <leafValues>
            3.3060684800148010e-01 -6.0546833276748657e-01</leafValues></_>
        <_>
          <internalNodes>
            0 -1 209 -2.2076780442148447e-03</internalNodes>
          <leafValues>
            7.4618846178054810e-01 -2.7669027447700500e-01</leafValues></_>
        <_>
          <internalNodes>
            0 -1 215 1.0886276140809059e-04</internalNodes>
          <leafValues>
            -3.0565795302391052e-01 5.7644128799438477e-01</leafValues></_>
        <_>
          <internalNodes>
            0 -1 151 -1.7119446420110762e-04</internalNodes>
          <leafValues>
            4.7079971432685852e-01 -2.9287454485893250e-01</leafValues></_>
        <_>
          <internalNodes>
            0 -1 48 1.8842080608010292e-03</internalNodes>
          <leafValues>
            -1.4893345534801483e-01 8.0456775426864624e-01</leafValues></_>
        <_>
          <internalNodes>
            0 -1 108 1.0141450911760330e-03</internalNodes>
          <leafValues>
            -2.0606300234794617e-01 7.1967995166778564e-01</leafValues></_>
        <_>
          <internalNodes>
            0 -1 87 3.3741368679329753e-04</internalNodes>
          <leafValues>
            -2.0391723513603210e-01 6.4423847198486328e-01</leafValues></_>
        <_>
          <internalNodes>
            0 -1 19 -4.4314621482044458e-04</internalNodes>
          <leafValues>
            -5.2475070953369141e-01 3.0303037166595459e-01</leafValues></_>
        <_>
          <internalNodes>
            0 -1 42 4.6558566391468048e-03</internalNodes>
          <leafValues>
            -2.6246139407157898e-01 6.0964518785476685e-01</leafValues></_></weakClassifiers></_>
    <!-- stage 4 -->
    <_>
      <maxWeakCount>16</maxWeakCount>
      <stageThreshold>-1.0962172746658325e+00</stageThreshold>
      <weakClassifiers>
        <_>
          <internalNodes>
            0 -1 199 4.8670083284378052e-02</internalNodes>
          <leafValues>
            4.7935366630554199e-01 -6.1764705181121826e-01</leafValues></_>
        <_>
          <internalNodes>
            0 -1 231 -1.7168525373563170e-03</internalNodes>
          <leafValues>
            7.7006632089614868e-01 -1.5526401996612549e-01</leafValues></_>
        <_>
          <internalNodes>
            0 -1 244 8.5031397247803397e-06</internalNodes>
          <leafValues>
            3.1307315826416016e-01 -4.4857972860336304e-01</leafValues></_>
        <_>
          <internalNodes>
            0 -1 10 -1.9376450218260288e-03</internalNodes>
          <leafValues>
            8.9547997713088989e-01 -1.4334870874881744e-01</leafValues></_>
        <_>
          <internalNodes>
            0 -1 103 3.7897319998592138e-03</internalNodes>
          <leafValues>
            -2.6113864779472351e-01 5.5107468366622925e-01</leafValues></_>
        <_>
          <internalNodes>
            0 -1 15 6.2446331139653921e-04</internalNodes>
          <leafValues>
            -1.8980294466018677e-01 6.5686178207397461e-01</leafValues></_>
        <_>
          <internalNodes>
            0 -1 75 -1.4027713332325220e-03</internalNodes>
          <leafValues>
            8.7732625007629395e-01 -1.2714485824108124e-01</leafValues></_>
        <_>
          <internalNodes>
            0 -1 61 -2.7368287555873394e-03</internalNodes>
          <leafValues>
            -7.0532852411270142e-01 2.4043820798397064e-01</leafValues></_>
        <_>
          <internalNodes>
            0 -1 6 1.0700772982090712e-03</internalNodes>
          <leafValues>
            3.3120021224021912e-01 -3.9654433727264404e-01</leafValues></_>
        <_>
          <internalNodes>
            0 -1 251 -2.3242089082486928e-04</internalNodes>
          <leafValues>
            5.6527656316757202e-01 -2.4581608176231384e-01</leafValues></_>
        <_>
          <internalNodes>
            0 -1 205 1.2406949826981872e-04</internalNodes>
          <leafValues>
            -3.2420679926872253e-01 4.1018813848495483e-01</leafValues></_>
        <_>
          <internalNodes>
            0 -1 213 6.5953249577432871e-04</internalNodes>
          <leafValues>
            -1.8476703763008118e-01 7.0607632398605347e-01</leafValues></_>
        <_>
          <internalNodes>
            0 -1 59 3.5707056522369385e-03</internalNodes>
          <leafValues>
            -1.4949233829975128e-01 7.6956766843795776e-01</leafValues></_>
        <_>
          <internalNodes>
            0 -1 57 -1.0669848416000605e-04</internalNodes>
          <leafValues>
            -5.5629229545593262e-01 2.5210523605346680e-01</leafValues></_>
        <_>
          <internalNodes>
            0 -1 155 9.5029463409446180e-05</internalNodes>
          <leafValues>
            3.2867720723152161e-01 -4.1810008883476257e-01</leafValues></_>
        <_>
          <internalNodes>
            0 -1 139 -2.9841594398021698e-02</internalNodes>
          <leafValues>
            -9.3808859586715698e-01 1.6499850153923035e-01</leafValues></_></weakClassifiers></_>
    <!-- stage 5 -->
    <_>
      <maxWeakCount>13</maxWeakCount>
      <stageThreshold>-8.9491260051727295e-01</stageThreshold>
      <weakClassifiers>
        <_>
          <internalNodes>
            0 -1 74 -4.4957883656024933e-02</internalNodes>
          <leafValues>
            -7.2881358861923218e-01 4.7349822521209717e-01</leafValues></_>
        <_>
          <internalNodes>
            0 -1 34 -8.7106449063867331e-04</internalNodes>
          <leafValues>
            7.6818883419036865e-01 -1.8395642936229706e-01</leafValues></_>
        <_>
          <internalNodes>
            0 -1 212 1.5881890431046486e-03</internalNodes>
          <leafValues>
            -2.5887748599052429e-01 6.4215254783630371e-01</leafValues></_>
        <_>
          <internalNodes>
            0 -1 124 -1.0404646163806319e-03</internalNodes>
          <leafValues>
            6.2204402685165405e-01 -2.8420785069465637e-01</leafValues></_>
        <_>
          <internalNodes>
            0 -1 206 1.8620825139805675e-03</internalNodes>
          <leafValues>
            -3.2931879162788391e-01 5.5601835250854492e-01</leafValues></_>
        <_>
          <internalNodes>
            0 -1 178 -2.0895462948828936e-03</internalNodes>
          <leafValues>
            6.8412524461746216e-01 -2.2572451829910278e-01</leafValues></_>
        <_>
          <internalNodes>
            0 -1 196 5.8243679814040661e-04</internalNodes>
          <leafValues>
            -3.3374723792076111e-01 6.3278770446777344e-01</leafValues></_>
        <_>
          <internalNodes>
            0 -1 230 -1.4954201469663531e-04</internalNodes>
          <leafValues>
            -6.5970343351364136e-01 2.9668977856636047e-01</leafValues></_>
        <_>
          <internalNodes>
            0 -1 71 -8.4789644461125135e-04</internalNodes>
          <leafValues>
            -8.0067628622055054e-01 1.8687328696250916e-01</leafValues></_>
        <_>
          <internalNodes>
            0 -1 105 -2.3898608051240444e-03</internalNodes>
          <leafValues>
            8.8806736469268799e-01 -2.3198460042476654e-01</leafValues></_>
        <_>
          <internalNodes>
            0 -1 60 3.1030606478452682e-03</internalNodes>
          <leafValues>
            -1.3769732415676117e-01 8.2167303562164307e-01</leafValues></_>
        <_>
          <internalNodes>
            0 -1 143 -8.3536375313997269e-04</internalNodes>
          <leafValues>
            6.3505941629409790e-01 -2.2601981461048126e-01</leafValues></_>
        <_>
          <internalNodes>
            0 -1 163 2.1957483142614365e-02</internalNodes>
          <leafValues>
            -4.3713378906250000e-01 3.5956013202667236e-01</leafValues></_></weakClassifiers></_>
    <!-- stage 6 -->
    <_>
      <maxWeakCount>10</maxWeakCount>
      <stageThreshold>-7.4565196037292480e-01</stageThreshold>
      <weakClassifiers>
        <_>
          <internalNodes>
            0 -1 173 5.9020370827056468e-05</internalNodes>
          <leafValues>
            5.3644859790802002e-01 -6.8888890743255615e-01</leafValues></_>
        <_>
          <internalNodes>
            0 -1 46 2.8341026045382023e-03</internalNodes>
          <leafValues>
            -3.7751150131225586e-01 5.0777769088745117e-01</leafValues></_>
        <_>
          <internalNodes>
            0 -1 104 6.5743369050323963e-03</internalNodes>
          <leafValues>
            -2.3249697685241699e-01 6.9068044424057007e-01</leafValues></_>
        <_>
          <internalNodes>
            0 -1 92 2.3813863663235679e-05</internalNodes>
          <leafValues>
            2.8385987877845764e-01 -5.4633581638336182e-01</leafValues></_>
        <_>
          <internalNodes>
            0 -1 65 -7.5119407847523689e-03</internalNodes>
          <leafValues>
            5.6696468591690063e-01 -3.5776492953300476e-01</leafValues></_>
        <_>
          <internalNodes>
            0 -1 8 1.6738574486225843e-03</internalNodes>
          <leafValues>
            -2.9800564050674438e-01 5.6398260593414307e-01</leafValues></_>
        <_>
          <internalNodes>
            0 -1 233 2.4382816263823770e-05</internalNodes>
          <leafValues>
            2.8139469027519226e-01 -6.1758172512054443e-01</leafValues></_>
        <_>
          <internalNodes>
            0 -1 109 9.8195252940058708e-04</internalNodes>
          <leafValues>
            -2.6077604293823242e-01 6.6420108079910278e-01</leafValues></_>
        <_>
          <internalNodes>
            0 -1 202 -4.9174185842275620e-03</internalNodes>
          <leafValues>
            -9.7247296571731567e-01 1.7985446751117706e-01</leafValues></_>
        <_>
          <internalNodes>
            0 -1 180 -3.2173727959161624e-05</internalNodes>
          <leafValues>
            3.2954114675521851e-01 -5.2800810337066650e-01</leafValues></_></weakClassifiers></_>
    <!-- stage 7 -->
    <_>
      <maxWeakCount>14</maxWeakCount>
      <stageThreshold>-5.5784708261489868e-01</stageThreshold>
      <weakClassifiers>
        <_>
          <internalNodes>
            0 -1 159 1.1450661986600608e-04</internalNodes>
          <leafValues>
            4.6020761132240295e-01 -8.7234044075012207e-01</leafValues></_>
        <_>
          <internalNodes>
            0 -1 80 1.2012034654617310e-02</internalNodes>
          <leafValues>
            -2.5174421072006226e-01 6.2810897827148438e-01</leafValues></_>
        <_>
          <internalNodes>
            0 -1 82 3.7135821767151356e-03</internalNodes>
          <leafValues>
            -2.0588837563991547e-01 7.0172381401062012e-01</leafValues></_>
        <_>
          <internalNodes>
            0 -1 36 -7.8963376581668854e-03</internalNodes>
          <leafValues>
            3.8626471161842346e-01 -4.1019669175148010e-01</leafValues></_>
        <_>
          <internalNodes>
            0 -1 3 1.6863639757502824e-05</internalNodes>
          <leafValues>
            2.4677106738090515e-01 -6.0561352968215942e-01</leafValues></_>
        <_>
          <internalNodes>
            0 -1 112 9.7893975675106049e-02</internalNodes>
          <leafValues>
            -3.2222786545753479e-01 4.8862698674201965e-01</leafValues></_>
        <_>
          <internalNodes>
            0 -1 161 -5.6398064771201462e-05</internalNodes>
          <leafValues>
            -7.8599768877029419e-01 2.1475698053836823e-01</leafValues></_>
        <_>
          <internalNodes>
            0 -1 197 6.3764490187168121e-04</internalNodes>
          <leafValues>
            -3.1771799921989441e-01 5.2818083763122559e-01</leafValues></_>
        <_>
          <internalNodes>
            0 -1 55 3.5577490052673966e-05</internalNodes>
          <leafValues>
            2.1365927159786224e-01 -6.3527971506118774e-01</leafValues></_>
        <_>
          <internalNodes>
            0 -1 187 -4.5748921111226082e-03</internalNodes>
          <leafValues>
            6.4788126945495605e-01 -2.5125604867935181e-01</leafValues></_>
        <_>
          <internalNodes>
            0 -1 247 6.3487356528639793e-03</internalNodes>
          <leafValues>
            -2.2326596081256866e-01 6.4611041545867920e-01</leafValues></_>
        <_>
          <internalNodes>
            0 -1 171 -2.4219829356297851e-05</internalNodes>
          <leafValues>
            3.7411037087440491e-01 -4.1268068552017212e-01</leafValues></_>
        <_>
          <internalNodes>
            0 -1 38 2.3711683752480894e-05</internalNodes>
          <leafValues>
            2.8558579087257385e-01 -5.8150810003280640e-01</leafValues></_>
        <_>
          <internalNodes>
            0 -1 50 2.4820158723741770e-03</internalNodes>
          <leafValues>
            -2.5749897956848145e-01 6.8617767095565796e-01</leafValues></_></weakClassifiers></_>
    <!-- stage 8 -->
    <_>
      <maxWeakCount>7</maxWeakCount>
      <stageThreshold>-1.9907917082309723e-01</stageThreshold>
      <weakClassifiers>
        <_>
          <internalNodes>
            0 -1 237 -2.9865374017390423e-05</internalNodes>
          <leafValues>
            -5.6435644626617432e-01 5.3816795349121094e-01</leafValues></_>
        <_>
          <internalNodes>
            0 -1 29 -1.8642980605363846e-02</internalNodes>
          <leafValues>
            7.0207566022872925e-01 -2.8032717108726501e-01</leafValues></_>
        <_>
          <internalNodes>
            0 -1 241 -6.0246931388974190e-03</internalNodes>
          <leafValues>
            7.7168995141983032e-01 -2.0390139520168304e-01</leafValues></_>
        <_>
          <internalNodes>
            0 -1 20 -2.2756816179025918e-05</internalNodes>
          <leafValues>
            -6.9153964519500732e-01 2.8598323464393616e-01</leafValues></_>
        <_>
          <internalNodes>
            0 -1 242 2.8340113931335509e-04</internalNodes>
          <leafValues>
            2.1281684935092926e-01 -8.3640784025192261e-01</leafValues></_>
        <_>
          <internalNodes>
            0 -1 236 2.3314690217375755e-02</internalNodes>
          <leafValues>
            -2.5108945369720459e-01 8.4801733493804932e-01</leafValues></_>
        <_>
          <internalNodes>
            0 -1 28 9.3902610242366791e-03</internalNodes>
          <leafValues>
            -3.0697435140609741e-01 6.2074440717697144e-01</leafValues></_></weakClassifiers></_>
    <!-- stage 9 -->
    <_>
      <maxWeakCount>15</maxWeakCount>
      <stageThreshold>-5.5059146881103516e-01</stageThreshold>
      <weakClassifiers>
        <_>
          <internalNodes>
            0 -1 81 2.8065579012036324e-02</internalNodes>
          <leafValues>
            4.5774647593498230e-01 -6.1403506994247437e-01</leafValues></_>
        <_>
          <internalNodes>
            0 -1 195 1.1614793911576271e-03</internalNodes>
          <leafValues>
            -1.3729298114776611e-01 8.3408415317535400e-01</leafValues></_>
        <_>
          <internalNodes>
            0 -1 235 2.7586927171796560e-03</internalNodes>
          <leafValues>
            -2.3192347586154938e-01 6.4485508203506470e-01</leafValues></_>
        <_>
          <internalNodes>
            0 -1 192 1.2064249312970787e-04</internalNodes>
          <leafValues>
            -1.6586369276046753e-01 8.2532393932342529e-01</leafValues></_>
        <_>
          <internalNodes>
            0 -1 153 1.0594489285722375e-03</internalNodes>
          <leafValues>
            -1.6827614605426788e-01 6.8817132711410522e-01</leafValues></_>
        <_>
          <internalNodes>
            0 -1 168 -1.8304224358871579e-03</internalNodes>
          <leafValues>
            6.0351312160491943e-01 -2.2802893817424774e-01</leafValues></_>
        <_>
          <internalNodes>
            0 -1 149 -2.7679186314344406e-03</internalNodes>
          <leafValues>
            -6.2303435802459717e-01 2.1287687122821808e-01</leafValues></_>
        <_>
          <internalNodes>
            0 -1 166 -1.5163728967308998e-02</internalNodes>
          <leafValues>
            -7.2982650995254517e-01 1.4646473526954651e-01</leafValues></_>
        <_>
          <internalNodes>
            0 -1 137 -1.9142937380820513e-03</internalNodes>
          <leafValues>
            3.5748600959777832e-01 -3.2119250297546387e-01</leafValues></_>
        <_>
          <internalNodes>
            0 -1 40 -5.0364218652248383e-02</internalNodes>
          <leafValues>
            -8.1790924072265625e-01 1.4168207347393036e-01</leafValues></_>
        <_>
          <internalNodes>
            0 -1 129 2.9868053388781846e-04</internalNodes>
          <leafValues>
            -1.8954263627529144e-01 6.6445702314376831e-01</leafValues></_>
        <_>
          <internalNodes>
            0 -1 156 -1.1242000386118889e-02</internalNodes>
          <leafValues>
            -1. 1.4326605200767517e-01</leafValues></_>
        <_>
          <internalNodes>
            0 -1 127 -1.0977076366543770e-02</internalNodes>
          <leafValues>
            8.4834754467010498e-01 -1.7185024917125702e-01</leafValues></_>
        <_>
          <internalNodes>
            0 -1 73 9.2617620248347521e-04</internalNodes>
          <leafValues>
            2.3875634372234344e-01 -4.8527434468269348e-01</leafValues></_>
        <_>
          <internalNodes>
            0 -1 194 1.6266743186861277e-03</internalNodes>
          <leafValues>
            -2.3206123709678650e-01 4.8225829005241394e-01</leafValues></_></weakClassifiers></_>
    <!-- stage 10 -->
    <_>
      <maxWeakCount>12</maxWeakCount>
      <stageThreshold>-5.7381850481033325e-01</stageThreshold>
      <weakClassifiers>
        <_>
          <internalNodes>
            0 -1 44 -5.0796940922737122e-04</internalNodes>
          <leafValues>
            7.4712646007537842e-01 8.2417584955692291e-02</leafValues></_>
        <_>
          <internalNodes>
            0 -1 77 2.6364964433014393e-03</internalNodes>
          <leafValues>
            -1.1260423809289932e-01 7.8418540954589844e-01</leafValues></_>
        <_>
          <internalNodes>
            0 -1 18 6.8244612775743008e-03</internalNodes>
          <leafValues>
            -2.3258458077907562e-01 6.4950674772262573e-01</leafValues></_>
        <_>
          <internalNodes>
            0 -1 170 9.5886513008736074e-05</internalNodes>
          <leafValues>
            3.4042647480964661e-01 -4.0429210662841797e-01</leafValues></_>
        <_>
          <internalNodes>
            0 -1 234 -4.2542570736259222e-04</internalNodes>
          <leafValues>
            4.4084545969963074e-01 -3.2225060462951660e-01</leafValues></_>
        <_>
          <internalNodes>
            0 -1 252 -5.9497944312170148e-04</internalNodes>
          <leafValues>
            5.0300705432891846e-01 -3.0123990774154663e-01</leafValues></_>
        <_>
          <internalNodes>
            0 -1 160 3.9034406654536724e-05</internalNodes>
          <leafValues>
            1.9008794426918030e-01 -7.9015868902206421e-01</leafValues></_>
        <_>
          <internalNodes>
            0 -1 100 9.1382535174489021e-06</internalNodes>
          <leafValues>
            2.9452294111251831e-01 -4.3184560537338257e-01</leafValues></_>
        <_>
          <internalNodes>
            0 -1 138 -3.4544977825134993e-03</internalNodes>
          <leafValues>
            6.3448321819305420e-01 -2.3298271000385284e-01</leafValues></_>
        <_>
          <internalNodes>
            0 -1 135 2.6432420127093792e-03</internalNodes>
          <leafValues>
            -1.3697543740272522e-01 8.9678072929382324e-01</leafValues></_>
        <_>
          <internalNodes>
            0 -1 2 2.5712303817272186e-02</internalNodes>
          <leafValues>
            -1.7127998173236847e-01 6.9910424947738647e-01</leafValues></_>
        <_>
          <internalNodes>
            0 -1 136 2.0708186639240012e-05</internalNodes>
          <leafValues>
            2.5592797994613647e-01 -6.3606482744216919e-01</leafValues></_></weakClassifiers></_>
    <!-- stage 11 -->
    <_>
      <maxWeakCount>13</maxWeakCount>
      <stageThreshold>-5.8752876520156860e-01</stageThreshold>
      <weakClassifiers>
        <_>
          <internalNodes>
            0 -1 147 4.1380466427654028e-05</internalNodes>
          <leafValues>
            5.1445084810256958e-01 -3.9622640609741211e-01</leafValues></_>
        <_>
          <internalNodes>
            0 -1 190 1.0224091820418835e-03</internalNodes>
          <leafValues>
            -1.7118757963180542e-01 7.0768833160400391e-01</leafValues></_>
        <_>
          <internalNodes>
            0 -1 56 1.0648891329765320e-03</internalNodes>
          <leafValues>
            -2.5521165132522583e-01 5.3235483169555664e-01</leafValues></_>
        <_>
          <internalNodes>
            0 -1 69 -6.0432273894548416e-03</internalNodes>
          <leafValues>
            7.1182101964950562e-01 -2.0251873135566711e-01</leafValues></_>
        <_>
          <internalNodes>
            0 -1 210 9.0250052744522691e-04</internalNodes>
          <leafValues>
            -2.1594367921352386e-01 5.6656628847122192e-01</leafValues></_>
        <_>
          <internalNodes>
            0 -1 211 -2.9807642567902803e-03</internalNodes>
          <leafValues>
            7.2437554597854614e-01 -1.6688024997711182e-01</leafValues></_>
        <_>
          <internalNodes>
            0 -1 207 -2.7903097216039896e-03</internalNodes>
          <leafValues>
            7.4109214544296265e-01 -1.3838565349578857e-01</leafValues></_>
        <_>
          <internalNodes>
            0 -1 119 -5.5893738754093647e-03</internalNodes>
          <leafValues>
            -7.9075276851654053e-01 1.5994887053966522e-01</leafValues></_>
        <_>
          <internalNodes>
            0 -1 120 6.3782553188502789e-03</internalNodes>
          <leafValues>
            -2.3013576865196228e-01 5.8728760480880737e-01</leafValues></_>
        <_>
          <internalNodes>
            0 -1 121 -1.1661546304821968e-02</internalNodes>
          <leafValues>
            -6.1645209789276123e-01 2.2610063850879669e-01</leafValues></_>
        <_>
          <internalNodes>
            0 -1 43 -1.3898418728786055e-05</internalNodes>
          <leafValues>
            -6.1183273792266846e-01 2.4053758382797241e-01</leafValues></_>
        <_>
          <internalNodes>
            0 -1 232 -2.0659361034631729e-03</internalNodes>
          <leafValues>
            3.4470346570014954e-01 -3.6396810412406921e-01</leafValues></_>
        <_>
          <internalNodes>
            0 -1 62 -2.8219367959536612e-04</internalNodes>
          <leafValues>
            -4.1586968302726746e-01 2.8753075003623962e-01</leafValues></_></weakClassifiers></_>
    <!-- stage 12 -->
    <_>
      <maxWeakCount>11</maxWeakCount>
      <stageThreshold>-2.8320720791816711e-01</stageThreshold>
      <weakClassifiers>
        <_>
          <internalNodes>
            0 -1 148 -1.5606828965246677e-03</internalNodes>
          <leafValues>
            -7.2549021244049072e-01 4.5644599199295044e-01</leafValues></_>
        <_>
          <internalNodes>
            0 -1 7 -7.2293607518076897e-03</internalNodes>
          <leafValues>
            7.6684129238128662e-01 -1.1990790814161301e-01</leafValues></_>
        <_>
          <internalNodes>
            0 -1 226 -7.1992632001638412e-03</internalNodes>
          <leafValues>
            4.2100080847740173e-01 -2.7366364002227783e-01</leafValues></_>
        <_>
          <internalNodes>
            0 -1 146 -1.9723086734302342e-04</internalNodes>
          <leafValues>
            2.7839237451553345e-01 -4.4196066260337830e-01</leafValues></_>
        <_>
          <internalNodes>
            0 -1 174 4.5880908146500587e-05</internalNodes>
          <leafValues>
            1.5308041870594025e-01 -7.2403544187545776e-01</leafValues></_>
        <_>
          <internalNodes>
            0 -1 78 4.6727107837796211e-04</internalNodes>
          <leafValues>
            -4.2043751478195190e-01 3.2700285315513611e-01</leafValues></_>
        <_>
          <internalNodes>
            0 -1 134 -1.0539516806602478e-03</internalNodes>
          <leafValues>
            6.3606399297714233e-01 -1.9082342088222504e-01</leafValues></_>
        <_>
          <internalNodes>
            0 -1 186 1.1443606344982982e-03</internalNodes>
          <leafValues>
            -1.5793694555759430e-01 7.2606760263442993e-01</leafValues></_>
        <_>
          <internalNodes>
            0 -1 157 3.9339545764960349e-04</internalNodes>
          <leafValues>
            1.5162065625190735e-01 -9.4857358932495117e-01</leafValues></_>
        <_>
          <internalNodes>
            0 -1 221 3.7222758401185274e-03</internalNodes>
          <leafValues>
            -3.6127820611000061e-01 3.6383199691772461e-01</leafValues></_>
        <_>
          <internalNodes>
            0 -1 122 2.4059227143879980e-04</internalNodes>
          <leafValues>
            2.5006616115570068e-01 -4.9336346983909607e-01</leafValues></_></weakClassifiers></_>
    <!-- stage 13 -->
    <_>
      <maxWeakCount>13</maxWeakCount>
      <stageThreshold>-9.1604530811309814e-01</stageThreshold>
      <weakClassifiers>
        <_>
          <internalNodes>
            0 -1 5 -4.6445913612842560e-02</internalNodes>
          <leafValues>
            -8.6956518888473511e-01 4.5768567919731140e-01</leafValues></_>
        <_>
          <internalNodes>
            0 -1 224 -1.7025030683726072e-03</internalNodes>
          <leafValues>
            8.0700081586837769e-01 -1.2557293474674225e-01</leafValues></_>
        <_>
          <internalNodes>
            0 -1 227 2.6115295477211475e-03</internalNodes>
          <leafValues>
            -2.2501628100872040e-01 6.2128281593322754e-01</leafValues></_>
        <_>
          <internalNodes>
            0 -1 70 -6.9538806565105915e-04</internalNodes>
          <leafValues>
            5.9477031230926514e-01 -1.7744746804237366e-01</leafValues></_>
        <_>
          <internalNodes>
            0 -1 64 -5.4352227598428726e-03</internalNodes>
          <leafValues>
            4.8640909790992737e-01 -2.6924791932106018e-01</leafValues></_>
        <_>
          <internalNodes>
            0 -1 216 3.3426913432776928e-04</internalNodes>
          <leafValues>
            -2.7833628654479980e-01 4.2199528217315674e-01</leafValues></_>
        <_>
          <internalNodes>
            0 -1 208 -3.3201213227584958e-04</internalNodes>
          <leafValues>
            4.9560919404029846e-01 -2.5412198901176453e-01</leafValues></_>
        <_>
          <internalNodes>
            0 -1 177 1.3799215594190173e-05</internalNodes>
          <leafValues>
            2.6615491509437561e-01 -5.2085047960281372e-01</leafValues></_>
        <_>
          <internalNodes>
            0 -1 176 -7.4817109853029251e-03</internalNodes>
          <leafValues>
            8.3938282728195190e-01 -1.7010450363159180e-01</leafValues></_>
        <_>
          <internalNodes>
            0 -1 164 -5.8929282240569592e-03</internalNodes>
          <leafValues>
            7.4993419647216797e-01 -1.5670970082283020e-01</leafValues></_>
        <_>
          <internalNodes>
            0 -1 33 -3.5024593671550974e-05</internalNodes>
          <leafValues>
            -5.6288212537765503e-01 2.8589358925819397e-01</leafValues></_>
        <_>
          <internalNodes>
            0 -1 49 5.6522078812122345e-03</internalNodes>
          <leafValues>
            2.2937849164009094e-01 -6.1333119869232178e-01</leafValues></_>
        <_>
          <internalNodes>
            0 -1 248 1.7999642295762897e-05</internalNodes>
          <leafValues>
            2.4854335188865662e-01 -4.9860087037086487e-01</leafValues></_></weakClassifiers></_>
    <!-- stage 14 -->
    <_>
      <maxWeakCount>15</maxWeakCount>
      <stageThreshold>-8.2555299997329712e-01</stageThreshold>
      <weakClassifiers>
        <_>
          <internalNodes>
            0 -1 250 5.7125354942400008e-05</internalNodes>
          <leafValues>
            4.7005444765090942e-01 -4.5945945382118225e-01</leafValues></_>
        <_>
          <internalNodes>
            0 -1 110 -3.5313447006046772e-03</internalNodes>
          <leafValues>
            7.7168846130371094e-01 -1.3424456119537354e-01</leafValues></_>
        <_>
          <internalNodes>
            0 -1 116 1.3835050631314516e-03</internalNodes>
          <leafValues>
            -2.3167605698108673e-01 5.7648938894271851e-01</leafValues></_>
        <_>
          <internalNodes>
            0 -1 218 -1.1661600321531296e-02</internalNodes>
          <leafValues>
            6.0644072294235229e-01 -1.8295541405677795e-01</leafValues></_>
        <_>
          <internalNodes>
            0 -1 183 1.2943906767759472e-04</internalNodes>
          <leafValues>
            -2.3647001385688782e-01 5.2807265520095825e-01</leafValues></_>
        <_>
          <internalNodes>
            0 -1 249 6.8298119003884494e-05</internalNodes>
          <leafValues>
            3.3970925211906433e-01 -3.6963826417922974e-01</leafValues></_>
        <_>
          <internalNodes>
            0 -1 220 3.2166091841645539e-05</internalNodes>
          <leafValues>
            -3.2023534178733826e-01 3.8531321287155151e-01</leafValues></_>
        <_>
          <internalNodes>
            0 -1 193 -3.0196941224858165e-04</internalNodes>
          <leafValues>
            -7.3014891147613525e-01 1.6702945530414581e-01</leafValues></_>
        <_>
          <internalNodes>
            0 -1 229 4.6302732080221176e-03</internalNodes>
          <leafValues>
            -2.2493790090084076e-01 5.9651726484298706e-01</leafValues></_>
        <_>
          <internalNodes>
            0 -1 128 5.5356498342007399e-04</internalNodes>
          <leafValues>
            -2.0728689432144165e-01 5.4038476943969727e-01</leafValues></_>
        <_>
          <internalNodes>
            0 -1 22 -6.7454800009727478e-03</internalNodes>
          <leafValues>
            3.3148452639579773e-01 -3.6752513051033020e-01</leafValues></_>
        <_>
          <internalNodes>
            0 -1 76 4.7115026973187923e-04</internalNodes>
          <leafValues>
            -2.3733359575271606e-01 5.2642184495925903e-01</leafValues></_>
        <_>
          <internalNodes>
            0 -1 101 -2.6645274832844734e-02</internalNodes>
          <leafValues>
            -7.9051107168197632e-01 1.8414039909839630e-01</leafValues></_>
        <_>
          <internalNodes>
            0 -1 39 -1.1372068896889687e-02</internalNodes>
          <leafValues>
            5.9000909328460693e-01 -2.3902370035648346e-01</leafValues></_>
        <_>
          <internalNodes>
            0 -1 21 2.6883941609412432e-03</internalNodes>
          <leafValues>
            3.9520204067230225e-01 -3.5706382989883423e-01</leafValues></_></weakClassifiers></_>
    <!-- stage 15 -->
    <_>
      <maxWeakCount>14</maxWeakCount>
      <stageThreshold>-5.7426428794860840e-01</stageThreshold>
      <weakClassifiers>
        <_>
          <internalNodes>
            0 -1 72 -7.0845000445842743e-03</internalNodes>
          <leafValues>
            -3.2692307233810425e-01 4.9712091684341431e-01</leafValues></_>
        <_>
          <internalNodes>
            0 -1 25 6.8144022952765226e-04</internalNodes>
          <leafValues>
            -1.3803745806217194e-01 7.3171550035476685e-01</leafValues></_>
        <_>
          <internalNodes>
            0 -1 90 1.7681079916656017e-03</internalNodes>
          <leafValues>
            -1.9431307911872864e-01 5.6174391508102417e-01</leafValues></_>
        <_>
          <internalNodes>
            0 -1 84 -1.8957932479679585e-03</internalNodes>
          <leafValues>
            6.6286087036132812e-01 -1.6022844612598419e-01</leafValues></_>
        <_>
          <internalNodes>
            0 -1 63 1.5192309394478798e-02</internalNodes>
          <leafValues>
            1.5468761324882507e-01 -6.7399477958679199e-01</leafValues></_>
        <_>
          <internalNodes>
            0 -1 83 7.1817642310634255e-04</internalNodes>
          <leafValues>
            -2.4305282533168793e-01 5.1964628696441650e-01</leafValues></_>
        <_>
          <internalNodes>
            0 -1 245 -5.9597496874630451e-04</internalNodes>
          <leafValues>
            5.3312504291534424e-01 -2.0823809504508972e-01</leafValues></_>
        <_>
          <internalNodes>
            0 -1 94 1.7347721950500272e-05</internalNodes>
          <leafValues>
            2.2185459733009338e-01 -5.3198194503784180e-01</leafValues></_>
        <_>
          <internalNodes>
            0 -1 200 1.2100673484383151e-04</internalNodes>
          <leafValues>
            -2.8050768375396729e-01 4.5921584963798523e-01</leafValues></_>
        <_>
          <internalNodes>
            0 -1 96 -2.9288721270859241e-03</internalNodes>
          <leafValues>
            -6.5547811985015869e-01 1.7484392225742340e-01</leafValues></_>
        <_>
          <internalNodes>
            0 -1 1 1.4161886647343636e-02</internalNodes>
          <leafValues>
            -2.1345463395118713e-01 6.3003879785537720e-01</leafValues></_>
        <_>
          <internalNodes>
            0 -1 115 3.6450708284974098e-04</internalNodes>
          <leafValues>
            -2.5929987430572510e-01 4.5765686035156250e-01</leafValues></_>
        <_>
          <internalNodes>
            0 -1 165 7.0172129198908806e-04</internalNodes>
          <leafValues>
            -2.5936523079872131e-01 5.5547744035720825e-01</leafValues></_>
        <_>
          <internalNodes>
            0 -1 219 2.8409869992174208e-04</internalNodes>
          <leafValues>
            -2.7095755934715271e-01 4.3627524375915527e-01</leafValues></_></weakClassifiers></_>
    <!-- stage 16 -->
    <_>
      <maxWeakCount>14</maxWeakCount>
      <stageThreshold>-5.3828334808349609e-01</stageThreshold>
      <weakClassifiers>
        <_>
          <internalNodes>
            0 -1 162 6.0372331063263118e-05</internalNodes>
          <leafValues>
            4.7747749090194702e-01 -5.7142859697341919e-01</leafValues></_>
        <_>
          <internalNodes>
            0 -1 201 1.5804273425601423e-04</internalNodes>
          <leafValues>
            -3.0741691589355469e-01 3.6377987265586853e-01</leafValues></_>
        <_>
          <internalNodes>
            0 -1 225 -1.3895845040678978e-02</internalNodes>
          <leafValues>
            6.9363254308700562e-01 -1.9229812920093536e-01</leafValues></_>
        <_>
          <internalNodes>
            0 -1 240 -6.6465651616454124e-04</internalNodes>
          <leafValues>
            4.4405108690261841e-01 -3.3099171519279480e-01</leafValues></_>
        <_>
          <internalNodes>
            0 -1 26 -1.2304486517678015e-05</internalNodes>
          <leafValues>
            -4.5401227474212646e-01 2.6891028881072998e-01</leafValues></_>
        <_>
          <internalNodes>
            0 -1 45 -1.7788072582334280e-03</internalNodes>
          <leafValues>
            5.0539994239807129e-01 -2.5749003887176514e-01</leafValues></_>
        <_>
          <internalNodes>
            0 -1 30 1.6526500985492021e-05</internalNodes>
          <leafValues>
            2.6898670196533203e-01 -4.6290147304534912e-01</leafValues></_>
        <_>
          <internalNodes>
            0 -1 243 -9.5778156537562609e-04</internalNodes>
          <leafValues>
            5.4689389467239380e-01 -2.5782644748687744e-01</leafValues></_>
        <_>
          <internalNodes>
            0 -1 131 1.5472169252461754e-05</internalNodes>
          <leafValues>
            2.4188885092735291e-01 -5.0888395309448242e-01</leafValues></_>
        <_>
          <internalNodes>
            0 -1 97 -3.4790697973221540e-03</internalNodes>
          <leafValues>
            7.4255710840225220e-01 -1.7766076326370239e-01</leafValues></_>
        <_>
          <internalNodes>
            0 -1 66 -1.4004335738718510e-02</internalNodes>
          <leafValues>
            3.7686499953269958e-01 -3.2768541574478149e-01</leafValues></_>
        <_>
          <internalNodes>
            0 -1 140 7.8840949572622776e-04</internalNodes>
          <leafValues>
            3.0571520328521729e-01 -3.9907145500183105e-01</leafValues></_>
        <_>
          <internalNodes>
            0 -1 4 -2.2628739476203918e-02</internalNodes>
          <leafValues>
            -8.1808251142501831e-01 1.4565090835094452e-01</leafValues></_>
        <_>
          <internalNodes>
            0 -1 14 2.0808629051316530e-04</internalNodes>
          <leafValues>
            -2.5231379270553589e-01 5.7699751853942871e-01</leafValues></_></weakClassifiers></_>
    <!-- stage 17 -->
    <_>
      <maxWeakCount>12</maxWeakCount>
      <stageThreshold>-6.2250339984893799e-01</stageThreshold>
      <weakClassifiers>
        <_>
          <internalNodes>
            0 -1 91 -2.6466008275747299e-03</internalNodes>
          <leafValues>
            -7.5000000000000000e-01 4.6924430131912231e-01</leafValues></_>
        <_>
          <internalNodes>
            0 -1 228 1.7606511246412992e-03</internalNodes>
          <leafValues>
            -1.4649519324302673e-01 7.4303400516510010e-01</leafValues></_>
        <_>
          <internalNodes>
            0 -1 16 7.4364189058542252e-03</internalNodes>
          <leafValues>
            -2.3244079947471619e-01 5.0269341468811035e-01</leafValues></_>
        <_>
          <internalNodes>
            0 -1 158 -6.6027475986629725e-04</internalNodes>
          <leafValues>
            4.6397563815116882e-01 -2.6071012020111084e-01</leafValues></_>
        <_>
          <internalNodes>
            0 -1 246 -9.8151322163175792e-06</internalNodes>
          <leafValues>
            -4.8981043696403503e-01 2.3953619599342346e-01</leafValues></_>
        <_>
          <internalNodes>
            0 -1 53 3.7625231198035181e-04</internalNodes>
          <leafValues>
            -2.5989875197410583e-01 5.2861666679382324e-01</leafValues></_>
        <_>
          <internalNodes>
            0 -1 214 3.3226446248590946e-05</internalNodes>
          <leafValues>
            -4.2578685283660889e-01 2.9765319824218750e-01</leafValues></_>
        <_>
          <internalNodes>
            0 -1 150 -2.0481909159570932e-03</internalNodes>
          <leafValues>
            4.4932597875595093e-01 -2.6663941144943237e-01</leafValues></_>
        <_>
          <internalNodes>
            0 -1 0 -2.7711667120456696e-02</internalNodes>
          <leafValues>
            -6.0730010271072388e-01 2.1932198107242584e-01</leafValues></_>
        <_>
          <internalNodes>
            0 -1 93 5.3563772235065699e-04</internalNodes>
          <leafValues>
            -2.5993335247039795e-01 5.8245080709457397e-01</leafValues></_>
        <_>
          <internalNodes>
            0 -1 67 1.2002035509794950e-03</internalNodes>
          <leafValues>
            -2.1393948793411255e-01 6.8325066566467285e-01</leafValues></_>
        <_>
          <internalNodes>
            0 -1 88 2.5827216450124979e-03</internalNodes>
          <leafValues>
            2.2252695262432098e-01 -5.9393817186355591e-01</leafValues></_></weakClassifiers></_>
    <!-- stage 18 -->
    <_>
      <maxWeakCount>17</maxWeakCount>
      <stageThreshold>-8.9856964349746704e-01</stageThreshold>
      <weakClassifiers>
        <_>
          <internalNodes>
            0 -1 95 6.0091484338045120e-02</internalNodes>
          <leafValues>
            4.8014441132545471e-01 -5.7746475934982300e-01</leafValues></_>
        <_>
          <internalNodes>
            0 -1 85 5.4871700704097748e-03</internalNodes>
          <leafValues>
            -2.1579574048519135e-01 5.4517698287963867e-01</leafValues></_>
        <_>
          <internalNodes>
            0 -1 107 1.3686439488083124e-03</internalNodes>
          <leafValues>
            -1.3735716044902802e-01 6.3376325368881226e-01</leafValues></_>
        <_>
          <internalNodes>
            0 -1 222 6.8912931965314783e-06</internalNodes>
          <leafValues>
            2.6096615195274353e-01 -4.3131616711616516e-01</leafValues></_>
        <_>
          <internalNodes>
            0 -1 23 -1.1889712885022163e-02</internalNodes>
          <leafValues>
            6.8951731920242310e-01 -1.8391512334346771e-01</leafValues></_>
        <_>
          <internalNodes>
            0 -1 79 3.8940340746194124e-03</internalNodes>
          <leafValues>
            -1.8621098995208740e-01 5.7277077436447144e-01</leafValues></_>
        <_>
          <internalNodes>
            0 -1 130 -4.7401908886968158e-06</internalNodes>
          <leafValues>
            -4.6485632658004761e-01 2.4358217418193817e-01</leafValues></_>
        <_>
          <internalNodes>
            0 -1 32 -1.3274033553898335e-03</internalNodes>
          <leafValues>
            5.9702414274215698e-01 -1.8429419398307800e-01</leafValues></_>
        <_>
          <internalNodes>
            0 -1 12 2.9385229572653770e-03</internalNodes>
          <leafValues>
            -1.3586813211441040e-01 7.1626079082489014e-01</leafValues></_>
        <_>
          <internalNodes>
            0 -1 47 5.0621358241187409e-05</internalNodes>
          <leafValues>
            2.4940745532512665e-01 -4.5990711450576782e-01</leafValues></_>
        <_>
          <internalNodes>
            0 -1 9 -3.5443643573671579e-03</internalNodes>
          <leafValues>
            7.2209370136260986e-01 -1.5909871459007263e-01</leafValues></_>
        <_>
          <internalNodes>
            0 -1 238 2.4757133796811104e-03</internalNodes>
          <leafValues>
            1.5501374006271362e-01 -8.2081741094589233e-01</leafValues></_>
        <_>
          <internalNodes>
            0 -1 191 -1.1245382484048605e-03</internalNodes>
          <leafValues>
            6.6325497627258301e-01 -1.7635504901409149e-01</leafValues></_>
        <_>
          <internalNodes>
            0 -1 133 -5.6778732687234879e-03</internalNodes>
          <leafValues>
            6.2712359428405762e-01 -1.5838347375392914e-01</leafValues></_>
        <_>
          <internalNodes>
            0 -1 58 -4.4619328036787920e-06</internalNodes>
          <leafValues>
            -4.9928665161132812e-01 2.4498212337493896e-01</leafValues></_>
        <_>
          <internalNodes>
            0 -1 185 -1.0241546988254413e-05</internalNodes>
          <leafValues>
            -4.0024116635322571e-01 2.6933330297470093e-01</leafValues></_>
        <_>
          <internalNodes>
            0 -1 172 -2.7860957197844982e-04</internalNodes>
          <leafValues>
            -9.5668238401412964e-01 9.7136363387107849e-02</leafValues></_></weakClassifiers></_>
    <!-- stage 19 -->
    <_>
      <maxWeakCount>18</maxWeakCount>
      <stageThreshold>-8.6695265769958496e-01</stageThreshold>
      <weakClassifiers>
        <_>
          <internalNodes>
            0 -1 117 -2.3417182266712189e-02</internalNodes>
          <leafValues>
            -6.3265305757522583e-01 4.4444444775581360e-01</leafValues></_>
        <_>
          <internalNodes>
            0 -1 152 2.1900320425629616e-03</internalNodes>
          <leafValues>
            -9.6768453717231750e-02 7.7737146615982056e-01</leafValues></_>
        <_>
          <internalNodes>
            0 -1 132 -4.9284654669463634e-03</internalNodes>
          <leafValues>
            5.5828642845153809e-01 -2.0016141235828400e-01</leafValues></_>
        <_>
          <internalNodes>
            0 -1 125 1.0017342865467072e-02</internalNodes>
          <leafValues>
            1.6690038144588470e-01 -6.7866688966751099e-01</leafValues></_>
        <_>
          <internalNodes>
            0 -1 54 4.5731179416179657e-03</internalNodes>
          <leafValues>
            -2.5059604644775391e-01 4.0596285462379456e-01</leafValues></_>
        <_>
          <internalNodes>
            0 -1 41 -4.2903912253677845e-03</internalNodes>
          <leafValues>
            -5.9009593725204468e-01 1.6219009459018707e-01</leafValues></_>
        <_>
          <internalNodes>
            0 -1 169 -6.7892739025410265e-05</internalNodes>
          <leafValues>
            2.9751282930374146e-01 -3.9665141701698303e-01</leafValues></_>
        <_>
          <internalNodes>
            0 -1 154 2.2002914920449257e-03</internalNodes>
          <leafValues>
            -1.4570166170597076e-01 7.6202028989791870e-01</leafValues></_>
        <_>
          <internalNodes>
            0 -1 188 -2.7306267293170094e-04</internalNodes>
          <leafValues>
            3.5054436326026917e-01 -3.3838397264480591e-01</leafValues></_>
        <_>
          <internalNodes>
            0 -1 114 1.9868908566422760e-05</internalNodes>
          <leafValues>
            2.2292467951774597e-01 -5.0928944349288940e-01</leafValues></_>
        <_>
          <internalNodes>
            0 -1 142 -3.2219199056271464e-05</internalNodes>
          <leafValues>
            -4.4131085276603699e-01 2.1257856488227844e-01</leafValues></_>
        <_>
          <internalNodes>
            0 -1 167 1.0804065968841314e-03</internalNodes>
          <leafValues>
            -1.0608672350645065e-01 9.4238924980163574e-01</leafValues></_>
        <_>
          <internalNodes>
            0 -1 182 1.5831564087420702e-04</internalNodes>
          <leafValues>
            -2.4986968934535980e-01 3.9678579568862915e-01</leafValues></_>
        <_>
          <internalNodes>
            0 -1 31 1.1757902393583208e-04</internalNodes>
          <leafValues>
            1.6903437674045563e-01 -6.1267942190170288e-01</leafValues></_>
        <_>
          <internalNodes>
            0 -1 175 2.4802262487355620e-05</internalNodes>
          <leafValues>
            -3.0189904570579529e-01 3.2472410798072815e-01</leafValues></_>
        <_>
          <internalNodes>
            0 -1 118 2.8925163860549219e-05</internalNodes>
          <leafValues>
            1.7744906246662140e-01 -5.7657116651535034e-01</leafValues></_>
        <_>
          <internalNodes>
            0 -1 17 5.9557929635047913e-03</internalNodes>
          <leafValues>
            -1.9610331952571869e-01 5.1813167333602905e-01</leafValues></_>
        <_>
          <internalNodes>
            0 -1 189 -1.1644503101706505e-03</internalNodes>
          <leafValues>
            5.6821161508560181e-01 -1.7529141902923584e-01</leafValues></_></weakClassifiers></_></stages>
  <features>
    <_>
      <rects>
        <_>
          0 8 19 45 -1.</_>
        <_>
          0 23 19 15 3.</_></rects>
      <tilted>0</tilted></_>
    <_>
      <rects>
        <_>
          0 12 8 53 -1.</_>
        <_>
          4 12 4 53 2.</_></rects>
      <tilted>0</tilted></_>
    <_>
      <rects>
        <_>
          0 15 18 18 -1.</_>
        <_>
          9 15 9 18 2.</_></rects>
      <tilted>0</tilted></_>
    <_>
      <rects>
        <_>
          0 21 1 2 -1.</_>
        <_>
          0 22 1 1 2.</_></rects>
      <tilted>0</tilted></_>
    <_>
      <rects>
        <_>
          0 21 23 21 -1.</_>
        <_>
          0 28 23 7 3.</_></rects>
      <tilted>0</tilted></_>
    <_>
      <rects>
        <_>
          0 26 29 24 -1.</_>
        <_>
          0 34 29 8 3.</_></rects>
      <tilted>0</tilted></_>
    <_>
      <rects>
        <_>
          0 26 43 15 -1.</_>
        <_>
          0 31 43 5 3.</_></rects>
      <tilted>0</tilted></_>
    <_>
      <rects>
        <_>
          0 28 8 20 -1.</_>
        <_>
          0 28 4 10 2.</_>
        <_>
          4 38 4 10 2.</_></rects>
      <tilted>0</tilted></_>
    <_>
      <rects>
        <_>
          0 29 12 5 -1.</_>
        <_>
          6 29 6 5 2.</_></rects>
      <tilted>0</tilted></_>
    <_>
      <rects>
        <_>
          0 32 4 24 -1.</_>
        <_>
          0 32 2 12 2.</_>
        <_>
          2 44 2 12 2.</_></rects>
      <tilted>0</tilted></_>
    <_>
      <rects>
        <_>
          0 34 4 14 -1.</_>
        <_>
          0 34 2 7 2.</_>
        <_>
          2 41 2 7 2.</_></rects>
      <tilted>0</tilted></_>
    <_>
      <rects>
        <_>
          0 35 12 2 -1.</_>
        <_>
          4 35 4 2 3.</_></rects>
      <tilted>0</tilted></_>
    <_>
      <rects>
        <_>
          0 38 8 14 -1.</_>
        <_>
          0 38 4 7 2.</_>
        <_>
          4 45 4 7 2.</_></rects>
      <tilted>0</tilted></_>
    <_>
      <rects>
        <_>
          0 39 18 40 -1.</_>
        <_>
          0 39 9 20 2.</_>
        <_>
          9 59 9 20 2.</_></rects>
      <tilted>0</tilted></_>
    <_>
      <rects>
        <_>
          0 40 12 3 -1.</_>
        <_>
          0 41 12 1 3.</_></rects>
      <tilted>0</tilted></_>
    <_>
      <rects>
        <_>
          0 41 2 12 -1.</_>
        <_>
          1 41 1 12 2.</_></rects>
      <tilted>0</tilted></_>
    <_>
      <rects>
        <_>
          0 46 8 25 -1.</_>
        <_>
          4 46 4 25 2.</_></rects>
      <tilted>0</tilted></_>
    <_>
      <rects>
        <_>
          0 59 14 7 -1.</_>
        <_>
          7 59 7 7 2.</_></rects>
      <tilted>0</tilted></_>
    <_>
      <rects>
        <_>
          0 62 12 15 -1.</_>
        <_>
          6 62 6 15 2.</_></rects>
      <tilted>0</tilted></_>
    <_>
      <rects>
        <_>
          1 0 1 84 -1.</_>
        <_>
          1 28 1 28 3.</_></rects>
      <tilted>0</tilted></_>
    <_>
      <rects>
        <_>
          1 3 2 1 -1.</_>
        <_>
          2 3 1 1 2.</_></rects>
      <tilted>0</tilted></_>
    <_>
      <rects>
        <_>
          1 16 34 27 -1.</_>
        <_>
          1 25 34 9 3.</_></rects>
      <tilted>0</tilted></_>
    <_>
      <rects>
        <_>
          1 28 7 52 -1.</_>
        <_>
          1 54 7 26 2.</_></rects>
      <tilted>0</tilted></_>
    <_>
      <rects>
        <_>
          1 29 10 20 -1.</_>
        <_>
          1 29 5 10 2.</_>
        <_>
          6 39 5 10 2.</_></rects>
      <tilted>0</tilted></_>
    <_>
      <rects>
        <_>
          1 31 4 32 -1.</_>
        <_>
          1 31 2 16 2.</_>
        <_>
          3 47 2 16 2.</_></rects>
      <tilted>0</tilted></_>
    <_>
      <rects>
        <_>
          1 34 9 1 -1.</_>
        <_>
          4 34 3 1 3.</_></rects>
      <tilted>0</tilted></_>
    <_>
      <rects>
        <_>
          1 42 1 3 -1.</_>
        <_>
          1 43 1 1 3.</_></rects>
      <tilted>0</tilted></_>
    <_>
      <rects>
        <_>
          1 45 27 9 -1.</_>
        <_>
          10 45 9 9 3.</_></rects>
      <tilted>0</tilted></_>
    <_>
      <rects>
        <_>
          1 46 18 20 -1.</_>
        <_>
          1 46 9 10 2.</_>
        <_>
          10 56 9 10 2.</_></rects>
      <tilted>0</tilted></_>
    <_>
      <rects>
        <_>
          1 46 30 14 -1.</_>
        <_>
          11 46 10 14 3.</_></rects>
      <tilted>0</tilted></_>
    <_>
      <rects>
        <_>
          1 57 2 1 -1.</_>
        <_>
          2 57 1 1 2.</_></rects>
      <tilted>0</tilted></_>
    <_>
      <rects>
        <_>
          1 61 6 2 -1.</_>
        <_>
          1 62 6 1 2.</_></rects>
      <tilted>0</tilted></_>
    <_>
      <rects>
        <_>
          2 12 14 8 -1.</_>
        <_>
          2 12 7 4 2.</_>
        <_>
          9 16 7 4 2.</_></rects>
      <tilted>0</tilted></_>
    <_>
      <rects>
        <_>
          2 22 4 2 -1.</_>
        <_>
          2 22 2 1 2.</_>
        <_>
          4 23 2 1 2.</_></rects>
      <tilted>0</tilted></_>
    <_>
      <rects>
        <_>
          2 29 4 16 -1.</_>
        <_>
          2 29 2 8 2.</_>
        <_>
          4 37 2 8 2.</_></rects>
      <tilted>0</tilted></_>
    <_>
      <rects>
        <_>
          2 31 40 7 -1.</_>
        <_>
          22 31 20 7 2.</_></rects>
      <tilted>0</tilted></_>
    <_>
      <rects>
        <_>
          2 40 27 13 -1.</_>
        <_>
          11 40 9 13 3.</_></rects>
      <tilted>0</tilted></_>
    <_>
      <rects>
        <_>
          2 41 6 22 -1.</_>
        <_>
          4 41 2 22 3.</_></rects>
      <tilted>0</tilted></_>
    <_>
      <rects>
        <_>
          3 17 2 2 -1.</_>
        <_>
          3 18 2 1 2.</_></rects>
      <tilted>0</tilted></_>
    <_>
      <rects>
        <_>
          3 17 8 44 -1.</_>
        <_>
          3 17 4 22 2.</_>
        <_>
          7 39 4 22 2.</_></rects>
      <tilted>0</tilted></_>
    <_>
      <rects>
        <_>
          3 21 30 35 -1.</_>
        <_>
          13 21 10 35 3.</_></rects>
      <tilted>0</tilted></_>
    <_>
      <rects>
        <_>
          3 30 38 6 -1.</_>
        <_>
          3 33 38 3 2.</_></rects>
      <tilted>0</tilted></_>
    <_>
      <rects>
        <_>
          3 31 15 7 -1.</_>
        <_>
          8 31 5 7 3.</_></rects>
      <tilted>0</tilted></_>
    <_>
      <rects>
        <_>
          3 36 1 2 -1.</_>
        <_>
          3 37 1 1 2.</_></rects>
      <tilted>0</tilted></_>
    <_>
      <rects>
        <_>
          3 43 8 2 -1.</_>
        <_>
          7 43 4 2 2.</_></rects>
      <tilted>0</tilted></_>
    <_>
      <rects>
        <_>
          3 44 8 5 -1.</_>
        <_>
          7 44 4 5 2.</_></rects>
      <tilted>0</tilted></_>
    <_>
      <rects>
        <_>
          4 0 2 40 -1.</_>
        <_>
          4 20 2 20 2.</_></rects>
      <tilted>0</tilted></_>
    <_>
      <rects>
        <_>
          4 24 1 4 -1.</_>
        <_>
          4 26 1 2 2.</_></rects>
      <tilted>0</tilted></_>
    <_>
      <rects>
        <_>
          4 28 9 4 -1.</_>
        <_>
          7 28 3 4 3.</_></rects>
      <tilted>0</tilted></_>
    <_>
      <rects>
        <_>
          4 30 34 9 -1.</_>
        <_>
          4 33 34 3 3.</_></rects>
      <tilted>0</tilted></_>
    <_>
      <rects>
        <_>
          4 32 15 2 -1.</_>
        <_>
          9 32 5 2 3.</_></rects>
      <tilted>0</tilted></_>
    <_>
      <rects>
        <_>
          4 33 15 18 -1.</_>
        <_>
          4 42 15 9 2.</_></rects>
      <tilted>0</tilted></_>
    <_>
      <rects>
        <_>
          4 35 9 4 -1.</_>
        <_>
          7 35 3 4 3.</_></rects>
      <tilted>0</tilted></_>
    <_>
      <rects>
        <_>
          5 6 36 2 -1.</_>
        <_>
          5 7 36 1 2.</_></rects>
      <tilted>0</tilted></_>
    <_>
      <rects>
        <_>
          5 23 10 56 -1.</_>
        <_>
          5 23 5 28 2.</_>
        <_>
          10 51 5 28 2.</_></rects>
      <tilted>0</tilted></_>
    <_>
      <rects>
        <_>
          5 34 1 2 -1.</_>
        <_>
          5 35 1 1 2.</_></rects>
      <tilted>0</tilted></_>
    <_>
      <rects>
        <_>
          5 34 10 10 -1.</_>
        <_>
          5 34 5 5 2.</_>
        <_>
          10 39 5 5 2.</_></rects>
      <tilted>0</tilted></_>
    <_>
      <rects>
        <_>
          5 71 2 6 -1.</_>
        <_>
          5 73 2 2 3.</_></rects>
      <tilted>0</tilted></_>
    <_>
      <rects>
        <_>
          6 0 12 2 -1.</_>
        <_>
          6 0 6 1 2.</_>
        <_>
          12 1 6 1 2.</_></rects>
      <tilted>0</tilted></_>
    <_>
      <rects>
        <_>
          6 15 8 14 -1.</_>
        <_>
          6 15 4 7 2.</_>
        <_>
          10 22 4 7 2.</_></rects>
      <tilted>0</tilted></_>
    <_>
      <rects>
        <_>
          6 23 12 4 -1.</_>
        <_>
          10 23 4 4 3.</_></rects>
      <tilted>0</tilted></_>
    <_>
      <rects>
        <_>
          6 28 25 9 -1.</_>
        <_>
          6 31 25 3 3.</_></rects>
      <tilted>0</tilted></_>
    <_>
      <rects>
        <_>
          6 30 32 24 -1.</_>
        <_>
          6 30 16 12 2.</_>
        <_>
          22 42 16 12 2.</_></rects>
      <tilted>0</tilted></_>
    <_>
      <rects>
        <_>
          6 38 18 14 -1.</_>
        <_>
          15 38 9 14 2.</_></rects>
      <tilted>0</tilted></_>
    <_>
      <rects>
        <_>
          6 53 21 7 -1.</_>
        <_>
          13 53 7 7 3.</_></rects>
      <tilted>0</tilted></_>
    <_>
      <rects>
        <_>
          6 53 18 16 -1.</_>
        <_>
          15 53 9 16 2.</_></rects>
      <tilted>0</tilted></_>
    <_>
      <rects>
        <_>
          6 61 19 28 -1.</_>
        <_>
          6 75 19 14 2.</_></rects>
      <tilted>0</tilted></_>
    <_>
      <rects>
        <_>
          7 21 4 16 -1.</_>
        <_>
          7 21 2 8 2.</_>
        <_>
          9 29 2 8 2.</_></rects>
      <tilted>0</tilted></_>
    <_>
      <rects>
        <_>
          7 21 34 22 -1.</_>
        <_>
          24 21 17 22 2.</_></rects>
      <tilted>0</tilted></_>
    <_>
      <rects>
        <_>
          7 28 6 32 -1.</_>
        <_>
          7 28 3 16 2.</_>
        <_>
          10 44 3 16 2.</_></rects>
      <tilted>0</tilted></_>
    <_>
      <rects>
        <_>
          7 37 9 2 -1.</_>
        <_>
          10 37 3 2 3.</_></rects>
      <tilted>0</tilted></_>
    <_>
      <rects>
        <_>
          7 62 35 3 -1.</_>
        <_>
          7 63 35 1 3.</_></rects>
      <tilted>0</tilted></_>
    <_>
      <rects>
        <_>
          8 28 28 3 -1.</_>
        <_>
          22 28 14 3 2.</_></rects>
      <tilted>0</tilted></_>
    <_>
      <rects>
        <_>
          8 33 4 15 -1.</_>
        <_>
          10 33 2 15 2.</_></rects>
      <tilted>0</tilted></_>
    <_>
      <rects>
        <_>
          8 34 35 24 -1.</_>
        <_>
          8 42 35 8 3.</_></rects>
      <tilted>0</tilted></_>
    <_>
      <rects>
        <_>
          8 38 12 1 -1.</_>
        <_>
          12 38 4 1 3.</_></rects>
      <tilted>0</tilted></_>
    <_>
      <rects>
        <_>
          8 40 2 14 -1.</_>
        <_>
          8 47 2 7 2.</_></rects>
      <tilted>0</tilted></_>
    <_>
      <rects>
        <_>
          8 40 10 8 -1.</_>
        <_>
          8 40 5 4 2.</_>
        <_>
          13 44 5 4 2.</_></rects>
      <tilted>0</tilted></_>
    <_>
      <rects>
        <_>
          8 50 8 14 -1.</_>
        <_>
          8 57 8 7 2.</_></rects>
      <tilted>0</tilted></_>
    <_>
      <rects>
        <_>
          8 60 6 27 -1.</_>
        <_>
          8 69 6 9 3.</_></rects>
      <tilted>0</tilted></_>
    <_>
      <rects>
        <_>
          9 0 33 12 -1.</_>
        <_>
          9 6 33 6 2.</_></rects>
      <tilted>0</tilted></_>
    <_>
      <rects>
        <_>
          9 25 32 19 -1.</_>
        <_>
          25 25 16 19 2.</_></rects>
      <tilted>0</tilted></_>
    <_>
      <rects>
        <_>
          9 31 8 18 -1.</_>
        <_>
          9 31 4 9 2.</_>
        <_>
          13 40 4 9 2.</_></rects>
      <tilted>0</tilted></_>
    <_>
      <rects>
        <_>
          9 39 8 6 -1.</_>
        <_>
          9 39 4 3 2.</_>
        <_>
          13 42 4 3 2.</_></rects>
      <tilted>0</tilted></_>
    <_>
      <rects>
        <_>
          9 41 2 15 -1.</_>
        <_>
          9 46 2 5 3.</_></rects>
      <tilted>0</tilted></_>
    <_>
      <rects>
        <_>
          9 43 9 22 -1.</_>
        <_>
          9 54 9 11 2.</_></rects>
      <tilted>0</tilted></_>
    <_>
      <rects>
        <_>
          9 53 4 34 -1.</_>
        <_>
          9 70 4 17 2.</_></rects>
      <tilted>0</tilted></_>
    <_>
      <rects>
        <_>
          10 14 2 24 -1.</_>
        <_>
          10 14 1 12 2.</_>
        <_>
          11 26 1 12 2.</_></rects>
      <tilted>0</tilted></_>
    <_>
      <rects>
        <_>
          10 29 18 9 -1.</_>
        <_>
          10 32 18 3 3.</_></rects>
      <tilted>0</tilted></_>
    <_>
      <rects>
        <_>
          10 30 26 14 -1.</_>
        <_>
          23 30 13 14 2.</_></rects>
      <tilted>0</tilted></_>
    <_>
      <rects>
        <_>
          10 35 9 6 -1.</_>
        <_>
          13 35 3 6 3.</_></rects>
      <tilted>0</tilted></_>
    <_>
      <rects>
        <_>
          10 43 27 1 -1.</_>
        <_>
          19 43 9 1 3.</_></rects>
      <tilted>0</tilted></_>
    <_>
      <rects>
        <_>
          11 2 2 6 -1.</_>
        <_>
          11 2 1 3 2.</_>
        <_>
          12 5 1 3 2.</_></rects>
      <tilted>0</tilted></_>
    <_>
      <rects>
        <_>
          11 22 4 12 -1.</_>
        <_>
          11 22 2 6 2.</_>
        <_>
          13 28 2 6 2.</_></rects>
      <tilted>0</tilted></_>
    <_>
      <rects>
        <_>
          11 24 1 2 -1.</_>
        <_>
          11 25 1 1 2.</_></rects>
      <tilted>0</tilted></_>
    <_>
      <rects>
        <_>
          11 24 25 48 -1.</_>
        <_>
          11 48 25 24 2.</_></rects>
      <tilted>0</tilted></_>
    <_>
      <rects>
        <_>
          11 28 12 12 -1.</_>
        <_>
          11 32 12 4 3.</_></rects>
      <tilted>0</tilted></_>
    <_>
      <rects>
        <_>
          11 30 8 14 -1.</_>
        <_>
          11 30 4 7 2.</_>
        <_>
          15 37 4 7 2.</_></rects>
      <tilted>0</tilted></_>
    <_>
      <rects>
        <_>
          11 32 24 28 -1.</_>
        <_>
          23 32 12 28 2.</_></rects>
      <tilted>0</tilted></_>
    <_>
      <rects>
        <_>
          12 0 12 69 -1.</_>
        <_>
          12 23 12 23 3.</_></rects>
      <tilted>0</tilted></_>
    <_>
      <rects>
        <_>
          12 3 4 4 -1.</_>
        <_>
          12 3 2 2 2.</_>
        <_>
          14 5 2 2 2.</_></rects>
      <tilted>0</tilted></_>
    <_>
      <rects>
        <_>
          12 17 18 27 -1.</_>
        <_>
          12 26 18 9 3.</_></rects>
      <tilted>0</tilted></_>
    <_>
      <rects>
        <_>
          12 24 9 12 -1.</_>
        <_>
          15 24 3 12 3.</_></rects>
      <tilted>0</tilted></_>
    <_>
      <rects>
        <_>
          12 41 6 28 -1.</_>
        <_>
          12 55 6 14 2.</_></rects>
      <tilted>0</tilted></_>
    <_>
      <rects>
        <_>
          12 51 6 24 -1.</_>
        <_>
          12 59 6 8 3.</_></rects>
      <tilted>0</tilted></_>
    <_>
      <rects>
        <_>
          13 23 4 16 -1.</_>
        <_>
          13 23 2 8 2.</_>
        <_>
          15 31 2 8 2.</_></rects>
      <tilted>0</tilted></_>
    <_>
      <rects>
        <_>
          13 25 2 58 -1.</_>
        <_>
          13 25 1 29 2.</_>
        <_>
          14 54 1 29 2.</_></rects>
      <tilted>0</tilted></_>
    <_>
      <rects>
        <_>
          13 25 4 14 -1.</_>
        <_>
          13 25 2 7 2.</_>
        <_>
          15 32 2 7 2.</_></rects>
      <tilted>0</tilted></_>
    <_>
      <rects>
        <_>
          13 27 6 7 -1.</_>
        <_>
          15 27 2 7 3.</_></rects>
      <tilted>0</tilted></_>
    <_>
      <rects>
        <_>
          13 29 9 3 -1.</_>
        <_>
          16 29 3 3 3.</_></rects>
      <tilted>0</tilted></_>
    <_>
      <rects>
        <_>
          13 31 9 7 -1.</_>
        <_>
          16 31 3 7 3.</_></rects>
      <tilted>0</tilted></_>
    <_>
      <rects>
        <_>
          13 41 22 22 -1.</_>
        <_>
          24 41 11 22 2.</_></rects>
      <tilted>0</tilted></_>
    <_>
      <rects>
        <_>
          14 0 20 81 -1.</_>
        <_>
          14 27 20 27 3.</_></rects>
      <tilted>0</tilted></_>
    <_>
      <rects>
        <_>
          14 1 19 4 -1.</_>
        <_>
          14 3 19 2 2.</_></rects>
      <tilted>0</tilted></_>
    <_>
      <rects>
        <_>
          14 16 2 1 -1.</_>
        <_>
          15 16 1 1 2.</_></rects>
      <tilted>0</tilted></_>
    <_>
      <rects>
        <_>
          14 23 1 20 -1.</_>
        <_>
          14 33 1 10 2.</_></rects>
      <tilted>0</tilted></_>
    <_>
      <rects>
        <_>
          14 27 6 10 -1.</_>
        <_>
          16 27 2 10 3.</_></rects>
      <tilted>0</tilted></_>
    <_>
      <rects>
        <_>
          14 35 16 27 -1.</_>
        <_>
          22 35 8 27 2.</_></rects>
      <tilted>0</tilted></_>
    <_>
      <rects>
        <_>
          15 4 4 1 -1.</_>
        <_>
          17 4 2 1 2.</_></rects>
      <tilted>0</tilted></_>
    <_>
      <rects>
        <_>
          15 27 15 12 -1.</_>
        <_>
          15 31 15 4 3.</_></rects>
      <tilted>0</tilted></_>
    <_>
      <rects>
        <_>
          15 31 12 8 -1.</_>
        <_>
          19 31 4 8 3.</_></rects>
      <tilted>0</tilted></_>
    <_>
      <rects>
        <_>
          15 31 24 6 -1.</_>
        <_>
          27 31 12 6 2.</_></rects>
      <tilted>0</tilted></_>
    <_>
      <rects>
        <_>
          16 9 23 3 -1.</_>
        <_>
          16 10 23 1 3.</_></rects>
      <tilted>0</tilted></_>
    <_>
      <rects>
        <_>
          16 26 6 23 -1.</_>
        <_>
          18 26 2 23 3.</_></rects>
      <tilted>0</tilted></_>
    <_>
      <rects>
        <_>
          16 31 6 9 -1.</_>
        <_>
          19 31 3 9 2.</_></rects>
      <tilted>0</tilted></_>
    <_>
      <rects>
        <_>
          16 37 22 12 -1.</_>
        <_>
          27 37 11 12 2.</_></rects>
      <tilted>0</tilted></_>
    <_>
      <rects>
        <_>
          16 41 9 9 -1.</_>
        <_>
          19 41 3 9 3.</_></rects>
      <tilted>0</tilted></_>
    <_>
      <rects>
        <_>
          17 9 12 13 -1.</_>
        <_>
          23 9 6 13 2.</_></rects>
      <tilted>0</tilted></_>
    <_>
      <rects>
        <_>
          17 28 6 4 -1.</_>
        <_>
          19 28 2 4 3.</_></rects>
      <tilted>0</tilted></_>
    <_>
      <rects>
        <_>
          17 41 11 3 -1.</_>
        <_>
          17 42 11 1 3.</_></rects>
      <tilted>0</tilted></_>
    <_>
      <rects>
        <_>
          18 1 1 3 -1.</_>
        <_>
          18 2 1 1 3.</_></rects>
      <tilted>0</tilted></_>
    <_>
      <rects>
        <_>
          18 15 1 2 -1.</_>
        <_>
          18 16 1 1 2.</_></rects>
      <tilted>0</tilted></_>
    <_>
      <rects>
        <_>
          18 27 9 14 -1.</_>
        <_>
          21 27 3 14 3.</_></rects>
      <tilted>0</tilted></_>
    <_>
      <rects>
        <_>
          18 29 12 7 -1.</_>
        <_>
          22 29 4 7 3.</_></rects>
      <tilted>0</tilted></_>
    <_>
      <rects>
        <_>
          18 32 6 11 -1.</_>
        <_>
          20 32 2 11 3.</_></rects>
      <tilted>0</tilted></_>
    <_>
      <rects>
        <_>
          18 35 12 2 -1.</_>
        <_>
          22 35 4 2 3.</_></rects>
      <tilted>0</tilted></_>
    <_>
      <rects>
        <_>
          19 20 1 2 -1.</_>
        <_>
          19 21 1 1 2.</_></rects>
      <tilted>0</tilted></_>
    <_>
      <rects>
        <_>
          19 20 14 18 -1.</_>
        <_>
          19 29 14 9 2.</_></rects>
      <tilted>0</tilted></_>
    <_>
      <rects>
        <_>
          19 22 12 10 -1.</_>
        <_>
          23 22 4 10 3.</_></rects>
      <tilted>0</tilted></_>
    <_>
      <rects>
        <_>
          19 24 16 33 -1.</_>
        <_>
          19 35 16 11 3.</_></rects>
      <tilted>0</tilted></_>
    <_>
      <rects>
        <_>
          19 25 12 24 -1.</_>
        <_>
          19 33 12 8 3.</_></rects>
      <tilted>0</tilted></_>
    <_>
      <rects>
        <_>
          19 29 6 5 -1.</_>
        <_>
          21 29 2 5 3.</_></rects>
      <tilted>0</tilted></_>
    <_>
      <rects>
        <_>
          19 33 1 6 -1.</_>
        <_>
          19 35 1 2 3.</_></rects>
      <tilted>0</tilted></_>
    <_>
      <rects>
        <_>
          19 34 6 5 -1.</_>
        <_>
          22 34 3 5 2.</_></rects>
      <tilted>0</tilted></_>
    <_>
      <rects>
        <_>
          19 41 1 12 -1.</_>
        <_>
          19 47 1 6 2.</_></rects>
      <tilted>0</tilted></_>
    <_>
      <rects>
        <_>
          19 41 6 7 -1.</_>
        <_>
          22 41 3 7 2.</_></rects>
      <tilted>0</tilted></_>
    <_>
      <rects>
        <_>
          19 42 6 5 -1.</_>
        <_>
          22 42 3 5 2.</_></rects>
      <tilted>0</tilted></_>
    <_>
      <rects>
        <_>
          19 44 2 2 -1.</_>
        <_>
          20 44 1 2 2.</_></rects>
      <tilted>0</tilted></_>
    <_>
      <rects>
        <_>
          19 44 4 6 -1.</_>
        <_>
          21 44 2 6 2.</_></rects>
      <tilted>0</tilted></_>
    <_>
      <rects>
        <_>
          19 52 6 16 -1.</_>
        <_>
          22 52 3 16 2.</_></rects>
      <tilted>0</tilted></_>
    <_>
      <rects>
        <_>
          19 53 14 14 -1.</_>
        <_>
          19 53 7 7 2.</_>
        <_>
          26 60 7 7 2.</_></rects>
      <tilted>0</tilted></_>
    <_>
      <rects>
        <_>
          19 59 4 11 -1.</_>
        <_>
          21 59 2 11 2.</_></rects>
      <tilted>0</tilted></_>
    <_>
      <rects>
        <_>
          20 28 6 8 -1.</_>
        <_>
          22 28 2 8 3.</_></rects>
      <tilted>0</tilted></_>
    <_>
      <rects>
        <_>
          20 29 9 2 -1.</_>
        <_>
          23 29 3 2 3.</_></rects>
      <tilted>0</tilted></_>
    <_>
      <rects>
        <_>
          20 30 6 10 -1.</_>
        <_>
          23 30 3 10 2.</_></rects>
      <tilted>0</tilted></_>
    <_>
      <rects>
        <_>
          20 32 4 12 -1.</_>
        <_>
          20 36 4 4 3.</_></rects>
      <tilted>0</tilted></_>
    <_>
      <rects>
        <_>
          20 38 14 10 -1.</_>
        <_>
          27 38 7 10 2.</_></rects>
      <tilted>0</tilted></_>
    <_>
      <rects>
        <_>
          20 42 3 5 -1.</_>
        <_>
          21 42 1 5 3.</_></rects>
      <tilted>0</tilted></_>
    <_>
      <rects>
        <_>
          20 42 3 8 -1.</_>
        <_>
          20 46 3 4 2.</_></rects>
      <tilted>0</tilted></_>
    <_>
      <rects>
        <_>
          20 43 2 2 -1.</_>
        <_>
          21 43 1 2 2.</_></rects>
      <tilted>0</tilted></_>
    <_>
      <rects>
        <_>
          20 45 2 1 -1.</_>
        <_>
          21 45 1 1 2.</_></rects>
      <tilted>0</tilted></_>
    <_>
      <rects>
        <_>
          20 45 3 1 -1.</_>
        <_>
          21 45 1 1 3.</_></rects>
      <tilted>0</tilted></_>
    <_>
      <rects>
        <_>
          20 46 4 1 -1.</_>
        <_>
          22 46 2 1 2.</_></rects>
      <tilted>0</tilted></_>
    <_>
      <rects>
        <_>
          21 0 19 81 -1.</_>
        <_>
          21 27 19 27 3.</_></rects>
      <tilted>0</tilted></_>
    <_>
      <rects>
        <_>
          21 14 6 36 -1.</_>
        <_>
          21 14 3 18 2.</_>
        <_>
          24 32 3 18 2.</_></rects>
      <tilted>0</tilted></_>
    <_>
      <rects>
        <_>
          21 17 15 2 -1.</_>
        <_>
          26 17 5 2 3.</_></rects>
      <tilted>0</tilted></_>
    <_>
      <rects>
        <_>
          21 23 12 30 -1.</_>
        <_>
          21 33 12 10 3.</_></rects>
      <tilted>0</tilted></_>
    <_>
      <rects>
        <_>
          21 25 6 2 -1.</_>
        <_>
          23 25 2 2 3.</_></rects>
      <tilted>0</tilted></_>
    <_>
      <rects>
        <_>
          21 25 9 6 -1.</_>
        <_>
          24 25 3 6 3.</_></rects>
      <tilted>0</tilted></_>
    <_>
      <rects>
        <_>
          21 27 14 10 -1.</_>
        <_>
          21 32 14 5 2.</_></rects>
      <tilted>0</tilted></_>
    <_>
      <rects>
        <_>
          21 28 10 10 -1.</_>
        <_>
          21 33 10 5 2.</_></rects>
      <tilted>0</tilted></_>
    <_>
      <rects>
        <_>
          21 40 2 6 -1.</_>
        <_>
          22 40 1 6 2.</_></rects>
      <tilted>0</tilted></_>
    <_>
      <rects>
        <_>
          21 43 1 4 -1.</_>
        <_>
          21 45 1 2 2.</_></rects>
      <tilted>0</tilted></_>
    <_>
      <rects>
        <_>
          21 45 4 1 -1.</_>
        <_>
          23 45 2 1 2.</_></rects>
      <tilted>0</tilted></_>
    <_>
      <rects>
        <_>
          21 46 2 2 -1.</_>
        <_>
          21 47 2 1 2.</_></rects>
      <tilted>0</tilted></_>
    <_>
      <rects>
        <_>
          21 47 4 4 -1.</_>
        <_>
          21 47 2 2 2.</_>
        <_>
          23 49 2 2 2.</_></rects>
      <tilted>0</tilted></_>
    <_>
      <rects>
        <_>
          22 19 9 14 -1.</_>
        <_>
          25 19 3 14 3.</_></rects>
      <tilted>0</tilted></_>
    <_>
      <rects>
        <_>
          22 20 1 2 -1.</_>
        <_>
          22 21 1 1 2.</_></rects>
      <tilted>0</tilted></_>
    <_>
      <rects>
        <_>
          22 23 6 11 -1.</_>
        <_>
          25 23 3 11 2.</_></rects>
      <tilted>0</tilted></_>
    <_>
      <rects>
        <_>
          22 31 6 6 -1.</_>
        <_>
          24 31 2 6 3.</_></rects>
      <tilted>0</tilted></_>
    <_>
      <rects>
        <_>
          22 35 2 15 -1.</_>
        <_>
          23 35 1 15 2.</_></rects>
      <tilted>0</tilted></_>
    <_>
      <rects>
        <_>
          22 35 20 24 -1.</_>
        <_>
          22 43 20 8 3.</_></rects>
      <tilted>0</tilted></_>
    <_>
      <rects>
        <_>
          22 40 6 8 -1.</_>
        <_>
          25 40 3 8 2.</_></rects>
      <tilted>0</tilted></_>
    <_>
      <rects>
        <_>
          22 42 8 2 -1.</_>
        <_>
          22 42 4 1 2.</_>
        <_>
          26 43 4 1 2.</_></rects>
      <tilted>0</tilted></_>
    <_>
      <rects>
        <_>
          22 42 6 9 -1.</_>
        <_>
          22 45 6 3 3.</_></rects>
      <tilted>0</tilted></_>
    <_>
      <rects>
        <_>
          23 19 3 2 -1.</_>
        <_>
          24 19 1 2 3.</_></rects>
      <tilted>0</tilted></_>
    <_>
      <rects>
        <_>
          23 22 6 5 -1.</_>
        <_>
          25 22 2 5 3.</_></rects>
      <tilted>0</tilted></_>
    <_>
      <rects>
        <_>
          23 25 8 32 -1.</_>
        <_>
          23 25 4 16 2.</_>
        <_>
          27 41 4 16 2.</_></rects>
      <tilted>0</tilted></_>
    <_>
      <rects>
        <_>
          23 26 2 27 -1.</_>
        <_>
          24 26 1 27 2.</_></rects>
      <tilted>0</tilted></_>
    <_>
      <rects>
        <_>
          23 27 6 8 -1.</_>
        <_>
          25 27 2 8 3.</_></rects>
      <tilted>0</tilted></_>
    <_>
      <rects>
        <_>
          23 33 6 6 -1.</_>
        <_>
          25 33 2 6 3.</_></rects>
      <tilted>0</tilted></_>
    <_>
      <rects>
        <_>
          23 33 9 2 -1.</_>
        <_>
          26 33 3 2 3.</_></rects>
      <tilted>0</tilted></_>
    <_>
      <rects>
        <_>
          23 41 1 3 -1.</_>
        <_>
          23 42 1 1 3.</_></rects>
      <tilted>0</tilted></_>
    <_>
      <rects>
        <_>
          23 44 1 6 -1.</_>
        <_>
          23 47 1 3 2.</_></rects>
      <tilted>0</tilted></_>
    <_>
      <rects>
        <_>
          24 1 3 18 -1.</_>
        <_>
          24 7 3 6 3.</_></rects>
      <tilted>0</tilted></_>
    <_>
      <rects>
        <_>
          24 16 4 20 -1.</_>
        <_>
          24 16 2 10 2.</_>
        <_>
          26 26 2 10 2.</_></rects>
      <tilted>0</tilted></_>
    <_>
      <rects>
        <_>
          24 29 6 7 -1.</_>
        <_>
          26 29 2 7 3.</_></rects>
      <tilted>0</tilted></_>
    <_>
      <rects>
        <_>
          24 37 6 10 -1.</_>
        <_>
          24 37 3 5 2.</_>
        <_>
          27 42 3 5 2.</_></rects>
      <tilted>0</tilted></_>
    <_>
      <rects>
        <_>
          24 42 2 6 -1.</_>
        <_>
          24 45 2 3 2.</_></rects>
      <tilted>0</tilted></_>
    <_>
      <rects>
        <_>
          25 13 8 74 -1.</_>
        <_>
          25 50 8 37 2.</_></rects>
      <tilted>0</tilted></_>
    <_>
      <rects>
        <_>
          25 40 10 4 -1.</_>
        <_>
          25 40 5 2 2.</_>
        <_>
          30 42 5 2 2.</_></rects>
      <tilted>0</tilted></_>
    <_>
      <rects>
        <_>
          25 42 6 15 -1.</_>
        <_>
          27 42 2 15 3.</_></rects>
      <tilted>0</tilted></_>
    <_>
      <rects>
        <_>
          25 48 15 9 -1.</_>
        <_>
          25 51 15 3 3.</_></rects>
      <tilted>0</tilted></_>
    <_>
      <rects>
        <_>
          26 31 3 18 -1.</_>
        <_>
          27 31 1 18 3.</_></rects>
      <tilted>0</tilted></_>
    <_>
      <rects>
        <_>
          26 32 3 9 -1.</_>
        <_>
          27 32 1 9 3.</_></rects>
      <tilted>0</tilted></_>
    <_>
      <rects>
        <_>
          26 50 6 5 -1.</_>
        <_>
          28 50 2 5 3.</_></rects>
      <tilted>0</tilted></_>
    <_>
      <rects>
        <_>
          27 0 3 18 -1.</_>
        <_>
          27 9 3 9 2.</_></rects>
      <tilted>0</tilted></_>
    <_>
      <rects>
        <_>
          27 21 9 8 -1.</_>
        <_>
          30 21 3 8 3.</_></rects>
      <tilted>0</tilted></_>
    <_>
      <rects>
        <_>
          27 23 2 37 -1.</_>
        <_>
          28 23 1 37 2.</_></rects>
      <tilted>0</tilted></_>
    <_>
      <rects>
        <_>
          27 24 9 5 -1.</_>
        <_>
          30 24 3 5 3.</_></rects>
      <tilted>0</tilted></_>
    <_>
      <rects>
        <_>
          27 33 6 8 -1.</_>
        <_>
          29 33 2 8 3.</_></rects>
      <tilted>0</tilted></_>
    <_>
      <rects>
        <_>
          27 33 9 7 -1.</_>
        <_>
          30 33 3 7 3.</_></rects>
      <tilted>0</tilted></_>
    <_>
      <rects>
        <_>
          27 35 9 5 -1.</_>
        <_>
          30 35 3 5 3.</_></rects>
      <tilted>0</tilted></_>
    <_>
      <rects>
        <_>
          27 43 12 4 -1.</_>
        <_>
          27 43 6 2 2.</_>
        <_>
          33 45 6 2 2.</_></rects>
      <tilted>0</tilted></_>
    <_>
      <rects>
        <_>
          27 45 9 3 -1.</_>
        <_>
          30 45 3 3 3.</_></rects>
      <tilted>0</tilted></_>
    <_>
      <rects>
        <_>
          28 27 6 1 -1.</_>
        <_>
          30 27 2 1 3.</_></rects>
      <tilted>0</tilted></_>
    <_>
      <rects>
        <_>
          28 33 6 4 -1.</_>
        <_>
          30 33 2 4 3.</_></rects>
      <tilted>0</tilted></_>
    <_>
      <rects>
        <_>
          28 35 9 4 -1.</_>
        <_>
          31 35 3 4 3.</_></rects>
      <tilted>0</tilted></_>
    <_>
      <rects>
        <_>
          28 35 14 38 -1.</_>
        <_>
          28 35 7 19 2.</_>
        <_>
          35 54 7 19 2.</_></rects>
      <tilted>0</tilted></_>
    <_>
      <rects>
        <_>
          28 37 6 4 -1.</_>
        <_>
          30 37 2 4 3.</_></rects>
      <tilted>0</tilted></_>
    <_>
      <rects>
        <_>
          28 41 2 10 -1.</_>
        <_>
          28 41 1 5 2.</_>
        <_>
          29 46 1 5 2.</_></rects>
      <tilted>0</tilted></_>
    <_>
      <rects>
        <_>
          29 1 6 22 -1.</_>
        <_>
          29 12 6 11 2.</_></rects>
      <tilted>0</tilted></_>
    <_>
      <rects>
        <_>
          29 14 1 2 -1.</_>
        <_>
          29 15 1 1 2.</_></rects>
      <tilted>0</tilted></_>
    <_>
      <rects>
        <_>
          29 27 9 7 -1.</_>
        <_>
          32 27 3 7 3.</_></rects>
      <tilted>0</tilted></_>
    <_>
      <rects>
        <_>
          29 31 9 3 -1.</_>
        <_>
          32 31 3 3 3.</_></rects>
      <tilted>0</tilted></_>
    <_>
      <rects>
        <_>
          29 41 14 46 -1.</_>
        <_>
          29 41 7 23 2.</_>
        <_>
          36 64 7 23 2.</_></rects>
      <tilted>0</tilted></_>
    <_>
      <rects>
        <_>
          29 55 5 32 -1.</_>
        <_>
          29 71 5 16 2.</_></rects>
      <tilted>0</tilted></_>
    <_>
      <rects>
        <_>
          30 29 9 6 -1.</_>
        <_>
          33 29 3 6 3.</_></rects>
      <tilted>0</tilted></_>
    <_>
      <rects>
        <_>
          30 50 10 3 -1.</_>
        <_>
          35 50 5 3 2.</_></rects>
      <tilted>0</tilted></_>
    <_>
      <rects>
        <_>
          30 51 8 20 -1.</_>
        <_>
          34 51 4 20 2.</_></rects>
      <tilted>0</tilted></_>
    <_>
      <rects>
        <_>
          31 0 3 4 -1.</_>
        <_>
          31 2 3 2 2.</_></rects>
      <tilted>0</tilted></_>
    <_>
      <rects>
        <_>
          31 42 12 2 -1.</_>
        <_>
          35 42 4 2 3.</_></rects>
      <tilted>0</tilted></_>
    <_>
      <rects>
        <_>
          32 3 8 37 -1.</_>
        <_>
          36 3 4 37 2.</_></rects>
      <tilted>0</tilted></_>
    <_>
      <rects>
        <_>
          32 8 2 1 -1.</_>
        <_>
          33 8 1 1 2.</_></rects>
      <tilted>0</tilted></_>
    <_>
      <rects>
        <_>
          32 43 6 5 -1.</_>
        <_>
          35 43 3 5 2.</_></rects>
      <tilted>0</tilted></_>
    <_>
      <rects>
        <_>
          32 47 10 4 -1.</_>
        <_>
          37 47 5 4 2.</_></rects>
      <tilted>0</tilted></_>
    <_>
      <rects>
        <_>
          33 5 10 80 -1.</_>
        <_>
          33 5 5 40 2.</_>
        <_>
          38 45 5 40 2.</_></rects>
      <tilted>0</tilted></_>
    <_>
      <rects>
        <_>
          34 1 2 2 -1.</_>
        <_>
          34 1 1 1 2.</_>
        <_>
          35 2 1 1 2.</_></rects>
      <tilted>0</tilted></_>
    <_>
      <rects>
        <_>
          34 39 6 9 -1.</_>
        <_>
          34 42 6 3 3.</_></rects>
      <tilted>0</tilted></_>
    <_>
      <rects>
        <_>
          35 22 2 22 -1.</_>
        <_>
          35 22 1 11 2.</_>
        <_>
          36 33 1 11 2.</_></rects>
      <tilted>0</tilted></_>
    <_>
      <rects>
        <_>
          35 40 6 5 -1.</_>
        <_>
          38 40 3 5 2.</_></rects>
      <tilted>0</tilted></_>
    <_>
      <rects>
        <_>
          35 47 8 18 -1.</_>
        <_>
          39 47 4 18 2.</_></rects>
      <tilted>0</tilted></_>
    <_>
      <rects>
        <_>
          36 51 5 3 -1.</_>
        <_>
          36 52 5 1 3.</_></rects>
      <tilted>0</tilted></_>
    <_>
      <rects>
        <_>
          37 18 4 18 -1.</_>
        <_>
          37 18 2 9 2.</_>
        <_>
          39 27 2 9 2.</_></rects>
      <tilted>0</tilted></_>
    <_>
      <rects>
        <_>
          38 40 1 2 -1.</_>
        <_>
          38 41 1 1 2.</_></rects>
      <tilted>0</tilted></_>
    <_>
      <rects>
        <_>
          38 47 4 18 -1.</_>
        <_>
          38 47 2 9 2.</_>
        <_>
          40 56 2 9 2.</_></rects>
      <tilted>0</tilted></_>
    <_>
      <rects>
        <_>
          38 56 1 2 -1.</_>
        <_>
          38 57 1 1 2.</_></rects>
      <tilted>0</tilted></_>
    <_>
      <rects>
        <_>
          39 13 1 72 -1.</_>
        <_>
          39 37 1 24 3.</_></rects>
      <tilted>0</tilted></_>
    <_>
      <rects>
        <_>
          39 37 2 2 -1.</_>
        <_>
          39 38 2 1 2.</_></rects>
      <tilted>0</tilted></_>
    <_>
      <rects>
        <_>
          39 44 2 9 -1.</_>
        <_>
          39 47 2 3 3.</_></rects>
      <tilted>0</tilted></_>
    <_>
      <rects>
        <_>
          39 49 1 3 -1.</_>
        <_>
          39 50 1 1 3.</_></rects>
      <tilted>0</tilted></_>
    <_>
      <rects>
        <_>
          40 32 2 9 -1.</_>
        <_>
          41 32 1 9 2.</_></rects>
      <tilted>0</tilted></_>
    <_>
      <rects>
        <_>
          41 35 2 27 -1.</_>
        <_>
          42 35 1 27 2.</_></rects>
      <tilted>0</tilted></_>
    <_>
      <rects>
        <_>
          41 36 2 48 -1.</_>
        <_>
          42 36 1 48 2.</_></rects>
      <tilted>0</tilted></_></features></cascade>
</opencv_storage>
