<?xml version="1.0"?>
<opencv_storage>
<cascade>
  <stageType>BOOST</stageType>
  <featureType>HAAR</featureType>
  <height>12</height>
  <width>96</width>
  <stageParams>
    <boostType>GAB</boostType>
    <minHitRate>9.9900001287460327e-01</minHitRate>
    <maxFalseAlarm>5.0000000000000000e-01</maxFalseAlarm>
    <weightTrimRate>9.4999999999999996e-01</weightTrimRate>
    <maxDepth>1</maxDepth>
    <maxWeakCount>100</maxWeakCount></stageParams>
  <featureParams>
    <maxCatCount>0</maxCatCount>
    <featSize>1</featSize>
    <mode>BASIC</mode></featureParams>
  <stageNum>20</stageNum>
  <stages>
    <!-- stage 0 -->
    <_>
      <maxWeakCount>4</maxWeakCount>
      <stageThreshold>-6.2862294912338257e-01</stageThreshold>
      <weakClassifiers>
        <_>
          <internalNodes>
            0 -1 19 2.9376948252320290e-02</internalNodes>
          <leafValues>
            -5.0458717346191406e-01 8.2309579849243164e-01</leafValues></_>
        <_>
          <internalNodes>
            0 -1 101 -8.8592991232872009e-04</internalNodes>
          <leafValues>
            6.6430848836898804e-01 -5.8227193355560303e-01</leafValues></_>
        <_>
          <internalNodes>
            0 -1 62 2.3277755826711655e-02</internalNodes>
          <leafValues>
            -3.7664845585823059e-01 8.1500422954559326e-01</leafValues></_>
        <_>
          <internalNodes>
            0 -1 150 2.8143997769802809e-04</internalNodes>
          <leafValues>
            -3.5676807165145874e-01 8.6063486337661743e-01</leafValues></_></weakClassifiers></_>
    <!-- stage 1 -->
    <_>
      <maxWeakCount>7</maxWeakCount>
      <stageThreshold>-7.7136926352977753e-02</stageThreshold>
      <weakClassifiers>
        <_>
          <internalNodes>
            0 -1 78 -2.1462175063788891e-03</internalNodes>
          <leafValues>
            8.5889571905136108e-01 -1.8394649028778076e-01</leafValues></_>
        <_>
          <internalNodes>
            0 -1 58 -1.2809619307518005e-02</internalNodes>
          <leafValues>
            6.3316220045089722e-01 -5.1822000741958618e-01</leafValues></_>
        <_>
          <internalNodes>
            0 -1 65 5.2925385534763336e-03</internalNodes>
          <leafValues>
            -3.2350155711174011e-01 8.5795664787292480e-01</leafValues></_>
        <_>
          <internalNodes>
            0 -1 174 1.2135699391365051e-02</internalNodes>
          <leafValues>
            -3.4669229388237000e-01 8.4520053863525391e-01</leafValues></_>
        <_>
          <internalNodes>
            0 -1 26 2.9324743896722794e-02</internalNodes>
          <leafValues>
            -2.7229127287864685e-01 8.2175755500793457e-01</leafValues></_>
        <_>
          <internalNodes>
            0 -1 150 1.7049870803020895e-04</internalNodes>
          <leafValues>
            -3.3644112944602966e-01 7.0675146579742432e-01</leafValues></_>
        <_>
          <internalNodes>
            0 -1 74 4.4132587499916553e-03</internalNodes>
          <leafValues>
            -2.9026859998703003e-01 9.0056234598159790e-01</leafValues></_></weakClassifiers></_>
    <!-- stage 2 -->
    <_>
      <maxWeakCount>10</maxWeakCount>
      <stageThreshold>-9.0269654989242554e-01</stageThreshold>
      <weakClassifiers>
        <_>
          <internalNodes>
            0 -1 8 3.5026095807552338e-02</internalNodes>
          <leafValues>
            -6.4705885946750641e-02 8.6666667461395264e-01</leafValues></_>
        <_>
          <internalNodes>
            0 -1 136 -1.6918469918891788e-03</internalNodes>
          <leafValues>
            7.8915262222290039e-01 -1.7953257262706757e-01</leafValues></_>
        <_>
          <internalNodes>
            0 -1 194 2.5861808098852634e-03</internalNodes>
          <leafValues>
            -1.8800304830074310e-01 8.8128960132598877e-01</leafValues></_>
        <_>
          <internalNodes>
            0 -1 94 -3.9682686328887939e-03</internalNodes>
          <leafValues>
            4.2299312353134155e-01 -4.7043016552925110e-01</leafValues></_>
        <_>
          <internalNodes>
            0 -1 214 1.1031471192836761e-02</internalNodes>
          <leafValues>
            -2.1222464740276337e-01 9.5838212966918945e-01</leafValues></_>
        <_>
          <internalNodes>
            0 -1 93 4.0595903992652893e-03</internalNodes>
          <leafValues>
            -2.8675866127014160e-01 5.8216685056686401e-01</leafValues></_>
        <_>
          <internalNodes>
            0 -1 99 5.0942471716552973e-04</internalNodes>
          <leafValues>
            -2.0098495483398438e-01 8.1380069255828857e-01</leafValues></_>
        <_>
          <internalNodes>
            0 -1 87 -1.2645937968045473e-03</internalNodes>
          <leafValues>
            7.2755205631256104e-01 -2.5674656033515930e-01</leafValues></_>
        <_>
          <internalNodes>
            0 -1 132 8.6035849526524544e-03</internalNodes>
          <leafValues>
            2.5065201520919800e-01 -8.1161224842071533e-01</leafValues></_>
        <_>
          <internalNodes>
            0 -1 138 6.8761664442718029e-04</internalNodes>
          <leafValues>
            -4.6456885337829590e-01 3.6965611577033997e-01</leafValues></_></weakClassifiers></_>
    <!-- stage 3 -->
    <_>
      <maxWeakCount>11</maxWeakCount>
      <stageThreshold>-7.4700039625167847e-01</stageThreshold>
      <weakClassifiers>
        <_>
          <internalNodes>
            0 -1 49 1.6170188784599304e-02</internalNodes>
          <leafValues>
            -9.6774190664291382e-02 7.2832369804382324e-01</leafValues></_>
        <_>
          <internalNodes>
            0 -1 192 -1.1652499670162797e-03</internalNodes>
          <leafValues>
            4.6663540601730347e-01 -4.0660724043846130e-01</leafValues></_>
        <_>
          <internalNodes>
            0 -1 212 -8.1450389698147774e-03</internalNodes>
          <leafValues>
            5.0560009479522705e-01 -3.1132817268371582e-01</leafValues></_>
        <_>
          <internalNodes>
            0 -1 111 -9.3194852524902672e-05</internalNodes>
          <leafValues>
            -5.4513388872146606e-01 2.9384374618530273e-01</leafValues></_>
        <_>
          <internalNodes>
            0 -1 141 -4.3298033997416496e-03</internalNodes>
          <leafValues>
            1. -2.1266488730907440e-01</leafValues></_>
        <_>
          <internalNodes>
            0 -1 157 1.2199247721582651e-03</internalNodes>
          <leafValues>
            -2.4714551866054535e-01 5.6804478168487549e-01</leafValues></_>
        <_>
          <internalNodes>
            0 -1 137 -4.2992920498363674e-04</internalNodes>
          <leafValues>
            4.0232366323471069e-01 -5.3031516075134277e-01</leafValues></_>
        <_>
          <internalNodes>
            0 -1 208 5.2005547331646085e-05</internalNodes>
          <leafValues>
            2.6473727822303772e-01 -6.5190768241882324e-01</leafValues></_>
        <_>
          <internalNodes>
            0 -1 181 8.7731785606592894e-04</internalNodes>
          <leafValues>
            -2.2502487897872925e-01 8.6337262392044067e-01</leafValues></_>
        <_>
          <internalNodes>
            0 -1 154 1.6850782558321953e-02</internalNodes>
          <leafValues>
            2.3011364042758942e-01 -8.9774233102798462e-01</leafValues></_>
        <_>
          <internalNodes>
            0 -1 133 2.5746449828147888e-03</internalNodes>
          <leafValues>
            -2.8753057122230530e-01 7.3672026395797729e-01</leafValues></_></weakClassifiers></_>
    <!-- stage 4 -->
    <_>
      <maxWeakCount>12</maxWeakCount>
      <stageThreshold>-4.1367906332015991e-01</stageThreshold>
      <weakClassifiers>
        <_>
          <internalNodes>
            0 -1 25 4.5930996537208557e-02</internalNodes>
          <leafValues>
            -3.3701658248901367e-01 6.4414411783218384e-01</leafValues></_>
        <_>
          <internalNodes>
            0 -1 55 -1.3027168810367584e-02</internalNodes>
          <leafValues>
            8.0112272500991821e-01 -1.5085522830486298e-01</leafValues></_>
        <_>
          <internalNodes>
            0 -1 162 -2.3564405273646116e-03</internalNodes>
          <leafValues>
            8.7746351957321167e-01 -1.4267426729202271e-01</leafValues></_>
        <_>
          <internalNodes>
            0 -1 84 -3.4865611232817173e-03</internalNodes>
          <leafValues>
            6.0561853647232056e-01 -2.6298329234123230e-01</leafValues></_>
        <_>
          <internalNodes>
            0 -1 56 1.7336353193968534e-03</internalNodes>
          <leafValues>
            -2.6368281245231628e-01 5.8701860904693604e-01</leafValues></_>
        <_>
          <internalNodes>
            0 -1 152 -2.9601245187222958e-03</internalNodes>
          <leafValues>
            8.0415576696395874e-01 -1.8651224672794342e-01</leafValues></_>
        <_>
          <internalNodes>
            0 -1 68 -1.6895722597837448e-02</internalNodes>
          <leafValues>
            6.6231858730316162e-01 -1.7819109559059143e-01</leafValues></_>
        <_>
          <internalNodes>
            0 -1 148 1.6379138105548918e-04</internalNodes>
          <leafValues>
            -3.7766110897064209e-01 4.2403045296669006e-01</leafValues></_>
        <_>
          <internalNodes>
            0 -1 106 9.3368755187839270e-04</internalNodes>
          <leafValues>
            -1.7322410643100739e-01 7.1527630090713501e-01</leafValues></_>
        <_>
          <internalNodes>
            0 -1 108 1.1951649561524391e-02</internalNodes>
          <leafValues>
            -1.5970702469348907e-01 8.5756736993789673e-01</leafValues></_>
        <_>
          <internalNodes>
            0 -1 117 -1.4348371187224984e-03</internalNodes>
          <leafValues>
            8.5247957706451416e-01 -1.3803580403327942e-01</leafValues></_>
        <_>
          <internalNodes>
            0 -1 75 4.4448635890148580e-05</internalNodes>
          <leafValues>
            3.1466323137283325e-01 -5.8623504638671875e-01</leafValues></_></weakClassifiers></_>
    <!-- stage 5 -->
    <_>
      <maxWeakCount>6</maxWeakCount>
      <stageThreshold>-1.0725666284561157e+00</stageThreshold>
      <weakClassifiers>
        <_>
          <internalNodes>
            0 -1 23 6.2711276113986969e-02</internalNodes>
          <leafValues>
            -4.4578313827514648e-01 8.9361703395843506e-01</leafValues></_>
        <_>
          <internalNodes>
            0 -1 28 8.7905243039131165e-02</internalNodes>
          <leafValues>
            -1.5071716904640198e-01 8.2408410310745239e-01</leafValues></_>
        <_>
          <internalNodes>
            0 -1 6 3.6150366067886353e-03</internalNodes>
          <leafValues>
            4.3986535072326660e-01 -5.4561692476272583e-01</leafValues></_>
        <_>
          <internalNodes>
            0 -1 2 2.5338132400065660e-04</internalNodes>
          <leafValues>
            3.0624413490295410e-01 -7.3479527235031128e-01</leafValues></_>
        <_>
          <internalNodes>
            0 -1 54 -9.6365315839648247e-03</internalNodes>
          <leafValues>
            4.7170975804328918e-01 -5.4246377944946289e-01</leafValues></_>
        <_>
          <internalNodes>
            0 -1 178 4.1296239942312241e-05</internalNodes>
          <leafValues>
            3.0577027797698975e-01 -6.9337505102157593e-01</leafValues></_></weakClassifiers></_>
    <!-- stage 6 -->
    <_>
      <maxWeakCount>11</maxWeakCount>
      <stageThreshold>-9.5512324571609497e-01</stageThreshold>
      <weakClassifiers>
        <_>
          <internalNodes>
            0 -1 16 8.8507935404777527e-02</internalNodes>
          <leafValues>
            -2.5738397240638733e-01 7.3711341619491577e-01</leafValues></_>
        <_>
          <internalNodes>
            0 -1 104 3.5737942904233932e-02</internalNodes>
          <leafValues>
            -2.1645829081535339e-01 6.7318081855773926e-01</leafValues></_>
        <_>
          <internalNodes>
            0 -1 14 7.9756230115890503e-04</internalNodes>
          <leafValues>
            2.3141032457351685e-01 -7.6365447044372559e-01</leafValues></_>
        <_>
          <internalNodes>
            0 -1 15 -1.7380097415298223e-03</internalNodes>
          <leafValues>
            -7.0777910947799683e-01 1.9121746718883514e-01</leafValues></_>
        <_>
          <internalNodes>
            0 -1 209 -3.6704894155263901e-03</internalNodes>
          <leafValues>
            4.8876538872718811e-01 -3.5967367887496948e-01</leafValues></_>
        <_>
          <internalNodes>
            0 -1 177 8.6067086085677147e-03</internalNodes>
          <leafValues>
            -2.9220539331436157e-01 7.1448701620101929e-01</leafValues></_>
        <_>
          <internalNodes>
            0 -1 220 -3.0975654954090714e-04</internalNodes>
          <leafValues>
            -5.5218911170959473e-01 3.1211283802986145e-01</leafValues></_>
        <_>
          <internalNodes>
            0 -1 176 7.8474022302543744e-06</internalNodes>
          <leafValues>
            -4.5878806710243225e-01 3.4218353033065796e-01</leafValues></_>
        <_>
          <internalNodes>
            0 -1 41 2.1875608712434769e-02</internalNodes>
          <leafValues>
            -4.6972495317459106e-01 4.0621069073677063e-01</leafValues></_>
        <_>
          <internalNodes>
            0 -1 77 -5.7643490436021239e-05</internalNodes>
          <leafValues>
            -6.1949098110198975e-01 2.5300303101539612e-01</leafValues></_>
        <_>
          <internalNodes>
            0 -1 66 4.7130797611316666e-05</internalNodes>
          <leafValues>
            1.7469778656959534e-01 -6.6540360450744629e-01</leafValues></_></weakClassifiers></_>
    <!-- stage 7 -->
    <_>
      <maxWeakCount>11</maxWeakCount>
      <stageThreshold>-7.9295355081558228e-01</stageThreshold>
      <weakClassifiers>
        <_>
          <internalNodes>
            0 -1 29 5.7096980512142181e-02</internalNodes>
          <leafValues>
            -1.3043478131294250e-01 7.4785101413726807e-01</leafValues></_>
        <_>
          <internalNodes>
            0 -1 184 2.5235239416360855e-02</internalNodes>
          <leafValues>
            -2.1437075734138489e-01 6.5434068441390991e-01</leafValues></_>
        <_>
          <internalNodes>
            0 -1 143 1.9455568399280310e-03</internalNodes>
          <leafValues>
            -4.0946435928344727e-01 4.3602412939071655e-01</leafValues></_>
        <_>
          <internalNodes>
            0 -1 27 -6.3834257889539003e-04</internalNodes>
          <leafValues>
            -7.1170169115066528e-01 2.2810663282871246e-01</leafValues></_>
        <_>
          <internalNodes>
            0 -1 73 -1.0693060175981373e-04</internalNodes>
          <leafValues>
            -6.5352994203567505e-01 2.3169900476932526e-01</leafValues></_>
        <_>
          <internalNodes>
            0 -1 222 -1.7219436122104526e-03</internalNodes>
          <leafValues>
            -5.8463418483734131e-01 2.5129142403602600e-01</leafValues></_>
        <_>
          <internalNodes>
            0 -1 223 -9.5809256890788674e-04</internalNodes>
          <leafValues>
            -6.4266765117645264e-01 2.1923540532588959e-01</leafValues></_>
        <_>
          <internalNodes>
            0 -1 175 9.7180381417274475e-03</internalNodes>
          <leafValues>
            -2.3869203031063080e-01 7.6043957471847534e-01</leafValues></_>
        <_>
          <internalNodes>
            0 -1 112 5.5113716371124610e-05</internalNodes>
          <leafValues>
            3.0709463357925415e-01 -5.0055211782455444e-01</leafValues></_>
        <_>
          <internalNodes>
            0 -1 76 1.1569584021344781e-03</internalNodes>
          <leafValues>
            -3.6200886964797974e-01 4.1057172417640686e-01</leafValues></_>
        <_>
          <internalNodes>
            0 -1 0 -5.2284362027421594e-04</internalNodes>
          <leafValues>
            -6.1538809537887573e-01 2.3532231152057648e-01</leafValues></_></weakClassifiers></_>
    <!-- stage 8 -->
    <_>
      <maxWeakCount>10</maxWeakCount>
      <stageThreshold>-6.3999134302139282e-01</stageThreshold>
      <weakClassifiers>
        <_>
          <internalNodes>
            0 -1 10 4.0044710040092468e-02</internalNodes>
          <leafValues>
            -1.5740740299224854e-01 6.3325184583663940e-01</leafValues></_>
        <_>
          <internalNodes>
            0 -1 145 2.6844179956242442e-04</internalNodes>
          <leafValues>
            2.8124603629112244e-01 -6.4417475461959839e-01</leafValues></_>
        <_>
          <internalNodes>
            0 -1 139 1.3327146007213742e-04</internalNodes>
          <leafValues>
            2.3354329168796539e-01 -6.3374328613281250e-01</leafValues></_>
        <_>
          <internalNodes>
            0 -1 70 3.9315164089202881e-02</internalNodes>
          <leafValues>
            -3.0047851800918579e-01 4.9513065814971924e-01</leafValues></_>
        <_>
          <internalNodes>
            0 -1 189 -9.2482456238940358e-05</internalNodes>
          <leafValues>
            -6.0041201114654541e-01 2.4903874099254608e-01</leafValues></_>
        <_>
          <internalNodes>
            0 -1 5 -6.5822852775454521e-05</internalNodes>
          <leafValues>
            -5.2219158411026001e-01 2.6347562670707703e-01</leafValues></_>
        <_>
          <internalNodes>
            0 -1 110 1.1669249273836613e-02</internalNodes>
          <leafValues>
            1.2249160557985306e-01 -8.9512830972671509e-01</leafValues></_>
        <_>
          <internalNodes>
            0 -1 120 7.0276856422424316e-03</internalNodes>
          <leafValues>
            -3.0120116472244263e-01 5.1445519924163818e-01</leafValues></_>
        <_>
          <internalNodes>
            0 -1 172 -7.5858319178223610e-03</internalNodes>
          <leafValues>
            5.5459856986999512e-01 -2.7555954456329346e-01</leafValues></_>
        <_>
          <internalNodes>
            0 -1 213 4.6696965000592172e-05</internalNodes>
          <leafValues>
            2.9627424478530884e-01 -5.8565229177474976e-01</leafValues></_></weakClassifiers></_>
    <!-- stage 9 -->
    <_>
      <maxWeakCount>9</maxWeakCount>
      <stageThreshold>-8.5603761672973633e-01</stageThreshold>
      <weakClassifiers>
        <_>
          <internalNodes>
            0 -1 34 4.1052922606468201e-02</internalNodes>
          <leafValues>
            -1.5226337313652039e-01 6.8586385250091553e-01</leafValues></_>
        <_>
          <internalNodes>
            0 -1 71 1.8964271293953061e-04</internalNodes>
          <leafValues>
            3.2080656290054321e-01 -7.0294392108917236e-01</leafValues></_>
        <_>
          <internalNodes>
            0 -1 169 -1.0188316553831100e-01</internalNodes>
          <leafValues>
            6.1030209064483643e-01 -2.7908229827880859e-01</leafValues></_>
        <_>
          <internalNodes>
            0 -1 13 -7.2774291038513184e-04</internalNodes>
          <leafValues>
            -7.2224766016006470e-01 2.6643821597099304e-01</leafValues></_>
        <_>
          <internalNodes>
            0 -1 114 9.6943018434103578e-05</internalNodes>
          <leafValues>
            2.6315560936927795e-01 -5.6540125608444214e-01</leafValues></_>
        <_>
          <internalNodes>
            0 -1 190 6.0422718524932861e-03</internalNodes>
          <leafValues>
            -2.9064831137657166e-01 6.5176182985305786e-01</leafValues></_>
        <_>
          <internalNodes>
            0 -1 206 6.4635743910912424e-05</internalNodes>
          <leafValues>
            3.5163128376007080e-01 -5.4146432876586914e-01</leafValues></_>
        <_>
          <internalNodes>
            0 -1 166 -4.5110085920896381e-05</internalNodes>
          <leafValues>
            -4.9144613742828369e-01 3.3146032691001892e-01</leafValues></_>
        <_>
          <internalNodes>
            0 -1 37 -1.7529632896184921e-03</internalNodes>
          <leafValues>
            -8.0479216575622559e-01 1.8283253908157349e-01</leafValues></_></weakClassifiers></_>
    <!-- stage 10 -->
    <_>
      <maxWeakCount>13</maxWeakCount>
      <stageThreshold>-7.4126607179641724e-01</stageThreshold>
      <weakClassifiers>
        <_>
          <internalNodes>
            0 -1 40 1.2233332730829716e-02</internalNodes>
          <leafValues>
            -1.8518517911434174e-01 5.9633028507232666e-01</leafValues></_>
        <_>
          <internalNodes>
            0 -1 63 4.8632703721523285e-02</internalNodes>
          <leafValues>
            -2.2118033468723297e-01 5.6719487905502319e-01</leafValues></_>
        <_>
          <internalNodes>
            0 -1 60 7.3669252742547542e-05</internalNodes>
          <leafValues>
            2.3669584095478058e-01 -5.9522563219070435e-01</leafValues></_>
        <_>
          <internalNodes>
            0 -1 115 9.9583072587847710e-03</internalNodes>
          <leafValues>
            -1.9788539409637451e-01 7.3182368278503418e-01</leafValues></_>
        <_>
          <internalNodes>
            0 -1 219 -1.9502232316881418e-03</internalNodes>
          <leafValues>
            7.0291787385940552e-01 -1.9655954837799072e-01</leafValues></_>
        <_>
          <internalNodes>
            0 -1 89 7.1301227435469627e-03</internalNodes>
          <leafValues>
            -1.3512042164802551e-01 7.8795552253723145e-01</leafValues></_>
        <_>
          <internalNodes>
            0 -1 215 5.9310859069228172e-04</internalNodes>
          <leafValues>
            -1.6520957648754120e-01 6.6671150922775269e-01</leafValues></_>
        <_>
          <internalNodes>
            0 -1 96 4.0174974128603935e-03</internalNodes>
          <leafValues>
            -1.7911860346794128e-01 6.1788660287857056e-01</leafValues></_>
        <_>
          <internalNodes>
            0 -1 186 -8.6326173914130777e-05</internalNodes>
          <leafValues>
            3.6311799287796021e-01 -3.7937644124031067e-01</leafValues></_>
        <_>
          <internalNodes>
            0 -1 45 -1.1170474812388420e-02</internalNodes>
          <leafValues>
            7.6921963691711426e-01 -1.6959042847156525e-01</leafValues></_>
        <_>
          <internalNodes>
            0 -1 201 -3.6925761960446835e-03</internalNodes>
          <leafValues>
            9.2145377397537231e-01 -1.0251516103744507e-01</leafValues></_>
        <_>
          <internalNodes>
            0 -1 119 1.0652760975062847e-03</internalNodes>
          <leafValues>
            -1.4731471240520477e-01 6.6331648826599121e-01</leafValues></_>
        <_>
          <internalNodes>
            0 -1 50 1.6276821494102478e-02</internalNodes>
          <leafValues>
            -3.5506173968315125e-01 3.5859945416450500e-01</leafValues></_></weakClassifiers></_>
    <!-- stage 11 -->
    <_>
      <maxWeakCount>10</maxWeakCount>
      <stageThreshold>-8.0345833301544189e-01</stageThreshold>
      <weakClassifiers>
        <_>
          <internalNodes>
            0 -1 72 1.8605600052978843e-04</internalNodes>
          <leafValues>
            5.5601662397384644e-01 -3.0069929361343384e-01</leafValues></_>
        <_>
          <internalNodes>
            0 -1 24 2.0391233265399933e-02</internalNodes>
          <leafValues>
            -4.2191767692565918e-01 3.5630705952644348e-01</leafValues></_>
        <_>
          <internalNodes>
            0 -1 165 5.3937807679176331e-02</internalNodes>
          <leafValues>
            -2.2081208229064941e-01 6.1553907394409180e-01</leafValues></_>
        <_>
          <internalNodes>
            0 -1 164 5.9916498139500618e-04</internalNodes>
          <leafValues>
            -3.0813995003700256e-01 4.0401875972747803e-01</leafValues></_>
        <_>
          <internalNodes>
            0 -1 211 3.9891681808512658e-05</internalNodes>
          <leafValues>
            2.7156695723533630e-01 -5.1043558120727539e-01</leafValues></_>
        <_>
          <internalNodes>
            0 -1 105 -1.3943060184828937e-04</internalNodes>
          <leafValues>
            -5.7900094985961914e-01 2.2538420557975769e-01</leafValues></_>
        <_>
          <internalNodes>
            0 -1 167 3.7518359022215009e-04</internalNodes>
          <leafValues>
            1.1024035513401031e-01 -8.5376119613647461e-01</leafValues></_>
        <_>
          <internalNodes>
            0 -1 36 1.1077776434831321e-04</internalNodes>
          <leafValues>
            1.5578150749206543e-01 -6.4841765165328979e-01</leafValues></_>
        <_>
          <internalNodes>
            0 -1 102 -9.0088107390329242e-04</internalNodes>
          <leafValues>
            2.6104074716567993e-01 -4.9928560853004456e-01</leafValues></_>
        <_>
          <internalNodes>
            0 -1 31 -7.1670001489110291e-05</internalNodes>
          <leafValues>
            -6.0540246963500977e-01 1.8820105493068695e-01</leafValues></_></weakClassifiers></_>
    <!-- stage 12 -->
    <_>
      <maxWeakCount>16</maxWeakCount>
      <stageThreshold>-8.9665222167968750e-01</stageThreshold>
      <weakClassifiers>
        <_>
          <internalNodes>
            0 -1 35 4.6568155288696289e-02</internalNodes>
          <leafValues>
            3.0674846842885017e-02 7.1906352043151855e-01</leafValues></_>
        <_>
          <internalNodes>
            0 -1 12 2.6665635406970978e-02</internalNodes>
          <leafValues>
            -1.1513585597276688e-01 6.5454530715942383e-01</leafValues></_>
        <_>
          <internalNodes>
            0 -1 44 7.1448404924012721e-05</internalNodes>
          <leafValues>
            2.6593089103698730e-01 -4.2705741524696350e-01</leafValues></_>
        <_>
          <internalNodes>
            0 -1 149 1.5590208931826055e-04</internalNodes>
          <leafValues>
            -3.3538579940795898e-01 3.3091008663177490e-01</leafValues></_>
        <_>
          <internalNodes>
            0 -1 203 1.0781024320749566e-04</internalNodes>
          <leafValues>
            1.8732114136219025e-01 -5.9690350294113159e-01</leafValues></_>
        <_>
          <internalNodes>
            0 -1 182 -8.6381081491708755e-03</internalNodes>
          <leafValues>
            5.4656821489334106e-01 -2.2885417938232422e-01</leafValues></_>
        <_>
          <internalNodes>
            0 -1 128 2.4768181145191193e-02</internalNodes>
          <leafValues>
            1.6241285204887390e-01 -8.2333177328109741e-01</leafValues></_>
        <_>
          <internalNodes>
            0 -1 142 7.0878921542316675e-04</internalNodes>
          <leafValues>
            -3.8504606485366821e-01 2.9062232375144958e-01</leafValues></_>
        <_>
          <internalNodes>
            0 -1 160 2.1292869001626968e-02</internalNodes>
          <leafValues>
            -2.0205807685852051e-01 6.3824075460433960e-01</leafValues></_>
        <_>
          <internalNodes>
            0 -1 163 2.6832930743694305e-03</internalNodes>
          <leafValues>
            1.5958155691623688e-01 -8.4077292680740356e-01</leafValues></_>
        <_>
          <internalNodes>
            0 -1 61 1.8819211982190609e-03</internalNodes>
          <leafValues>
            -3.4864112734794617e-01 3.9412552118301392e-01</leafValues></_>
        <_>
          <internalNodes>
            0 -1 39 1.7260501044802368e-04</internalNodes>
          <leafValues>
            2.3081900179386139e-01 -4.8907276988029480e-01</leafValues></_>
        <_>
          <internalNodes>
            0 -1 81 3.3175398129969835e-03</internalNodes>
          <leafValues>
            -2.8725934028625488e-01 4.2297303676605225e-01</leafValues></_>
        <_>
          <internalNodes>
            0 -1 127 -1.8711595330387354e-03</internalNodes>
          <leafValues>
            5.7407104969024658e-01 -1.9633948802947998e-01</leafValues></_>
        <_>
          <internalNodes>
            0 -1 91 -2.4301838129758835e-03</internalNodes>
          <leafValues>
            5.5228602886199951e-01 -2.0856332778930664e-01</leafValues></_>
        <_>
          <internalNodes>
            0 -1 125 7.9090305371209979e-04</internalNodes>
          <leafValues>
            2.4093782901763916e-01 -5.2813559770584106e-01</leafValues></_></weakClassifiers></_>
    <!-- stage 13 -->
    <_>
      <maxWeakCount>15</maxWeakCount>
      <stageThreshold>-8.1246012449264526e-01</stageThreshold>
      <weakClassifiers>
        <_>
          <internalNodes>
            0 -1 46 6.0151502490043640e-02</internalNodes>
          <leafValues>
            -3.7313431501388550e-02 6.5826332569122314e-01</leafValues></_>
        <_>
          <internalNodes>
            0 -1 64 4.6718130761291832e-05</internalNodes>
          <leafValues>
            3.0391436815261841e-01 -4.6192198991775513e-01</leafValues></_>
        <_>
          <internalNodes>
            0 -1 32 3.6476168781518936e-02</internalNodes>
          <leafValues>
            -3.2358363270759583e-01 4.1546010971069336e-01</leafValues></_>
        <_>
          <internalNodes>
            0 -1 82 -1.5861391148064286e-04</internalNodes>
          <leafValues>
            -4.6957775950431824e-01 2.3891396820545197e-01</leafValues></_>
        <_>
          <internalNodes>
            0 -1 171 -1.4971476048231125e-02</internalNodes>
          <leafValues>
            5.8373707532882690e-01 -1.8103109300136566e-01</leafValues></_>
        <_>
          <internalNodes>
            0 -1 161 2.4168853997252882e-04</internalNodes>
          <leafValues>
            -3.5587131977081299e-01 2.9933500289916992e-01</leafValues></_>
        <_>
          <internalNodes>
            0 -1 126 -1.0571550577878952e-02</internalNodes>
          <leafValues>
            -9.0488898754119873e-01 1.2687541544437408e-01</leafValues></_>
        <_>
          <internalNodes>
            0 -1 57 4.0839398279786110e-03</internalNodes>
          <leafValues>
            -3.3932116627693176e-01 3.3220773935317993e-01</leafValues></_>
        <_>
          <internalNodes>
            0 -1 30 -8.7934065959416330e-05</internalNodes>
          <leafValues>
            -4.4929337501525879e-01 2.5780093669891357e-01</leafValues></_>
        <_>
          <internalNodes>
            0 -1 95 3.0247255926951766e-04</internalNodes>
          <leafValues>
            1.7107649147510529e-01 -6.3837897777557373e-01</leafValues></_>
        <_>
          <internalNodes>
            0 -1 202 4.1116982174571604e-05</internalNodes>
          <leafValues>
            2.2033713757991791e-01 -4.9362638592720032e-01</leafValues></_>
        <_>
          <internalNodes>
            0 -1 33 8.7820109911262989e-04</internalNodes>
          <leafValues>
            -3.6465206742286682e-01 2.9242706298828125e-01</leafValues></_>
        <_>
          <internalNodes>
            0 -1 60 5.0309354264754802e-05</internalNodes>
          <leafValues>
            2.2267529368400574e-01 -5.6178545951843262e-01</leafValues></_>
        <_>
          <internalNodes>
            0 -1 131 -7.9123135656118393e-03</internalNodes>
          <leafValues>
            7.4992233514785767e-01 -1.8539583683013916e-01</leafValues></_>
        <_>
          <internalNodes>
            0 -1 185 -8.0374284152640030e-06</internalNodes>
          <leafValues>
            3.4210404753684998e-01 -3.8074636459350586e-01</leafValues></_></weakClassifiers></_>
    <!-- stage 14 -->
    <_>
      <maxWeakCount>14</maxWeakCount>
      <stageThreshold>-5.4049801826477051e-01</stageThreshold>
      <weakClassifiers>
        <_>
          <internalNodes>
            0 -1 22 4.6421710401773453e-02</internalNodes>
          <leafValues>
            -1.5151515603065491e-01 5.4347825050354004e-01</leafValues></_>
        <_>
          <internalNodes>
            0 -1 59 1.2077972292900085e-02</internalNodes>
          <leafValues>
            -1.5206190943717957e-01 5.6749260425567627e-01</leafValues></_>
        <_>
          <internalNodes>
            0 -1 103 1.2966073700226843e-04</internalNodes>
          <leafValues>
            2.6672661304473877e-01 -4.3380022048950195e-01</leafValues></_>
        <_>
          <internalNodes>
            0 -1 122 -5.5393255315721035e-03</internalNodes>
          <leafValues>
            8.3913046121597290e-01 -1.3755197823047638e-01</leafValues></_>
        <_>
          <internalNodes>
            0 -1 146 -6.0551417991518974e-03</internalNodes>
          <leafValues>
            -5.7810288667678833e-01 1.8514031171798706e-01</leafValues></_>
        <_>
          <internalNodes>
            0 -1 193 -5.8433070080354810e-06</internalNodes>
          <leafValues>
            2.8254443407058716e-01 -4.1261398792266846e-01</leafValues></_>
        <_>
          <internalNodes>
            0 -1 147 2.1731069864472374e-05</internalNodes>
          <leafValues>
            -3.5865682363510132e-01 2.9205009341239929e-01</leafValues></_>
        <_>
          <internalNodes>
            0 -1 83 -4.9031354137696326e-05</internalNodes>
          <leafValues>
            -5.4284596443176270e-01 2.4358260631561279e-01</leafValues></_>
        <_>
          <internalNodes>
            0 -1 199 1.9893968477845192e-02</internalNodes>
          <leafValues>
            -1.7390874028205872e-01 8.4639042615890503e-01</leafValues></_>
        <_>
          <internalNodes>
            0 -1 204 -8.8028947357088327e-04</internalNodes>
          <leafValues>
            6.3974386453628540e-01 -1.7654210329055786e-01</leafValues></_>
        <_>
          <internalNodes>
            0 -1 217 9.0966917923651636e-05</internalNodes>
          <leafValues>
            2.2763194143772125e-01 -5.3728479146957397e-01</leafValues></_>
        <_>
          <internalNodes>
            0 -1 153 -1.8554633716121316e-03</internalNodes>
          <leafValues>
            4.1431570053100586e-01 -2.8033861517906189e-01</leafValues></_>
        <_>
          <internalNodes>
            0 -1 188 -1.8343562260270119e-03</internalNodes>
          <leafValues>
            3.1884479522705078e-01 -3.6441233754158020e-01</leafValues></_>
        <_>
          <internalNodes>
            0 -1 168 2.2465839720098302e-05</internalNodes>
          <leafValues>
            2.6473647356033325e-01 -4.8381191492080688e-01</leafValues></_></weakClassifiers></_>
    <!-- stage 15 -->
    <_>
      <maxWeakCount>16</maxWeakCount>
      <stageThreshold>-9.7829467058181763e-01</stageThreshold>
      <weakClassifiers>
        <_>
          <internalNodes>
            0 -1 47 1.8915324471890926e-03</internalNodes>
          <leafValues>
            1.6181230545043945e-02 6.9620251655578613e-01</leafValues></_>
        <_>
          <internalNodes>
            0 -1 191 -1.8749558366835117e-03</internalNodes>
          <leafValues>
            4.1244754195213318e-01 -2.9968395829200745e-01</leafValues></_>
        <_>
          <internalNodes>
            0 -1 43 1.0181482881307602e-02</internalNodes>
          <leafValues>
            -2.3140391707420349e-01 4.6197509765625000e-01</leafValues></_>
        <_>
          <internalNodes>
            0 -1 67 -3.8825529627501965e-03</internalNodes>
          <leafValues>
            8.8196563720703125e-01 -1.5806196630001068e-01</leafValues></_>
        <_>
          <internalNodes>
            0 -1 109 -3.5488978028297424e-02</internalNodes>
          <leafValues>
            -7.5786048173904419e-01 2.0273002982139587e-01</leafValues></_>
        <_>
          <internalNodes>
            0 -1 197 1.2645591050386429e-02</internalNodes>
          <leafValues>
            -1.4845225214958191e-01 7.8094863891601562e-01</leafValues></_>
        <_>
          <internalNodes>
            0 -1 11 -1.0651475749909878e-03</internalNodes>
          <leafValues>
            -7.2039735317230225e-01 1.5638822317123413e-01</leafValues></_>
        <_>
          <internalNodes>
            0 -1 183 -1.7314862925559282e-03</internalNodes>
          <leafValues>
            7.0602214336395264e-01 -1.8316058814525604e-01</leafValues></_>
        <_>
          <internalNodes>
            0 -1 121 3.9330369327217340e-04</internalNodes>
          <leafValues>
            2.3773129284381866e-01 -4.9689960479736328e-01</leafValues></_>
        <_>
          <internalNodes>
            0 -1 130 5.2912242244929075e-04</internalNodes>
          <leafValues>
            -3.3178177475929260e-01 3.8232862949371338e-01</leafValues></_>
        <_>
          <internalNodes>
            0 -1 52 -1.2158397585153580e-03</internalNodes>
          <leafValues>
            9.2594075202941895e-01 -9.5846958458423615e-02</leafValues></_>
        <_>
          <internalNodes>
            0 -1 90 1.3415024615824223e-02</internalNodes>
          <leafValues>
            -1.5192289650440216e-01 6.6670614480972290e-01</leafValues></_>
        <_>
          <internalNodes>
            0 -1 116 -5.4268435633275658e-05</internalNodes>
          <leafValues>
            -5.7050073146820068e-01 2.0562735199928284e-01</leafValues></_>
        <_>
          <internalNodes>
            0 -1 21 4.2940966784954071e-02</internalNodes>
          <leafValues>
            1.6984151303768158e-01 -7.2577399015426636e-01</leafValues></_>
        <_>
          <internalNodes>
            0 -1 140 1.6651279293000698e-04</internalNodes>
          <leafValues>
            1.8208304047584534e-01 -5.7694739103317261e-01</leafValues></_>
        <_>
          <internalNodes>
            0 -1 66 4.5316632167669013e-05</internalNodes>
          <leafValues>
            2.0983546972274780e-01 -5.2804255485534668e-01</leafValues></_></weakClassifiers></_>
    <!-- stage 16 -->
    <_>
      <maxWeakCount>11</maxWeakCount>
      <stageThreshold>-5.5336660146713257e-01</stageThreshold>
      <weakClassifiers>
        <_>
          <internalNodes>
            0 -1 20 7.4245836585760117e-03</internalNodes>
          <leafValues>
            -2.2077922523021698e-01 5.4989385604858398e-01</leafValues></_>
        <_>
          <internalNodes>
            0 -1 196 1.8690997734665871e-02</internalNodes>
          <leafValues>
            -1.5396973490715027e-01 8.0879306793212891e-01</leafValues></_>
        <_>
          <internalNodes>
            0 -1 221 -2.4480421561747789e-03</internalNodes>
          <leafValues>
            -4.5035839080810547e-01 2.7119836211204529e-01</leafValues></_>
        <_>
          <internalNodes>
            0 -1 195 -1.2100987369194627e-03</internalNodes>
          <leafValues>
            2.8399559855461121e-01 -3.6058631539344788e-01</leafValues></_>
        <_>
          <internalNodes>
            0 -1 210 8.2809696323238313e-05</internalNodes>
          <leafValues>
            1.7462183535099030e-01 -6.4760327339172363e-01</leafValues></_>
        <_>
          <internalNodes>
            0 -1 113 8.1126854638569057e-06</internalNodes>
          <leafValues>
            -4.9551773071289062e-01 2.0381468534469604e-01</leafValues></_>
        <_>
          <internalNodes>
            0 -1 123 3.1140945851802826e-02</internalNodes>
          <leafValues>
            1.3933016359806061e-01 -8.8610458374023438e-01</leafValues></_>
        <_>
          <internalNodes>
            0 -1 69 2.4831155315041542e-03</internalNodes>
          <leafValues>
            -2.2524449229240417e-01 5.2452480792999268e-01</leafValues></_>
        <_>
          <internalNodes>
            0 -1 17 -9.9944986868649721e-04</internalNodes>
          <leafValues>
            -7.4897563457489014e-01 1.8158687651157379e-01</leafValues></_>
        <_>
          <internalNodes>
            0 -1 92 -1.8824487924575806e-02</internalNodes>
          <leafValues>
            -8.9579153060913086e-01 1.0647214204072952e-01</leafValues></_>
        <_>
          <internalNodes>
            0 -1 86 -7.7730444900225848e-05</internalNodes>
          <leafValues>
            -4.4835656881332397e-01 2.6111212372779846e-01</leafValues></_></weakClassifiers></_>
    <!-- stage 17 -->
    <_>
      <maxWeakCount>14</maxWeakCount>
      <stageThreshold>-3.6629301309585571e-01</stageThreshold>
      <weakClassifiers>
        <_>
          <internalNodes>
            0 -1 38 5.8468133211135864e-02</internalNodes>
          <leafValues>
            -8.7719298899173737e-02 6.1712849140167236e-01</leafValues></_>
        <_>
          <internalNodes>
            0 -1 159 3.3740352839231491e-02</internalNodes>
          <leafValues>
            -1.8615218997001648e-01 5.3186249732971191e-01</leafValues></_>
        <_>
          <internalNodes>
            0 -1 80 -1.2822066491935402e-04</internalNodes>
          <leafValues>
            -6.0067313909530640e-01 1.8837602436542511e-01</leafValues></_>
        <_>
          <internalNodes>
            0 -1 118 -3.8429573760367930e-04</internalNodes>
          <leafValues>
            6.9059735536575317e-01 -1.5725810825824738e-01</leafValues></_>
        <_>
          <internalNodes>
            0 -1 155 7.8717892756685615e-04</internalNodes>
          <leafValues>
            -3.1259167194366455e-01 4.1152960062026978e-01</leafValues></_>
        <_>
          <internalNodes>
            0 -1 7 -1.8208185210824013e-03</internalNodes>
          <leafValues>
            -6.9163411855697632e-01 1.5568736195564270e-01</leafValues></_>
        <_>
          <internalNodes>
            0 -1 151 -2.1158388699404895e-04</internalNodes>
          <leafValues>
            -4.0311005711555481e-01 2.8347051143646240e-01</leafValues></_>
        <_>
          <internalNodes>
            0 -1 218 7.9029012704268098e-04</internalNodes>
          <leafValues>
            -1.8316972255706787e-01 5.9604644775390625e-01</leafValues></_>
        <_>
          <internalNodes>
            0 -1 100 -1.3515518512576818e-03</internalNodes>
          <leafValues>
            3.7009441852569580e-01 -2.7291959524154663e-01</leafValues></_>
        <_>
          <internalNodes>
            0 -1 179 1.2172946706414223e-02</internalNodes>
          <leafValues>
            -1.4238415658473969e-01 8.1204909086227417e-01</leafValues></_>
        <_>
          <internalNodes>
            0 -1 205 3.3651682315394282e-05</internalNodes>
          <leafValues>
            2.7592396736145020e-01 -4.0987634658813477e-01</leafValues></_>
        <_>
          <internalNodes>
            0 -1 198 -3.3139262814074755e-04</internalNodes>
          <leafValues>
            5.5925399065017700e-01 -2.1598653495311737e-01</leafValues></_>
        <_>
          <internalNodes>
            0 -1 3 1.0077143087983131e-03</internalNodes>
          <leafValues>
            1.5292640030384064e-01 -7.6420706510543823e-01</leafValues></_>
        <_>
          <internalNodes>
            0 -1 158 1.0228810133412480e-03</internalNodes>
          <leafValues>
            -2.9812470078468323e-01 3.9135625958442688e-01</leafValues></_></weakClassifiers></_>
    <!-- stage 18 -->
    <_>
      <maxWeakCount>13</maxWeakCount>
      <stageThreshold>-4.6866330504417419e-01</stageThreshold>
      <weakClassifiers>
        <_>
          <internalNodes>
            0 -1 107 -2.2328441962599754e-02</internalNodes>
          <leafValues>
            -8.5000002384185791e-01 4.4273504614830017e-01</leafValues></_>
        <_>
          <internalNodes>
            0 -1 207 -2.2280756384134293e-02</internalNodes>
          <leafValues>
            4.9636435508728027e-01 -2.7875217795372009e-01</leafValues></_>
        <_>
          <internalNodes>
            0 -1 48 3.1108278781175613e-03</internalNodes>
          <leafValues>
            -2.2413562238216400e-01 4.5359569787979126e-01</leafValues></_>
        <_>
          <internalNodes>
            0 -1 129 6.3129765912890434e-03</internalNodes>
          <leafValues>
            1.0580191761255264e-01 -9.0405249595642090e-01</leafValues></_>
        <_>
          <internalNodes>
            0 -1 79 6.4439774723723531e-04</internalNodes>
          <leafValues>
            -2.9248252511024475e-01 3.6413043737411499e-01</leafValues></_>
        <_>
          <internalNodes>
            0 -1 134 -1.2768387794494629e-02</internalNodes>
          <leafValues>
            4.6056184172630310e-01 -2.5188431143760681e-01</leafValues></_>
        <_>
          <internalNodes>
            0 -1 216 7.1287192404270172e-03</internalNodes>
          <leafValues>
            -2.2682860493659973e-01 5.9661221504211426e-01</leafValues></_>
        <_>
          <internalNodes>
            0 -1 85 -1.6362112364731729e-04</internalNodes>
          <leafValues>
            -6.3030821084976196e-01 2.0248565077781677e-01</leafValues></_>
        <_>
          <internalNodes>
            0 -1 18 -5.4923992138355970e-04</internalNodes>
          <leafValues>
            -4.1656163334846497e-01 2.7320358157157898e-01</leafValues></_>
        <_>
          <internalNodes>
            0 -1 9 7.1736169047653675e-04</internalNodes>
          <leafValues>
            1.7012895643711090e-01 -6.2928605079650879e-01</leafValues></_>
        <_>
          <internalNodes>
            0 -1 97 -7.4086397944483906e-05</internalNodes>
          <leafValues>
            -4.9048683047294617e-01 2.2763812541961670e-01</leafValues></_>
        <_>
          <internalNodes>
            0 -1 42 -6.3428492285311222e-04</internalNodes>
          <leafValues>
            6.2728381156921387e-01 -2.1306133270263672e-01</leafValues></_>
        <_>
          <internalNodes>
            0 -1 170 -5.7911453768610954e-03</internalNodes>
          <leafValues>
            6.2395226955413818e-01 -1.6877412796020508e-01</leafValues></_></weakClassifiers></_>
    <!-- stage 19 -->
    <_>
      <maxWeakCount>15</maxWeakCount>
      <stageThreshold>-7.5658816099166870e-01</stageThreshold>
      <weakClassifiers>
        <_>
          <internalNodes>
            0 -1 144 5.4161850130185485e-04</internalNodes>
          <leafValues>
            4.5166960358619690e-01 -5.7142859697341919e-01</leafValues></_>
        <_>
          <internalNodes>
            0 -1 53 2.2716620005667210e-03</internalNodes>
          <leafValues>
            -2.0776884257793427e-01 5.2266186475753784e-01</leafValues></_>
        <_>
          <internalNodes>
            0 -1 180 -1.3260404765605927e-01</internalNodes>
          <leafValues>
            4.3426120281219482e-01 -2.5532886385917664e-01</leafValues></_>
        <_>
          <internalNodes>
            0 -1 156 4.6534842113032937e-04</internalNodes>
          <leafValues>
            -4.1489043831825256e-01 2.5833860039710999e-01</leafValues></_>
        <_>
          <internalNodes>
            0 -1 135 1.1754816398024559e-02</internalNodes>
          <leafValues>
            1.2553873658180237e-01 -7.8178888559341431e-01</leafValues></_>
        <_>
          <internalNodes>
            0 -1 173 -3.5133275669068098e-03</internalNodes>
          <leafValues>
            5.2390247583389282e-01 -2.6634281873703003e-01</leafValues></_>
        <_>
          <internalNodes>
            0 -1 88 9.4657503068447113e-03</internalNodes>
          <leafValues>
            -2.8449442982673645e-01 4.5678803324699402e-01</leafValues></_>
        <_>
          <internalNodes>
            0 -1 98 5.6519056670367718e-04</internalNodes>
          <leafValues>
            -2.5510585308074951e-01 4.4473999738693237e-01</leafValues></_>
        <_>
          <internalNodes>
            0 -1 187 7.7118375338613987e-03</internalNodes>
          <leafValues>
            -3.5105016827583313e-01 3.6162185668945312e-01</leafValues></_>
        <_>
          <internalNodes>
            0 -1 51 5.0040303904097527e-05</internalNodes>
          <leafValues>
            3.0660432577133179e-01 -4.1179910302162170e-01</leafValues></_>
        <_>
          <internalNodes>
            0 -1 1 -1.2488395441323519e-03</internalNodes>
          <leafValues>
            -6.5027630329132080e-01 1.7575100064277649e-01</leafValues></_>
        <_>
          <internalNodes>
            0 -1 200 -1.0147567372769117e-03</internalNodes>
          <leafValues>
            3.8403353095054626e-01 -2.8896111249923706e-01</leafValues></_>
        <_>
          <internalNodes>
            0 -1 4 4.9254722893238068e-02</internalNodes>
          <leafValues>
            -2.5207850337028503e-01 4.1401496529579163e-01</leafValues></_>
        <_>
          <internalNodes>
            0 -1 124 -9.4358436763286591e-04</internalNodes>
          <leafValues>
            7.2393780946731567e-01 -1.5274487435817719e-01</leafValues></_>
        <_>
          <internalNodes>
            0 -1 189 1.6885103832464665e-05</internalNodes>
          <leafValues>
            -3.2206073403358459e-01 3.5294324159622192e-01</leafValues></_></weakClassifiers></_></stages>
  <features>
    <_>
      <rects>
        <_>
          0 1 2 6 -1.</_>
        <_>
          0 3 2 2 3.</_></rects>
      <tilted>0</tilted></_>
    <_>
      <rects>
        <_>
          0 1 10 1 -1.</_>
        <_>
          5 1 5 1 2.</_></rects>
      <tilted>0</tilted></_>
    <_>
      <rects>
        <_>
          0 3 2 3 -1.</_>
        <_>
          0 4 2 1 3.</_></rects>
      <tilted>0</tilted></_>
    <_>
      <rects>
        <_>
          0 5 2 4 -1.</_>
        <_>
          0 7 2 2 2.</_></rects>
      <tilted>0</tilted></_>
    <_>
      <rects>
        <_>
          0 5 46 2 -1.</_>
        <_>
          23 5 23 2 2.</_></rects>
      <tilted>0</tilted></_>
    <_>
      <rects>
        <_>
          0 7 2 5 -1.</_>
        <_>
          1 7 1 5 2.</_></rects>
      <tilted>0</tilted></_>
    <_>
      <rects>
        <_>
          0 7 18 3 -1.</_>
        <_>
          6 7 6 3 3.</_></rects>
      <tilted>0</tilted></_>
    <_>
      <rects>
        <_>
          0 8 18 2 -1.</_>
        <_>
          0 9 18 1 2.</_></rects>
      <tilted>0</tilted></_>
    <_>
      <rects>
        <_>
          1 0 69 6 -1.</_>
        <_>
          1 2 69 2 3.</_></rects>
      <tilted>0</tilted></_>
    <_>
      <rects>
        <_>
          1 1 3 4 -1.</_>
        <_>
          1 3 3 2 2.</_></rects>
      <tilted>0</tilted></_>
    <_>
      <rects>
        <_>
          1 2 50 2 -1.</_>
        <_>
          26 2 25 2 2.</_></rects>
      <tilted>0</tilted></_>
    <_>
      <rects>
        <_>
          2 0 1 8 -1.</_>
        <_>
          2 4 1 4 2.</_></rects>
      <tilted>0</tilted></_>
    <_>
      <rects>
        <_>
          2 0 44 4 -1.</_>
        <_>
          2 0 22 2 2.</_>
        <_>
          24 2 22 2 2.</_></rects>
      <tilted>0</tilted></_>
    <_>
      <rects>
        <_>
          2 2 3 7 -1.</_>
        <_>
          3 2 1 7 3.</_></rects>
      <tilted>0</tilted></_>
    <_>
      <rects>
        <_>
          2 2 3 8 -1.</_>
        <_>
          3 2 1 8 3.</_></rects>
      <tilted>0</tilted></_>
    <_>
      <rects>
        <_>
          2 2 2 9 -1.</_>
        <_>
          2 5 2 3 3.</_></rects>
      <tilted>0</tilted></_>
    <_>
      <rects>
        <_>
          3 1 90 3 -1.</_>
        <_>
          33 1 30 3 3.</_></rects>
      <tilted>0</tilted></_>
    <_>
      <rects>
        <_>
          3 4 2 6 -1.</_>
        <_>
          3 6 2 2 3.</_></rects>
      <tilted>0</tilted></_>
    <_>
      <rects>
        <_>
          4 0 28 4 -1.</_>
        <_>
          4 2 28 2 2.</_></rects>
      <tilted>0</tilted></_>
    <_>
      <rects>
        <_>
          4 4 34 5 -1.</_>
        <_>
          21 4 17 5 2.</_></rects>
      <tilted>0</tilted></_>
    <_>
      <rects>
        <_>
          4 5 34 1 -1.</_>
        <_>
          21 5 17 1 2.</_></rects>
      <tilted>0</tilted></_>
    <_>
      <rects>
        <_>
          5 4 46 8 -1.</_>
        <_>
          5 8 46 4 2.</_></rects>
      <tilted>0</tilted></_>
    <_>
      <rects>
        <_>
          6 2 87 2 -1.</_>
        <_>
          35 2 29 2 3.</_></rects>
      <tilted>0</tilted></_>
    <_>
      <rects>
        <_>
          7 2 32 9 -1.</_>
        <_>
          23 2 16 9 2.</_></rects>
      <tilted>0</tilted></_>
    <_>
      <rects>
        <_>
          7 5 30 2 -1.</_>
        <_>
          22 5 15 2 2.</_></rects>
      <tilted>0</tilted></_>
    <_>
      <rects>
        <_>
          8 1 30 8 -1.</_>
        <_>
          23 1 15 8 2.</_></rects>
      <tilted>0</tilted></_>
    <_>
      <rects>
        <_>
          9 5 26 2 -1.</_>
        <_>
          22 5 13 2 2.</_></rects>
      <tilted>0</tilted></_>
    <_>
      <rects>
        <_>
          11 2 6 2 -1.</_>
        <_>
          11 3 6 1 2.</_></rects>
      <tilted>0</tilted></_>
    <_>
      <rects>
        <_>
          11 2 84 3 -1.</_>
        <_>
          39 2 28 3 3.</_></rects>
      <tilted>0</tilted></_>
    <_>
      <rects>
        <_>
          11 4 36 4 -1.</_>
        <_>
          23 4 12 4 3.</_></rects>
      <tilted>0</tilted></_>
    <_>
      <rects>
        <_>
          11 5 4 5 -1.</_>
        <_>
          13 5 2 5 2.</_></rects>
      <tilted>0</tilted></_>
    <_>
      <rects>
        <_>
          12 0 3 1 -1.</_>
        <_>
          13 0 1 1 3.</_></rects>
      <tilted>0</tilted></_>
    <_>
      <rects>
        <_>
          13 6 36 2 -1.</_>
        <_>
          25 6 12 2 3.</_></rects>
      <tilted>0</tilted></_>
    <_>
      <rects>
        <_>
          14 1 20 4 -1.</_>
        <_>
          14 1 10 2 2.</_>
        <_>
          24 3 10 2 2.</_></rects>
      <tilted>0</tilted></_>
    <_>
      <rects>
        <_>
          14 4 24 7 -1.</_>
        <_>
          26 4 12 7 2.</_></rects>
      <tilted>0</tilted></_>
    <_>
      <rects>
        <_>
          14 5 30 3 -1.</_>
        <_>
          24 5 10 3 3.</_></rects>
      <tilted>0</tilted></_>
    <_>
      <rects>
        <_>
          15 0 2 1 -1.</_>
        <_>
          16 0 1 1 2.</_></rects>
      <tilted>0</tilted></_>
    <_>
      <rects>
        <_>
          15 2 3 7 -1.</_>
        <_>
          16 2 1 7 3.</_></rects>
      <tilted>0</tilted></_>
    <_>
      <rects>
        <_>
          15 3 30 9 -1.</_>
        <_>
          25 3 10 9 3.</_></rects>
      <tilted>0</tilted></_>
    <_>
      <rects>
        <_>
          15 10 6 1 -1.</_>
        <_>
          17 10 2 1 3.</_></rects>
      <tilted>0</tilted></_>
    <_>
      <rects>
        <_>
          16 5 20 5 -1.</_>
        <_>
          26 5 10 5 2.</_></rects>
      <tilted>0</tilted></_>
    <_>
      <rects>
        <_>
          17 2 24 9 -1.</_>
        <_>
          25 2 8 9 3.</_></rects>
      <tilted>0</tilted></_>
    <_>
      <rects>
        <_>
          17 4 14 2 -1.</_>
        <_>
          17 4 7 1 2.</_>
        <_>
          24 5 7 1 2.</_></rects>
      <tilted>0</tilted></_>
    <_>
      <rects>
        <_>
          18 0 61 2 -1.</_>
        <_>
          18 1 61 1 2.</_></rects>
      <tilted>0</tilted></_>
    <_>
      <rects>
        <_>
          20 6 2 1 -1.</_>
        <_>
          21 6 1 1 2.</_></rects>
      <tilted>0</tilted></_>
    <_>
      <rects>
        <_>
          21 0 54 2 -1.</_>
        <_>
          21 0 27 1 2.</_>
        <_>
          48 1 27 1 2.</_></rects>
      <tilted>0</tilted></_>
    <_>
      <rects>
        <_>
          21 1 75 6 -1.</_>
        <_>
          46 1 25 6 3.</_></rects>
      <tilted>0</tilted></_>
    <_>
      <rects>
        <_>
          21 6 12 1 -1.</_>
        <_>
          25 6 4 1 3.</_></rects>
      <tilted>0</tilted></_>
    <_>
      <rects>
        <_>
          21 7 10 1 -1.</_>
        <_>
          26 7 5 1 2.</_></rects>
      <tilted>0</tilted></_>
    <_>
      <rects>
        <_>
          22 0 11 12 -1.</_>
        <_>
          22 4 11 4 3.</_></rects>
      <tilted>0</tilted></_>
    <_>
      <rects>
        <_>
          22 2 18 9 -1.</_>
        <_>
          28 2 6 9 3.</_></rects>
      <tilted>0</tilted></_>
    <_>
      <rects>
        <_>
          23 5 2 1 -1.</_>
        <_>
          24 5 1 1 2.</_></rects>
      <tilted>0</tilted></_>
    <_>
      <rects>
        <_>
          23 5 1 3 -1.</_>
        <_>
          23 6 1 1 3.</_></rects>
      <tilted>0</tilted></_>
    <_>
      <rects>
        <_>
          24 3 3 6 -1.</_>
        <_>
          24 5 3 2 3.</_></rects>
      <tilted>0</tilted></_>
    <_>
      <rects>
        <_>
          24 4 22 4 -1.</_>
        <_>
          35 4 11 4 2.</_></rects>
      <tilted>0</tilted></_>
    <_>
      <rects>
        <_>
          24 6 6 6 -1.</_>
        <_>
          24 9 6 3 2.</_></rects>
      <tilted>0</tilted></_>
    <_>
      <rects>
        <_>
          24 6 16 3 -1.</_>
        <_>
          24 7 16 1 3.</_></rects>
      <tilted>0</tilted></_>
    <_>
      <rects>
        <_>
          24 9 24 2 -1.</_>
        <_>
          32 9 8 2 3.</_></rects>
      <tilted>0</tilted></_>
    <_>
      <rects>
        <_>
          25 0 24 8 -1.</_>
        <_>
          25 0 12 4 2.</_>
        <_>
          37 4 12 4 2.</_></rects>
      <tilted>0</tilted></_>
    <_>
      <rects>
        <_>
          25 1 33 3 -1.</_>
        <_>
          25 2 33 1 3.</_></rects>
      <tilted>0</tilted></_>
    <_>
      <rects>
        <_>
          25 6 2 1 -1.</_>
        <_>
          26 6 1 1 2.</_></rects>
      <tilted>0</tilted></_>
    <_>
      <rects>
        <_>
          25 8 16 4 -1.</_>
        <_>
          25 8 8 2 2.</_>
        <_>
          33 10 8 2 2.</_></rects>
      <tilted>0</tilted></_>
    <_>
      <rects>
        <_>
          26 0 40 6 -1.</_>
        <_>
          26 2 40 2 3.</_></rects>
      <tilted>0</tilted></_>
    <_>
      <rects>
        <_>
          26 0 53 6 -1.</_>
        <_>
          26 2 53 2 3.</_></rects>
      <tilted>0</tilted></_>
    <_>
      <rects>
        <_>
          26 5 2 1 -1.</_>
        <_>
          27 5 1 1 2.</_></rects>
      <tilted>0</tilted></_>
    <_>
      <rects>
        <_>
          27 1 32 3 -1.</_>
        <_>
          27 2 32 1 3.</_></rects>
      <tilted>0</tilted></_>
    <_>
      <rects>
        <_>
          27 7 2 1 -1.</_>
        <_>
          28 7 1 1 2.</_></rects>
      <tilted>0</tilted></_>
    <_>
      <rects>
        <_>
          27 7 14 2 -1.</_>
        <_>
          27 7 7 1 2.</_>
        <_>
          34 8 7 1 2.</_></rects>
      <tilted>0</tilted></_>
    <_>
      <rects>
        <_>
          27 8 44 4 -1.</_>
        <_>
          27 8 22 2 2.</_>
        <_>
          49 10 22 2 2.</_></rects>
      <tilted>0</tilted></_>
    <_>
      <rects>
        <_>
          28 0 9 3 -1.</_>
        <_>
          31 0 3 3 3.</_></rects>
      <tilted>0</tilted></_>
    <_>
      <rects>
        <_>
          28 0 34 6 -1.</_>
        <_>
          28 2 34 2 3.</_></rects>
      <tilted>0</tilted></_>
    <_>
      <rects>
        <_>
          29 6 2 2 -1.</_>
        <_>
          30 6 1 2 2.</_></rects>
      <tilted>0</tilted></_>
    <_>
      <rects>
        <_>
          29 7 4 1 -1.</_>
        <_>
          31 7 2 1 2.</_></rects>
      <tilted>0</tilted></_>
    <_>
      <rects>
        <_>
          30 7 2 1 -1.</_>
        <_>
          31 7 1 1 2.</_></rects>
      <tilted>0</tilted></_>
    <_>
      <rects>
        <_>
          30 7 18 3 -1.</_>
        <_>
          30 8 18 1 3.</_></rects>
      <tilted>0</tilted></_>
    <_>
      <rects>
        <_>
          30 8 2 1 -1.</_>
        <_>
          31 8 1 1 2.</_></rects>
      <tilted>0</tilted></_>
    <_>
      <rects>
        <_>
          31 0 9 12 -1.</_>
        <_>
          34 0 3 12 3.</_></rects>
      <tilted>0</tilted></_>
    <_>
      <rects>
        <_>
          31 2 2 1 -1.</_>
        <_>
          32 2 1 1 2.</_></rects>
      <tilted>0</tilted></_>
    <_>
      <rects>
        <_>
          31 5 19 3 -1.</_>
        <_>
          31 6 19 1 3.</_></rects>
      <tilted>0</tilted></_>
    <_>
      <rects>
        <_>
          31 6 12 2 -1.</_>
        <_>
          31 6 6 1 2.</_>
        <_>
          37 7 6 1 2.</_></rects>
      <tilted>0</tilted></_>
    <_>
      <rects>
        <_>
          31 9 2 1 -1.</_>
        <_>
          32 9 1 1 2.</_></rects>
      <tilted>0</tilted></_>
    <_>
      <rects>
        <_>
          32 5 9 6 -1.</_>
        <_>
          32 7 9 2 3.</_></rects>
      <tilted>0</tilted></_>
    <_>
      <rects>
        <_>
          33 2 6 1 -1.</_>
        <_>
          36 2 3 1 2.</_></rects>
      <tilted>0</tilted></_>
    <_>
      <rects>
        <_>
          33 3 2 1 -1.</_>
        <_>
          34 3 1 1 2.</_></rects>
      <tilted>0</tilted></_>
    <_>
      <rects>
        <_>
          33 7 26 2 -1.</_>
        <_>
          33 7 13 1 2.</_>
        <_>
          46 8 13 1 2.</_></rects>
      <tilted>0</tilted></_>
    <_>
      <rects>
        <_>
          33 9 2 1 -1.</_>
        <_>
          34 9 1 1 2.</_></rects>
      <tilted>0</tilted></_>
    <_>
      <rects>
        <_>
          35 2 9 2 -1.</_>
        <_>
          38 2 3 2 3.</_></rects>
      <tilted>0</tilted></_>
    <_>
      <rects>
        <_>
          35 4 5 3 -1.</_>
        <_>
          35 5 5 1 3.</_></rects>
      <tilted>0</tilted></_>
    <_>
      <rects>
        <_>
          35 6 33 2 -1.</_>
        <_>
          46 6 11 2 3.</_></rects>
      <tilted>0</tilted></_>
    <_>
      <rects>
        <_>
          35 7 15 3 -1.</_>
        <_>
          35 8 15 1 3.</_></rects>
      <tilted>0</tilted></_>
    <_>
      <rects>
        <_>
          35 7 32 4 -1.</_>
        <_>
          35 7 16 2 2.</_>
        <_>
          51 9 16 2 2.</_></rects>
      <tilted>0</tilted></_>
    <_>
      <rects>
        <_>
          35 8 18 2 -1.</_>
        <_>
          35 8 9 1 2.</_>
        <_>
          44 9 9 1 2.</_></rects>
      <tilted>0</tilted></_>
    <_>
      <rects>
        <_>
          36 0 10 6 -1.</_>
        <_>
          41 0 5 6 2.</_></rects>
      <tilted>0</tilted></_>
    <_>
      <rects>
        <_>
          36 0 27 3 -1.</_>
        <_>
          36 1 27 1 3.</_></rects>
      <tilted>0</tilted></_>
    <_>
      <rects>
        <_>
          36 4 21 4 -1.</_>
        <_>
          43 4 7 4 3.</_></rects>
      <tilted>0</tilted></_>
    <_>
      <rects>
        <_>
          36 5 14 3 -1.</_>
        <_>
          36 6 14 1 3.</_></rects>
      <tilted>0</tilted></_>
    <_>
      <rects>
        <_>
          36 10 24 2 -1.</_>
        <_>
          36 10 12 1 2.</_>
        <_>
          48 11 12 1 2.</_></rects>
      <tilted>0</tilted></_>
    <_>
      <rects>
        <_>
          37 0 4 1 -1.</_>
        <_>
          39 0 2 1 2.</_></rects>
      <tilted>0</tilted></_>
    <_>
      <rects>
        <_>
          37 2 9 5 -1.</_>
        <_>
          40 2 3 5 3.</_></rects>
      <tilted>0</tilted></_>
    <_>
      <rects>
        <_>
          37 4 1 3 -1.</_>
        <_>
          37 5 1 1 3.</_></rects>
      <tilted>0</tilted></_>
    <_>
      <rects>
        <_>
          37 5 6 4 -1.</_>
        <_>
          40 5 3 4 2.</_></rects>
      <tilted>0</tilted></_>
    <_>
      <rects>
        <_>
          37 5 12 2 -1.</_>
        <_>
          37 6 12 1 2.</_></rects>
      <tilted>0</tilted></_>
    <_>
      <rects>
        <_>
          37 5 15 3 -1.</_>
        <_>
          37 6 15 1 3.</_></rects>
      <tilted>0</tilted></_>
    <_>
      <rects>
        <_>
          38 1 6 1 -1.</_>
        <_>
          40 1 2 1 3.</_></rects>
      <tilted>0</tilted></_>
    <_>
      <rects>
        <_>
          38 1 42 6 -1.</_>
        <_>
          38 1 21 3 2.</_>
        <_>
          59 4 21 3 2.</_></rects>
      <tilted>0</tilted></_>
    <_>
      <rects>
        <_>
          38 2 4 1 -1.</_>
        <_>
          40 2 2 1 2.</_></rects>
      <tilted>0</tilted></_>
    <_>
      <rects>
        <_>
          38 3 2 3 -1.</_>
        <_>
          38 4 2 1 3.</_></rects>
      <tilted>0</tilted></_>
    <_>
      <rects>
        <_>
          38 3 12 7 -1.</_>
        <_>
          42 3 4 7 3.</_></rects>
      <tilted>0</tilted></_>
    <_>
      <rects>
        <_>
          38 3 40 2 -1.</_>
        <_>
          38 3 20 1 2.</_>
        <_>
          58 4 20 1 2.</_></rects>
      <tilted>0</tilted></_>
    <_>
      <rects>
        <_>
          38 4 21 5 -1.</_>
        <_>
          45 4 7 5 3.</_></rects>
      <tilted>0</tilted></_>
    <_>
      <rects>
        <_>
          38 5 15 6 -1.</_>
        <_>
          43 5 5 6 3.</_></rects>
      <tilted>0</tilted></_>
    <_>
      <rects>
        <_>
          38 5 20 2 -1.</_>
        <_>
          38 5 10 1 2.</_>
        <_>
          48 6 10 1 2.</_></rects>
      <tilted>0</tilted></_>
    <_>
      <rects>
        <_>
          39 2 2 1 -1.</_>
        <_>
          40 2 1 1 2.</_></rects>
      <tilted>0</tilted></_>
    <_>
      <rects>
        <_>
          39 5 18 2 -1.</_>
        <_>
          39 5 9 1 2.</_>
        <_>
          48 6 9 1 2.</_></rects>
      <tilted>0</tilted></_>
    <_>
      <rects>
        <_>
          40 2 3 1 -1.</_>
        <_>
          41 2 1 1 3.</_></rects>
      <tilted>0</tilted></_>
    <_>
      <rects>
        <_>
          40 2 40 2 -1.</_>
        <_>
          40 2 20 1 2.</_>
        <_>
          60 3 20 1 2.</_></rects>
      <tilted>0</tilted></_>
    <_>
      <rects>
        <_>
          40 3 2 1 -1.</_>
        <_>
          41 3 1 1 2.</_></rects>
      <tilted>0</tilted></_>
    <_>
      <rects>
        <_>
          40 5 1 3 -1.</_>
        <_>
          40 6 1 1 3.</_></rects>
      <tilted>0</tilted></_>
    <_>
      <rects>
        <_>
          40 6 2 2 -1.</_>
        <_>
          40 6 1 1 2.</_>
        <_>
          41 7 1 1 2.</_></rects>
      <tilted>0</tilted></_>
    <_>
      <rects>
        <_>
          40 6 6 1 -1.</_>
        <_>
          42 6 2 1 3.</_></rects>
      <tilted>0</tilted></_>
    <_>
      <rects>
        <_>
          40 6 10 6 -1.</_>
        <_>
          40 8 10 2 3.</_></rects>
      <tilted>0</tilted></_>
    <_>
      <rects>
        <_>
          41 1 9 1 -1.</_>
        <_>
          44 1 3 1 3.</_></rects>
      <tilted>0</tilted></_>
    <_>
      <rects>
        <_>
          41 1 11 3 -1.</_>
        <_>
          41 2 11 1 3.</_></rects>
      <tilted>0</tilted></_>
    <_>
      <rects>
        <_>
          41 2 18 8 -1.</_>
        <_>
          41 2 9 4 2.</_>
        <_>
          50 6 9 4 2.</_></rects>
      <tilted>0</tilted></_>
    <_>
      <rects>
        <_>
          41 3 1 3 -1.</_>
        <_>
          41 4 1 1 3.</_></rects>
      <tilted>0</tilted></_>
    <_>
      <rects>
        <_>
          41 4 12 1 -1.</_>
        <_>
          47 4 6 1 2.</_></rects>
      <tilted>0</tilted></_>
    <_>
      <rects>
        <_>
          41 7 15 3 -1.</_>
        <_>
          46 7 5 3 3.</_></rects>
      <tilted>0</tilted></_>
    <_>
      <rects>
        <_>
          41 10 16 2 -1.</_>
        <_>
          41 10 8 1 2.</_>
        <_>
          49 11 8 1 2.</_></rects>
      <tilted>0</tilted></_>
    <_>
      <rects>
        <_>
          42 2 18 8 -1.</_>
        <_>
          42 2 9 4 2.</_>
        <_>
          51 6 9 4 2.</_></rects>
      <tilted>0</tilted></_>
    <_>
      <rects>
        <_>
          42 6 9 4 -1.</_>
        <_>
          45 6 3 4 3.</_></rects>
      <tilted>0</tilted></_>
    <_>
      <rects>
        <_>
          42 7 3 4 -1.</_>
        <_>
          42 9 3 2 2.</_></rects>
      <tilted>0</tilted></_>
    <_>
      <rects>
        <_>
          43 2 11 3 -1.</_>
        <_>
          43 3 11 1 3.</_></rects>
      <tilted>0</tilted></_>
    <_>
      <rects>
        <_>
          43 4 5 6 -1.</_>
        <_>
          43 7 5 3 2.</_></rects>
      <tilted>0</tilted></_>
    <_>
      <rects>
        <_>
          43 8 9 3 -1.</_>
        <_>
          43 9 9 1 3.</_></rects>
      <tilted>0</tilted></_>
    <_>
      <rects>
        <_>
          44 2 13 6 -1.</_>
        <_>
          44 4 13 2 3.</_></rects>
      <tilted>0</tilted></_>
    <_>
      <rects>
        <_>
          44 4 9 6 -1.</_>
        <_>
          44 7 9 3 2.</_></rects>
      <tilted>0</tilted></_>
    <_>
      <rects>
        <_>
          44 5 3 3 -1.</_>
        <_>
          44 6 3 1 3.</_></rects>
      <tilted>0</tilted></_>
    <_>
      <rects>
        <_>
          44 5 5 2 -1.</_>
        <_>
          44 6 5 1 2.</_></rects>
      <tilted>0</tilted></_>
    <_>
      <rects>
        <_>
          44 6 6 4 -1.</_>
        <_>
          44 8 6 2 2.</_></rects>
      <tilted>0</tilted></_>
    <_>
      <rects>
        <_>
          45 1 3 1 -1.</_>
        <_>
          46 1 1 1 3.</_></rects>
      <tilted>0</tilted></_>
    <_>
      <rects>
        <_>
          45 1 4 1 -1.</_>
        <_>
          47 1 2 1 2.</_></rects>
      <tilted>0</tilted></_>
    <_>
      <rects>
        <_>
          45 2 3 3 -1.</_>
        <_>
          45 3 3 1 3.</_></rects>
      <tilted>0</tilted></_>
    <_>
      <rects>
        <_>
          45 3 10 4 -1.</_>
        <_>
          45 3 5 2 2.</_>
        <_>
          50 5 5 2 2.</_></rects>
      <tilted>0</tilted></_>
    <_>
      <rects>
        <_>
          45 6 12 1 -1.</_>
        <_>
          51 6 6 1 2.</_></rects>
      <tilted>0</tilted></_>
    <_>
      <rects>
        <_>
          45 8 2 2 -1.</_>
        <_>
          46 8 1 2 2.</_></rects>
      <tilted>0</tilted></_>
    <_>
      <rects>
        <_>
          46 1 3 1 -1.</_>
        <_>
          47 1 1 1 3.</_></rects>
      <tilted>0</tilted></_>
    <_>
      <rects>
        <_>
          46 3 18 2 -1.</_>
        <_>
          55 3 9 2 2.</_></rects>
      <tilted>0</tilted></_>
    <_>
      <rects>
        <_>
          46 5 3 2 -1.</_>
        <_>
          47 5 1 2 3.</_></rects>
      <tilted>0</tilted></_>
    <_>
      <rects>
        <_>
          46 5 4 2 -1.</_>
        <_>
          46 5 2 1 2.</_>
        <_>
          48 6 2 1 2.</_></rects>
      <tilted>0</tilted></_>
    <_>
      <rects>
        <_>
          46 6 1 2 -1.</_>
        <_>
          46 7 1 1 2.</_></rects>
      <tilted>0</tilted></_>
    <_>
      <rects>
        <_>
          46 6 1 3 -1.</_>
        <_>
          46 7 1 1 3.</_></rects>
      <tilted>0</tilted></_>
    <_>
      <rects>
        <_>
          46 8 9 1 -1.</_>
        <_>
          49 8 3 1 3.</_></rects>
      <tilted>0</tilted></_>
    <_>
      <rects>
        <_>
          47 2 7 3 -1.</_>
        <_>
          47 3 7 1 3.</_></rects>
      <tilted>0</tilted></_>
    <_>
      <rects>
        <_>
          47 3 9 4 -1.</_>
        <_>
          50 3 3 4 3.</_></rects>
      <tilted>0</tilted></_>
    <_>
      <rects>
        <_>
          47 3 10 8 -1.</_>
        <_>
          47 7 10 4 2.</_></rects>
      <tilted>0</tilted></_>
    <_>
      <rects>
        <_>
          47 6 3 3 -1.</_>
        <_>
          47 7 3 1 3.</_></rects>
      <tilted>0</tilted></_>
    <_>
      <rects>
        <_>
          47 6 10 1 -1.</_>
        <_>
          52 6 5 1 2.</_></rects>
      <tilted>0</tilted></_>
    <_>
      <rects>
        <_>
          47 6 6 3 -1.</_>
        <_>
          47 7 6 1 3.</_></rects>
      <tilted>0</tilted></_>
    <_>
      <rects>
        <_>
          48 5 4 6 -1.</_>
        <_>
          48 8 4 3 2.</_></rects>
      <tilted>0</tilted></_>
    <_>
      <rects>
        <_>
          48 5 30 6 -1.</_>
        <_>
          58 5 10 6 3.</_></rects>
      <tilted>0</tilted></_>
    <_>
      <rects>
        <_>
          49 2 22 4 -1.</_>
        <_>
          49 2 11 2 2.</_>
        <_>
          60 4 11 2 2.</_></rects>
      <tilted>0</tilted></_>
    <_>
      <rects>
        <_>
          49 3 4 5 -1.</_>
        <_>
          51 3 2 5 2.</_></rects>
      <tilted>0</tilted></_>
    <_>
      <rects>
        <_>
          49 3 4 3 -1.</_>
        <_>
          49 4 4 1 3.</_></rects>
      <tilted>0</tilted></_>
    <_>
      <rects>
        <_>
          49 4 1 8 -1.</_>
        <_>
          49 8 1 4 2.</_></rects>
      <tilted>0</tilted></_>
    <_>
      <rects>
        <_>
          50 4 4 3 -1.</_>
        <_>
          52 4 2 3 2.</_></rects>
      <tilted>0</tilted></_>
    <_>
      <rects>
        <_>
          50 5 33 4 -1.</_>
        <_>
          61 5 11 4 3.</_></rects>
      <tilted>0</tilted></_>
    <_>
      <rects>
        <_>
          50 7 6 1 -1.</_>
        <_>
          52 7 2 1 3.</_></rects>
      <tilted>0</tilted></_>
    <_>
      <rects>
        <_>
          50 8 3 1 -1.</_>
        <_>
          51 8 1 1 3.</_></rects>
      <tilted>0</tilted></_>
    <_>
      <rects>
        <_>
          51 1 4 1 -1.</_>
        <_>
          53 1 2 1 2.</_></rects>
      <tilted>0</tilted></_>
    <_>
      <rects>
        <_>
          51 2 40 6 -1.</_>
        <_>
          71 2 20 6 2.</_></rects>
      <tilted>0</tilted></_>
    <_>
      <rects>
        <_>
          51 4 15 2 -1.</_>
        <_>
          56 4 5 2 3.</_></rects>
      <tilted>0</tilted></_>
    <_>
      <rects>
        <_>
          51 7 22 4 -1.</_>
        <_>
          51 7 11 2 2.</_>
        <_>
          62 9 11 2 2.</_></rects>
      <tilted>0</tilted></_>
    <_>
      <rects>
        <_>
          51 8 20 4 -1.</_>
        <_>
          51 8 10 2 2.</_>
        <_>
          61 10 10 2 2.</_></rects>
      <tilted>0</tilted></_>
    <_>
      <rects>
        <_>
          52 2 4 6 -1.</_>
        <_>
          52 4 4 2 3.</_></rects>
      <tilted>0</tilted></_>
    <_>
      <rects>
        <_>
          52 2 5 9 -1.</_>
        <_>
          52 5 5 3 3.</_></rects>
      <tilted>0</tilted></_>
    <_>
      <rects>
        <_>
          52 3 12 3 -1.</_>
        <_>
          56 3 4 3 3.</_></rects>
      <tilted>0</tilted></_>
    <_>
      <rects>
        <_>
          52 6 6 1 -1.</_>
        <_>
          54 6 2 1 3.</_></rects>
      <tilted>0</tilted></_>
    <_>
      <rects>
        <_>
          52 8 17 4 -1.</_>
        <_>
          52 10 17 2 2.</_></rects>
      <tilted>0</tilted></_>
    <_>
      <rects>
        <_>
          53 1 2 1 -1.</_>
        <_>
          54 1 1 1 2.</_></rects>
      <tilted>0</tilted></_>
    <_>
      <rects>
        <_>
          53 1 2 9 -1.</_>
        <_>
          53 4 2 3 3.</_></rects>
      <tilted>0</tilted></_>
    <_>
      <rects>
        <_>
          53 2 36 10 -1.</_>
        <_>
          71 2 18 10 2.</_></rects>
      <tilted>0</tilted></_>
    <_>
      <rects>
        <_>
          54 1 1 3 -1.</_>
        <_>
          54 2 1 1 3.</_></rects>
      <tilted>0</tilted></_>
    <_>
      <rects>
        <_>
          54 8 16 4 -1.</_>
        <_>
          54 8 8 2 2.</_>
        <_>
          62 10 8 2 2.</_></rects>
      <tilted>0</tilted></_>
    <_>
      <rects>
        <_>
          54 9 2 3 -1.</_>
        <_>
          54 10 2 1 3.</_></rects>
      <tilted>0</tilted></_>
    <_>
      <rects>
        <_>
          55 3 24 6 -1.</_>
        <_>
          63 3 8 6 3.</_></rects>
      <tilted>0</tilted></_>
    <_>
      <rects>
        <_>
          56 1 6 2 -1.</_>
        <_>
          59 1 3 2 2.</_></rects>
      <tilted>0</tilted></_>
    <_>
      <rects>
        <_>
          56 2 6 4 -1.</_>
        <_>
          59 2 3 4 2.</_></rects>
      <tilted>0</tilted></_>
    <_>
      <rects>
        <_>
          56 2 18 10 -1.</_>
        <_>
          62 2 6 10 3.</_></rects>
      <tilted>0</tilted></_>
    <_>
      <rects>
        <_>
          56 4 2 6 -1.</_>
        <_>
          56 7 2 3 2.</_></rects>
      <tilted>0</tilted></_>
    <_>
      <rects>
        <_>
          56 6 3 1 -1.</_>
        <_>
          57 6 1 1 3.</_></rects>
      <tilted>0</tilted></_>
    <_>
      <rects>
        <_>
          56 7 5 4 -1.</_>
        <_>
          56 9 5 2 2.</_></rects>
      <tilted>0</tilted></_>
    <_>
      <rects>
        <_>
          57 2 4 6 -1.</_>
        <_>
          57 5 4 3 2.</_></rects>
      <tilted>0</tilted></_>
    <_>
      <rects>
        <_>
          57 3 3 6 -1.</_>
        <_>
          57 6 3 3 2.</_></rects>
      <tilted>0</tilted></_>
    <_>
      <rects>
        <_>
          57 5 2 2 -1.</_>
        <_>
          58 5 1 2 2.</_></rects>
      <tilted>0</tilted></_>
    <_>
      <rects>
        <_>
          57 8 8 3 -1.</_>
        <_>
          57 9 8 1 3.</_></rects>
      <tilted>0</tilted></_>
    <_>
      <rects>
        <_>
          58 3 6 4 -1.</_>
        <_>
          58 5 6 2 2.</_></rects>
      <tilted>0</tilted></_>
    <_>
      <rects>
        <_>
          58 5 21 2 -1.</_>
        <_>
          65 5 7 2 3.</_></rects>
      <tilted>0</tilted></_>
    <_>
      <rects>
        <_>
          58 6 7 6 -1.</_>
        <_>
          58 8 7 2 3.</_></rects>
      <tilted>0</tilted></_>
    <_>
      <rects>
        <_>
          59 1 2 4 -1.</_>
        <_>
          59 1 1 2 2.</_>
        <_>
          60 3 1 2 2.</_></rects>
      <tilted>0</tilted></_>
    <_>
      <rects>
        <_>
          59 4 18 2 -1.</_>
        <_>
          65 4 6 2 3.</_></rects>
      <tilted>0</tilted></_>
    <_>
      <rects>
        <_>
          59 5 10 4 -1.</_>
        <_>
          59 5 5 2 2.</_>
        <_>
          64 7 5 2 2.</_></rects>
      <tilted>0</tilted></_>
    <_>
      <rects>
        <_>
          59 8 18 2 -1.</_>
        <_>
          59 8 9 1 2.</_>
        <_>
          68 9 9 1 2.</_></rects>
      <tilted>0</tilted></_>
    <_>
      <rects>
        <_>
          60 8 2 1 -1.</_>
        <_>
          61 8 1 1 2.</_></rects>
      <tilted>0</tilted></_>
    <_>
      <rects>
        <_>
          60 9 2 1 -1.</_>
        <_>
          61 9 1 1 2.</_></rects>
      <tilted>0</tilted></_>
    <_>
      <rects>
        <_>
          61 2 6 4 -1.</_>
        <_>
          61 2 3 2 2.</_>
        <_>
          64 4 3 2 2.</_></rects>
      <tilted>0</tilted></_>
    <_>
      <rects>
        <_>
          62 3 2 1 -1.</_>
        <_>
          63 3 1 1 2.</_></rects>
      <tilted>0</tilted></_>
    <_>
      <rects>
        <_>
          62 4 2 1 -1.</_>
        <_>
          63 4 1 1 2.</_></rects>
      <tilted>0</tilted></_>
    <_>
      <rects>
        <_>
          63 3 16 6 -1.</_>
        <_>
          71 3 8 6 2.</_></rects>
      <tilted>0</tilted></_>
    <_>
      <rects>
        <_>
          63 7 2 1 -1.</_>
        <_>
          64 7 1 1 2.</_></rects>
      <tilted>0</tilted></_>
    <_>
      <rects>
        <_>
          64 5 22 1 -1.</_>
        <_>
          75 5 11 1 2.</_></rects>
      <tilted>0</tilted></_>
    <_>
      <rects>
        <_>
          64 6 2 1 -1.</_>
        <_>
          65 6 1 1 2.</_></rects>
      <tilted>0</tilted></_>
    <_>
      <rects>
        <_>
          65 5 2 1 -1.</_>
        <_>
          66 5 1 1 2.</_></rects>
      <tilted>0</tilted></_>
    <_>
      <rects>
        <_>
          66 3 12 4 -1.</_>
        <_>
          72 3 6 4 2.</_></rects>
      <tilted>0</tilted></_>
    <_>
      <rects>
        <_>
          66 5 2 1 -1.</_>
        <_>
          67 5 1 1 2.</_></rects>
      <tilted>0</tilted></_>
    <_>
      <rects>
        <_>
          67 1 3 9 -1.</_>
        <_>
          67 4 3 3 3.</_></rects>
      <tilted>0</tilted></_>
    <_>
      <rects>
        <_>
          67 3 6 2 -1.</_>
        <_>
          67 3 3 1 2.</_>
        <_>
          70 4 3 1 2.</_></rects>
      <tilted>0</tilted></_>
    <_>
      <rects>
        <_>
          67 6 14 5 -1.</_>
        <_>
          74 6 7 5 2.</_></rects>
      <tilted>0</tilted></_>
    <_>
      <rects>
        <_>
          67 7 2 1 -1.</_>
        <_>
          68 7 1 1 2.</_></rects>
      <tilted>0</tilted></_>
    <_>
      <rects>
        <_>
          70 4 3 3 -1.</_>
        <_>
          71 4 1 3 3.</_></rects>
      <tilted>0</tilted></_>
    <_>
      <rects>
        <_>
          71 4 6 2 -1.</_>
        <_>
          73 4 2 2 3.</_></rects>
      <tilted>0</tilted></_>
    <_>
      <rects>
        <_>
          89 0 5 3 -1.</_>
        <_>
          89 1 5 1 3.</_></rects>
      <tilted>0</tilted></_>
    <_>
      <rects>
        <_>
          89 3 5 9 -1.</_>
        <_>
          89 6 5 3 3.</_></rects>
      <tilted>0</tilted></_>
    <_>
      <rects>
        <_>
          89 7 7 4 -1.</_>
        <_>
          89 9 7 2 2.</_></rects>
      <tilted>0</tilted></_>
    <_>
      <rects>
        <_>
          93 5 2 6 -1.</_>
        <_>
          93 7 2 2 3.</_></rects>
      <tilted>0</tilted></_></features></cascade>
</opencv_storage>
